card	artwork	edited artwork	atk	def	level	race	attribute	type	spell/trap type
0	0	None	0	0	0	None	None	None	None
Blue-Eyes White Dragon	0	No	3000	2500	8	Dragon	LIGHT	None	None
Blue-Eyes White Dragon	1	No	3000	2500	8	Dragon	LIGHT	None	None
Blue-Eyes White Dragon	2	No	3000	2500	8	Dragon	LIGHT	None	None
Blue-Eyes White Dragon	3	No	3000	2500	8	Dragon	LIGHT	None	None
Mystical Elf	0	No	800	2000	4	Spellcaster	LIGHT	None	None
Hitotsu-Me Giant	0	No	1200	1000	4	Beast-Warrior	EARTH	None	None
Baby Dragon	0	No	1200	700	3	Dragon	WIND	None	None
Ryu-Kishin	0	No	1000	500	3	Fiend	DARK	None	None
Feral Imp	0	No	1300	1400	4	Fiend	DARK	None	None
Winged Dragon, Guardian of the Fortress	0	No	1400	1200	4	Dragon	WIND	None	None
Mushroom Man	0	No	800	600	2	Plant	EARTH	None	None
Blackland Fire Dragon	0	No	1500	800	4	Dragon	DARK	None	None
Tyhone	0	No	1200	1400	4	Winged Beast	WIND	None	None
Flame Swordsman	0	No	1800	1600	5	Warrior	FIRE	Fusion	None
Flame Swordsman	1	No	1800	1600	5	Warrior	FIRE	Fusion	None
Time Wizard	0	No	500	400	2	Spellcaster	LIGHT	Effect	None
Right Leg of the Forbidden One	0	Yes	200	300	1	Spellcaster	DARK	None	None
Left Leg of the Forbidden One	0	Yes	200	300	1	Spellcaster	DARK	None	None
Right Arm of the Forbidden One	0	Yes	200	300	1	Spellcaster	DARK	None	None
Left Arm of the Forbidden One	0	Yes	200	300	1	Spellcaster	DARK	None	None
Exodia the Forbidden One	0	Yes	1000	1000	3	Spellcaster	DARK	Effect	None
Summoned Skull	0	No	2500	1200	6	Fiend	DARK	None	None
Summoned Skull	1	No	2500	1200	6	Fiend	DARK	None	None
Summoned Skull	2	No	2500	1200	6	Fiend	DARK	None	None
The Wicked Worm Beast	0	No	1400	700	3	Beast	EARTH	Effect	None
Skull Servant	0	No	300	200	1	Zombie	DARK	None	None
Horn Imp	0	No	1300	1000	4	Fiend	DARK	None	None
Battle Ox	0	No	1700	1000	4	Beast-Warrior	EARTH	None	None
Beaver Warrior	0	No	1200	1500	4	Beast-Warrior	EARTH	None	None
Rock Ogre Grotto	0	No	800	1200	3	Rock	EARTH	None	None
Mountain Warrior	0	No	600	1000	3	Beast-Warrior	EARTH	None	None
Zombie Warrior	0	No	1200	900	3	Zombie	DARK	Fusion	None
Koumori Dragon	0	No	1500	1200	4	Dragon	DARK	None	None
Two-Headed King Rex	0	No	1600	1200	4	Dinosaur	EARTH	None	None
Judge Man	0	No	2200	1500	6	Warrior	EARTH	None	None
Saggi the Dark Clown	0	No	600	1500	3	Spellcaster	DARK	None	None
Dark Magician	0	No	2500	2100	7	Spellcaster	DARK	None	None
Dark Magician	1	No	2500	2100	7	Spellcaster	DARK	None	None
Dark Magician	2	No	2500	2100	7	Spellcaster	DARK	None	None
The Snake Hair	0	No	1500	1200	4	Zombie	DARK	None	None
Gaia the Dragon Champion	0	No	2600	2100	7	Dragon	WIND	Fusion	None
Gaia The Fierce Knight	0	No	2300	2100	7	Warrior	EARTH	None	None
Gaia The Fierce Knight	1	No	2300	2100	7	Warrior	EARTH	None	None
Curse of Dragon	0	No	2000	1500	5	Dragon	DARK	None	None
Celtic Guardian	0	No	1400	1200	4	Warrior	EARTH	None	None
Celtic Guardian	1	No	1400	1200	4	Warrior	EARTH	None	None
Illusionist Faceless Mage	0	No	1200	2200	5	Spellcaster	DARK	None	None
Karbonala Warrior	0	No	1500	1200	4	Warrior	EARTH	Fusion	None
Rogue Doll	0	No	1600	1000	4	Spellcaster	LIGHT	None	None
Oscillo Hero	0	No	1000	500	3	Thunder	LIGHT	None	None
Griffore	0	No	1200	1500	4	Beast	EARTH	None	None
Torike	0	No	1200	600	3	Beast	EARTH	None	None
Sangan	0	No	1000	600	3	Fiend	DARK	Effect	None
Big Insect	0	No	1200	1500	4	Insect	EARTH	None	None
Basic Insect	0	No	500	700	2	Insect	EARTH	None	None
Armored Lizard	0	No	1500	1200	4	Reptile	EARTH	None	None
Killer Needle	0	No	1200	1000	4	Insect	WIND	None	None
Gokibore	0	No	1200	1400	4	Insect	EARTH	None	None
Giant Flea	0	No	1500	1200	4	Insect	EARTH	None	None
Larvae Moth	0	No	500	400	2	Insect	EARTH	Effect	None
Great Moth	0	No	2600	2500	8	Insect	EARTH	Effect	None
Kuriboh	0	No	300	200	1	Fiend	DARK	Effect	None
Kuriboh	1	No	300	200	1	Fiend	DARK	Effect	None
Kuriboh	2	No	300	200	1	Fiend	DARK	Effect	None
Mammoth Graveyard	0	No	1200	800	3	Dinosaur	EARTH	None	None
Great White	0	No	1600	800	4	Fish	WATER	None	None
Wolf	0	No	1200	800	3	Beast	EARTH	None	None
Harpie Lady	0	Yes	1300	1400	4	Winged Beast	WIND	None	None
Harpie Lady Sisters	0	Yes	1950	2100	6	Winged Beast	WIND	Effect	None
Tiger Axe	0	No	1300	1100	4	Beast-Warrior	EARTH	None	None
Tiger Axe	1	No	1300	1100	4	Beast-Warrior	EARTH	None	None
Silver Fang	0	No	1200	800	3	Beast	EARTH	None	None
Kojikocy	0	No	1500	1200	4	Warrior	EARTH	None	None
Perfectly Ultimate Great Moth	0	No	3500	3000	8	Insect	EARTH	Effect	None
Thousand Dragon	0	No	2400	2000	7	Dragon	WIND	Fusion	None
Thousand Dragon	1	No	2400	2000	7	Dragon	WIND	Fusion	None
Fiend Kraken	0	No	1200	1400	4	Aqua	WATER	None	None
Jellyfish	0	No	1200	1500	4	Aqua	WATER	None	None
Cocoon of Evolution	0	No	0	2000	3	Insect	EARTH	Effect	None
Giant Soldier of Stone	0	No	1300	2000	3	Rock	EARTH	None	None
Man-Eating Plant	0	No	800	600	2	Plant	EARTH	None	None
Krokodilus	0	No	1100	1200	4	Reptile	WATER	None	None
Grappler	0	No	1300	1200	4	Reptile	WATER	None	None
Axe Raider	0	No	1700	1150	4	Warrior	EARTH	None	None
Megazowler	0	No	1800	2000	6	Dinosaur	EARTH	None	None
Uraby	0	No	1500	800	4	Dinosaur	EARTH	None	None
Crawling Dragon	0	No	1600	1200	4	Dinosaur	EARTH	None	None
Red-Eyes B. Dragon	0	No	2400	2000	7	Dragon	DARK	None	None
Red-Eyes B. Dragon	1	No	2400	2000	7	Dragon	DARK	None	None
Red-Eyes B. Dragon	2	No	2400	2000	7	Dragon	DARK	None	None
Red-Eyes B. Dragon	3	No	2400	2000	7	Dragon	DARK	None	None
Castle of Dark Illusions	0	No	920	1930	4	Fiend	DARK	Effect	None
Reaper of the Cards	0	No	1380	1930	5	Fiend	DARK	Effect	None
King of Yamimakai	0	No	2000	1530	5	Fiend	DARK	None	None
Barox	0	No	1380	1530	5	Fiend	DARK	Fusion	None
Metal Guardian	0	No	1150	2150	5	Fiend	DARK	None	None
Catapult Turtle	0	No	1000	2000	5	Aqua	WATER	Effect	None
Gyakutenno Megami	0	No	1800	2000	6	Fairy	LIGHT	None	None
Mystic Horseman	0	No	1300	1550	4	Beast	EARTH	None	None
Rabid Horseman	0	No	2000	1700	6	Beast-Warrior	EARTH	Fusion	None
Crass Clown	0	No	1350	1400	4	Fiend	DARK	Effect	None
Armored Zombie	0	No	1500	0	3	Zombie	DARK	None	None
Dragon Zombie	0	No	1600	0	3	Zombie	DARK	None	None
Clown Zombie	0	No	1350	0	2	Zombie	DARK	None	None
Pumpking the King of Ghosts	0	No	1800	2000	6	Zombie	DARK	Effect	None
Battle Warrior	0	No	700	1000	3	Warrior	EARTH	None	None
Wings of Wicked Flame	0	No	700	600	2	Pyro	FIRE	None	None
Mask of Darkness	0	No	900	400	2	Fiend	DARK	Effect	None
Job-Change Mirror	0	No	800	1300	3	Fiend	DARK	None	None
Curtain of the Dark Ones	0	No	600	500	2	Spellcaster	DARK	None	None
Kageningen	0	No	800	600	2	Warrior	DARK	None	None
Graveyard and the Hand of Invitation	0	No	700	900	3	Zombie	DARK	None	None
Goddess with the Third Eye	0	No	1200	1000	4	Fairy	LIGHT	Effect	None
Hero of the East	0	No	1100	1000	3	Warrior	EARTH	None	None
That Which Feeds on Life	0	No	1200	1000	4	Fiend	DARK	None	None
Dark Gray	0	No	800	900	3	Beast	EARTH	None	None
White Magical Hat	0	No	1000	700	3	Spellcaster	LIGHT	Effect	None
Kamionwizard	0	No	1300	1100	4	Spellcaster	DARK	Fusion	None
Nightmare Scorpion	0	No	900	800	3	Insect	EARTH	None	None
Spirit of the Books	0	No	1400	1200	4	Winged Beast	WIND	None	None
Supporter in the Shadows	0	No	1000	1000	3	Warrior	EARTH	None	None
Trial of Nightmare	0	Yes	1300	900	4	Fiend	DARK	None	None
Dream Clown	0	No	1200	900	3	Warrior	EARTH	Effect	None
Sleeping Lion	0	No	700	1700	4	Beast	EARTH	None	None
Yamatano Dragon Scroll	0	No	900	300	2	Dragon	WIND	None	None
Faith Bird	0	No	1500	1100	4	Winged Beast	WIND	None	None
Nemuriko	0	No	800	700	3	Spellcaster	DARK	None	None
Weather Control	0	No	600	400	2	Fairy	LIGHT	None	None
The 13th Grave	0	No	1200	900	3	Zombie	DARK	None	None
Charubin the Fire Knight	0	No	1100	800	3	Pyro	FIRE	Fusion	None
Mystical Capture Chain	0	No	700	700	2	Fairy	LIGHT	None	None
Fiend's Hand	0	No	600	600	2	Zombie	DARK	None	None
Witty Phantom	0	No	1400	1300	4	Fiend	DARK	None	None
Dragon Statue	0	No	1100	900	3	Warrior	EARTH	None	None
Blue-Eyed Silver Zombie	0	No	900	700	3	Zombie	DARK	None	None
Toad Master	0	No	1000	1000	3	Aqua	WATER	None	None
Spiked Snail	0	No	700	1300	3	Insect	DARK	None	None
Flame Manipulator	0	No	900	1000	3	Spellcaster	FIRE	None	None
Necrolancer the Timelord	0	No	800	900	3	Spellcaster	DARK	None	None
Djinn the Watcher of the Wind	0	No	700	900	3	Spellcaster	WIND	None	None
The Bewitching Phantom Thief	0	No	700	700	2	Spellcaster	DARK	None	None
Temple of Skulls	0	No	900	1300	4	Zombie	DARK	None	None
Monster Egg	0	No	600	900	3	Warrior	EARTH	None	None
The Shadow Who Controls the Dark	0	No	800	700	3	Fiend	DARK	None	None
Lord of the Lamp	0	No	1400	1200	4	Fiend	DARK	None	None
Rhaimundos of the Red Sword	0	No	1200	1300	4	Warrior	EARTH	None	None
The Melting Red Shadow	0	No	500	700	2	Aqua	WATER	None	None
Dokuroizo the Grim Reaper	0	No	900	1200	3	Zombie	DARK	None	None
Fire Reaper	0	No	700	500	2	Zombie	DARK	None	None
Larvas	0	No	800	1000	3	Beast	EARTH	None	None
Hard Armor	0	No	300	1200	3	Warrior	EARTH	None	None
Firegrass	0	No	700	600	2	Plant	EARTH	None	None
Man Eater	0	No	800	600	2	Plant	EARTH	None	None
Dig Beak	0	No	500	800	2	Beast	EARTH	None	None
M-Warrior	0	No	1000	500	3	Warrior	EARTH	None	None
M-Warrior	0	No	500	1000	3	Warrior	EARTH	None	None
Lisark	0	No	1300	1300	4	Beast	EARTH	None	None
Lord of Zemia	0	No	1300	1000	4	Fiend	DARK	None	None
The Judgement Hand	0	No	1400	700	3	Warrior	EARTH	None	None
Mysterious Puppeteer	0	No	1000	1500	4	Warrior	EARTH	Effect	None
Darkfire Dragon	0	No	1500	1250	4	Dragon	DARK	Fusion	None
Dark King of the Abyss	0	No	1200	800	3	Fiend	DARK	None	None
Spirit of the Harp	0	No	800	2000	4	Fairy	LIGHT	None	None
Armaill	0	No	700	1300	3	Warrior	EARTH	None	None
Dark Prisoner	0	No	600	1000	3	Fiend	DARK	None	None
Hurricail	0	No	900	200	2	Spellcaster	WIND	None	None
Fire Eye	0	No	800	600	2	Pyro	FIRE	None	None
Monsturtle	0	No	800	1000	3	Aqua	WATER	None	None
Claw Reacher	0	No	1000	800	3	Fiend	DARK	None	None
Phantom Dewan	0	No	700	600	2	Spellcaster	DARK	None	None
Arlownay	0	Yes	800	1000	3	Plant	EARTH	None	None
Dark Shade	0	No	1000	1000	3	Fiend	WIND	None	None
Masked Clown	0	No	500	700	2	Warrior	DARK	None	None
Lucky Trinket	0	No	600	800	2	Spellcaster	LIGHT	None	None
Genin	0	No	600	900	3	Spellcaster	LIGHT	None	None
Eyearmor	0	No	600	500	2	Warrior	EARTH	None	None
Fiend Reflection	0	No	1100	1400	4	Winged Beast	LIGHT	None	None
Gate Deeg	0	No	700	800	3	Beast	DARK	None	None
Synchar	0	No	800	900	3	Beast	EARTH	None	None
Fusionist	0	No	900	700	3	Beast	EARTH	Fusion	None
Akakieisu	0	No	1000	800	3	Spellcaster	DARK	None	None
LaLa Li-oon	0	No	600	600	2	Thunder	WIND	None	None
Turtle Tiger	0	No	1000	1500	4	Aqua	WATER	None	None
Terra the Terrible	0	No	1200	1300	4	Fiend	DARK	None	None
Doron	0	No	900	500	2	Warrior	EARTH	None	None
Arma Knight	0	No	1000	1200	4	Aqua	WATER	None	None
Happy Lover	0	No	800	500	2	Fairy	LIGHT	None	None
Penguin Knight	0	No	900	800	3	Aqua	WATER	Effect	None
Petit Dragon	0	No	600	700	2	Dragon	WIND	None	None
Frenzied Panda	0	No	1200	1000	4	Beast	EARTH	None	None
Archfiend Marmot of Nefariousness	0	No	400	600	2	Beast	EARTH	None	None
Phantom Ghost	0	No	600	800	2	Zombie	DARK	None	None
Dorover	0	No	900	800	3	Aqua	WATER	None	None
Twin Long Rods	0	No	900	700	3	Aqua	WATER	None	None
Droll Bird	0	No	600	500	2	Winged Beast	WIND	None	None
Petit Angel	0	Yes	600	900	3	Fairy	LIGHT	None	None
Winged Cleaver	0	No	700	700	2	Insect	EARTH	None	None
Hinotama Soul	0	No	600	500	2	Pyro	FIRE	None	None
Kaminarikozou	0	No	700	600	2	Thunder	WIND	None	None
Meotoko	0	No	700	600	2	Beast	EARTH	None	None
Aqua Madoor	0	No	1200	2000	4	Spellcaster	WATER	None	None
Kagemusha of the Blue Flame	0	No	800	400	2	Warrior	EARTH	None	None
Flame Ghost	0	No	1000	800	3	Zombie	DARK	Fusion	None
Dryad	0	No	1200	1400	4	Spellcaster	EARTH	None	None
B. Skull Dragon	0	No	3200	2500	9	Dragon	DARK	Fusion	None
Two-Mouth Darkruler	0	No	900	700	3	Dinosaur	EARTH	None	None
Solitude	0	Yes	1050	1000	3	Beast-Warrior	EARTH	None	None
Masked Sorcerer	0	No	900	1400	4	Spellcaster	DARK	Effect	None
Kumootoko	0	No	700	1400	3	Insect	EARTH	None	None
Midnight Fiend	0	No	800	600	2	Fiend	DARK	None	None
Trap Master	0	No	500	1100	3	Warrior	EARTH	Effect	None
Fiend Sword	0	No	1400	800	4	Warrior	DARK	None	None
Skull Stalker	0	No	900	800	3	Warrior	DARK	None	None
Hitodenchak	0	No	600	700	2	Aqua	WATER	None	None
Wood Remains	0	No	1000	900	3	Zombie	DARK	None	None
Hourglass of Life	0	No	700	600	2	Fairy	LIGHT	None	None
Rare Fish	0	No	1500	1200	4	Fish	WATER	Fusion	None
Wood Clown	0	No	800	1200	3	Warrior	EARTH	None	None
Madjinn Gunn	0	No	600	800	2	Fiend	DARK	None	None
Dark Titan of Terror	0	No	1300	1100	4	Fiend	DARK	None	None
Beautiful Headhuntress	0	No	1600	800	4	Warrior	EARTH	None	None
Guardian of the Labyrinth	0	No	1000	1200	4	Warrior	EARTH	None	None
Yashinoki	0	No	800	600	2	Plant	EARTH	None	None
Vishwar Randi	0	Yes	900	700	3	Warrior	DARK	None	None
The Drdek	0	No	700	800	3	Fiend	DARK	None	None
Dark Assailant	0	No	1200	1200	4	Zombie	DARK	None	None
Candle of Fate	0	No	600	600	2	Fiend	DARK	None	None
Water Element	0	Yes	900	700	3	Aqua	WATER	None	None
Dissolverock	0	No	900	1000	3	Rock	EARTH	None	None
Meda Bat	0	No	800	400	2	Fiend	DARK	None	None
One Who Hunts Souls	0	No	1100	1000	4	Beast-Warrior	EARTH	None	None
Root Water	0	No	900	800	3	Fish	WATER	None	None
Master & Expert	0	No	1200	1000	4	Beast	EARTH	None	None
Water Omotics	0	Yes	1400	1200	4	Aqua	WATER	None	None
Hyo	0	No	800	1200	3	Warrior	WATER	None	None
Enchanting Mermaid	0	Yes	1200	900	3	Fish	WATER	None	None
Nekogal	0	Yes	1100	900	3	Beast	EARTH	None	None
Fairywitch	0	No	800	1000	3	Spellcaster	DARK	None	None
Embryonic Beast	0	No	500	750	2	Fiend	DARK	None	None
Prevent Rat	0	No	500	2000	4	Beast	EARTH	None	None
Dimensional Warrior	0	No	1200	1000	4	Warrior	EARTH	Effect	None
Stone Armadiller	0	No	800	1200	3	Rock	EARTH	None	None
Beastking of the Swamps	0	No	1000	1100	4	Aqua	WATER	Effect	None
Ancient Sorcerer	0	Yes	1000	1300	4	Spellcaster	DARK	None	None
Lunar Queen Elzaim	0	Yes	750	1100	3	Fairy	LIGHT	None	None
Wicked Mirror	0	No	700	600	2	Fiend	DARK	None	None
The Little Swordsman of Aile	0	No	800	1300	3	Warrior	WATER	Effect	None
Rock Ogre Grotto	0	No	700	1400	3	Rock	EARTH	None	None
Wing Egg Elf	0	No	500	1300	3	Fairy	LIGHT	None	None
The Furious Sea King	0	No	800	700	3	Aqua	WATER	None	None
Princess of Tsurugi	0	No	900	700	3	Warrior	WIND	Effect	None
Unknown Warrior of Fiend	0	No	1000	500	3	Warrior	DARK	None	None
Sectarian of Secrets	0	Yes	700	500	2	Spellcaster	DARK	None	None
Versago the Destroyer	0	No	1100	900	3	Fiend	DARK	Effect	None
Wetha	0	No	1000	900	3	Aqua	WATER	None	None
Megirus Light	0	No	900	600	3	Fiend	DARK	None	None
Mavelus	0	No	1300	900	4	Winged Beast	WIND	Fusion	None
Ancient Tree of Enlightenment	0	No	600	1500	3	Plant	EARTH	None	None
Green Phantom King	0	No	500	1600	3	Plant	EARTH	None	None
Ground Attacker Bugroth	0	No	1500	1000	4	Machine	EARTH	None	None
Ray & Temperature	0	No	1000	1000	3	Fairy	LIGHT	None	None
Gorgon Egg	0	No	300	1300	3	Fiend	DARK	None	None
Petit Moth	0	No	300	200	1	Insect	EARTH	None	None
King Fog	0	No	1000	900	3	Fiend	DARK	None	None
Protector of the Throne	0	Yes	800	1500	4	Warrior	EARTH	None	None
Mystic Clown	0	No	1500	1000	4	Fiend	DARK	None	None
Mystical Sheep	0	No	800	1000	3	Beast	EARTH	None	None
Holograh	0	No	1100	700	3	Machine	EARTH	None	None
Tao the Chanter	0	No	1200	900	3	Spellcaster	EARTH	None	None
Serpent Marauder	0	No	700	600	2	Reptile	EARTH	None	None
Ogre of the Black Shadow	0	No	1200	1400	4	Beast-Warrior	EARTH	None	None
Moon Envoy	0	No	1100	1000	4	Warrior	LIGHT	None	None
Fireyarou	0	No	1300	1000	4	Pyro	FIRE	None	None
Psychic Kappa	0	No	400	1000	2	Aqua	WATER	None	None
Masaki the Legendary Swordsman	0	No	1100	1100	4	Warrior	EARTH	None	None
Dragoness the Wicked Knight	0	No	1200	900	3	Warrior	WIND	Fusion	None
Bio Plant	0	No	600	1300	3	Fiend	DARK	None	None
One-Eyed Shield Dragon	0	No	700	1300	3	Dragon	WIND	None	None
Cyber Soldier of Darkworld	0	No	1400	1200	4	Machine	DARK	None	None
Wicked Dragon with the Ersatz Head	0	No	900	900	3	Dragon	WIND	None	None
Sonic Maid	0	Yes	1200	900	3	Warrior	EARTH	None	None
Kurama	0	No	800	800	3	Winged Beast	WIND	None	None
Axe of Despair	0	Yes	0	0	0	Spell	Spell	Spell	Equip
Insect Armor with Laser Cannon	0	No	0	0	0	Spell	Spell	Spell	Equip
Black Pendant	0	No	0	0	0	Spell	Spell	Spell	Equip
Horn of Light	0	No	0	0	0	Spell	Spell	Spell	Equip
Horn of the Unicorn	0	No	0	0	0	Spell	Spell	Spell	Equip
Elegant Egotist	0	No	0	0	0	Spell	Spell	Spell	None
Stop Defense	0	No	0	0	0	Spell	Spell	Spell	None
Malevolent Nuzzler	0	No	0	0	0	Spell	Spell	Spell	Equip
Dragon Capture Jar	0	No	0	0	0	Trap	Trap	Trap	Continuous
Forest	0	No	0	0	0	Spell	Spell	Spell	Field
Wasteland	0	No	0	0	0	Spell	Spell	Spell	Field
Mountain	0	No	0	0	0	Spell	Spell	Spell	Field
Sogen	0	No	0	0	0	Spell	Spell	Spell	Field
Umi	0	No	0	0	0	Spell	Spell	Spell	Field
Yami	0	No	0	0	0	Spell	Spell	Spell	Field
Dark Hole	0	No	0	0	0	Spell	Spell	Spell	None
Raigeki	0	No	0	0	0	Spell	Spell	Spell	None
Mooyan Curry	0	No	0	0	0	Spell	Spell	Spell	None
Red Medicine	0	No	0	0	0	Spell	Spell	Spell	None
Goblin's Secret Remedy	0	No	0	0	0	Spell	Spell	Spell	None
Soul of the Pure	0	Yes	0	0	0	Spell	Spell	Spell	None
Dian Keto the Cure Master	0	Yes	0	0	0	Spell	Spell	Spell	None
Sparks	0	No	0	0	0	Spell	Spell	Spell	None
Ookazi	0	No	0	0	0	Spell	Spell	Spell	None
Tremendous Fire	0	Yes	0	0	0	Spell	Spell	Spell	None
Swords of Revealing Light	0	No	0	0	0	Spell	Spell	Spell	None
Spellbinding Circle	0	Yes	0	0	0	Trap	Trap	Trap	Continuous
Dark-Piercing Light	0	No	0	0	0	Spell	Spell	Spell	None
Yaranzo	0	No	1300	1500	4	Zombie	DARK	None	None
Kanan the Swordmistress	0	Yes	1400	1400	4	Warrior	EARTH	None	None
Takriminos	0	No	1500	1200	4	Sea Serpent	WATER	None	None
Stuffed Animal	0	No	1200	900	3	Warrior	EARTH	None	None
Super War-Lion	0	No	2300	2100	7	Beast	EARTH	Ritual	None
Three-Legged Zombies	0	No	1100	800	3	Zombie	DARK	None	None
Zera The Mant	0	No	2800	2300	8	Fiend	DARK	Ritual	None
Flying Penguin	0	No	1200	1000	4	Aqua	WATER	None	None
Millennium Shield	0	No	0	3000	5	Warrior	EARTH	None	None
Millennium Shield	1	No	0	3000	5	Warrior	EARTH	None	None
Fairy's Gift	0	Yes	1400	1000	4	Spellcaster	LIGHT	None	None
Black Luster Soldier	0	No	3000	2500	8	Warrior	EARTH	Ritual	None
Fiend's Mirror	0	No	2100	1800	6	Fiend	DARK	Ritual	None
Labyrinth Wall	0	No	0	3000	5	Rock	EARTH	None	None
Jirai Gumo	0	No	2200	100	4	Insect	EARTH	Effect	None
Shadow Ghoul	0	No	1600	1300	5	Zombie	DARK	Effect	None
Wall Shadow	0	No	1600	3000	7	Warrior	DARK	Effect	None
Labyrinth Tank	0	No	2400	2400	7	Machine	DARK	Fusion	None
Sanga of the Thunder	0	No	2600	2200	7	Thunder	LIGHT	Effect	None
Kazejin	0	No	2400	2200	7	Spellcaster	WIND	Effect	None
Suijin	0	No	2500	2400	7	Aqua	WATER	Effect	None
Gate Guardian	0	No	3750	3400	11	Warrior	DARK	Effect	None
Ryu-Kishin Powered	0	No	1600	1200	4	Fiend	DARK	None	None
Swordstalker	0	No	2000	1600	6	Warrior	DARK	None	None
La Jinn the Mystical Genie of the Lamp	0	No	1800	1000	4	Fiend	DARK	None	None
La Jinn the Mystical Genie of the Lamp	1	No	1800	1000	4	Fiend	DARK	None	None
Blue-Eyes Ultimate Dragon	0	No	4500	3800	12	Dragon	LIGHT	Fusion	None
Blue-Eyes Ultimate Dragon	1	No	4500	3800	12	Dragon	LIGHT	Fusion	None
Toon Alligator	0	No	800	1600	4	Reptile	WATER	None	None
Parrot Dragon	0	No	2000	1300	5	Dragon	WIND	None	None
Dark Rabbit	0	No	1100	1500	4	Beast	DARK	None	None
Bickuribox	0	No	2300	2000	7	Fiend	DARK	Fusion	None
Harpie's Pet Dragon	0	No	2000	2500	7	Dragon	WIND	Effect	None
Pendulum Machine	0	No	1750	2000	6	Machine	DARK	None	None
Pendulum Machine	1	No	1750	2000	6	Machine	DARK	None	None
Giltia the D. Knight	0	No	1850	1500	5	Warrior	LIGHT	Fusion	None
Launcher Spider	0	No	2200	2500	7	Machine	FIRE	None	None
Launcher Spider	1	No	2200	2500	7	Machine	FIRE	None	None
Zoa	0	No	2600	1900	7	Fiend	DARK	None	None
Metalzoa	0	No	3000	2300	8	Machine	DARK	Effect	None
Ocubeam	0	No	1550	1650	5	Fairy	LIGHT	None	None
Monster Eye	0	No	250	350	1	Fiend	DARK	Effect	None
Yaiba Robo	0	Yes	1000	1300	4	Machine	DARK	None	None
Machine King	0	No	2200	2000	6	Machine	EARTH	Effect	None
Metal Dragon	0	No	1850	1700	6	Machine	WIND	Fusion	None
Giga-Tech Wolf	0	No	1200	1400	4	Machine	FIRE	None	None
Shovel Crusher	0	No	900	1200	3	Machine	EARTH	None	None
Mechanicalchaser	0	No	1850	800	4	Machine	DARK	None	None
Blocker	0	No	850	1800	4	Machine	DARK	None	None
Golgoil	0	No	900	1600	4	Machine	EARTH	None	None
Cyber-Stein	0	No	700	500	2	Machine	DARK	Effect	None
Cyber Commander	0	Yes	750	700	2	Machine	DARK	None	None
Jinzo	0	No	500	400	2	Machine	DARK	Effect	None
Thunder Dragon	0	No	1600	1500	5	Thunder	LIGHT	Effect	None
Kaiser Dragon	0	No	2300	2000	7	Dragon	LIGHT	Fusion	None
Magician of Faith	0	No	300	400	1	Spellcaster	LIGHT	Effect	None
Goddess of Whim	0	Yes	950	700	3	Fairy	LIGHT	Effect	None
Water Magician	0	Yes	1400	1000	4	Aqua	WATER	None	None
Ice Water	0	Yes	1150	900	3	Aqua	WATER	None	None
Waterdragon Fairy	0	Yes	1100	700	3	Aqua	WATER	None	None
Ancient Elf	0	No	1450	1200	4	Spellcaster	LIGHT	None	None
Water Girl	0	Yes	1250	1000	4	Aqua	WATER	None	None
Deepsea Shark	0	No	1900	1600	5	Fish	WATER	Fusion	None
Bottom Dweller	0	No	1650	1700	5	Fish	WATER	None	None
7 Colored Fish	0	No	1800	800	4	Fish	WATER	None	None
Guardian of the Sea	0	No	1300	1000	4	Aqua	WATER	None	None
Aqua Snake	0	No	1050	900	3	Aqua	WATER	None	None
Giant Red Seasnake	0	No	1800	800	4	Aqua	WATER	None	None
Kappa Avenger	0	No	1200	900	3	Aqua	WATER	None	None
Kanikabuto	0	No	650	900	3	Aqua	WATER	None	None
Zarigun	0	No	600	700	2	Aqua	WATER	None	None
Millennium Golem	0	No	2000	2200	6	Rock	EARTH	None	None
Destroyer Golem	0	No	1500	1000	4	Rock	EARTH	None	None
Barrel Rock	0	Yes	1000	1300	4	Rock	EARTH	None	None
Minomushi Warrior	0	No	1300	1200	4	Rock	EARTH	None	None
Stone Ghost	0	No	1200	1000	4	Rock	EARTH	None	None
Kaminari Attack	0	No	1900	1400	5	Thunder	WIND	Fusion	None
Tripwire Beast	0	No	1200	1300	4	Thunder	EARTH	None	None
Bolt Penguin	0	No	1100	800	3	Thunder	WATER	None	None
The Immortal of Thunder	0	No	1500	1300	4	Thunder	LIGHT	Effect	None
Electric Snake	0	No	800	900	3	Thunder	LIGHT	Effect	None
Punished Eagle	0	No	2100	1800	6	Winged Beast	WIND	Fusion	None
Skull Red Bird	0	No	1550	1200	4	Winged Beast	WIND	None	None
Crimson Sunbird	0	No	2300	1800	6	Winged Beast	FIRE	Fusion	None
Armed Ninja	0	No	300	300	1	Warrior	EARTH	Effect	None
Magical Ghost	0	No	1300	1400	4	Zombie	DARK	None	None
Soul Hunter	0	No	2200	1800	6	Fiend	DARK	Fusion	None
Vermillion Sparrow	0	No	1900	1500	5	Pyro	FIRE	Fusion	None
Sea Kamen	0	No	1100	1300	4	Aqua	WATER	None	None
Sinister Serpent	0	No	300	250	1	Reptile	WATER	Effect	None
Ganigumo	0	No	600	800	2	Insect	EARTH	None	None
Alinsection	0	No	950	700	3	Insect	EARTH	None	None
Insect Soldiers of the Sky	0	No	1000	800	3	Insect	WIND	Effect	None
Cockroach Knight	0	No	800	900	3	Insect	EARTH	Effect	None
Burglar	0	No	850	800	3	Beast	EARTH	None	None
Pragtical	0	No	1900	1500	5	Dinosaur	EARTH	Fusion	None
Ameba	0	No	300	350	1	Aqua	WATER	Effect	None
Korogashi	0	No	550	400	2	Insect	EARTH	None	None
Boo Koo	0	No	650	500	2	Spellcaster	DARK	None	None
Flower Wolf	0	No	1800	1400	5	Beast	EARTH	Fusion	None
Rainbow Flower	0	No	400	500	2	Plant	EARTH	Effect	None
Barrel Lily	0	Yes	1100	600	3	Plant	EARTH	None	None
Hoshiningen	0	No	500	700	2	Fairy	LIGHT	Effect	None
Maha Vailo	0	No	1550	1400	4	Spellcaster	LIGHT	Effect	None
Musician King	0	No	1750	1500	5	Spellcaster	LIGHT	Fusion	None
Wilmee	0	No	1000	1200	4	Beast	EARTH	None	None
Dragon Seeker	0	No	2000	2100	6	Fiend	DARK	Effect	None
Man-Eater Bug	0	No	450	600	2	Insect	EARTH	Effect	None
D. Human	0	No	1300	1100	4	Warrior	EARTH	None	None
Turtle Raccoon	0	Yes	700	900	3	Aqua	WATER	None	None
Prisman	0	No	800	1000	3	Rock	LIGHT	None	None
Crazy Fish	0	No	1600	1200	4	Fish	WATER	None	None
Bracchio-raidus	0	No	2200	2000	6	Dinosaur	WATER	Fusion	None
Laughing Flower	0	No	900	500	2	Plant	EARTH	None	None
Bean Soldier	0	No	1400	1300	4	Plant	EARTH	None	None
Cannon Soldier	0	Yes	1400	1300	4	Machine	DARK	Effect	None
Guardian of the Throne Room	0	Yes	1650	1600	4	Machine	LIGHT	None	None
Brave Scizzar	0	No	1300	1000	4	Machine	DARK	None	None
The Statue of Easter Island	0	No	1100	1400	4	Rock	EARTH	None	None
Muka Muka	0	No	600	300	2	Rock	EARTH	Effect	None
Boulder Tortoise	0	No	1450	2200	6	Aqua	WATER	None	None
Fire Kraken	0	No	1600	1500	4	Aqua	FIRE	None	None
Turtle Bird	0	No	1900	1700	6	Aqua	WATER	None	None
Skullbird	0	No	1900	1700	6	Winged Beast	WIND	Fusion	None
Monstrous Bird	0	No	2000	1900	6	Winged Beast	WIND	None	None
The Bistro Butcher	0	No	1800	1000	4	Fiend	DARK	Effect	None
Star Boy	0	No	550	500	2	Aqua	WATER	Effect	None
Milus Radiant	0	No	300	250	1	Beast	EARTH	Effect	None
Flame Cerebrus	0	No	2100	1800	6	Pyro	FIRE	None	None
Eldeen	0	No	950	1000	3	Spellcaster	LIGHT	None	None
Mystical Sand	0	No	2100	1700	6	Rock	EARTH	Fusion	None
Gemini Elf	0	Yes	1900	900	4	Spellcaster	EARTH	None	None
Gemini Elf	1	Yes	1900	900	4	Spellcaster	EARTH	None	None
Minar	0	No	850	750	3	Insect	EARTH	Effect	None
Kamakiriman	0	No	1150	1400	4	Insect	EARTH	None	None
Mechaleon	0	No	800	600	2	Reptile	WATER	None	None
Mega Thunderball	0	No	750	600	2	Thunder	WIND	None	None
Niwatori	0	No	900	800	3	Winged Beast	EARTH	None	None
Corroding Shark	0	Yes	1100	700	3	Zombie	DARK	None	None
Skelengel	0	Yes	900	400	2	Fairy	LIGHT	Effect	None
Hane-Hane	0	No	450	500	2	Beast	EARTH	Effect	None
Tongyo	0	No	1350	800	4	Fish	WATER	None	None
Dharma Cannon	0	Yes	900	500	2	Machine	DARK	None	None
Skelgon	0	No	1700	1900	6	Zombie	DARK	Fusion	None
Wow Warrior	0	No	1250	900	4	Fish	WATER	None	None
Griggle	0	No	350	300	1	Plant	EARTH	Effect	None
Frog the Jam	0	No	700	500	2	Aqua	WATER	None	None
Behegon	0	No	1350	1000	4	Aqua	WATER	None	None
Dark Elf	0	No	2000	800	4	Spellcaster	DARK	Effect	None
Winged Dragon, Guardian of the Fortress	0	No	1200	1000	4	Winged Beast	WIND	None	None
The Wandering Doomed	0	No	800	600	2	Zombie	DARK	None	None
Steel Ogre Grotto	0	No	1400	1800	5	Machine	EARTH	None	None
Oscillo Hero	0	No	1250	700	3	Warrior	EARTH	None	None
Invader from Another Dimension	0	No	950	1400	4	Fiend	DARK	None	None
Lesser Dragon	0	No	1200	1000	4	Dragon	WIND	None	None
Needle Worm	0	No	750	600	2	Insect	EARTH	Effect	None
Wretched Ghost of the Attic	0	No	550	400	2	Fiend	DARK	None	None
Great Mammoth of Goldfine	0	No	2200	1800	6	Zombie	DARK	Fusion	None
Man-eating Black Shark	0	No	2100	1300	5	Fish	WATER	Fusion	None
Yormungarde	0	No	1200	900	3	Reptile	EARTH	None	None
Darkworld Thorns	0	No	1200	900	3	Plant	EARTH	None	None
Anthrosaurus	0	No	1000	850	3	Dinosaur	EARTH	None	None
Drooling Lizard	0	No	900	800	3	Reptile	EARTH	None	None
Trakadon	0	No	1300	800	3	Dinosaur	EARTH	None	None
B. Dragon Jungle King	0	No	2100	1800	6	Dragon	EARTH	None	None
Little D	0	No	1100	700	3	Dinosaur	EARTH	None	None
Witch of the Black Forest	0	No	1100	1200	4	Spellcaster	DARK	Effect	None
Giant Scorpion of the Tundra	0	No	1100	1000	3	Insect	EARTH	None	None
Abyss Flower	0	No	750	400	2	Plant	EARTH	None	None
Takuhee	0	No	1450	1000	4	Winged Beast	WIND	None	None
Binding Chain	0	No	1000	1100	3	Fairy	LIGHT	None	None
Mechanical Snail	0	No	800	1000	3	Machine	DARK	None	None
Greenkappa	0	Yes	650	900	3	Warrior	DARK	Effect	None
Mon Larvas	0	No	1300	1400	4	Beast	EARTH	None	None
Living Vase	0	No	900	1100	3	Plant	EARTH	None	None
Tentacle Plant	0	No	500	600	2	Plant	WATER	None	None
Beaked Snake	0	No	800	900	3	Reptile	EARTH	None	None
Morphing Jar	0	No	700	600	2	Rock	EARTH	Effect	None
Muse-A	0	No	850	900	3	Fairy	LIGHT	None	None
Rose Spectre of Dunn	0	Yes	2000	1800	6	Plant	DARK	Fusion	None
Fiend Reflection	0	No	1300	1400	4	Winged Beast	WIND	None	None
Ghoul with an Appetite	0	No	1600	1200	4	Zombie	DARK	None	None
Pale Beast	0	No	1500	1200	4	Beast	EARTH	None	None
Little Chimera	0	No	600	550	2	Beast	FIRE	Effect	None
Violent Rain	0	No	1550	800	4	Aqua	WATER	None	None
Key Mace	0	No	1050	1200	4	Fiend	DARK	None	None
Tenderness	0	No	700	1400	3	Fairy	LIGHT	None	None
Penguin Soldier	0	No	750	500	2	Aqua	WATER	Effect	None
Fairy Dragon	0	No	1100	1200	4	Dragon	WIND	None	None
Obese Marmot of Nefariousness	0	No	750	800	3	Beast	EARTH	None	None
Liquid Beast	0	No	950	800	3	Aqua	WATER	None	None
Twin Long Rods	0	No	850	700	3	Aqua	WATER	None	None
Great Bill	0	No	1250	1300	4	Beast	EARTH	None	None
Shining Friendship	0	Yes	1300	1100	4	Fairy	LIGHT	None	None
Bladefly	0	No	600	700	2	Insect	WIND	Effect	None
Hiro's Shadow Scout	0	No	650	500	2	Fiend	DARK	Effect	None
Lady of Faith	0	No	1100	800	3	Spellcaster	LIGHT	None	None
Twin-Headed Thunder Dragon	0	No	2800	2100	7	Thunder	LIGHT	Fusion	None
Armored Starfish	0	No	850	1400	4	Aqua	WATER	None	None
Marine Beast	0	No	1700	1600	5	Fish	WATER	Fusion	None
Warrior of Tradition	0	No	1900	1700	6	Warrior	EARTH	Fusion	None
Snakeyashi	0	No	1000	1200	4	Plant	EARTH	None	None
The Thing That Hides in the Mud	0	No	1200	1300	4	Rock	EARTH	None	None
High Tide Gyojin	0	No	1650	1300	4	Aqua	WATER	None	None
Fairy of the Fountain	0	Yes	1600	1100	4	Aqua	WATER	None	None
Amazon of the Seas	0	Yes	1300	1400	4	Fish	WATER	None	None
Nekogal	0	Yes	1900	2000	6	Beast-Warrior	EARTH	None	None
Witch's Apprentice	0	No	550	500	2	Spellcaster	DARK	Effect	None
Armored Rat	0	No	950	1100	3	Beast	EARTH	None	None
Ancient Lizard Warrior	0	No	1400	1100	4	Reptile	EARTH	None	None
Maiden of the Moonlight	0	Yes	1500	1300	4	Spellcaster	LIGHT	None	None
Night Lizard	0	No	1150	1300	4	Aqua	WATER	None	None
Blue-Winged Crown	0	No	1600	1200	4	Winged Beast	WIND	None	None
Amphibious Bugroth	0	No	1850	1300	5	Aqua	WATER	Fusion	None
Acid Crawler	0	No	900	700	3	Insect	EARTH	None	None
Invader of the Throne	0	Yes	1350	1700	4	Warrior	EARTH	Effect	None
Mystical Sheep	0	No	1150	900	3	Beast	EARTH	Effect	None
Disk Magician	0	No	1350	1000	4	Machine	DARK	None	None
Flame Viper	0	No	400	450	2	Pyro	EARTH	None	None
Royal Guard	0	No	1900	2200	6	Machine	EARTH	None	None
Gruesome Goo	0	No	1300	700	3	Aqua	WATER	None	None
Whiptail Crow	0	No	1650	1600	4	Fiend	DARK	None	None
Kunai with Chain	0	No	0	0	0	Trap	Trap	Trap	None
Kunai with Chain	1	No	0	0	0	Trap	Trap	Trap	None
Magical Labyrinth	0	No	0	0	0	Spell	Spell	Spell	Equip
Salamandra	0	No	0	0	0	Spell	Spell	Spell	Equip
Eternal Rest	0	No	0	0	0	Spell	Spell	Spell	None
Megamorph	0	No	0	0	0	Spell	Spell	Spell	Equip
Metalmorph	0	No	0	0	0	Trap	Trap	Trap	None
Metalmorph	1	No	0	0	0	Trap	Trap	Trap	None
Crush Card	0	No	0	0	0	Trap	Trap	Trap	None
Crush Card	1	No	0	0	0	Trap	Trap	Trap	None
Bright Castle	0	No	0	0	0	Spell	Spell	Spell	Equip
Shadow Spell	0	No	0	0	0	Trap	Trap	Trap	Continuous
Black Luster Ritual	0	No	0	0	0	Spell	Spell	Spell	Ritual
Zera Ritual	0	No	0	0	0	Spell	Spell	Spell	Ritual
Harpie's Feather Duster	0	No	0	0	0	Spell	Spell	Spell	None
Harpie's Feather Duster	1	No	0	0	0	Spell	Spell	Spell	None
War-Lion Ritual	0	No	0	0	0	Spell	Spell	Spell	Ritual
Beastly Mirror Ritual	0	No	0	0	0	Spell	Spell	Spell	Ritual
Commencement Dance	0	No	0	0	0	Spell	Spell	Spell	Ritual
Hamburger Recipe	0	No	0	0	0	Spell	Spell	Spell	Ritual
Novox's Prayer	0	No	0	0	0	Spell	Spell	Spell	Ritual
House of Adhesive Tape	0	No	0	0	0	Trap	Trap	Trap	None
Acid Trap Hole	0	No	0	0	0	Trap	Trap	Trap	None
Acid Trap Hole	1	No	0	0	0	Trap	Trap	Trap	None
Widespread Ruin	0	No	0	0	0	Trap	Trap	Trap	None
Widespread Ruin	1	No	0	0	0	Trap	Trap	Trap	None
Bad Reaction to Simochi	0	No	0	0	0	Trap	Trap	Trap	Continuous
Reverse Trap	0	No	0	0	0	Trap	Trap	Trap	None
Turtle Oath	0	No	0	0	0	Spell	Spell	Spell	Ritual
Resurrection of Chakra	0	Yes	0	0	0	Spell	Spell	Spell	Ritual
Javelin Beetle Pact	0	No	0	0	0	Spell	Spell	Spell	Ritual
Garma Sword Oath	0	No	0	0	0	Spell	Spell	Spell	Ritual
Revival of Dokurorider	0	No	0	0	0	Spell	Spell	Spell	Ritual
Fortress Whale's Oath	0	No	0	0	0	Spell	Spell	Spell	Ritual
Performance of Sword	0	Yes	1950	1850	6	Warrior	EARTH	Ritual	None
Hungry Burger	0	No	2000	1850	6	Warrior	DARK	Ritual	None
Sengenjin	0	No	2750	2500	8	Beast-Warrior	EARTH	None	None
Skull Guardian	0	No	2050	2500	7	Warrior	LIGHT	Ritual	None
Tri-Horned Dragon	0	No	2850	2350	8	Dragon	DARK	None	None
Serpent Night Dragon	0	No	2350	2400	7	Dragon	DARK	None	None
Cosmo Queen	0	No	2900	2450	8	Spellcaster	DARK	None	None
Chakra	0	No	2450	2000	7	Fiend	DARK	Ritual	None
Crab Turtle	0	No	2550	2500	8	Aqua	WATER	Ritual	None
Mikazukinoyaiba	0	No	2200	2350	7	Dragon	DARK	None	None
Meteor Dragon	0	No	1800	2000	6	Dragon	EARTH	None	None
Meteor B. Dragon	0	No	3500	2000	8	Dragon	FIRE	Fusion	None
Firewing Pegasus	0	No	2250	1800	6	Beast	FIRE	None	None
Garma Sword	0	No	2550	2150	7	Warrior	DARK	Ritual	None
Javelin Beetle	0	No	2450	2550	8	Insect	EARTH	Ritual	None
Fortress Whale	0	Yes	2350	2150	7	Fish	WATER	Ritual	None
Dokurorider	0	No	1900	1850	6	Zombie	DARK	Ritual	None
Dark Magic Ritual	0	Yes	0	0	0	Spell	Spell	Spell	Ritual
Magician of Black Chaos	0	Yes	2800	2600	8	Spellcaster	DARK	Ritual	None
Slot Machine	0	No	2000	2300	7	Machine	DARK	None	None
Red Archery Girl	0	Yes	1400	1500	4	Aqua	WATER	None	None
Ryu-Ran	0	No	2200	2600	7	Dragon	FIRE	None	None
Manga Ryu-Ran	0	No	2200	2600	7	Dragon	FIRE	Toon	None
Toon Mermaid	0	No	1400	1500	4	Aqua	WATER	Toon	None
Toon Summoned Skull	0	No	2500	1200	6	Fiend	DARK	Toon	None
Relinquished	0	No	0	0	1	Spellcaster	DARK	Ritual/Effect	None
Thousand-Eyes Idol	0	No	0	0	1	Spellcaster	DARK	None	None
Thousand-Eyes Restrict	0	No	0	0	1	Spellcaster	DARK	Fusion/Effect	None
Steel Ogre Grotto	0	No	1900	2200	6	Machine	EARTH	None	None
Blast Sphere	0	No	1400	1400	4	Machine	DARK	Effect	None
Hyozanryu	0	No	2100	2800	7	Dragon	LIGHT	None	None
Alpha The Magnet Warrior	0	No	1400	1700	4	Rock	EARTH	None	None
Lord of D.	0	No	1200	1100	4	Spellcaster	DARK	Effect	None
Red-Eyes Black Metal Dragon	0	No	2800	2400	8	Machine	DARK	Effect	None
Red-Eyes Black Metal Dragon	1	No	2800	2400	8	Machine	DARK	Effect	None
Barrel Dragon	0	Yes	2600	2200	7	Machine	DARK	Effect	None
Hannibal Necromancer	0	No	1400	1800	4	Spellcaster	DARK	Effect	None
Panther Warrior	0	No	2000	1600	4	Beast-Warrior	EARTH	Effect	None
Panther Warrior	1	No	2000	1600	4	Beast-Warrior	EARTH	Effect	None
Three-Headed Geedo	0	No	1200	1400	4	Fiend	DARK	None	None
Gazelle the King of Mythical Beasts	0	No	1500	1200	4	Beast	EARTH	None	None
Stone Statue of the Aztecs	0	No	300	2000	4	Rock	EARTH	Effect	None
Berfomet	0	No	1400	1800	5	Fiend	DARK	Effect	None
Chimera the Flying Mythical Beast	0	No	2100	1800	6	Beast	WIND	Fusion/Effect	None
Gear Golem the Moving Fortress	0	No	800	2200	4	Machine	EARTH	Effect	None
Jinzo	0	No	2400	1500	6	Machine	DARK	Effect	None
Swordsman of Landstar	0	No	500	1200	3	Warrior	EARTH	None	None
Cyber Raider	0	No	1400	1000	4	Machine	DARK	Effect	None
The Fiend Megacyber	0	No	2200	1200	6	Warrior	DARK	Effect	None
Reflect Bounder	0	No	1700	1000	4	Machine	LIGHT	Effect	None
Beta The Magnet Warrior	0	No	1700	1600	4	Rock	EARTH	None	None
Big Shield Gardna	0	No	100	2600	4	Warrior	EARTH	Effect	None
Big Shield Gardna	1	No	100	2600	4	Warrior	EARTH	Effect	None
Dark Magician Girl	0	Yes	2000	1700	6	Spellcaster	DARK	Effect	None
Dark Magician Girl	1	Yes	2000	1700	6	Spellcaster	DARK	Effect	None
Dark Magician Girl	2	Yes	2000	1700	6	Spellcaster	DARK	Effect	None
Alligator's Sword	0	No	1500	1200	4	Beast	EARTH	None	None
Insect Queen	0	No	2200	2400	7	Insect	EARTH	Effect	None
Parasite Paracide	0	Yes	500	300	2	Insect	EARTH	Effect	None
Skull-Mark Ladybug	0	No	500	1500	4	Insect	EARTH	Effect	None
Little-Winguard	0	No	1400	1800	4	Warrior	WIND	Effect	None
Pinch Hopper	0	No	1000	1200	4	Insect	EARTH	Effect	None
Blue-Eyes Toon Dragon	0	No	3000	2500	8	Dragon	LIGHT	Toon	None
Sword Hunter	0	No	2450	1700	7	Warrior	EARTH	Effect	None
Drill Bug	0	No	1100	200	2	Insect	EARTH	Effect	None
Deepsea Warrior	0	No	1600	1800	5	Warrior	WATER	Effect	None
Satellite Cannon	0	No	0	0	5	Machine	LIGHT	Effect	None
The Last Warrior from Another Planet	0	No	2350	2300	7	Warrior	EARTH	Fusion/Effect	None
Dunames Dark Witch	0	Yes	1800	1050	4	Fairy	LIGHT	None	None
Garnecia Elefantis	0	No	2400	2000	7	Beast-Warrior	EARTH	None	None
Total Defense Shogun	0	No	1550	2500	6	Warrior	DARK	Effect	None
Beast of Talwar	0	No	2400	2150	6	Fiend	DARK	None	None
Cyber-Tech Alligator	0	No	2500	1600	5	Machine	WIND	None	None
Gamma The Magnet Warrior	0	No	1500	1800	4	Rock	EARTH	None	None
Time Machine	0	No	0	0	0	Trap	Trap	Trap	None
Copycat	0	No	0	0	1	Spellcaster	LIGHT	Effect	None
Toon World	0	No	0	0	0	Spell	Spell	Spell	Continuous
Toon World	1	No	0	0	0	Spell	Spell	Spell	Continuous
Gorgon's Eye	0	No	0	0	0	Trap	Trap	Trap	None
Black Illusion Ritual	0	No	0	0	0	Spell	Spell	Spell	Ritual
Brain Control	0	No	0	0	0	Spell	Spell	Spell	None
Negate Attack	0	No	0	0	0	Trap	Trap	Trap	Counter
Multiply	0	No	0	0	0	Spell	Spell	Spell	Quick-Play
Lightforce Sword	0	No	0	0	0	Trap	Trap	Trap	None
The Flute of Summoning Dragon	0	No	0	0	0	Spell	Spell	Spell	None
Shield & Sword	0	Yes	0	0	0	Spell	Spell	Spell	None
Graceful Charity	0	Yes	0	0	0	Spell	Spell	Spell	None
Chain Destruction	0	No	0	0	0	Trap	Trap	Trap	None
Mesmeric Control	0	No	0	0	0	Spell	Spell	Spell	None
Graceful Dice	0	No	0	0	0	Spell	Spell	Spell	Quick-Play
Skull Dice	0	No	0	0	0	Trap	Trap	Trap	None
Mind Control	0	No	0	0	0	Spell	Spell	Spell	None
Scapegoat	0	No	0	0	0	Spell	Spell	Spell	Quick-Play
Amplifier	0	No	0	0	0	Spell	Spell	Spell	Equip
Card Destruction	0	No	0	0	0	Spell	Spell	Spell	None
Tragedy	0	Yes	0	0	0	Trap	Trap	Trap	None
Ectoplasmer	0	No	0	0	0	Spell	Spell	Spell	Continuous
Dark Magic Curtain	0	Yes	0	0	0	Spell	Spell	Spell	None
Insect Barrier	0	No	0	0	0	Spell	Spell	Spell	Continuous
Magic-Arm Shield	0	No	0	0	0	Trap	Trap	Trap	None
Fissure	0	No	0	0	0	Spell	Spell	Spell	None
Trap Hole	0	No	0	0	0	Trap	Trap	Trap	None
Polymerization	0	No	0	0	0	Spell	Spell	Spell	None
Remove Trap	0	No	0	0	0	Spell	Spell	Spell	None
Two-Pronged Attack	0	No	0	0	0	Trap	Trap	Trap	None
Monster Reborn	0	Yes	0	0	0	Spell	Spell	Spell	None
De-Spell	0	No	0	0	0	Spell	Spell	Spell	None
Pot of Greed	0	No	0	0	0	Spell	Spell	Spell	None
Gravedigger Ghoul	0	No	0	0	0	Spell	Spell	Spell	None
Reinforcements	0	No	0	0	0	Trap	Trap	Trap	None
Castle Walls	0	No	0	0	0	Trap	Trap	Trap	None
Ultimate Offering	0	Yes	0	0	0	Trap	Trap	Trap	Continuous
Tribute to The Doomed	0	No	0	0	0	Spell	Spell	Spell	None
Soul Release	0	Yes	0	0	0	Spell	Spell	Spell	None
The Cheerful Coffin	0	Yes	0	0	0	Spell	Spell	Spell	None
Change of Heart	0	No	0	0	0	Spell	Spell	Spell	None
Solemn Judgment	0	Yes	0	0	0	Trap	Trap	Trap	Counter
Magic Jammer	0	Yes	0	0	0	Trap	Trap	Trap	Counter
Seven Tools of the Bandit	0	No	0	0	0	Trap	Trap	Trap	Counter
Horn of Heaven	0	No	0	0	0	Trap	Trap	Trap	Counter
Just Desserts	0	No	0	0	0	Trap	Trap	Trap	None
Royal Decree	0	No	0	0	0	Trap	Trap	Trap	Continuous
Polymerization	0	Yes	0	0	0	Spell	Spell	Spell	None
Magical Thorn	0	No	0	0	0	Trap	Trap	Trap	Continuous
Restructer Revolution	0	No	0	0	0	Spell	Spell	Spell	None
Fusion Sage	0	No	0	0	0	Spell	Spell	Spell	None
Sword of Deep-Seated	0	No	0	0	0	Spell	Spell	Spell	Equip
Block Attack	0	No	0	0	0	Spell	Spell	Spell	None
The Unhappy Maiden	0	No	0	100	1	Spellcaster	LIGHT	Effect	None
Robbin' Goblin	0	No	0	0	0	Trap	Trap	Trap	Continuous
Germ Infection	0	No	0	0	0	Spell	Spell	Spell	Equip
Wall of Illusion	0	No	1000	1850	4	Fiend	DARK	Effect	None
Neo the Magic Swordsman	0	No	1700	1000	4	Spellcaster	LIGHT	None	None
Baron of the Fiend Sword	0	No	1550	800	4	Fiend	DARK	None	None
Man-Eating Treasure Chest	0	No	1600	1000	4	Fiend	DARK	None	None
Sorcerer of the Doomed	0	Yes	1450	1200	4	Spellcaster	DARK	None	None
Last Will	0	Yes	0	0	0	Spell	Spell	Spell	None
Waboku	0	No	0	0	0	Trap	Trap	Trap	None
Mirror Force	0	No	0	0	0	Trap	Trap	Trap	None
Ring of Magnetism	0	No	0	0	0	Spell	Spell	Spell	Equip
Share the Pain	0	Yes	0	0	0	Spell	Spell	Spell	None
Stim-Pack	0	Yes	0	0	0	Spell	Spell	Spell	Equip
Heavy Storm	0	No	0	0	0	Spell	Spell	Spell	None
Gravekeeper's Servant	0	No	0	0	0	Spell	Spell	Spell	Continuous
Upstart Goblin	0	No	0	0	0	Spell	Spell	Spell	None
Toll	0	No	0	0	0	Spell	Spell	Spell	Continuous
Final Destiny	0	No	0	0	0	Spell	Spell	Spell	None
Snatch Steal	0	No	0	0	0	Spell	Spell	Spell	Equip
Chorus of Sanctuary	0	Yes	0	0	0	Spell	Spell	Spell	Field
Confiscation	0	No	0	0	0	Spell	Spell	Spell	None
Delinquent Duo	0	No	0	0	0	Spell	Spell	Spell	None
Fairy's Hand Mirror	0	No	0	0	0	Trap	Trap	Trap	None
Tailor of the Fickle	0	No	0	0	0	Spell	Spell	Spell	Quick-Play
Rush Recklessly	0	No	0	0	0	Spell	Spell	Spell	Quick-Play
The Reliable Guardian	0	No	0	0	0	Spell	Spell	Spell	Quick-Play
The Forceful Sentry	0	No	0	0	0	Spell	Spell	Spell	None
Chain Energy	0	No	0	0	0	Spell	Spell	Spell	Continuous
Mystical Space Typhoon	0	No	0	0	0	Spell	Spell	Spell	Quick-Play
Giant Trunade	0	No	0	0	0	Spell	Spell	Spell	None
Painful Choice	0	No	0	0	0	Spell	Spell	Spell	None
Snake Fang	0	No	0	0	0	Trap	Trap	Trap	None
Cyber Jar	0	No	900	900	3	Rock	DARK	Effect	None
Banisher of the Light	0	No	100	2000	3	Fairy	LIGHT	Effect	None
Giant Rat	0	No	1400	1450	4	Beast	EARTH	Effect	None
Senju of the Thousand Hands	0	Yes	1400	1000	4	Fairy	LIGHT	Effect	None
UFO Turtle	0	No	1400	1200	4	Machine	FIRE	Effect	None
Flash Assailant	0	No	2000	2000	4	Fiend	DARK	Effect	None
Karate Man	0	No	1000	1000	3	Warrior	EARTH	Effect	None
Giant Germ	0	No	1000	100	2	Fiend	DARK	Effect	None
Nimble Momonga	0	No	1000	100	2	Beast	EARTH	Effect	None
Spear Cretin	0	Yes	500	500	2	Fiend	DARK	Effect	None
Shining Angel	0	Yes	1400	800	4	Fairy	LIGHT	Effect	None
Mother Grizzly	0	No	1400	1000	4	Beast-Warrior	WATER	Effect	None
Flying Kamakiri	0	No	1400	900	4	Insect	WIND	Effect	None
Ceremonial Bell	0	No	0	1850	3	Spellcaster	LIGHT	Effect	None
Sonic Bird	0	No	1400	1000	4	Winged Beast	WIND	Effect	None
Mystic Tomato	0	Yes	1400	1100	4	Plant	DARK	Effect	None
Kotodama	0	No	0	1600	3	Fairy	EARTH	Effect	None
Gaia Power	0	No	0	0	0	Spell	Spell	Spell	Field
Umiiruka	0	No	0	0	0	Spell	Spell	Spell	Field
Molten Destruction	0	No	0	0	0	Spell	Spell	Spell	Field
Rising Air Current	0	No	0	0	0	Spell	Spell	Spell	Field
Luminous Spark	0	No	0	0	0	Spell	Spell	Spell	Field
Mystic Plasma Zone	0	No	0	0	0	Spell	Spell	Spell	Field
Messenger of Peace	0	No	0	0	0	Spell	Spell	Spell	Continuous
Michizure	0	No	0	0	0	Trap	Trap	Trap	None
Gust	0	No	0	0	0	Trap	Trap	Trap	None
Driving Snow	0	No	0	0	0	Trap	Trap	Trap	None
Numinous Healer	0	No	0	0	0	Trap	Trap	Trap	None
Appropriate	0	No	0	0	0	Trap	Trap	Trap	Continuous
Forced Requisition	0	No	0	0	0	Trap	Trap	Trap	Continuous
Minor Goblin Official	0	No	0	0	0	Trap	Trap	Trap	Continuous
Gamble	0	No	0	0	0	Trap	Trap	Trap	None
DNA Surgery	0	No	0	0	0	Trap	Trap	Trap	Continuous
The Regulation of Tribe	0	No	0	0	0	Trap	Trap	Trap	Continuous
Backup Soldier	0	Yes	0	0	0	Trap	Trap	Trap	None
Attack and Receive	0	No	0	0	0	Trap	Trap	Trap	None
Ceasefire	0	No	0	0	0	Trap	Trap	Trap	None
Light of Intervention	0	No	0	0	0	Trap	Trap	Trap	Continuous
Respect Play	0	No	0	0	0	Trap	Trap	Trap	Continuous
Imperial Order	0	No	0	0	0	Trap	Trap	Trap	Continuous
Skull Invitation	0	No	0	0	0	Trap	Trap	Trap	Continuous
Magical Hats	0	No	0	0	0	Trap	Trap	Trap	None
Nobleman of Crossout	0	No	0	0	0	Spell	Spell	Spell	None
Nobleman of Extermination	0	No	0	0	0	Spell	Spell	Spell	None
The Shallow Grave	0	Yes	0	0	0	Spell	Spell	Spell	None
Premature Burial	0	Yes	0	0	0	Spell	Spell	Spell	Equip
Morphing Jar	0	No	800	700	3	Rock	EARTH	Effect	None
Bubonic Vermin	0	No	900	600	3	Beast	EARTH	Effect	None
Twin-Headed Fire Dragon	0	No	2200	1700	6	Pyro	FIRE	None	None
Darkfire Soldier	0	No	1700	1150	4	Pyro	FIRE	None	None
Mr. Volcano	0	No	2100	1300	5	Pyro	FIRE	None	None
Darkfire Soldier	0	No	1700	1100	4	Pyro	FIRE	None	None
Kiseitai	0	No	300	800	2	Fiend	DARK	Effect	None
Cyber Falcon	0	No	1400	1200	4	Machine	WIND	None	None
Dark Bat	0	No	1000	1000	3	Winged Beast	WIND	None	None
Flying Kamakiri	0	No	1500	800	4	Insect	WIND	None	None
Harpie's Brother	0	No	1800	600	4	Winged Beast	WIND	None	None
Oni Tank T-34	0	No	1400	1700	4	Machine	EARTH	None	None
Overdrive	0	No	1600	1500	4	Machine	EARTH	None	None
Buster Blader	0	No	2600	2300	7	Warrior	EARTH	Effect	None
Time Seal	0	No	0	0	0	Trap	Trap	Trap	None
Graverobber	0	Yes	0	0	0	Trap	Trap	Trap	None
Gift of The Mystical Elf	0	No	0	0	0	Trap	Trap	Trap	None
The Eye of Truth	0	No	0	0	0	Trap	Trap	Trap	Continuous
Dust Tornado	0	No	0	0	0	Trap	Trap	Trap	None
Call of the Haunted	0	Yes	0	0	0	Trap	Trap	Trap	Continuous
Solomon's Lawbook	0	No	0	0	0	Trap	Trap	Trap	None
Enchanted Javelin	0	No	0	0	0	Trap	Trap	Trap	None
Mirror Wall	0	No	0	0	0	Trap	Trap	Trap	Continuous
Windstorm of Etaqua	0	No	0	0	0	Trap	Trap	Trap	None
Valkyrion the Magna Warrior	0	No	3500	3850	8	Rock	EARTH	Effect	None
Alligator's Sword Dragon	0	No	1700	1500	5	Dragon	WIND	Fusion/Effect	None
Vorse Raider	0	No	1900	1200	4	Beast-Warrior	DARK	None	None
Vorse Raider	1	No	1900	1200	4	Beast-Warrior	DARK	None	None
Ring of Destruction	0	Yes	0	0	0	Trap	Trap	Trap	None
Aqua Chorus	0	No	0	0	0	Trap	Trap	Trap	Continuous
Sebek's Blessing	0	No	0	0	0	Spell	Spell	Spell	Quick-Play
Anti-Spell Fragrance	0	No	0	0	0	Trap	Trap	Trap	Continuous
Riryoku	0	No	0	0	0	Spell	Spell	Spell	None
Sword of Dragon's Soul	0	No	0	0	0	Spell	Spell	Spell	Equip
Luminous Soldier	0	No	2100	1400	5	Warrior	LIGHT	Effect	None
King Tiger Wanghu	0	No	1700	1000	4	Beast	EARTH	Effect	None
Command Knight	0	No	1200	1900	4	Warrior	FIRE	Effect	None
Wolf Axwielder	0	No	1650	1000	4	Beast-Warrior	EARTH	None	None
The Illusory Gentleman	0	No	1500	1600	4	Spellcaster	DARK	None	None
Patrician of Darkness	0	No	2000	1400	5	Zombie	DARK	Effect	None
Birdface	0	No	1600	1600	4	Winged Beast	WIND	Effect	None
Kryuel	0	No	1000	1700	4	Fiend	DARK	Effect	None
Airknight Parshath	0	No	1900	1400	5	Fairy	LIGHT	Effect	None
Fairy King Truesdale	0	No	2200	1500	6	Plant	WATER	Effect	None
Serpentine Princess	0	No	1400	2000	4	Reptile	WATER	Effect	None
Maiden of the Aqua	0	No	700	2000	4	Aqua	WATER	Effect	None
Robotic Knight	0	Yes	1600	1800	4	Machine	FIRE	None	None
Thunder Nyan Nyan	0	Yes	1900	800	4	Thunder	LIGHT	Effect	None
Molten Behemoth	0	No	1000	2200	5	Pyro	FIRE	None	None
Twin-Headed Behemoth	0	No	1500	1200	3	Dragon	WIND	Effect	None
Injection Fairy Lily	0	Yes	400	1500	3	Spellcaster	EARTH	Effect	None
Woodland Sprite	0	No	900	400	3	Plant	EARTH	Effect	None
Arsenal Bug	0	No	2000	2000	3	Insect	EARTH	Effect	None
Kinetic Soldier	0	No	1350	1800	3	Machine	EARTH	Effect	None
Jowls of Dark Demise	0	No	200	100	2	Fiend	WATER	Effect	None
Souleater	0	No	1200	0	4	Fish	EARTH	None	None
Slate Warrior	0	Yes	1900	400	4	Fiend	WIND	Effect	None
Timeater	0	No	1900	1700	6	Machine	DARK	Effect	None
Mucus Yolk	0	No	0	100	3	Aqua	DARK	Effect	None
Servant of Catabolism	0	No	700	500	3	Aqua	LIGHT	Effect	None
Rigras Leever	0	Yes	1600	100	3	Plant	FIRE	Effect	None
Moisture Creature	0	No	2800	2900	9	Fairy	LIGHT	Effect	None
Boneheimer	0	No	850	400	3	Aqua	WATER	None	None
Flame Dancer	0	No	550	450	2	Pyro	FIRE	None	None
Sonic Jammer	0	No	350	650	2	Machine	WIND	Effect	None
Gearfried the Iron Knight	0	No	1800	1600	4	Warrior	EARTH	Effect	None
Humanoid Slime	0	No	800	2000	4	Aqua	WATER	None	None
Worm Drake	0	No	1400	1500	4	Reptile	EARTH	None	None
Humanoid Worm Drake	0	No	2200	2000	7	Aqua	WATER	Fusion	None
Revival Jam	0	No	1500	500	4	Aqua	WATER	Effect	None
Flying Fish	0	No	800	500	4	Fish	WIND	None	None
Amphibian Beast	0	No	2400	2000	6	Fish	WATER	None	None
Rocket Warrior	0	No	1500	1300	4	Warrior	LIGHT	Effect	None
The Legendary Fisherman	0	Yes	1850	1600	5	Warrior	WATER	Effect	None
Robolady	0	No	450	900	3	Machine	EARTH	None	None
Roboyarou	0	No	900	450	3	Machine	EARTH	None	None
Lightning Conger	0	No	350	750	3	Thunder	WATER	None	None
Spherous Lady	0	No	400	1400	3	Rock	EARTH	None	None
Shining Abyss	0	No	1600	1800	4	Fairy	LIGHT	None	None
Archfiend of Gilfer	0	No	2200	2500	6	Fiend	DARK	Effect	None
Gadget Soldier	0	No	1800	2000	6	Machine	FIRE	None	None
Grand Tiki Elder	0	No	1500	800	4	Fiend	DARK	None	None
The Masked Beast	0	No	3200	1800	8	Fiend	DARK	Ritual	None
Melchid the Four-Face Beast	0	No	1500	1200	4	Fiend	DARK	None	None
Nuvia the Wicked	0	No	2000	800	4	Fiend	DARK	Effect	None
Soul Exchange	0	No	0	0	0	Spell	Spell	Spell	None
Mask of Weakness	0	No	0	0	0	Trap	Trap	Trap	None
Curse of the Masked Beast	0	No	0	0	0	Spell	Spell	Spell	Ritual
Mask of Dispel	0	No	0	0	0	Spell	Spell	Spell	Continuous
Mask of Restrict	0	No	0	0	0	Trap	Trap	Trap	Continuous
Mask of the Accursed	0	No	0	0	0	Spell	Spell	Spell	Equip
Mask of Brutality	0	No	0	0	0	Spell	Spell	Spell	Equip
Return of the Doomed	0	Yes	0	0	0	Spell	Spell	Spell	None
Lightning Blade	0	No	0	0	0	Spell	Spell	Spell	Equip
Tornado Wall	0	No	0	0	0	Trap	Trap	Trap	Continuous
Infinite Dismissal	0	No	0	0	0	Trap	Trap	Trap	Continuous
Fairy Box	0	No	0	0	0	Trap	Trap	Trap	Continuous
Torrential Tribute	0	No	0	0	0	Trap	Trap	Trap	None
Multiplication of Ants	0	No	0	0	0	Spell	Spell	Spell	None
De-Fusion	0	No	0	0	0	Spell	Spell	Spell	Quick-Play
Jam Breeding Machine	0	No	0	0	0	Spell	Spell	Spell	Continuous
Nightmare's Steelcage	0	No	0	0	0	Spell	Spell	Spell	None
Infinite Cards	0	No	0	0	0	Spell	Spell	Spell	Continuous
Jam Defender	0	No	0	0	0	Trap	Trap	Trap	Continuous
Card of Safe Return	0	Yes	0	0	0	Spell	Spell	Spell	Continuous
Magic Cylinder	0	No	0	0	0	Trap	Trap	Trap	None
Solemn Wishes	0	No	0	0	0	Trap	Trap	Trap	Continuous
Burning Land	0	No	0	0	0	Spell	Spell	Spell	Continuous
Cold Wave	0	No	0	0	0	Spell	Spell	Spell	None
Fairy Meteor Crush	0	No	0	0	0	Spell	Spell	Spell	Equip
Limiter Removal	0	No	0	0	0	Spell	Spell	Spell	Quick-Play
Shift	0	No	0	0	0	Trap	Trap	Trap	None
Insect Imitation	0	No	0	0	0	Spell	Spell	Spell	None
Dimensionhole	0	No	0	0	0	Spell	Spell	Spell	None
Magic Drain	0	No	0	0	0	Trap	Trap	Trap	Counter
Gravity Bind	0	No	0	0	0	Trap	Trap	Trap	Continuous
Shadow of Eyes	0	Yes	0	0	0	Trap	Trap	Trap	None
Girochin Kuwagata	0	No	1700	1000	4	Insect	WIND	None	None
Hayabusa Knight	0	No	1000	700	3	Warrior	EARTH	Effect	None
Bombardment Beetle	0	No	400	900	2	Insect	WIND	Effect	None
4-Starred Ladybug of Doom	0	No	800	1200	3	Insect	WIND	Effect	None
Gradius	0	No	1200	800	4	Machine	LIGHT	None	None
Red-Moon Baby	0	No	700	1000	3	Zombie	DARK	Effect	None
Mad Sword Beast	0	No	1400	1200	4	Dinosaur	EARTH	Effect	None
Skull Mariner	0	No	1600	900	4	Warrior	WATER	None	None
The All-Seeing White Tiger	0	No	1300	500	3	Beast	WIND	None	None
Goblin Attack Force	0	No	2300	0	4	Warrior	EARTH	Effect	None
Island Turtle	0	No	1100	2000	4	Aqua	WATER	None	None
Wingweaver	0	Yes	2750	2400	7	Fairy	LIGHT	None	None
Science Soldier	0	Yes	800	800	3	Warrior	DARK	None	None
Souls of the Forgotten	0	No	900	200	2	Fiend	DARK	None	None
Dokuroyaiba	0	No	1000	400	3	Fiend	FIRE	None	None
Rain of Mercy	0	No	0	0	0	Spell	Spell	Spell	None
Monster Recovery	0	No	0	0	0	Spell	Spell	Spell	Quick-Play
Type Zero Magic Crusher	0	No	0	0	0	Trap	Trap	Trap	Continuous
Yellow Luster Shield	0	No	0	0	0	Spell	Spell	Spell	Continuous
Creature Swap	0	No	0	0	0	Spell	Spell	Spell	None
Dark Magician	0	No	2500	2100	7	Spellcaster	DARK	None	None
Thousand Knives	0	No	0	0	0	Spell	Spell	Spell	None
Mystic Box	0	No	0	0	0	Spell	Spell	Spell	None
Ground Collapse	0	No	0	0	0	Spell	Spell	Spell	Continuous
Amazon Archer	0	No	1400	1000	4	Warrior	EARTH	Effect	None
Fire Princess	0	No	1300	1500	4	Pyro	FIRE	Effect	None
Spirit of the Breeze	0	No	0	1800	3	Fairy	WIND	Effect	None
Dancing Fairy	0	No	1700	1000	4	Fairy	WIND	Effect	None
Empress Mantis	0	No	2200	1400	6	Insect	WIND	None	None
Cure Mermaid	0	Yes	1500	800	4	Fish	WATER	Effect	None
Hysteric Fairy	0	Yes	1800	500	4	Fairy	LIGHT	Effect	None
Bio-Mage	0	No	1150	1000	3	Fairy	LIGHT	None	None
The Forgiving Maiden	0	Yes	850	2000	4	Fairy	LIGHT	Effect	None
St. Joan	0	No	2800	2000	7	Fairy	LIGHT	Fusion	None
Marie the Fallen One	0	Yes	1700	1200	5	Fiend	DARK	Effect	None
Jar of Greed	0	No	0	0	0	Trap	Trap	Trap	None
Scroll of Bewitchment	0	No	0	0	0	Spell	Spell	Spell	Equip
United We Stand	0	No	0	0	0	Spell	Spell	Spell	Equip
Mage Power	0	No	0	0	0	Spell	Spell	Spell	Equip
Offerings to the Doomed	0	Yes	0	0	0	Spell	Spell	Spell	Quick-Play
Meteor of Destruction	0	No	0	0	0	Spell	Spell	Spell	None
Lightning Vortex	0	No	0	0	0	Spell	Spell	Spell	None
Exchange	0	Yes	0	0	0	Spell	Spell	Spell	None
The Portrait's Secret	0	No	1200	1500	4	Fiend	EARTH	None	None
The Gross Ghost of Fled Dreams	0	No	1300	1800	4	Fiend	DARK	None	None
Headless Knight	0	No	1450	1700	4	Fiend	EARTH	None	None
Dark Necrofear	0	No	2200	2800	8	Fiend	DARK	Effect	None
Dark Magician's Tome of Black Magic	0	No	0	0	0	Spell	Spell	Spell	Equip
Destiny Board	0	Yes	0	0	0	Trap	Trap	Trap	Continuous
The Dark Door	0	No	0	0	0	Spell	Spell	Spell	Continuous
Earthbound Spirit	0	No	500	2000	4	Fiend	EARTH	None	None
Dark Spirit of the Silent	0	No	0	0	0	Trap	Trap	Trap	None
The Earl of Demise	0	No	2000	700	5	Fiend	DARK	None	None
Dark Sage	0	No	2800	3200	9	Spellcaster	DARK	Effect	None
Cathedral of Nobles	0	No	0	0	0	Spell	Spell	Spell	Continuous
Judgment of Anubis	0	No	0	0	0	Trap	Trap	Trap	Counter
Embodiment of Apophis	0	No	0	0	0	Trap	Trap	Trap	Continuous
Foolish Burial	0	Yes	0	0	0	Spell	Spell	Spell	None
Makiu	0	No	0	0	0	Spell	Spell	Spell	None
Ancient Lamp	0	No	900	1400	3	Spellcaster	WIND	Effect	None
Cyber Harpie Lady	0	Yes	1800	1300	4	Winged Beast	WIND	Effect	None
Mystical Beast Serket	0	No	2500	2000	6	Fairy	EARTH	Effect	None
Swift Gaia the Fierce Knight	0	No	2300	2100	7	Warrior	DARK	Effect	None
Obnoxious Celtic Guard	0	No	1400	1200	4	Warrior	EARTH	Effect	None
Zombyra the Dark	0	Yes	2100	500	4	Warrior	DARK	Effect	None
Spiritualism	0	No	0	0	0	Spell	Spell	Spell	None
Jowgen the Spiritualist	0	No	200	1300	3	Spellcaster	LIGHT	Effect	None
Kycoo the Ghost Destroyer	0	No	1800	700	4	Spellcaster	DARK	Effect	None
Summoner of Illusions	0	No	800	900	3	Spellcaster	LIGHT	Effect	None
Bazoo the Soul-Eater	0	No	1600	900	4	Beast	EARTH	Effect	None
Soul of Purity and Light	0	Yes	2000	1800	6	Fairy	LIGHT	Effect	None
Spirit of Flames	0	Yes	1700	1000	4	Pyro	FIRE	Effect	None
Aqua Spirit	0	Yes	1600	1200	4	Aqua	WATER	Effect	None
The Rock Spirit	0	No	1700	1000	4	Rock	EARTH	Effect	None
Garuda the Wind Spirit	0	No	1600	1200	4	Winged Beast	WIND	Effect	None
Gilasaurus	0	No	1400	400	3	Dinosaur	EARTH	Effect	None
Tornado Bird	0	No	1100	1000	4	Winged Beast	WIND	Effect	None
Dreamsprite	0	No	300	200	2	Plant	LIGHT	Effect	None
Supply	0	No	1300	800	4	Warrior	EARTH	Effect	None
Maryokutai	0	No	900	900	3	Aqua	WATER	Effect	None
Collected Power	0	No	0	0	0	Trap	Trap	Trap	None
Royal Command	0	No	0	0	0	Trap	Trap	Trap	Continuous
Riryoku Field	0	No	0	0	0	Trap	Trap	Trap	Counter
Skull Lair	0	No	0	0	0	Trap	Trap	Trap	Continuous
Graverobber's Retribution	0	No	0	0	0	Trap	Trap	Trap	Continuous
Deal of Phantom	0	No	0	0	0	Trap	Trap	Trap	None
Destruction Punch	0	No	0	0	0	Trap	Trap	Trap	None
Blind Destruction	0	No	0	0	0	Trap	Trap	Trap	Continuous
The Emperor's Holiday	0	Yes	0	0	0	Trap	Trap	Trap	Continuous
Cyclon Laser	0	No	0	0	0	Spell	Spell	Spell	Equip
Spirit Message "I	0	Yes	0	0	0	Spell	Spell	Spell	Continuous
Spirit Message "N	0	Yes	0	0	0	Spell	Spell	Spell	Continuous
Spirit Message "A	0	Yes	0	0	0	Spell	Spell	Spell	Continuous
Spirit Message "L	0	Yes	0	0	0	Spell	Spell	Spell	Continuous
Bait Doll	0	No	0	0	0	Spell	Spell	Spell	None
Fusion Gate	0	No	0	0	0	Spell	Spell	Spell	Field
Ekibyo Drakmord	0	No	0	0	0	Spell	Spell	Spell	Equip
Miracle Dig	0	No	0	0	0	Spell	Spell	Spell	None
Vengeful Bog Spirit	0	No	0	0	0	Spell	Spell	Spell	Continuous
Amazoness Swords Woman	0	No	1500	1600	4	Warrior	EARTH	Effect	None
Makyura the Destructor	0	No	1600	1200	4	Warrior	DARK	Effect	None
Amazoness Archers	0	No	0	0	0	Trap	Trap	Trap	None
Rope of Life	0	No	0	0	0	Trap	Trap	Trap	None
Enchanted Arrow	0	No	0	0	0	Spell	Spell	Spell	Quick-Play
Amazoness Chain Master	0	No	1500	1300	4	Warrior	EARTH	Effect	None
Viser Des	0	No	500	1200	4	Fiend	DARK	Effect	None
Viser Des	1	No	500	1200	4	Fiend	DARK	Effect	None
Amazoness Fighter	0	No	1500	1300	4	Warrior	EARTH	Effect	None
Nightmare Wheel	0	Yes	0	0	0	Trap	Trap	Trap	Continuous
Byser Shock	0	No	800	600	5	Fiend	DARK	Effect	None
Dark Ruler Ha Des	0	Yes	2450	1600	6	Fiend	DARK	Effect	None
Dark Balter the Terrible	0	Yes	2000	1200	5	Fiend	DARK	Fusion/Effect	None
Lesser Fiend	0	Yes	2100	1000	5	Fiend	DARK	Effect	None
Possessed Dark Soul	0	No	1200	800	3	Fiend	DARK	Effect	None
Winged Minion	0	Yes	700	700	2	Fiend	DARK	Effect	None
Ryu-Kishin Clown	0	No	800	500	2	Fiend	DARK	Effect	None
Twin-Headed Wolf	0	No	1500	1000	4	Fiend	DARK	Effect	None
Opticlops	0	No	1800	1700	4	Fiend	DARK	None	None
Bark of Dark Ruler	0	Yes	0	0	0	Trap	Trap	Trap	None
Fatal Abacus	0	No	0	0	0	Trap	Trap	Trap	Continuous
Life Absorbing Machine	0	Yes	0	0	0	Trap	Trap	Trap	Continuous
Double Snare	0	Yes	0	0	0	Spell	Spell	Spell	None
Freed the Matchless General	0	No	2300	1700	5	Warrior	EARTH	Effect	None
Throwstone Unit	0	No	900	2000	4	Warrior	EARTH	Effect	None
Marauding Captain	0	No	1200	400	3	Warrior	EARTH	Effect	None
Ryu Senshi	0	No	2000	1200	6	Warrior	EARTH	Fusion/Effect	None
Warrior Dai Grepher	0	No	1700	1600	4	Warrior	EARTH	None	None
Frontier Wiseman	0	No	1600	800	3	Spellcaster	EARTH	Effect	None
Exiled Force	0	No	1000	1000	4	Warrior	EARTH	Effect	None
The Hunter with 7 Weapons	0	Yes	1000	600	3	Warrior	EARTH	Effect	None
Shadow Tamer	0	Yes	800	700	3	Warrior	EARTH	Effect	None
Dragon Manipulator	0	No	700	800	3	Warrior	EARTH	Effect	None
The A. Forces	0	No	0	0	0	Spell	Spell	Spell	Continuous
Reinforcement of the Army	0	No	0	0	0	Spell	Spell	Spell	None
Array of Revealing Light	0	No	0	0	0	Spell	Spell	Spell	Field
The Warrior Returning Alive	0	No	0	0	0	Spell	Spell	Spell	None
Ready for Intercepting	0	No	0	0	0	Trap	Trap	Trap	None
A Feint Plan	0	No	0	0	0	Trap	Trap	Trap	None
Tyrant Dragon	0	No	2900	2500	8	Dragon	FIRE	Effect	None
Spear Dragon	0	No	1900	0	4	Dragon	WIND	Effect	None
Spirit Ryu	0	No	1000	1000	4	Dragon	WIND	Effect	None
The Dragon dwelling in the Cave	0	No	1300	2000	4	Dragon	WIND	None	None
Lizard Soldier	0	No	1100	800	3	Dragon	WIND	None	None
Fiend Skull Dragon	0	No	2000	1200	5	Dragon	WIND	Fusion/Effect	None
Cave Dragon	0	No	2000	100	4	Dragon	WIND	Effect	None
Gray Wing	0	No	1300	700	3	Dragon	WIND	Effect	None
Troop Dragon	0	No	700	800	2	Dragon	WIND	Effect	None
The Dragon's Bead	0	No	0	0	0	Trap	Trap	Trap	Continuous
A Wingbeat of Giant Dragon	0	No	0	0	0	Spell	Spell	Spell	None
Dragon's Gunfire	0	No	0	0	0	Spell	Spell	Spell	None
Stamping Destruction	0	No	0	0	0	Spell	Spell	Spell	None
Super Rejuvenation	0	Yes	0	0	0	Spell	Spell	Spell	Quick-Play
Dragon's Rage	0	No	0	0	0	Trap	Trap	Trap	Continuous
Burst Breath	0	No	0	0	0	Trap	Trap	Trap	None
Luster Dragon	0	No	2400	1400	6	Dragon	WIND	None	None
Emergency Provisions	0	No	0	0	0	Spell	Spell	Spell	Quick-Play
Keldo	0	No	1200	1600	4	Fairy	EARTH	Effect	None
Dragged Down into the Grave	0	No	0	0	0	Spell	Spell	Spell	None
Kaiser Glider	0	No	2400	2200	6	Dragon	LIGHT	Effect	None
Spell Reproduction	0	Yes	0	0	0	Spell	Spell	Spell	None
Collapse	0	No	0	0	0	Spell	Spell	Spell	Quick-Play
Mudora	0	No	1500	1800	4	Fairy	EARTH	Effect	None
Cestus of Dagla	0	No	0	0	0	Spell	Spell	Spell	Equip
De-Spell Germ Weapon	0	No	0	0	0	Trap	Trap	Trap	None
Des Feral Imp	0	No	1600	1800	4	Reptile	DARK	Effect	None
Reversal of Graves	0	No	0	0	0	Trap	Trap	Trap	None
Kelbek	0	No	1500	1800	4	Fairy	EARTH	Effect	None
Zolga	0	No	1700	1200	4	Fairy	EARTH	Effect	None
Blast Held by a Tribute	0	No	0	0	0	Trap	Trap	Trap	None
Agido	0	No	1500	1300	4	Fairy	EARTH	Effect	None
Silent Fiend	0	No	0	0	0	Spell	Spell	Spell	None
Fiber Jar	0	No	500	500	3	Plant	EARTH	Effect	None
Gradius' Option	0	No	65535	65535	1	Machine	LIGHT	Effect	None
Maharaghi	0	No	1200	1700	4	Rock	EARTH	Spirit	None
Inaba White Rabbit	0	No	700	500	3	Beast	EARTH	Spirit	None
Yata-Garasu	0	No	200	100	2	Fiend	WIND	Spirit	None
Susa Soldier	0	No	2000	1600	4	Thunder	EARTH	Spirit	None
Yamata Dragon	0	No	2600	3100	7	Dragon	FIRE	Spirit	None
Great Long Nose	0	Yes	1900	1700	5	Beast-Warrior	DARK	Spirit	None
Otohime	0	Yes	0	100	3	Spellcaster	LIGHT	Spirit	None
Hino-Kagu-Tsuchi	0	Yes	2800	2900	8	Pyro	FIRE	Spirit	None
Asura Priest	0	No	1700	1200	4	Fairy	LIGHT	Spirit	None
Fushi No Tori	0	No	1200	0	4	Winged Beast	FIRE	Spirit	None
Super Robolady	0	No	1200	500	6	Machine	EARTH	Fusion/Effect	None
Super Roboyarou	0	No	1200	500	6	Machine	EARTH	Fusion/Effect	None
Fengsheng Mirror	0	No	0	0	0	Spell	Spell	Spell	None
Heart of Clear Water	0	No	0	0	0	Spell	Spell	Spell	Equip
A Legendary Ocean	0	No	0	0	0	Spell	Spell	Spell	Field
Fusion Sword Murasame Blade	0	No	0	0	0	Spell	Spell	Spell	Equip
Smoke Grenade of the Thief	0	No	0	0	0	Spell	Spell	Spell	Equip
Spiritual Energy Settle Machine	0	No	0	0	0	Spell	Spell	Spell	Continuous
Second Coin Toss	0	No	0	0	0	Spell	Spell	Spell	Continuous
Convulsion of Nature	0	No	0	0	0	Spell	Spell	Spell	Continuous
The Secret of the Bandit	0	No	0	0	0	Spell	Spell	Spell	None
After the Struggle	0	No	0	0	0	Spell	Spell	Spell	None
Blast with Chain	0	No	0	0	0	Trap	Trap	Trap	None
Disappear	0	No	0	0	0	Trap	Trap	Trap	None
Bottomless Trap Hole	0	No	0	0	0	Trap	Trap	Trap	None
Ominous Fortunetelling	0	No	0	0	0	Trap	Trap	Trap	Continuous
Nutrient Z	0	No	0	0	0	Trap	Trap	Trap	None
Drop Off	0	No	0	0	0	Trap	Trap	Trap	None
Fiend Comedian	0	Yes	0	0	0	Trap	Trap	Trap	None
Last Turn	0	No	0	0	0	Trap	Trap	Trap	None
Des Volstgalph	0	No	2200	1700	6	Dragon	EARTH	Effect	None
Kaiser Sea Horse	0	No	1700	1650	4	Sea Serpent	LIGHT	Effect	None
Vampire Lord	0	No	2000	1500	5	Zombie	DARK	Effect	None
Gora Turtle	0	No	1100	1100	3	Aqua	WATER	Effect	None
Sasuke Samurai	0	No	500	800	2	Warrior	WIND	Effect	None
Poison Mummy	0	No	1000	1800	4	Zombie	EARTH	Effect	None
Dark Dust Spirit	0	No	2200	1800	6	Zombie	EARTH	Spirit	None
Royal Keeper	0	No	1600	1700	4	Zombie	EARTH	Effect	None
Wandering Mummy	0	No	1500	1500	4	Zombie	EARTH	Effect	None
Great Dezard	0	No	1900	2300	6	Spellcaster	DARK	Effect	None
Swarm of Scarabs	0	No	500	1000	3	Insect	DARK	Effect	None
Swarm of Locusts	0	No	1000	500	3	Insect	DARK	Effect	None
Giant Axe Mummy	0	No	1700	2000	5	Zombie	EARTH	Effect	None
Guardian Sphinx	0	No	1700	2400	5	Rock	EARTH	Effect	None
Pyramid Turtle	0	No	1200	1400	4	Zombie	EARTH	Effect	None
Dice Jar	0	No	200	300	3	Rock	LIGHT	Effect	None
Dark Scorpion Burglars	0	No	1000	1000	4	Warrior	DARK	Effect	None
Don Zaloog	0	Yes	1400	1500	4	Warrior	DARK	Effect	None
Des Lacooda	0	No	500	600	3	Zombie	EARTH	Effect	None
Fushioh Richie	0	No	2600	2900	7	Zombie	DARK	Effect	None
Cobraman Sakuzy	0	No	800	1400	3	Reptile	EARTH	Effect	None
Book of Life	0	No	0	0	0	Spell	Spell	Spell	None
Book of Taiyou	0	No	0	0	0	Spell	Spell	Spell	None
Book of Moon	0	No	0	0	0	Spell	Spell	Spell	Quick-Play
Mirage of Nightmare	0	No	0	0	0	Spell	Spell	Spell	Continuous
Call of the Mummy	0	No	0	0	0	Spell	Spell	Spell	Continuous
Timidity	0	No	0	0	0	Spell	Spell	Spell	None
Pyramid Energy	0	No	0	0	0	Spell	Spell	Spell	Quick-Play
Tutan Mask	0	No	0	0	0	Trap	Trap	Trap	Counter
Ordeal of a Traveler	0	No	0	0	0	Trap	Trap	Trap	Continuous
Bottomless Shifting Sand	0	No	0	0	0	Trap	Trap	Trap	Continuous
Curse of Royal	0	No	0	0	0	Trap	Trap	Trap	Counter
Needle Ceiling	0	No	0	0	0	Trap	Trap	Trap	None
Statue of the Wicked	0	No	0	0	0	Trap	Trap	Trap	None
Dark Coffin	0	No	0	0	0	Trap	Trap	Trap	None
Needle Wall	0	No	0	0	0	Trap	Trap	Trap	Continuous
Trap Dustshoot	0	No	0	0	0	Trap	Trap	Trap	None
Reckless Greed	0	No	0	0	0	Trap	Trap	Trap	None
Toon Dark Magician Girl	0	Yes	2000	1700	6	Spellcaster	DARK	Toon	None
Gilford the Lightning	0	No	2800	1400	8	Warrior	LIGHT	Effect	None
Gilford the Lightning	1	No	2800	1400	8	Warrior	LIGHT	Effect	None
Exarion Universe	0	No	1800	1900	4	Beast-Warrior	DARK	Effect	None
Legendary Fiend	0	No	1500	1800	6	Fiend	DARK	Effect	None
Toon Defense	0	No	0	0	0	Trap	Trap	Trap	Continuous
Toon Table of Contents	0	Yes	0	0	0	Spell	Spell	Spell	None
Toon Masked Sorcerer	0	No	900	1400	4	Spellcaster	DARK	Toon	None
Toon Gemini Elf	0	Yes	1900	900	4	Spellcaster	EARTH	Toon	None
Toon Cannon Soldier	0	No	1400	1300	4	Machine	DARK	Toon	None
Toon Goblin Attack Force	0	No	2300	0	4	Warrior	EARTH	Toon	None
Card of Sanctity	0	No	0	0	0	Spell	Spell	Spell	None
Puppet Master	0	Yes	0	0	6	Fiend	DARK	Effect	None
Newdoria	0	No	1200	800	4	Fiend	DARK	Effect	None
Lord Poison	0	No	1500	1000	4	Plant	WATER	Effect	None
Blade Knight	0	No	1600	1000	4	Warrior	LIGHT	Effect	None
Helpoemer	0	No	2000	1400	5	Fiend	DARK	Effect	None
Hidden Soldier	0	No	0	0	0	Trap	Trap	Trap	None
Gil Garth	0	No	1800	1200	4	Fiend	DARK	None	None
Calamity of the Wicked	0	No	0	0	0	Trap	Trap	Trap	None
Lava Golem	0	No	3000	2500	8	Fiend	FIRE	Effect	None
Monster Relief	0	No	0	0	0	Trap	Trap	Trap	None
Machine Duplication	0	No	0	0	0	Spell	Spell	Spell	None
Dark Jeroid	0	No	1200	1500	4	Fiend	DARK	Effect	None
Master of Dragon Soldier	0	No	5000	5000	12	Dragon	LIGHT	Fusion/Effect	None
F.G.D.	0	No	5000	5000	12	Dragon	DARK	Fusion/Effect	None
Queen's Knight	0	No	1500	1600	4	Warrior	LIGHT	None	None
X-Head Cannon	0	Yes	1800	1500	4	Machine	LIGHT	None	None
Enemy Controller	0	No	0	0	0	Spell	Spell	Spell	Quick-Play
Master Kyonshee	0	No	1750	1000	4	Zombie	EARTH	None	None
Kabazauls	0	No	1700	1500	4	Dinosaur	WATER	None	None
Inpachi	0	No	1600	1900	4	Machine	EARTH	None	None
Gravekeeper's Spy	0	No	1200	2000	4	Spellcaster	DARK	Effect	None
Gravekeeper's Curse	0	No	800	800	3	Spellcaster	DARK	Effect	None
Gravekeeper's Guard	0	No	1000	1900	4	Spellcaster	DARK	Effect	None
Gravekeeper's Spear Soldier	0	No	1500	1000	4	Spellcaster	DARK	Effect	None
Gravekeeper's Cannonholder	0	No	1400	1200	4	Spellcaster	DARK	Effect	None
Gravekeeper's Assailant	0	No	1500	1500	4	Spellcaster	DARK	Effect	None
A Man with Wdjat	0	No	1600	1600	4	Spellcaster	DARK	Effect	None
Mystical Knight of Jackal	0	No	2700	1200	7	Beast-Warrior	LIGHT	Effect	None
A Cat of Ill Omen	0	No	500	300	2	Beast	DARK	Effect	None
Yomi Ship	0	No	800	1400	3	Aqua	WATER	Effect	None
Winged Sage Falcos	0	No	1700	1200	4	Winged Beast	WIND	Effect	None
An Owl of Luck	0	No	300	500	2	Winged Beast	WIND	Effect	None
Charm of Shabti	0	No	100	100	1	Rock	EARTH	Effect	None
Cobra Jar	0	No	600	300	2	Reptile	EARTH	Effect	None
Spirit Reaper	0	No	300	200	3	Zombie	DARK	Effect	None
Nightmare Horse	0	No	500	400	2	Zombie	DARK	Effect	None
Reaper on the Nightmare	0	No	800	600	5	Zombie	DARK	Fusion/Effect	None
Card Shuffle	0	No	0	0	0	Spell	Spell	Spell	Continuous
Reasoning	0	No	0	0	0	Spell	Spell	Spell	None
Dark Room of Nightmare	0	No	0	0	0	Spell	Spell	Spell	Continuous
Different Dimension Capsule	0	No	0	0	0	Spell	Spell	Spell	None
Necrovalley	0	No	0	0	0	Spell	Spell	Spell	Field
Buster Rancher	0	No	0	0	0	Spell	Spell	Spell	Equip
Hieroglyph Lithograph	0	No	0	0	0	Spell	Spell	Spell	None
Dark Snake Syndrome	0	No	0	0	0	Spell	Spell	Spell	Continuous
Terraforming	0	No	0	0	0	Spell	Spell	Spell	None
Banner of Courage	0	No	0	0	0	Spell	Spell	Spell	Continuous
Metamorphosis	0	No	0	0	0	Spell	Spell	Spell	None
Royal Tribute	0	No	0	0	0	Spell	Spell	Spell	None
Reversal Quiz	0	No	0	0	0	Spell	Spell	Spell	None
Curse of Aging	0	No	0	0	0	Trap	Trap	Trap	None
Raigeki Break	0	No	0	0	0	Trap	Trap	Trap	None
Disturbance Strategy	0	No	0	0	0	Trap	Trap	Trap	None
Rite of Spirit	0	No	0	0	0	Trap	Trap	Trap	None
Non Aggression Area	0	No	0	0	0	Trap	Trap	Trap	None
D. Tribe	0	No	0	0	0	Trap	Trap	Trap	None
Y-Dragon Head	0	No	1500	1600	4	Machine	LIGHT	Union	None
XY-Dragon Cannon	0	Yes	2200	1900	6	Machine	LIGHT	Fusion/Effect	None
Z-Metal Tank	0	No	1500	1300	4	Machine	LIGHT	Union	None
XYZ-Dragon Cannon	0	Yes	2800	2600	8	Machine	LIGHT	Fusion/Effect	None
XYZ-Dragon Cannon	1	Yes	2800	2600	8	Machine	LIGHT	Fusion/Effect	None
XYZ-Dragon Cannon	2	Yes	2800	2600	8	Machine	LIGHT	Fusion/Effect	None
Rope of Spirit	0	No	0	0	0	Trap	Trap	Trap	None
King's Knight	0	No	1600	1400	4	Warrior	LIGHT	Effect	None
Jack's Knight	0	No	1900	1000	5	Warrior	LIGHT	None	None
Interdimensional Matter Transporter	0	No	0	0	0	Trap	Trap	Trap	None
Goblin Zombie	0	No	1100	1050	4	Zombie	DARK	Effect	None
Drillago	0	No	1600	1100	4	Machine	DARK	Effect	None
Lekunga	0	No	1700	500	4	Plant	WATER	Effect	None
Cost Down	0	No	0	0	0	Spell	Spell	Spell	None
People Running About	0	Yes	600	600	2	Pyro	FIRE	None	None
Oppressed People	0	No	400	2000	1	Aqua	WATER	None	None
United Resistance	0	No	1000	400	3	Thunder	WIND	None	None
Dark Blade	0	No	1800	1500	4	Warrior	DARK	None	None
Pitch-Dark Dragon	0	No	900	600	3	Dragon	DARK	Union	None
Kiryu	0	No	2000	1500	5	Dragon	DARK	Union	None
Decayed Commander	0	No	1000	1500	4	Zombie	EARTH	Effect	None
Zombie Tiger	0	No	1400	1600	3	Zombie	EARTH	Union	None
Giant Orc	0	No	2200	0	4	Fiend	DARK	Effect	None
Second Goblin	0	No	100	100	1	Fiend	DARK	Union	None
Vampire Orchis	0	No	1700	1000	4	Plant	EARTH	Effect	None
Des Dendle	0	No	300	2000	4	Plant	EARTH	Union	None
Burning Beast	0	No	1500	1000	4	Pyro	FIRE	Union	None
Freezing Beast	0	No	1500	1000	4	Aqua	WATER	Union	None
D.D. Crazy Beast	0	No	1400	1400	3	Beast	EARTH	Effect	None
Spell Canceller	0	No	1800	1600	5	Machine	WIND	Effect	None
Helping Robo For Combat	0	No	1600	0	4	Machine	LIGHT	Effect	None
Dimension Jar	0	No	200	200	2	Machine	DARK	Effect	None
Roulette Barrel	0	Yes	1000	2000	4	Machine	LIGHT	Effect	None
Paladin of White Dragon	0	No	1900	1200	4	Dragon	LIGHT	Ritual/Effect	None
White Dragon Ritual	0	No	0	0	0	Spell	Spell	Spell	Ritual
Frontline Base	0	No	0	0	0	Spell	Spell	Spell	Continuous
Demotion	0	Yes	0	0	0	Spell	Spell	Spell	Equip
Combination Attack	0	No	0	0	0	Spell	Spell	Spell	Quick-Play
Autonomous Action Unit	0	No	0	0	0	Spell	Spell	Spell	Equip
Poison of the Old Man	0	No	0	0	0	Spell	Spell	Spell	Quick-Play
Dark Core	0	No	0	0	0	Spell	Spell	Spell	None
Raregold Armor	0	No	0	0	0	Spell	Spell	Spell	Equip
Kishido Spirit	0	No	0	0	0	Spell	Spell	Spell	Continuous
Tribute Doll	0	No	0	0	0	Spell	Spell	Spell	None
Wave-Motion Cannon	0	No	0	0	0	Spell	Spell	Spell	Continuous
Huge Revolution	0	No	0	0	0	Trap	Trap	Trap	None
Thunder of Ruler	0	No	0	0	0	Trap	Trap	Trap	None
Spell Shield Type-8	0	No	0	0	0	Trap	Trap	Trap	Counter
Meteorain	0	No	0	0	0	Trap	Trap	Trap	None
Pineapple Blast	0	No	0	0	0	Trap	Trap	Trap	None
Secret Barrel	0	No	0	0	0	Trap	Trap	Trap	None
Formation Union	0	No	0	0	0	Trap	Trap	Trap	None
Adhesion Trap Hole	0	No	0	0	0	Trap	Trap	Trap	None
XZ-Tank Cannon	0	Yes	2400	2100	6	Machine	LIGHT	Fusion/Effect	None
YZ-Tank Dragon	0	Yes	2100	2200	6	Machine	LIGHT	Fusion/Effect	None
Final Attack Orders	0	No	0	0	0	Trap	Trap	Trap	Continuous
Dark Paladin	0	No	2900	2400	8	Spellcaster	DARK	Fusion/Effect	None
Dark Paladin	1	No	2900	2400	8	Spellcaster	DARK	Fusion/Effect	None
Dark Paladin	2	No	2900	2400	8	Spellcaster	DARK	Fusion/Effect	None
Spell Absorption	0	No	0	0	0	Spell	Spell	Spell	Continuous
Diffusion Wave-Motion	0	No	0	0	0	Spell	Spell	Spell	None
Fiend's Sanctuary	0	Yes	0	0	0	Spell	Spell	Spell	None
Great Angus	0	No	1800	600	4	Beast	FIRE	None	None
Aitsu	0	No	100	100	5	Fairy	FIRE	None	None
Sonic Duck	0	No	1700	700	3	Winged Beast	WIND	None	None
Luster Dragon	0	No	1900	1600	4	Dragon	WIND	None	None
Amazoness Paladin	0	No	1700	300	4	Warrior	EARTH	Effect	None
Amazoness Blowpiper	0	No	800	1500	3	Warrior	EARTH	Effect	None
Amazoness Tiger	0	No	1100	1500	4	Beast	EARTH	Effect	None
Skilled White Magician	0	No	1700	1900	4	Spellcaster	LIGHT	Effect	None
Skilled Dark Magician	0	No	1900	1700	4	Spellcaster	DARK	Effect	None
Apprentice Magician	0	No	400	800	2	Spellcaster	DARK	Effect	None
Old Vindictive Magician	0	No	450	600	2	Spellcaster	DARK	Effect	None
Chaos Command Magician	0	No	2400	1900	6	Spellcaster	LIGHT	Effect	None
Magical Marionette	0	No	2000	1000	5	Spellcaster	DARK	Effect	None
Breaker the Magical Warrior	0	No	1600	1000	4	Spellcaster	DARK	Effect	None
Magical Plant Mandragola	0	No	500	200	2	Spellcaster	DARK	Effect	None
Magical Scientist	0	No	300	300	1	Spellcaster	DARK	Effect	None
Royal Magical Library	0	No	0	2000	4	Spellcaster	LIGHT	Effect	None
Armor Exe	0	No	2400	1400	4	Rock	LIGHT	Effect	None
Tribe-Infecting Virus	0	No	1600	1000	4	Aqua	WATER	Effect	None
Des Koala	0	No	1100	1800	3	Beast	DARK	Effect	None
Cliff the Trap Remover	0	No	1200	1000	3	Warrior	DARK	Effect	None
Magical Merchant	0	No	200	700	1	Insect	LIGHT	Effect	None
Koitsu	0	No	200	100	10	Fairy	WATER	Union	None
Cat's Ear Tribe	0	No	200	100	1	Beast-Warrior	EARTH	Effect	None
Ultimate Obedient Fiend	0	No	3500	3000	10	Fiend	FIRE	Effect	None
Pitch-Black Power Stone	0	No	0	0	0	Trap	Trap	Trap	Continuous
Big Bang Shot	0	No	0	0	0	Spell	Spell	Spell	Equip
Gather Your Mind	0	No	0	0	0	Spell	Spell	Spell	None
Mass Driver	0	No	0	0	0	Spell	Spell	Spell	Continuous
Senri Eye	0	No	0	0	0	Spell	Spell	Spell	Continuous
Emblem of Dragon Destroyer	0	No	0	0	0	Spell	Spell	Spell	None
Jar Robber	0	No	0	0	0	Spell	Spell	Spell	Quick-Play
Mega Ton Magical Cannon	0	No	0	0	0	Spell	Spell	Spell	None
Continuous Destruction Punch	0	No	0	0	0	Spell	Spell	Spell	Continuous
Exhausting Spell	0	No	0	0	0	Trap	Trap	Trap	None
Hidden Book of Spell	0	No	0	0	0	Trap	Trap	Trap	None
Miracle Restoring	0	No	0	0	0	Trap	Trap	Trap	None
Disarmament	0	No	0	0	0	Trap	Trap	Trap	None
Anti-Spell	0	No	0	0	0	Trap	Trap	Trap	Counter
The Spell Absorbing Life	0	No	0	0	0	Trap	Trap	Trap	None
Metal Reflect Slime	0	No	0	0	0	Trap	Trap	Trap	Continuous
Bowganian	0	No	1300	1000	3	Machine	DARK	Effect	None
Excavation of Mage Stones	0	No	0	0	0	Spell	Spell	Spell	None
Granadora	0	No	1900	700	4	Reptile	WATER	Effect	None
Shinato, King of a Higher Plane	0	No	3300	3000	8	Fairy	LIGHT	Ritual/Effect	None
Dark Flare Knight	0	No	2200	800	6	Warrior	DARK	Fusion/Effect	None
Mirage Knight	0	No	2800	2000	8	Warrior	LIGHT	Effect	None
Berserk Dragon	0	No	3500	0	8	Zombie	DARK	Effect	None
Exodia Necross	0	Yes	1800	0	4	Spellcaster	DARK	Effect	None
Battle Footballer	0	No	1000	2100	4	Machine	FIRE	None	None
Arsenal Summoner	0	No	1600	1600	4	Spellcaster	WIND	Effect	None
Nin-Ken Dog	0	No	1800	1000	4	Beast-Warrior	WIND	None	None
Acrobat Monkey	0	No	1000	1800	3	Machine	EARTH	None	None
Guardian Elma	0	No	1300	1200	3	Fairy	WIND	Effect	None
Guardian Ceal	0	No	1700	1400	4	Pyro	FIRE	Effect	None
Guardian Grarl	0	No	2500	1000	5	Dinosaur	EARTH	Effect	None
Guardian Baou	0	No	800	400	4	Fiend	DARK	Effect	None
Guardian Kay'est	0	No	1000	1800	4	Sea Serpent	WATER	Effect	None
Guardian Tryce	0	No	1900	1700	5	Thunder	LIGHT	Effect	None
Gyaku-Gire Panda	0	No	800	1600	3	Beast	EARTH	Effect	None
Blindly Loyal Goblin	0	No	1800	1500	4	Warrior	EARTH	Effect	None
Despair from the Dark	0	No	2800	3000	8	Zombie	DARK	Effect	None
Maju Garzett	0	No	65535	0	7	Fiend	DARK	Effect	None
Fear from the Dark	0	No	1700	1500	4	Zombie	DARK	Effect	None
Dark Scorpion - Chick the Yellow	0	No	1000	1000	3	Warrior	DARK	Effect	None
D.D. Warrior Lady	0	No	1500	1600	4	Warrior	LIGHT	Effect	None
Thousand Needles	0	No	1000	1800	4	Beast	EARTH	Effect	None
Shinato's Ark	0	No	0	0	0	Spell	Spell	Spell	Ritual
A Deal with Dark Ruler	0	Yes	0	0	0	Spell	Spell	Spell	Quick-Play
Contract with Exodia	0	Yes	0	0	0	Spell	Spell	Spell	None
Butterfly Dagger - Elma	0	No	0	0	0	Spell	Spell	Spell	Equip
Shooting Star Bow - Ceal	0	No	0	0	0	Spell	Spell	Spell	Equip
Gravity Axe - Grarl	0	No	0	0	0	Spell	Spell	Spell	Equip
Wicked-Breaking Flamberge - Baou	0	No	0	0	0	Spell	Spell	Spell	Equip
Rod of Silence - Kay'est	0	No	0	0	0	Spell	Spell	Spell	Equip
Twin Swords of Flashing Light - Tryce	0	No	0	0	0	Spell	Spell	Spell	Equip
Precious Cards from Beyond	0	No	0	0	0	Spell	Spell	Spell	Continuous
Rod of the Mind's Eye	0	No	0	0	0	Spell	Spell	Spell	Equip
Fairy of the Spring	0	No	0	0	0	Spell	Spell	Spell	None
Token Thanksgiving	0	No	0	0	0	Spell	Spell	Spell	None
Non-Spellcasting Area	0	No	0	0	0	Spell	Spell	Spell	Continuous
Staunch Defender	0	No	0	0	0	Trap	Trap	Trap	None
Ojama Trio	0	No	0	0	0	Trap	Trap	Trap	None
Arsenal Robber	0	Yes	0	0	0	Trap	Trap	Trap	None
Skill Drain	0	Yes	0	0	0	Trap	Trap	Trap	Continuous
Really Eternal Rest	0	No	0	0	0	Trap	Trap	Trap	None
Soul Taker	0	No	0	0	0	Spell	Spell	Spell	None
Magical Dimension	0	No	0	0	0	Spell	Spell	Spell	Quick-Play
Judgement of Pharaoh	0	No	0	0	0	Trap	Trap	Trap	None
Friendship	0	No	0	0	0	Spell	Spell	Spell	None
Unity	0	No	0	0	0	Spell	Spell	Spell	Quick-Play
Dark Magician Knight	0	No	2500	2100	7	Warrior	DARK	Effect	None
Knight's Title	0	No	0	0	0	Spell	Spell	Spell	None
Sage's Stone	0	Yes	0	0	0	Spell	Spell	Spell	None
Gagagigo	0	No	1850	1000	4	Reptile	WATER	None	None
D. D. Trainer	0	No	100	2000	1	Fiend	DARK	None	None
Ojama Green	0	No	0	1000	2	Beast	LIGHT	None	None
Archfiend Soldier	0	No	1900	1500	4	Fiend	DARK	None	None
Pandemonium Watchbear	0	No	1300	1800	4	Beast	DARK	Effect	None
Sasuke Samurai	0	No	200	300	1	Warrior	WIND	Effect	None
Dark Scorpion - Gorg the Strong	0	No	1800	1500	5	Warrior	DARK	Effect	None
Dark Scorpion - Meanae the Thorn	0	No	1000	1800	4	Warrior	DARK	Effect	None
Outstanding Dog Marron	0	No	100	100	1	Beast	LIGHT	Effect	None
Great Maju Garzett	0	No	0	0	6	Fiend	DARK	Effect	None
Iron Blacksmith Kotetsu	0	No	500	500	2	Beast-Warrior	FIRE	Effect	None
Mefist the Infernal General	0	No	1800	1700	5	Fiend	DARK	Effect	None
Vilepawn Archfiend	0	No	1200	200	2	Fiend	EARTH	Effect	None
Shadowknight Archfiend	0	No	2000	1600	4	Fiend	WIND	Effect	None
Darkbishop Archfiend	0	No	300	1400	3	Fiend	WATER	Effect	None
Desrook Archfiend	0	No	1100	1800	3	Fiend	LIGHT	Effect	None
Infernalqueen Archfiend	0	No	900	1500	4	Fiend	FIRE	Effect	None
Terrorking Archfiend	0	No	2000	1500	4	Fiend	DARK	Effect	None
Skull Archfiend of Lightning	0	No	2500	1200	6	Fiend	DARK	Effect	None
Metallizing Parasite - Lunatite	0	No	1000	500	7	Aqua	WATER	Union	None
Tsukuyomi	0	No	1100	1400	4	Spellcaster	DARK	Spirit	None
Legendary Flame Lord	0	No	2400	2000	7	Spellcaster	FIRE	Ritual/Effect	None
Dark Master - Zorc	0	No	2700	1500	8	Fiend	DARK	Ritual/Effect	None
Incandescent Ordeal	0	No	0	0	0	Spell	Spell	Spell	Ritual
Contract with the Abyss	0	No	0	0	0	Spell	Spell	Spell	Ritual
Contract with the Dark Master	0	No	0	0	0	Spell	Spell	Spell	Ritual
Falling Down	0	No	0	0	0	Spell	Spell	Spell	Equip
Checkmate	0	No	0	0	0	Spell	Spell	Spell	None
Final Countdown	0	No	0	0	0	Spell	Spell	Spell	None
Mustering of the Dark Scorpions	0	No	0	0	0	Spell	Spell	Spell	None
Pandemonium	0	No	0	0	0	Spell	Spell	Spell	Field
Altar for Tribute	0	No	0	0	0	Trap	Trap	Trap	None
Frozen Soul	0	No	0	0	0	Trap	Trap	Trap	None
Battle-Scarred	0	Yes	0	0	0	Trap	Trap	Trap	Continuous
Dark Scorpion Combination	0	No	0	0	0	Trap	Trap	Trap	None
Archfiend's Roar	0	No	0	0	0	Trap	Trap	Trap	None
Dice Re-Roll	0	No	0	0	0	Trap	Trap	Trap	None
Spell Vanishing	0	No	0	0	0	Trap	Trap	Trap	Counter
Sakuretsu Armor	0	No	0	0	0	Trap	Trap	Trap	None
Ray of Hope	0	Yes	0	0	0	Trap	Trap	Trap	None
Nightmare Penguin	0	No	900	1800	4	Aqua	WATER	Effect	None
Perfect Machine King	0	No	2700	1500	8	Machine	EARTH	Effect	None
Chiron the Mage	0	No	1800	1000	4	Beast-Warrior	EARTH	Effect	None
Ojama Yellow	0	No	0	1000	2	Beast	LIGHT	None	None
Ojama Black	0	No	0	1000	2	Beast	LIGHT	None	None
Soul Tiger	0	No	0	2100	4	Beast	EARTH	None	None
Big Koala	0	No	2700	2000	7	Beast	EARTH	None	None
Des Kangaroo	0	No	1500	1700	4	Beast	DARK	Effect	None
Crimson Ninja	0	No	300	300	1	Warrior	EARTH	Effect	None
Strike Ninja	0	No	1700	1200	4	Warrior	DARK	Effect	None
Gale Lizard	0	No	1400	700	4	Reptile	WATER	Effect	None
Chopman the Desperate Outlaw	0	No	1100	500	3	Zombie	DARK	Effect	None
Sasuke Samurai	0	No	1000	1000	3	Warrior	LIGHT	Effect	None
D. D. Scout Plane	0	No	800	1200	2	Machine	DARK	Effect	None
Berserk Gorilla	0	No	2000	1000	4	Beast	EARTH	Effect	None
Freed the Brave Wanderer	0	No	1700	1200	4	Warrior	LIGHT	Effect	None
Witch Doctor of Chaos	0	No	500	500	2	Spellcaster	DARK	Effect	None
Chaos Necromancer	0	No	0	0	1	Fiend	DARK	Effect	None
Chaosrider Gustaph	0	No	1400	1500	4	Warrior	WIND	Effect	None
Inferno	0	No	1100	1900	4	Pyro	FIRE	Effect	None
Fenrir	0	No	1400	1200	4	Beast	WATER	Effect	None
Gigantes	0	No	1900	1300	4	Rock	EARTH	Effect	None
Silpheed	0	No	1700	700	4	Fairy	WIND	Effect	None
Chaos Sorcerer	0	No	2300	2000	6	Spellcaster	DARK	Effect	None
Gren Maju Da Eiza	0	No	65535	65535	3	Fiend	FIRE	Effect	None
Black Luster Soldier - Envoy of the Beginning	0	No	3000	2500	8	Warrior	LIGHT	Effect	None
Fuhma Shuriken	0	No	0	0	0	Spell	Spell	Spell	Equip
Heart of the Underdog	0	No	0	0	0	Spell	Spell	Spell	Continuous
Wild Nature's Release	0	No	0	0	0	Spell	Spell	Spell	None
Ojama Delta Hurricane!!	0	No	0	0	0	Spell	Spell	Spell	None
Stumbling	0	Yes	0	0	0	Spell	Spell	Spell	Continuous
Chaos End	0	No	0	0	0	Spell	Spell	Spell	None
Chaos Greed	0	No	0	0	0	Spell	Spell	Spell	None
D. D. Borderline	0	No	0	0	0	Spell	Spell	Spell	Continuous
Recycle	0	No	0	0	0	Spell	Spell	Spell	Continuous
Primal Seed	0	No	0	0	0	Spell	Spell	Spell	None
Thunder Crash	0	No	0	0	0	Spell	Spell	Spell	None
Dimension Distortion	0	No	0	0	0	Spell	Spell	Spell	None
Reload	0	No	0	0	0	Spell	Spell	Spell	Quick-Play
Soul Absorption	0	Yes	0	0	0	Spell	Spell	Spell	Continuous
Big Burn	0	No	0	0	0	Trap	Trap	Trap	None
Blasting the Ruins	0	No	0	0	0	Trap	Trap	Trap	None
Cursed Seal of the Forbidden Spell	0	No	0	0	0	Trap	Trap	Trap	Counter
Tower of Babel	0	No	0	0	0	Trap	Trap	Trap	Continuous
Spatial Collapse	0	No	0	0	0	Trap	Trap	Trap	Continuous
Chain Disappearance	0	No	0	0	0	Trap	Trap	Trap	None
Zero Gravity	0	No	0	0	0	Trap	Trap	Trap	None
Dark Mirror Force	0	No	0	0	0	Trap	Trap	Trap	None
Energy Drain	0	No	0	0	0	Trap	Trap	Trap	None
Chaos Emperor Dragon - Envoy of the End	0	No	3000	2500	8	Dragon	DARK	Effect	None
Victory D.	0	No	2400	3000	8	Dragon	DARK	Effect	None
Magician's Valkyrie	0	No	1600	1800	4	Spellcaster	LIGHT	Effect	None
Giga Gagagigo	0	No	2450	1500	5	Reptile	WATER	None	None
Mad Dog of Darkness	0	No	1900	1400	4	Beast	DARK	None	None
Neo Bug	0	No	1800	1700	4	Insect	EARTH	None	None
Sea Serpent Warrior of Darkness	0	No	1800	1500	4	Sea Serpent	WATER	None	None
Terrorking Salmon	0	No	2400	1000	5	Fish	WATER	None	None
Blazing Inpachi	0	No	1850	0	4	Pyro	FIRE	None	None
Burning Algae	0	No	500	1500	3	Pyro	FIRE	Effect	None
The Thing in the Crater	0	No	1000	1200	4	Pyro	FIRE	Effect	None
Molten Zombie	0	No	1600	400	4	Pyro	FIRE	Effect	None
Dark Magician of Chaos	0	Yes	2800	2600	8	Spellcaster	DARK	Effect	None
Manticore of Darkness	0	No	2300	1000	6	Beast-Warrior	FIRE	Effect	None
Stealth Bird	0	No	700	1700	3	Winged Beast	DARK	Effect	None
Sacred Crane	0	No	1600	400	4	Winged Beast	LIGHT	Effect	None
Enraged Battle Ox	0	No	1700	1000	4	Beast-Warrior	EARTH	Effect	None
Don Turtle	0	No	1100	1200	3	Reptile	WATER	Effect	None
Dark Driceratops	0	No	2400	1500	6	Dinosaur	EARTH	Effect	None
Hyper Hammerhead	0	No	1500	1200	4	Dinosaur	EARTH	Effect	None
Black Tyranno	0	No	2600	1800	7	Dinosaur	EARTH	Effect	None
Anti-Aircraft Flower	0	No	0	1600	3	Plant	EARTH	Effect	None
Prickle Fairy	0	No	300	2000	4	Plant	EARTH	Effect	None
Insect Princess	0	No	1900	1200	6	Insect	WIND	Effect	None
Amphibious Bugroth MK-3	0	No	1500	1300	4	Machine	WATER	Effect	None
Torpedo Fish	0	No	1000	1000	3	Fish	WATER	Effect	None
Levia-Dragon - Daedalus	0	No	2600	1500	7	Sea Serpent	WATER	Effect	None
Orca Mega-Fortress of Darkness	0	No	2100	1200	5	Sea Serpent	WATER	Effect	None
Cannonball Spear Shellfish	0	No	1000	1000	2	Aqua	WATER	Effect	None
Mataza the Zapper	0	No	1300	800	3	Warrior	DARK	Effect	None
Guardian Angel Joan	0	Yes	2800	2000	7	Fairy	LIGHT	Effect	None
Manju of the Ten Thousand Hands	0	No	1400	1000	4	Fairy	LIGHT	Effect	None
Getsu Fuhma	0	No	1700	1200	4	Warrior	DARK	Effect	None
Ryu Kokki	0	No	2400	2000	6	Zombie	DARK	Effect	None
Gryphon's Feather Duster	0	No	0	0	0	Spell	Spell	Spell	None
Stray Lambs	0	No	0	0	0	Spell	Spell	Spell	None
Smashing Ground	0	No	0	0	0	Spell	Spell	Spell	None
Dimension Fusion	0	No	0	0	0	Spell	Spell	Spell	None
Dedication through Light and Darkness	0	Yes	0	0	0	Spell	Spell	Spell	Quick-Play
Salvage	0	No	0	0	0	Spell	Spell	Spell	None
Ultra Evolution Pill	0	No	0	0	0	Spell	Spell	Spell	None
Earth Chant	0	Yes	0	0	0	Spell	Spell	Spell	Ritual
Jade Insect Whistle	0	No	0	0	0	Spell	Spell	Spell	None
Destruction Ring	0	No	0	0	0	Trap	Trap	Trap	None
Fiend's Hand Mirror	0	Yes	0	0	0	Trap	Trap	Trap	None
Compulsory Evacuation Device	0	No	0	0	0	Trap	Trap	Trap	None
A Hero Emerges	0	No	0	0	0	Trap	Trap	Trap	None
Self-Destruct Button	0	No	0	0	0	Trap	Trap	Trap	None
Curse of Darkness	0	No	0	0	0	Trap	Trap	Trap	Continuous
Begone, Knave!	0	No	0	0	0	Trap	Trap	Trap	Continuous
DNA Transplant	0	No	0	0	0	Trap	Trap	Trap	Continuous
Robbin' Zombie	0	No	0	0	0	Trap	Trap	Trap	Continuous
Trap Jammer	0	No	0	0	0	Trap	Trap	Trap	Counter
Invader of Darkness	0	No	2900	2500	8	Fiend	DARK	Effect	None
Twinheaded Beast	0	No	1700	1900	6	Beast	FIRE	Effect	None
Abyss Soldier	0	No	1800	1300	4	Aqua	WATER	Effect	None
Inferno Hammer	0	No	2400	0	6	Fiend	DARK	Effect	None
Emes the Infinity	0	No	2500	2000	7	Machine	LIGHT	Effect	None
D. D. Assailant	0	No	1700	1600	4	Warrior	EARTH	Effect	None
Teva	0	No	2000	1500	5	Warrior	LIGHT	Effect	None
Skull Zoma	0	No	0	0	0	Trap	Trap	Trap	Continuous
Maximum Six	0	No	1900	1600	6	Warrior	EARTH	Effect	None
Dangerous Machine TYPE-6	0	No	0	0	0	Spell	Spell	Spell	Continuous
Sixth Sense	0	No	0	0	0	Trap	Trap	Trap	None
Gogiga Gagagigo	0	No	2950	2800	8	Reptile	WATER	None	None
Warrior of Zera	0	No	1600	1600	4	Warrior	EARTH	None	None
Sealmaster Meisei	0	No	1100	900	3	Spellcaster	DARK	None	None
Mystical Shine Ball	0	No	500	500	2	Fairy	LIGHT	None	None
Metal Armored Bug	0	No	2800	1500	8	Insect	EARTH	None	None
The Agent of Judgment - Saturn	0	No	2400	0	6	Fairy	LIGHT	Effect	None
The Agent of Wisdom - Mercury	0	No	0	1700	4	Fairy	LIGHT	Effect	None
The Agent of Creation - Venus	0	No	1600	0	3	Fairy	LIGHT	Effect	None
The Agent of Force - Mars	0	No	0	0	3	Fairy	LIGHT	Effect	None
The Unhappy Girl	0	Yes	400	300	2	Spellcaster	LIGHT	Effect	None
Soul-Absorbing Bone Tower	0	No	400	1500	3	Zombie	DARK	Effect	None
The Kick Man	0	No	1300	300	3	Zombie	DARK	Effect	None
Vampire Lady	0	No	1550	1550	4	Zombie	DARK	Effect	None
Rocket Jumper	0	Yes	1000	800	3	Rock	EARTH	Effect	None
Avatar of The Pot	0	Yes	1200	1300	3	Rock	EARTH	Effect	None
Legendary Jujitsu Master	0	No	1300	1800	3	Rock	EARTH	Effect	None
KA-2 Des Scissors	0	No	1000	1000	4	Machine	DARK	Effect	None
Needle Burrower	0	No	1700	1700	5	Machine	DARK	Effect	None
Blowback Dragon	0	Yes	2300	1200	6	Machine	DARK	Effect	None
Zaborg the Thunder Monarch	0	No	2400	1000	5	Thunder	LIGHT	Effect	None
Atomic Firefly	0	No	100	200	1	Insect	LIGHT	Effect	None
Mermaid Knight	0	Yes	1500	700	4	Aqua	WATER	Effect	None
Piranha Army	0	No	800	200	2	Fish	WATER	Effect	None
Two Thousand Needles	0	No	2000	1800	5	Beast	EARTH	Effect	None
Disc Fighter	0	No	1000	1000	4	Warrior	EARTH	Effect	None
Arcane Archer of the Forest	0	No	900	1400	3	Warrior	EARTH	Effect	None
Lady Ninja Yae	0	Yes	1100	200	3	Warrior	WIND	Effect	None
Goblin King	0	No	0	0	1	Fiend	DARK	Effect	None
Solar Flare Dragon	0	No	1500	1000	4	Pyro	FIRE	Effect	None
White Magician Pikeru	0	No	1200	0	2	Spellcaster	LIGHT	Effect	None
Archlord Zerato	0	No	2800	2300	8	Fairy	LIGHT	Effect	None
Opti-Camouflage Armor	0	No	0	0	0	Spell	Spell	Spell	Equip
Mystik Wok	0	No	0	0	0	Spell	Spell	Spell	Quick-Play
Burst Stream of Destruction	0	No	0	0	0	Spell	Spell	Spell	None
Monster Gate	0	No	0	0	0	Spell	Spell	Spell	None
The Sanctuary in the Sky	0	No	0	0	0	Spell	Spell	Spell	Field
Earthquake	0	Yes	0	0	0	Spell	Spell	Spell	None
Goblin Thief	0	No	0	0	0	Spell	Spell	Spell	None
Backfire	0	No	0	0	0	Trap	Trap	Trap	Continuous
Micro Ray	0	No	0	0	0	Trap	Trap	Trap	None
Light of Judgment	0	No	0	0	0	Trap	Trap	Trap	None
Wall of Revealing Light	0	No	0	0	0	Trap	Trap	Trap	Continuous
Solar Ray	0	No	0	0	0	Trap	Trap	Trap	None
Ninjitsu Art of Transformation	0	No	0	0	0	Trap	Trap	Trap	Continuous
Beckoning Light	0	Yes	0	0	0	Trap	Trap	Trap	None
Draining Shield	0	No	0	0	0	Trap	Trap	Trap	None
Armor Break	0	No	0	0	0	Trap	Trap	Trap	Counter
Mazera DeVille	0	No	2800	2300	8	Fiend	DARK	Effect	None
Marshmallon	0	No	300	500	3	Fairy	LIGHT	Effect	None
Skull Descovery Knight	0	No	1900	1800	4	Fiend	DARK	Effect	None
Shield Crash	0	No	0	0	0	Spell	Spell	Spell	None
Return Zombie	0	No	1000	1600	4	Zombie	DARK	Effect	None
Corpse of Yata-Garasu	0	No	0	0	0	Trap	Trap	Trap	None
Marshmallon glasses	0	No	0	0	0	Spell	Spell	Spell	Continuous
Earthbound Spirit's Invitation	0	Yes	0	0	0	Trap	Trap	Trap	None
Mokey Mokey	0	No	300	100	1	Fairy	LIGHT	None	None
Gigobyte	0	No	350	300	1	Reptile	WATER	None	None
Kozaky	0	Yes	400	400	1	Fiend	DARK	None	None
Fiend Scorpion	0	No	900	200	2	Insect	EARTH	None	None
Pharaoh's Servant	0	No	900	0	2	Zombie	DARK	None	None
Pharaonic Protector	0	No	900	0	2	Zombie	EARTH	None	None
Spirit of the Pharaoh	0	No	2500	2000	6	Zombie	LIGHT	Effect	None
Theban Nightmare	0	No	1500	500	4	Fiend	LIGHT	Effect	None
Aswan Apparition	0	No	500	500	3	Fiend	DARK	Effect	None
Protector of the Sanctuary	0	No	1100	1900	4	Fiend	EARTH	Effect	None
Nubian Guard	0	No	500	500	2	Warrior	FIRE	Effect	None
Desertapir	0	No	900	300	3	Beast	EARTH	Effect	None
Sand Gambler	0	No	300	1600	3	Spellcaster	LIGHT	Effect	None
Ghost Knight of Jackal	0	No	1700	1600	5	Beast-Warrior	EARTH	Effect	None
Absorbing Kid from the Sky	0	Yes	1300	1000	4	Fairy	LIGHT	Effect	None
Elephant Statue of Blessing	0	No	1500	0	3	Rock	EARTH	Effect	None
Elephant Statue of Disaster	0	No	1500	0	3	Rock	EARTH	Effect	None
Spirit Caller	0	No	1000	1000	3	Spellcaster	LIGHT	Effect	None
Emissary of the Afterlife	0	No	1600	600	4	Fiend	DARK	Effect	None
Double Coston	0	No	1700	1650	4	Zombie	DARK	Effect	None
Regenerating Mummy	0	No	1800	1500	4	Zombie	DARK	Effect	None
Night Assailant	0	No	200	500	3	Fiend	DARK	Effect	None
Man-Thro' Tro	0	No	1000	1000	4	Beast-Warrior	EARTH	Effect	None
King of the Swamp	0	No	500	1100	3	Aqua	WATER	Effect	None
Emissary of the Oasis	0	No	600	400	3	Spellcaster	LIGHT	Effect	None
Special Hurricane	0	No	0	0	0	Spell	Spell	Spell	None
Order to Charge	0	No	0	0	0	Spell	Spell	Spell	Quick-Play
Sword of the Soul-Eater	0	No	0	0	0	Spell	Spell	Spell	Equip
Dust Barrier	0	No	0	0	0	Spell	Spell	Spell	Continuous
Soul Reversal	0	No	0	0	0	Spell	Spell	Spell	Quick-Play
Spell Economics	0	No	0	0	0	Spell	Spell	Spell	Continuous
7	0	No	0	0	0	Spell	Spell	Spell	Continuous
Level Limit - Area B	0	No	0	0	0	Spell	Spell	Spell	Continuous
Enchanting Fitting Room	0	Yes	0	0	0	Spell	Spell	Spell	None
The Law of the Normal	0	No	0	0	0	Spell	Spell	Spell	None
Dark Magic Attack	0	No	0	0	0	Spell	Spell	Spell	None
Delta Attacker	0	No	0	0	0	Spell	Spell	Spell	None
Thousand Energy	0	No	0	0	0	Spell	Spell	Spell	None
Triangle Power	0	No	0	0	0	Spell	Spell	Spell	None
The Third Sarcophagus	0	No	0	0	0	Spell	Spell	Spell	Continuous
The Second Sarcophagus	0	No	0	0	0	Spell	Spell	Spell	Continuous
The First Sarcophagus	0	No	0	0	0	Trap	Trap	Trap	Continuous
Human-Wave Tactics	0	No	0	0	0	Trap	Trap	Trap	Continuous
Curse of Anubis	0	No	0	0	0	Trap	Trap	Trap	None
Desert Sunlight	0	No	0	0	0	Trap	Trap	Trap	None
Des Counterblow	0	No	0	0	0	Trap	Trap	Trap	Continuous
Labyrinth of Nightmare	0	No	0	0	0	Trap	Trap	Trap	Continuous
Soul Resurrection	0	No	0	0	0	Trap	Trap	Trap	Continuous
Order to Smash	0	Yes	0	0	0	Trap	Trap	Trap	None
The End of Anubis	0	No	2500	0	6	Fiend	DARK	Effect	None
Crush D. Gandra	0	No	0	0	8	Dragon	DARK	Effect	None
Return from the Different Dimension	0	No	0	0	0	Trap	Trap	Trap	None
Pyramid of Light	0	No	0	0	0	Trap	Trap	Trap	Continuous
Blue-Eyes Shining Dragon	0	No	3000	2500	10	Dragon	LIGHT	Effect	None
Familiar Knight	0	No	1200	1400	3	Warrior	DARK	Effect	None
Rare Metal Dragon	0	No	2400	1200	4	Dragon	DARK	Effect	None
Peten the Dark Clown	0	No	500	1200	3	Spellcaster	DARK	Effect	None
Sorcerer of Dark Magic	0	No	3200	2800	9	Spellcaster	DARK	Effect	None
Andro Sphinx	0	No	3000	2500	10	Beast	LIGHT	Effect	None
Sphinx Teleia	0	No	2500	3000	10	Beast	LIGHT	Effect	None
Theinen the Great Sphinx	0	No	3500	3000	10	Beast	LIGHT	Effect	None
Inferno Tempest	0	No	0	0	0	Spell	Spell	Spell	Quick-Play
Watapon	0	No	200	300	1	Fairy	LIGHT	Effect	None
Charcoal Inpachi	0	No	100	2100	1	Pyro	FIRE	None	None
Neo Aqua Madoor	0	No	1200	3000	6	Spellcaster	WATER	None	None
Skull Dog Marron	0	No	1350	2000	4	Beast	EARTH	None	None
Goblin Calligrapher	0	No	400	400	1	Fiend	DARK	None	None
Ultimate Insect LV1	0	No	0	0	1	Insect	WIND	Effect	None
Horus the Black Flame Dragon LV4	0	No	1600	1000	4	Dragon	FIRE	Effect	None
Horus the Black Flame Dragon LV6	0	No	2300	1600	6	Dragon	FIRE	Effect	None
Horus the Black Flame Dragon LV8	0	No	3000	1800	8	Dragon	FIRE	Effect	None
Dark Mimic LV1	0	No	100	1000	1	Fiend	DARK	Effect	None
Dark Mimic LV3	0	No	1000	1000	3	Fiend	DARK	Effect	None
Mystic Swordsman LV2	0	No	900	0	2	Warrior	EARTH	Effect	None
Mystic Swordsman LV4	0	No	1900	1600	4	Warrior	EARTH	Effect	None
Armed Dragon LV3	0	No	1200	900	3	Dragon	WIND	Effect	None
Armed Dragon LV5	0	No	2400	1700	5	Dragon	WIND	Effect	None
Armed Dragon LV7	0	No	2800	1000	7	Dragon	WIND	Effect	None
Horus' Servant	0	No	100	100	1	Beast-Warrior	FIRE	Effect	None
Red-Eyes B. Chick	0	No	800	500	1	Dragon	DARK	Effect	None
Ninja Grandmaster Sasuke	0	No	1800	1000	4	Warrior	LIGHT	Effect	None
Rafflesia Seduction	0	No	300	900	2	Plant	EARTH	Effect	None
Ultimate Baseball Kid	0	No	500	1000	3	Warrior	FIRE	Effect	None
Mobius the Frost Monarch	0	No	2400	1000	6	Aqua	WATER	Effect	None
Element Dragon	0	No	1500	1200	4	Dragon	LIGHT	Effect	None
Element Soldier	0	No	1500	1200	4	Fiend	DARK	Effect	None
Howling Insect	0	No	1200	1300	3	Insect	EARTH	Effect	None
Masked Dragon	0	No	1400	1100	3	Dragon	FIRE	Effect	None
Mind on Air	0	No	1000	1600	6	Spellcaster	DARK	Effect	None
Unshaven Angler	0	No	1500	1600	4	Fish	WATER	Effect	None
The Trojan Horse	0	No	1600	1200	4	Beast	EARTH	Effect	None
Nobleman-Eater Bug	0	No	900	1200	5	Insect	EARTH	Effect	None
Enraged Muka Muka	0	No	1200	600	5	Rock	EARTH	Effect	None
Hade-Hane	0	No	900	1000	5	Beast	EARTH	Effect	None
Penumbral Soldier Lady	0	No	2100	1400	6	Warrior	DARK	Effect	None
Ojama King	0	No	0	3000	6	Beast	LIGHT	Fusion/Effect	None
Master of Oz	0	No	4200	3700	9	Beast	EARTH	Fusion	None
Sanwitch	0	No	2100	1800	6	Spellcaster	DARK	Fusion	None
Dark Factory of Mass Production	0	No	0	0	0	Spell	Spell	Spell	None
Hammer Shot	0	No	0	0	0	Spell	Spell	Spell	None
Mind Wipe	0	No	0	0	0	Spell	Spell	Spell	Quick-Play
Abyssal Designator	0	No	0	0	0	Spell	Spell	Spell	None
Level Up!	0	No	0	0	0	Spell	Spell	Spell	None
Inferno Fire Blast	0	No	0	0	0	Spell	Spell	Spell	None
The Graveyard in the Fourth Dimension	0	No	0	0	0	Spell	Spell	Spell	None
Two-Man Cell Battle	0	No	0	0	0	Spell	Spell	Spell	Continuous
Big Wave Small Wave	0	No	0	0	0	Spell	Spell	Spell	None
Fusion Weapon	0	No	0	0	0	Spell	Spell	Spell	Equip
Ritual Weapon	0	No	0	0	0	Spell	Spell	Spell	Equip
Taunt	0	Yes	0	0	0	Trap	Trap	Trap	None
Absolute End	0	Yes	0	0	0	Trap	Trap	Trap	None
Spirit Barrier	0	No	0	0	0	Trap	Trap	Trap	Continuous
Ninjitsu Art of Decoy	0	No	0	0	0	Trap	Trap	Trap	Continuous
Enervating Mist	0	Yes	0	0	0	Trap	Trap	Trap	Continuous
Heavy Slump	0	Yes	0	0	0	Trap	Trap	Trap	None
Greed	0	No	0	0	0	Trap	Trap	Trap	Continuous
Cemetary Bomb	0	No	0	0	0	Trap	Trap	Trap	None
Hallowed Life Barrier	0	No	0	0	0	Trap	Trap	Trap	None
The Tricky	0	No	2000	1200	5	Spellcaster	WIND	Effect	None
Green Gadget	0	No	1400	600	4	Machine	EARTH	Effect	None
Stronghold	0	No	0	0	0	Trap	Trap	Trap	None
Stronghold	1	No	0	0	0	Trap	Trap	Trap	None
Red Gadget	0	No	1300	1500	4	Machine	EARTH	Effect	None
Yellow Gadget	0	No	1200	1200	4	Machine	EARTH	Effect	None
Tricky's Magic 4	0	No	0	0	0	Spell	Spell	Spell	Quick-Play
The Blockman	0	No	1000	1500	4	Rock	EARTH	Effect	None
Silent Swordsman LV3	0	No	1000	1000	3	Warrior	LIGHT	Effect	None
Silent Swordsman LV5	0	No	2300	1000	5	Warrior	LIGHT	Effect	None
Silent Swordsman LV7	0	No	2800	1000	7	Warrior	LIGHT	Effect	None
Silent Magician LV4	0	No	1000	1000	4	Spellcaster	LIGHT	Effect	None
Magician's Circle	0	Yes	0	0	0	Trap	Trap	Trap	None
Magician's Unite	0	Yes	0	0	0	Spell	Spell	Spell	None
Silent Magician LV8	0	No	3500	1000	8	Spellcaster	LIGHT	Effect	None
Woodborg Inpachi	0	Yes	500	2500	5	Machine	FIRE	None	None
Mighty Guard	0	No	500	1200	4	Machine	EARTH	None	None
Bokoichi the Freightening Car	0	No	500	500	2	Machine	DARK	None	None
Harpie Girl	0	Yes	500	500	2	Winged Beast	WIND	None	None
The Creator	0	No	2300	3000	8	Thunder	LIGHT	Effect	None
The Creator Incarnate	0	No	1600	1500	4	Warrior	LIGHT	Effect	None
Ultimate Insect LV3	0	No	1400	900	3	Insect	WIND	Effect	None
Mystic Swordsman LV6	0	No	2300	1700	6	Warrior	EARTH	Effect	None
Heavy Mech Support Platform	0	No	500	500	3	Machine	DARK	Union	None
Element Magician	0	No	1500	1200	4	Spellcaster	LIGHT	Effect	None
Element Saurus	0	No	1500	1200	4	Dinosaur	DARK	Effect	None
Roc from the Valley of Haze	0	No	2400	1400	6	Winged Beast	WIND	Effect	None
Sasuke Samurai	0	No	1200	1200	4	Warrior	WIND	Effect	None
Harpie Lady 1	0	Yes	1300	1400	4	Winged Beast	WIND	Effect	None
Harpie Lady 2	0	Yes	1300	1400	4	Winged Beast	WIND	Effect	None
Harpie Lady 3	0	Yes	1300	1400	4	Winged Beast	WIND	Effect	None
Raging Flame Sprite	0	No	100	200	3	Pyro	FIRE	Effect	None
Thestalos the Firestorm Monarch	0	No	2400	1000	6	Pyro	FIRE	Effect	None
Eagle Eye	0	No	1300	1200	3	Winged Beast	WIND	Effect	None
Tactical Espionage Expert	0	Yes	1300	1200	3	Warrior	EARTH	Effect	None
Invasion of Flames	0	No	1300	1200	3	Pyro	FIRE	Effect	None
Creeping Doom Manta	0	No	1300	1200	3	Fish	WATER	Effect	None
Pitch-Black Warwolf	0	No	1600	600	4	Beast-Warrior	DARK	Effect	None
Mirage Dragon	0	No	1600	600	4	Dragon	LIGHT	Effect	None
Gaia Soul the Combustible Collective	0	No	2000	0	4	Pyro	FIRE	Effect	None
Fox Fire	0	No	300	200	2	Pyro	FIRE	Effect	None
Big Core	0	No	2300	1100	6	Machine	DARK	Effect	None
Fusilier Dragon, the Dual-Mode Beast	0	Yes	2800	2000	7	Machine	DARK	Effect	None
Dekoichi the Battlechanted Locomotive	0	No	1400	1000	4	Machine	DARK	Effect	None
A-Team: Trap Disposal Unit	0	No	300	400	2	Machine	FIRE	Effect	None
Homunculus the Alchemic Being	0	Yes	1800	1600	4	Plant	LIGHT	Effect	None
Dark Blade the Dragon Knight	0	No	2200	1500	6	Warrior	DARK	Fusion/Effect	None
Mokey Mokey King	0	No	300	100	6	Fairy	LIGHT	Fusion/Effect	None
Serial Spell	0	No	0	0	0	Spell	Spell	Spell	Quick-Play
Harpies' Hunting Ground	0	Yes	0	0	0	Spell	Spell	Spell	Field
Triangle Ecstasy Spark	0	Yes	0	0	0	Spell	Spell	Spell	None
Necklace of Command	0	No	0	0	0	Spell	Spell	Spell	Equip
Flint	0	No	0	0	0	Spell	Spell	Spell	Equip
Mokey Mokey Smackdown	0	No	0	0	0	Spell	Spell	Spell	Continuous
Back to Square One	0	Yes	0	0	0	Spell	Spell	Spell	None
Monster Reincarnation	0	No	0	0	0	Spell	Spell	Spell	None
Ballista of Rampart Smashing	0	No	0	0	0	Spell	Spell	Spell	Equip
Lighten the Load	0	No	0	0	0	Spell	Spell	Spell	Continuous
Malice Dispersion	0	No	0	0	0	Spell	Spell	Spell	Quick-Play
Divine Wrath	0	No	0	0	0	Trap	Trap	Trap	Counter
Xing Zhen Hu	0	No	0	0	0	Trap	Trap	Trap	Continuous
Rare Metalmorph	0	No	0	0	0	Trap	Trap	Trap	Continuous
Mind Haxorz	0	No	0	0	0	Trap	Trap	Trap	None
Fuh-Rin-Ka-Zan	0	No	0	0	0	Trap	Trap	Trap	None
Chain Burst	0	No	0	0	0	Trap	Trap	Trap	Continuous
Pikeru's Circle of Enchantment	0	No	0	0	0	Trap	Trap	Trap	None
Spell Purification	0	No	0	0	0	Trap	Trap	Trap	None
Astral Barrier	0	No	0	0	0	Trap	Trap	Trap	Continuous
Covering Fire	0	No	0	0	0	Trap	Trap	Trap	None
Castle Gate	0	No	0	2400	6	Rock	EARTH	Effect	None
Owner's Seal	0	Yes	0	0	0	Spell	Spell	Spell	None
Space Mambo	0	No	1700	1000	4	Fish	WATER	None	None
Divine Dragon Ragnarok	0	No	1500	1000	4	Dragon	LIGHT	None	None
Chu-Ske the Mouse Fighter	0	No	1200	0	3	Beast	EARTH	None	None
Insect Knight	0	No	1900	1500	4	Insect	EARTH	None	None
Sacred Phoenix of Nephthys	0	No	2400	1600	8	Winged Beast	FIRE	Effect	None
Hand of Nephthys	0	No	600	600	2	Spellcaster	WIND	Effect	None
Ultimate Insect LV5	0	No	2300	900	5	Insect	WIND	Effect	None
Granmarg the Rock Monarch	0	No	2400	1000	6	Rock	EARTH	Effect	None
Element Valkyrie	0	No	1500	1200	4	Fairy	LIGHT	Effect	None
Element Doom	0	No	1500	1200	4	Fiend	DARK	Effect	None
Maji-Gire Panda	0	Yes	1000	800	4	Beast	EARTH	Effect	None
Catnipped Kitty	0	No	0	500	2	Beast	EARTH	Effect	None
Behemoth the King of All Animals	0	No	2700	1500	7	Beast	EARTH	Effect	None
Big-Tusked Mammoth	0	No	2000	1000	5	Beast	EARTH	Effect	None
Kangaroo Champ	0	No	800	700	4	Beast	EARTH	Effect	None
Hyena	0	No	1000	300	3	Beast	EARTH	Effect	None
Blade Rabbit	0	No	400	300	2	Beast	EARTH	Effect	None
Mecha-Dog Marron	0	No	1000	1000	4	Machine	LIGHT	Effect	None
Blast Magician	0	No	1400	1700	4	Spellcaster	FIRE	Effect	None
Gearfried the Swordmaster	0	No	2600	2200	7	Warrior	LIGHT	Effect	None
Armed Samurai - Ben Kei	0	Yes	500	800	4	Warrior	DARK	Effect	None
Shadowslayer	0	No	1400	200	4	Fiend	DARK	Effect	None
Golem Sentry	0	No	800	1800	4	Rock	EARTH	Effect	None
Abare Ushioni	0	No	1200	1200	4	Beast-Warrior	EARTH	Effect	None
The Light - Hex-Sealed Fusion	0	No	1000	1600	3	Rock	LIGHT	Effect	None
The Dark - Hex-Sealed Fusion	0	No	1000	1600	3	Rock	DARK	Effect	None
The Earth - Hex-Sealed Fusion	0	No	1000	1600	3	Rock	EARTH	Effect	None
Whirlwind Prodigy	0	No	1500	1600	4	Fairy	WIND	Effect	None
Flame Ruler	0	No	1500	1600	4	Pyro	FIRE	Effect	None
Firebird	0	No	1000	800	4	Winged Beast	FIRE	Effect	None
Rescue Cat	0	No	300	100	4	Beast	EARTH	Effect	None
Brain Jacker	0	Yes	200	900	2	Fiend	DARK	Effect	None
Gatling Dragon	0	Yes	2600	1200	8	Machine	DARK	Fusion/Effect	None
King Dragun	0	No	2400	1100	7	Dragon	DARK	Fusion/Effect	None
A Feather of the Phoenix	0	No	0	0	0	Spell	Spell	Spell	None
Poison Fangs	0	Yes	0	0	0	Spell	Spell	Spell	Continuous
Swords of Concealing Light	0	No	0	0	0	Spell	Spell	Spell	Continuous
Spiral Spear Strike	0	No	0	0	0	Spell	Spell	Spell	Continuous
Release Restraint	0	No	0	0	0	Spell	Spell	Spell	None
Centrifugal Field	0	No	0	0	0	Spell	Spell	Spell	Field
Fulfillment of the Contract	0	No	0	0	0	Spell	Spell	Spell	Equip
Re-Fusion	0	No	0	0	0	Spell	Spell	Spell	Equip
The Big March of Animals	0	No	0	0	0	Spell	Spell	Spell	Quick-Play
Cross Counter	0	Yes	0	0	0	Trap	Trap	Trap	None
Threatening Roar	0	No	0	0	0	Trap	Trap	Trap	None
Phoenix Wing Wind Blast	0	No	0	0	0	Trap	Trap	Trap	None
Good Goblin Housekeeping	0	No	0	0	0	Trap	Trap	Trap	None
Beast Soul Swap	0	No	0	0	0	Trap	Trap	Trap	None
Assault on GHQ	0	No	0	0	0	Trap	Trap	Trap	None
D.D. Dynamite	0	No	0	0	0	Trap	Trap	Trap	None
Deck Devastation Virus	0	No	0	0	0	Trap	Trap	Trap	None
Elemental Burst	0	No	0	0	0	Trap	Trap	Trap	None
Forced Ceasefire	0	No	0	0	0	Trap	Trap	Trap	None
Curse of Vampire	0	No	2000	800	6	Zombie	DARK	Effect	None
Union Attack	0	No	0	0	0	Spell	Spell	Spell	None
Blood Sucker	0	No	1300	1500	4	Zombie	DARK	Effect	None
Overpowering Eye	0	No	0	0	0	Spell	Spell	Spell	None
Red-Eyes Darkness Dragon	0	No	2400	2000	9	Dragon	DARK	Effect	None
Vampire Genesis	0	No	3000	2100	8	Zombie	DARK	Effect	None
Kaibaman	0	No	200	700	3	Warrior	LIGHT	Effect	None
Elemental Hero Avian	0	No	1000	1000	3	Warrior	WIND	None	None
Elemental Hero Burstinatrix	0	Yes	1200	800	3	Warrior	FIRE	None	None
Elemental Hero Clayman	0	No	800	2000	4	Warrior	EARTH	None	None
Elemental Hero Sparkman	0	No	1600	1400	4	Warrior	LIGHT	None	None
Winged Kuriboh	0	No	300	200	1	Fairy	LIGHT	Effect	None
Winged Kuriboh	1	No	300	200	1	Fairy	LIGHT	Effect	None
Ancient Gear Golem	0	No	3000	3000	8	Machine	EARTH	Effect	None
Ancient Gear Beast	0	No	2000	2000	6	Machine	EARTH	Effect	None
Ancient Gear Soldier	0	Yes	1300	1300	4	Machine	EARTH	Effect	None
Millennium Scorpion	0	No	2000	1800	5	Insect	EARTH	Effect	None
Ultimate Insect LV7	0	No	2600	1200	7	Insect	WIND	Effect	None
Lost Guardian	0	No	100	65535	4	Rock	EARTH	Effect	None
Hieracosphinx	0	No	2400	1200	6	Rock	EARTH	Effect	None
Criosphinx	0	No	1200	2400	6	Rock	EARTH	Effect	None
Moai Interceptor Cannons	0	No	1100	2000	4	Rock	EARTH	Effect	None
Megarock Dragon	0	No	65535	65535	7	Rock	EARTH	Effect	None
Dummy Golem	0	No	800	800	2	Rock	EARTH	Effect	None
Grave Ohja	0	No	1600	1500	4	Rock	EARTH	Effect	None
Mine Golem	0	No	1000	1900	3	Rock	EARTH	Effect	None
Monk Fighter	0	No	1300	1000	3	Rock	EARTH	Effect	None
Master Monk	0	No	1900	1000	5	Rock	EARTH	Effect	None
Guardian Statue	0	No	800	1400	4	Rock	EARTH	Effect	None
Medusa Worm	0	No	500	600	2	Rock	EARTH	Effect	None
D.D. Survivor	0	No	1800	200	4	Warrior	DARK	Effect	None
Mid Shield Gardna	0	No	100	1800	4	Warrior	EARTH	Effect	None
White Ninja	0	No	1500	800	4	Warrior	LIGHT	Effect	None
Aussa the Earth Charmer	0	No	500	1500	3	Spellcaster	EARTH	Effect	None
Eria the Water Charmer	0	No	500	1500	3	Spellcaster	WATER	Effect	None
Hiita the Fire Charmer	0	No	500	1500	3	Spellcaster	FIRE	Effect	None
Wynn the Wind Charmer	0	No	500	1500	3	Spellcaster	WIND	Effect	None
Batteryman AA	0	No	0	0	3	Thunder	LIGHT	Effect	None
Des Wombat	0	No	1600	300	3	Beast	EARTH	Effect	None
King of the Skull Servants	0	No	65535	0	1	Zombie	DARK	Effect	None
Reshef the Dark Being	0	No	2500	1500	8	Fiend	LIGHT	Ritual/Effect	None
Elemental Mistress Doriado	0	No	1200	1400	3	Spellcaster	LIGHT	Ritual/Effect	None
Elemental Hero Flame Wingman	0	No	2100	1200	6	Warrior	WIND	Fusion/Effect	None
Elemental Hero Thunder Giant	0	No	2400	1500	6	Warrior	LIGHT	Fusion/Effect	None
Gift of the Martyr	0	Yes	0	0	0	Spell	Spell	Spell	None
Double Attack	0	No	0	0	0	Spell	Spell	Spell	None
Battery Charger	0	No	0	0	0	Spell	Spell	Spell	None
Kaminote Blow	0	No	0	0	0	Spell	Spell	Spell	None
Doriado's Blessing	0	No	0	0	0	Spell	Spell	Spell	Ritual
Final Ritual of the Ancients	0	No	0	0	0	Spell	Spell	Spell	Ritual
Legendary Black Belt	0	No	0	0	0	Spell	Spell	Spell	Equip
Nitro Unit	0	No	0	0	0	Spell	Spell	Spell	Equip
Shifting Shadows	0	No	0	0	0	Spell	Spell	Spell	Continuous
Impenetrable Formation	0	No	0	0	0	Spell	Spell	Spell	Continuous
Hero Signal	0	No	0	0	0	Trap	Trap	Trap	None
Pikeru's Second Sight	0	No	0	0	0	Trap	Trap	Trap	None
Minefield Eruption	0	No	0	0	0	Trap	Trap	Trap	None
Kozaky's Self-Destruct Button	0	Yes	0	0	0	Trap	Trap	Trap	None
Mispolymerization	0	Yes	0	0	0	Trap	Trap	Trap	None
Level Conversion Lab	0	Yes	0	0	0	Trap	Trap	Trap	None
Rock Bombardment	0	No	0	0	0	Trap	Trap	Trap	None
Token Feastevil	0	No	0	0	0	Trap	Trap	Trap	None
Spell-Stopping Statute	0	No	0	0	0	Trap	Trap	Trap	Counter
Royal Surrender	0	No	0	0	0	Trap	Trap	Trap	Counter
Infernal Flame Emperor	0	No	2700	1600	9	Pyro	FIRE	Effect	None
Holy Knight Ishzark	0	No	2300	1800	6	Warrior	LIGHT	Effect	None
Ocean Dragon Lord - Neo-Daedalus	0	No	2900	1600	8	Sea Serpent	WATER	Effect	None
Cycroid	0	No	800	1000	3	Machine	EARTH	None	None
Patroid	0	No	1200	1200	4	Machine	EARTH	Effect	None
Gyroid	0	No	1000	1000	3	Machine	WIND	Effect	None
Steamroid	0	No	1800	1800	4	Machine	EARTH	Effect	None
Drillroid	0	No	1600	1600	4	Machine	EARTH	Effect	None
UFOroid	0	No	1200	1200	6	Machine	LIGHT	Effect	None
Jetroid	0	No	1200	1800	4	Machine	WIND	Effect	None
Cyber Dragon	0	No	2100	1600	5	Machine	LIGHT	Effect	None
Wroughtweiler	0	No	800	1200	3	Machine	EARTH	Effect	None
Elemental Hero Bubbleman	0	No	800	1200	4	Warrior	WATER	Effect	None
Steam Gyroid	0	No	2200	1600	6	Machine	EARTH	Fusion	None
UFOroid Fighter	0	No	65535	65535	10	Machine	LIGHT	Fusion/Effect	None
Cyber Twin Dragon	0	No	2800	2100	8	Machine	LIGHT	Fusion/Effect	None
Cyber End Dragon	0	No	4000	2800	10	Machine	LIGHT	Fusion/Effect	None
Power Bond	0	No	0	0	0	Spell	Spell	Spell	None
Skyscraper	0	No	0	0	0	Spell	Spell	Spell	Field
Summon Priest	0	No	800	1600	4	Spellcaster	DARK	Effect	None
Dark Dreadroute	0	No	4000	4000	10	Fiend	DARK	Effect	None
Winged Kuriboh LV10	0	No	300	200	10	Fairy	LIGHT	Effect	None
Transcendent Wings	0	No	0	0	0	Spell	Spell	Spell	Quick-Play
Bubble Shuffle	0	No	0	0	0	Spell	Spell	Spell	Quick-Play
Spark Blaster	0	Yes	0	0	0	Spell	Spell	Spell	Equip
Dark Ruler Vandalgyon	0	No	2800	2500	8	Dragon	DARK	Effect	None
Soitsu	0	Yes	0	0	3	Fairy	WIND	None	None
Mad Lobster	0	No	1700	1000	3	Aqua	WATER	None	None
Jerry Beans Man	0	No	1750	0	3	Plant	EARTH	None	None
Cybernetic Magician	0	No	2400	1000	6	Spellcaster	LIGHT	Effect	None
Cybernetic Cyclopean	0	No	1400	200	4	Beast-Warrior	EARTH	Effect	None
Mechanical Hound	0	No	2800	1500	7	Machine	EARTH	Effect	None
Cyber Archfiend	0	No	1000	2000	4	Fiend	DARK	Effect	None
Goblin Elite Attack Force	0	No	2200	1500	4	Fiend	EARTH	Effect	None
B.E.S. Crystal Core	0	No	2100	1000	5	Machine	WATER	Effect	None
Giant Kozaky	0	Yes	2500	2400	4	Fiend	DARK	Effect	None
Indomitable Fighter Lei Lei	0	No	2300	0	4	Beast-Warrior	EARTH	Effect	None
Protective Soul Ailin	0	Yes	0	0	1	Fairy	LIGHT	Union	None
Doitsu	0	Yes	100	200	4	Fairy	EARTH	Union	None
Des Frog	0	No	1900	0	5	Aqua	WATER	Effect	None
T.A.D.P.O.L.E.	0	No	0	0	1	Aqua	WATER	Effect	None
Poison Draw Frog	0	No	100	100	2	Aqua	WATER	Effect	None
Tyranno Infinity	0	No	65535	0	4	Dinosaur	EARTH	Effect	None
Batteryman C	0	No	0	0	2	Thunder	LIGHT	Effect	None
Ebon Magician Curran	0	No	1200	0	2	Spellcaster	DARK	Effect	None
D.D.M. - Different Dimension Master	0	No	1700	1500	5	Spellcaster	LIGHT	Effect	None
Fusion Recovery	0	No	0	0	0	Spell	Spell	Spell	None
Miracle Fusion	0	No	0	0	0	Spell	Spell	Spell	None
Dragon's Mirror	0	No	0	0	0	Spell	Spell	Spell	None
System Down	0	No	0	0	0	Spell	Spell	Spell	None
Des Croaking	0	No	0	0	0	Spell	Spell	Spell	None
Pot of Generosity	0	No	0	0	0	Spell	Spell	Spell	None
Shien's Spy	0	No	0	0	0	Spell	Spell	Spell	None
Fire Darts	0	No	0	0	0	Trap	Trap	Trap	None
Spiritual Earth Art - Kurogane	0	No	0	0	0	Trap	Trap	Trap	None
Spiritual Water Art - Aoi	0	No	0	0	0	Trap	Trap	Trap	None
Spiritual Fire Art - Kurenai	0	No	0	0	0	Trap	Trap	Trap	None
Spiritual Wind Art - Miyabi	0	No	0	0	0	Trap	Trap	Trap	None
A Rival Appears!	0	No	0	0	0	Trap	Trap	Trap	None
Magical Explosion	0	No	0	0	0	Trap	Trap	Trap	None
Rising Energy	0	No	0	0	0	Trap	Trap	Trap	None
D.D. Trap Hole	0	No	0	0	0	Trap	Trap	Trap	None
Conscription	0	No	0	0	0	Trap	Trap	Trap	None
Dimension Wall	0	No	0	0	0	Trap	Trap	Trap	None
Prepare to Strike Back	0	Yes	0	0	0	Trap	Trap	Trap	Continuous
Triage	0	No	0	0	0	Trap	Trap	Trap	Counter
Alkana Knight Joker	0	No	3800	2500	9	Warrior	LIGHT	Fusion/Effect	None
Gilford the Legend	0	No	2600	2000	8	Warrior	EARTH	Effect	None
Warrior Lady of the Wasteland	0	No	1100	1200	4	Warrior	EARTH	Effect	None
Divine Sword - Phoenix Blade	0	No	0	0	0	Spell	Spell	Spell	Equip
Elemental Hero Shining Flare Wingman	0	No	2500	2100	8	Warrior	LIGHT	Fusion/Effect	None
Level Modulation	0	No	0	0	0	Spell	Spell	Spell	None
Ojamuscle	0	No	0	0	0	Spell	Spell	Spell	None
Ojamagic	0	No	0	0	0	Spell	Spell	Spell	None
V-Tiger Jet	0	No	1600	1800	4	Machine	LIGHT	None	None
Blade Skater	0	Yes	1400	1500	4	Warrior	EARTH	None	None
Reborn Zombie	0	No	1000	1600	4	Zombie	DARK	Effect	None
W-Wing Catapult	0	No	1300	1500	4	Machine	LIGHT	Union	None
Elemental Hero Bladedge	0	No	2600	1800	7	Warrior	EARTH	Effect	None
Elemental Hero Wildheart	0	No	1500	1600	4	Warrior	EARTH	Effect	None
Hydrogeddon	0	No	1600	1000	4	Dinosaur	WATER	Effect	None
Oxygeddon	0	No	1800	800	4	Dinosaur	WIND	Effect	None
Water Dragon	0	No	2800	2600	8	Sea Serpent	WATER	Effect	None
Etoile Cyber	0	Yes	1200	1600	4	Warrior	EARTH	Effect	None
VW-Tiger Catapult	0	No	2000	2100	6	Machine	LIGHT	Fusion/Effect	None
VWXYZ-Dragon Catapult Cannon	0	Yes	3000	2800	8	Machine	LIGHT	Fusion/Effect	None
Cyber Blader	0	Yes	2100	800	7	Warrior	EARTH	Fusion/Effect	None
Elemental Hero Rampart Blaster	0	Yes	2000	2500	6	Warrior	EARTH	Fusion/Effect	None
Elemental Hero Tempest	0	No	2800	2800	8	Warrior	WIND	Fusion/Effect	None
Elemental Hero Wildedge	0	No	2600	2300	8	Warrior	EARTH	Fusion/Effect	None
Chthonian Alliance	0	No	0	0	0	Spell	Spell	Spell	Equip
Feather Shot	0	No	0	0	0	Spell	Spell	Spell	None
Bonding - H2O	0	No	0	0	0	Spell	Spell	Spell	None
Chthonian Polymer	0	No	0	0	0	Trap	Trap	Trap	None
Chthonian Blast	0	No	0	0	0	Trap	Trap	Trap	None
Hero Barrier	0	No	0	0	0	Trap	Trap	Trap	None
Feather Wind	0	No	0	0	0	Trap	Trap	Trap	Counter
Zure, Knight of Dark World	0	No	1800	1500	4	Fiend	DARK	None	None
B.E.S. Tetran	0	No	1800	2300	6	Machine	WIND	Effect	None
Nanobreaker	0	Yes	1600	1800	4	Machine	EARTH	Effect	None
Rapid-Fire Magician	0	No	1600	1200	4	Spellcaster	DARK	Effect	None
Beiige, Vanguard of Dark World	0	No	1600	1300	4	Fiend	DARK	Effect	None
Broww, Huntsman of Dark World	0	No	1400	800	3	Fiend	DARK	Effect	None
Brron, Mad King of Dark World	0	No	1800	400	4	Fiend	DARK	Effect	None
Sillva, Warlord of Dark World	0	No	2300	1400	5	Fiend	DARK	Effect	None
Goldd, Wu-Lord of Dark World	0	No	2300	1400	5	Fiend	DARK	Effect	None
Scarr, Scout of Dark World	0	No	500	500	2	Fiend	DARK	Effect	None
Familiar-Possessed - Aussa	0	No	1850	1500	4	Spellcaster	EARTH	Effect	None
Familiar-Possessed - Eria	0	No	1850	1500	4	Spellcaster	WATER	Effect	None
Familiar-Possessed - Hiita	0	No	1850	1500	4	Spellcaster	FIRE	Effect	None
Familiar-Possessed - Wynn	0	No	1850	1500	4	Spellcaster	WIND	Effect	None
Pot of Avarice	0	No	0	0	0	Spell	Spell	Spell	None
Dark World Lightning	0	No	0	0	0	Spell	Spell	Spell	None
Boss Rush	0	No	0	0	0	Spell	Spell	Spell	Continuous
Gateway to Dark World	0	No	0	0	0	Spell	Spell	Spell	Quick-Play
The Forces of Darkness	0	No	0	0	0	Trap	Trap	Trap	None
Dark Deal	0	No	0	0	0	Trap	Trap	Trap	None
Simultaneous Loss	0	No	0	0	0	Trap	Trap	Trap	None
Weed Out	0	Yes	0	0	0	Trap	Trap	Trap	None
The League of Uniform Nomenclature	0	No	0	0	0	Trap	Trap	Trap	None
Roll Out!	0	No	0	0	0	Trap	Trap	Trap	None
Non-Fusion Area	0	No	0	0	0	Trap	Trap	Trap	Continuous
Level Limit - Area A	0	No	0	0	0	Trap	Trap	Trap	Continuous
Armed Changer	0	No	0	0	0	Spell	Spell	Spell	Equip
Elemental Hero Necroshade	0	No	1600	1800	5	Warrior	DARK	Effect	None
Hero Heyro	0	No	0	0	0	Trap	Trap	Trap	None
Elemental Hero Madballman	0	No	1900	3000	6	Warrior	EARTH	Fusion/Effect	None
Dark Eradicator Warlock	0	No	2500	2100	7	Spellcaster	DARK	Effect	None
Mythical Beast Cerberus	0	No	1400	1400	4	Spellcaster	LIGHT	Effect	None
Magical Blast	0	No	0	0	0	Spell	Spell	Spell	None
Elemental Hero Steam Healer	0	No	1800	1000	5	Warrior	WATER	Fusion/Effect	None
Burst Return	0	Yes	0	0	0	Spell	Spell	Spell	None
Bubble Blaster	0	No	0	0	0	Spell	Spell	Spell	Equip
Bubble Illusion	0	No	0	0	0	Spell	Spell	Spell	Quick-Play
Clay Charge	0	No	0	0	0	Trap	Trap	Trap	None
Armed Dragon LV10	0	No	3000	2000	10	Dragon	WIND	Effect	None
Magical Mallet	0	No	0	0	0	Spell	Spell	Spell	None
Inferno Reckless Summon	0	Yes	0	0	0	Spell	Spell	Spell	Quick-Play
Rancer Dragonute	0	No	1500	1800	4	Dragon	DARK	Effect	None
Mistobody	0	No	0	0	0	Spell	Spell	Spell	Equip
Axe Dragonute	0	No	2000	1200	4	Dragon	DARK	Effect	None
White Horns D.	0	No	2200	1400	6	Dragon	DARK	Effect	None
Uria, Lord of Searing Flames	0	No	0	0	10	Pyro	FIRE	Effect	None
Hamon, Lord of Striking Thunder	0	No	4000	4000	10	Thunder	LIGHT	Effect	None
Raviel, Lord of Phantasms	0	No	4000	4000	10	Fiend	DARK	Effect	None
Elemental Hero Neo Bubbleman	0	No	800	1200	4	Warrior	WATER	Effect	None
Hero Kid	0	No	300	600	2	Warrior	EARTH	Effect	None
Cyber Barrier Dragon	0	No	800	2800	6	Machine	LIGHT	Effect	None
Cyber Laser Dragon	0	No	2400	1800	7	Machine	LIGHT	Effect	None
Ancient Gear	0	No	100	800	2	Machine	EARTH	Effect	None
Hero Heart	0	No	0	0	0	Spell	Spell	Spell	None
Magnet Circle LV2	0	No	0	0	0	Spell	Spell	Spell	None
Ancient Gear Drill	0	No	0	0	0	Spell	Spell	Spell	None
Phantasmal Martyrs	0	No	0	0	0	Spell	Spell	Spell	None
Cyclone Boomerang	0	No	0	0	0	Spell	Spell	Spell	Equip
Photon Generator Unit	0	No	0	0	0	Spell	Spell	Spell	Quick-Play
Ancient Gear Castle	0	Yes	0	0	0	Spell	Spell	Spell	Continuous
Miracle Kids	0	No	0	0	0	Trap	Trap	Trap	None
Attack Reflector Unit	0	No	0	0	0	Trap	Trap	Trap	None
Damage Condenser	0	No	0	0	0	Trap	Trap	Trap	None
Ancient Gear Cannon	0	Yes	500	500	2	Machine	EARTH	Effect	None
Proto-Cyber Dragon	0	No	1100	600	3	Machine	LIGHT	Effect	None
Adhesive Explosive	0	No	1000	1000	3	Machine	WIND	Effect	None
Machine King Prototype	0	No	1600	1500	3	Machine	EARTH	Effect	None
B.E.S. Covered Core	0	No	2500	800	7	Machine	EARTH	Effect	None
D.D. Guide	0	No	1400	1000	4	Warrior	DARK	Effect	None
Chain Thrasher	0	No	1000	600	4	Warrior	WIND	Effect	None
Disciple of the Forbidden Spell	0	No	1700	800	4	Warrior	LIGHT	Effect	None
Tenkabito Shien	0	No	1500	1000	4	Pyro	FIRE	Effect	None
Parasitic Ticky	0	No	65535	65535	1	Insect	EARTH	Effect	None
Gokipon	0	No	800	800	2	Insect	EARTH	Effect	None
Silent Insect	0	No	200	300	2	Insect	EARTH	Effect	None
Chainsaw Insect	0	No	2400	0	4	Insect	EARTH	Effect	None
Anteatereatingant	0	No	2000	500	5	Insect	EARTH	Effect	None
Saber Beetle	0	No	2400	600	6	Insect	EARTH	Effect	None
Doom Dozer	0	No	2800	2600	8	Insect	EARTH	Effect	None
Treeborn Frog	0	Yes	100	100	1	Aqua	WATER	Effect	None
Beelze Frog	0	No	1200	800	3	Aqua	WATER	Effect	None
Princess Pikeru	0	No	2000	0	4	Spellcaster	LIGHT	Effect	None
Princess Curran	0	No	2000	0	4	Spellcaster	DARK	Effect	None
Memory Crusher	0	Yes	1000	600	3	Fiend	DARK	Effect	None
Malice Ascendant	0	No	700	1000	4	Zombie	DARK	Effect	None
Grass Phantom	0	No	1000	1000	3	Plant	WATER	Effect	None
Sand Moth	0	No	1000	2000	4	Rock	EARTH	Effect	None
Divine Dragon - Excelion	0	No	1500	900	5	Dragon	LIGHT	Effect	None
Ruin, Queen of Oblivion	0	No	2300	2000	8	Fairy	LIGHT	Ritual/Effect	None
Demise, King of Armageddon	0	No	2400	2000	8	Fiend	DARK	Ritual/Effect	None
D.3.S. Frog	0	Yes	2500	2000	8	Aqua	WATER	Fusion/Effect	None
Symbol of Heritage	0	No	0	0	0	Spell	Spell	Spell	Equip
Trial of the Princesses	0	No	0	0	0	Spell	Spell	Spell	Equip
End of the World	0	No	0	0	0	Spell	Spell	Spell	Ritual
Samsara	0	No	0	0	0	Spell	Spell	Spell	Continuous
Karma Cut	0	No	0	0	0	Trap	Trap	Trap	None
Next to be Lost	0	Yes	0	0	0	Trap	Trap	Trap	None
Generation Shift	0	No	0	0	0	Trap	Trap	Trap	None
Full Salvo	0	Yes	0	0	0	Trap	Trap	Trap	None
Success Probability 0%	0	Yes	0	0	0	Trap	Trap	Trap	None
Option Hunter	0	No	0	0	0	Trap	Trap	Trap	None
Goblin Out of the Frying Pan	0	No	0	0	0	Trap	Trap	Trap	Counter
Malfunction	0	No	0	0	0	Trap	Trap	Trap	Counter
The Flute of Summoning Kuriboh	0	No	0	0	0	Spell	Spell	Spell	Quick-Play
Elemental Hero Erikshieler	0	No	2900	2600	10	Warrior	LIGHT	Fusion/Effect	None
Guardian Exode	0	No	0	4000	8	Rock	EARTH	Effect	None
Great Spirit	0	No	500	1500	4	Rock	EARTH	Effect	None
Fault Zone	0	No	0	0	0	Spell	Spell	Spell	Field
Homonculus Gold	0	No	1500	1500	6	Warrior	LIGHT	Effect	None
The Ancient Sun Helios	0	No	65535	65535	4	Pyro	LIGHT	Effect	None
Helios Duo Megiste	0	No	65535	65535	6	Pyro	LIGHT	Effect	None
Helios Tris Megiste	0	No	65535	65535	8	Pyro	LIGHT	Effect	None
Elemental Hero Neos	0	No	2500	2000	7	Warrior	LIGHT	None	None
Dandylion	0	No	300	300	3	Warrior	EARTH	Effect	None
Insect Monster Token	0	No	100	100	1	Insect	EARTH	Token	None
Kuriboh Token	0	No	300	200	1	Fiend	DARK	Token	None
Sheep Token	0	No	0	0	1	Beast	EARTH	Token	None
Army Ant Token	0	No	500	1200	4	Insect	EARTH	Token	None
Slime Token	0	No	500	500	1	Aqua	WATER	Token	None
Wicked Token	0	No	1000	1000	4	Fiend	DARK	Token	None
Poisonous Snake Token	0	No	1200	1200	3	Reptile	EARTH	Token	None
Lekunga Token	0	No	700	700	2	Plant	WATER	Token	None
Wicked Plant Token	0	No	800	800	1	Plant	EARTH	Token	None
Metal Fiend Token	0	No	0	0	1	Fiend	DARK	Token	None
Ojama Token	0	No	0	1000	2	Beast	LIGHT	Token	None
Lamb Token	0	No	0	0	1	Beast	EARTH	Token	None
Tricky Token	0	No	2000	1200	5	Spellcaster	WIND	Token	None
Block Token	0	No	1000	1500	4	Rock	EARTH	Token	None
Phantasm Token	0	No	1000	1000	1	Fiend	DARK	Token	None
Phantasmal Martyr Token	0	No	0	0	1	Fiend	DARK	Token	None
Fluffy Token	0	No	0	0	1	Plant	LIGHT	Token	None