index	card	atk	def	level	race	attribute	type	spell/trap type	description	rating
1275	Breaker the Magical Warrior	1600	1000	4	Spellcaster	DARK	Effect	None	When this card is Normal Summoned, put 1 Spell Counter on it (max. 1). Increase the ATK of this card by 300 points for each Spell Counter on this card. By removing 1 Spell Counter from this card, destroy 1 Spell or Trap Card on the field.	20
793	Call of the Haunted	0	0	0	Trap	Trap	Trap	Continuous	Select 1 monster from your Graveyard and Special Summon it in face-up Attack Position. When this card is removed from the field, destroy the monster. When the monster is destroyed, destroy this card.	20
1880	Cyber Dragon	2100	1600	5	Machine	LIGHT	Effect	None	If there is a monster on your opponent's side of the field and there are no monsters on your side of the field, you can Special Summon this card from your hand.	20
1327	D.D. Warrior Lady	1500	1600	4	Warrior	LIGHT	Effect	None	When this card battles with your opponent's monster, after damage calculation you can remove from play the opponent's monster and this card.	20
298	Dark Hole	0	0	0	Spell	Spell	Spell	None	Destroy all monsters on the field.	20
1019	Exiled Force	1000	1000	4	Warrior	EARTH	Effect	None	By Tributing this face-up card, destroy 1 monster on the field.	20
709	Heavy Storm	0	0	0	Spell	Spell	Spell	None	Destroy all Spell and Trap Cards on the field.	20
724	Mystical Space Typhoon	0	0	0	Spell	Spell	Spell	Quick-Play	Destroy 1 Spell or Trap Card on the field.	20
770	Nobleman of Crossout	0	0	0	Spell	Spell	Spell	None	Destroy 1 face-down monster and remove it from play. If the monster is a Flip Effect Monster, both players must check their respective Decks and remove from play all monsters with the same name as the destroyed monster. Then shuffle the Decks.	20
773	Premature Burial	0	0	0	Spell	Spell	Spell	Equip	Pay 800 Life Points. Select 1 monster from your Graveyard, Special Summon it on the field in face-up Attack Position, and equip it with this card. When this card is destroyed, destroy the equipped monster.	20
53	Sangan	1000	600	3	Fiend	DARK	Effect	None	When this card is sent from the field to the Graveyard, select 1 monster with an ATK of 1500 or less from your Deck, show it to your opponent, and add it to your hand. Then shuffle your Deck.	20
714	Snatch Steal	0	0	0	Spell	Spell	Spell	Equip	Take control of a monster on your opponent's side of the field that is equipped with this card. Increase your opponent's Life Points by 1000 points during each of their Standby Phases.	20
871	Torrential Tribute	0	0	0	Trap	Trap	Trap	None	You can only activate this card when a monster is Normal Summoned, Flip Summoned or Special Summoned. Destroy all monsters on the field.	20
1117	Book of Moon	0	0	0	Spell	Spell	Spell	Quick-Play	Flip 1 face-up monster on the field into face-down Defense Position.	19
366	Magician of Faith	300	400	1	Spellcaster	LIGHT	Effect	None	FLIP: Select 1 Spell Card from your Graveyard. Add the selected card to your hand.	19
1647	Mobius the Frost Monarch	2400	1000	6	Aqua	WATER	Effect	None	When this card is Tribute Summoned successfully, you can destroy up to 2 Spell or Trap Cards on the field.	19
1024	Reinforcement of the Army	0	0	0	Spell	Spell	Spell	None	Add 1 Level 4 or lower Warrior-Type monster from your Deck to your hand. Then shuffle your Deck.	19
1394	Sakuretsu Armor	0	0	0	Trap	Trap	Trap	None	You can only activate this card when your opponent declares an attack. Destroy the attacking monster.	19
1481	Smashing Ground	0	0	0	Spell	Spell	Spell	None	Destroy 1 monster with the highest DEF on your opponent's side of the field.	19
1178	Spirit Reaper	300	200	3	Zombie	DARK	Effect	None	This card is not destroyed as a result of battle. Destroy this card when it is designated as a target of the effect of a Spell, Trap, or Effect Monster. If this card successfully attacks your opponent's Life Points directly, your opponent discards 1 card randomly from his/her hand.	19
1503	D. D. Assailant	1700	1600	4	Warrior	EARTH	Effect	None	When this card is destroyed as a result of battle with your opponent's monster, remove from play both this card and the opponent's monster that destroyed this card.	18
743	Mystic Tomato	1400	1100	4	Plant	DARK	Effect	None	When this card is sent to the Graveyard as a result of battle, you can Special Summon 1 DARK monster with an ATK of 1500 or less in face-up Attack Position from your Deck. Then shuffle your Deck.	18
1528	Zaborg the Thunder Monarch	2400	1000	5	Thunder	LIGHT	Effect	None	When this card is Tribute Summoned, destroy 1 monster on the field.	18
647	Brain Control	0	0	0	Spell	Spell	Spell	None	Pay 800 Life Points. Select 1 face-up monster on your opponent's side of the field. Take control of the selected card until the End Phase of the turn this card is activated.	17
1419	Chaos Sorcerer	2300	2000	6	Spellcaster	DARK	Effect	None	This card cannot be Normal Summoned or Set. This card can only be Special Summoned by removing from play 1 LIGHT and 1 DARK monster in your Graveyard. Once per turn during your Main Phase, you can remove 1 face-up monster on the field from play. If you activate this effect, this card cannot attack during this turn.	17
910	Creature Swap	0	0	0	Spell	Spell	Spell	None	Both players select 1 monster from their respective sides of the field and switch control of those monsters with each other. The selected monsters cannot change their battle positions this turn.	17
792	Dust Tornado	0	0	0	Trap	Trap	Trap	None	Destroy 1 Spell or Trap Card on your opponent's side of the field. You can then Set 1 Spell or Trap Card from your hand.	17
1160	Enemy Controller	0	0	0	Spell	Spell	Spell	Quick-Play	Select and activate 1 of the following effects: @4 @7Change the battle position of 1 face-up monster on your opponent's side of the field. @4 @7Tribute 1 monster on your side of the field. Select 1 face-up monster on your opponent's side of the field. Take control of the selected card until the End Phase of the turn this card is activated.	17
363	Jinzo	500	400	2	Machine	DARK	Effect	None	This monster can attack your opponent's Life Points directly.	17
308	Swords of Revealing Light	0	0	0	Spell	Spell	Spell	None	Flip all face-down monsters on your opponent's side of the field face-up. This card remains face-up on the field for 3 of your opponent's turns. As long as this card remains face-up on the field, your opponent cannot declare an attack.	17
1714	Thestalos the Firestorm Monarch	2400	1000	6	Pyro	FIRE	Effect	None	When this card is Tribute Summoned successfully, randomly discard 1 card from your opponent's hand to the Graveyard. If the discarded card was a Monster Card, inflict damage to your opponent's Life Points equal to the Level of the monster x 100 points.	17
2046	Treeborn Frog	100	100	1	Aqua	WATER	Effect	None	If this card is in your Graveyard during your Standby Phase and there are no Spell or Trap Cards on your side of the field, you can Special Summon this card to your side of the field. This effect cannot be activated if there is a face-up @5"Treeborn Frog"@7 on your side of the field.	17
1376	Tsukuyomi	1100	1400	4	Spellcaster	DARK	Spirit	None	This card cannot be Special Summoned. This card returns to the owner's hand during the End Phase of the turn that it is Normal Summoned or flipped face-up. When this card is Normal Summoned or flipped face-up, select 1 face-up monster on the field and flip it into face-down Defense Position.	17
557	Widespread Ruin	0	0	0	Trap	Trap	Trap	None	You can only activate this card when your opponent declares an attack. Destroy 1 monster with the highest ATK among your opponent's Attack Position monsters.	17
558	Widespread Ruin	0	0	0	Trap	Trap	Trap	None	You can only activate this card when your opponent declares an attack. Destroy 1 monster with the highest ATK among your opponent's Attack Position monsters.	17
1088	Bottomless Trap Hole	0	0	0	Trap	Trap	Trap	None	When your opponent Normal Summons, Flip Summons, or Special Summons a monster(s) with an ATK of 1500 or more, destroy and remove from play the monster(s).	16
728	Cyber Jar	900	900	3	Rock	DARK	Effect	None	FLIP: Destroy all monsters on the field. Both players then pick up 5 cards from the top of their respective Decks and Special Summon all Level 4 or lower Monster Cards among them on the field in face-up Attack Position or face-down Defense Position. The rest of the cards picked up are added to their respective hands.	16
1725	Dekoichi the Battlechanted Locomotive	1400	1000	4	Machine	DARK	Effect	None	FLIP: Draw 1 card. If you have face-up @5"Bokoichi the Freightening Car"@7 card(s) on your side of the field, draw an additional card for each of them.	16
958	Kycoo the Ghost Destroyer	1800	700	4	Spellcaster	DARK	Effect	None	Each time this card inflicts Battle Damage to your opponent's Life Points, you can remove up to 2 Monster Cards in your opponent's Graveyard from play. In addition, as long as this card remains face-up on the field, your opponent cannot remove any cards in either Graveyard from play.	16
683	Solemn Judgment	0	0	0	Trap	Trap	Trap	Counter	Pay half of your Life Points. Negate an activation of a Spell / Trap Card / Normal Summon / Flip Summon / Special Summon and destroy the Spell Card, Trap Card, or Summoned monster.	16
960	Bazoo the Soul-Eater	1600	900	4	Beast	EARTH	Effect	None	You can remove up to 3 Monster Cards in your Graveyard from play to increase the ATK of this monster by 300 points for each card removed from play until the end of your opponent's next turn. This effect can only be used once during your turn.	15
1111	Don Zaloog	1400	1500	4	Warrior	DARK	Effect	None	When this card inflicts Battle Damage to your opponent's Life Points, you can select and activate 1 of the following effects: @4 @7Select 1 card from your opponent's hand randomly and discard it to the Graveyard. @4 @7Send 2 cards from the top of your opponent's Deck to the Graveyard.	15
730	Giant Rat	1400	1450	4	Beast	EARTH	Effect	None	When this card is sent to the Graveyard as a result of battle, you can Special Summon 1 EARTH monster with an ATK of 1500 or less in face-up Attack Position from your Deck. Then shuffle your Deck.	15
1164	Gravekeeper's Spy	1200	2000	4	Spellcaster	DARK	Effect	None	FLIP: Special Summon 1 Monster Card that includes @5"Gravekeeper's"@7 in its card name with an ATK of 1500 or less from your Deck.	15
1596	Level Limit - Area B	0	0	0	Spell	Spell	Spell	Continuous	All face-up Level 4 or higher monsters on the field are in Defense Position while this card is active.	15
1283	Magical Merchant	200	700	1	Insect	LIGHT	Effect	None	FLIP: Pick up cards from the top of your Deck until a Spell Card or Trap Card is picked up. Add that card to your hand. Send the remaining cards to the Graveyard.	15
1191	Metamorphosis	0	0	0	Spell	Spell	Spell	None	Tribute 1 monster on your side of the field. Special Summon 1 Fusion Monster of the same Level as the Tributed monster from your Fusion Deck.	15
488	Morphing Jar	700	600	2	Rock	EARTH	Effect	None	FLIP: Both you and your opponent discard all cards in your hands. After that, both players draw 5 cards from their respective Decks.	15
1195	Raigeki Break	0	0	0	Trap	Trap	Trap	None	Discard 1 card from your hand. Destroy 1 card on the field.	15
1615	Return from the Different Dimension	0	0	0	Trap	Trap	Trap	None	Pay half your Life Points. Special Summon as many of your monsters as possible that have been removed from play on your side of the field. During the End Phase, remove from play all monsters that were Special Summoned by this effect.	15
1637	Mystic Swordsman LV2	900	0	2	Warrior	EARTH	Effect	None	If this card attacks a face-down Defense Position monster, destroy the monster immediately with this card's effect without flipping it face-up or applying damage calculation. During the End Phase of a turn that this card destroyed a monster as a result of battle, by sending this card to the Graveyard, Special Summon 1 @5"Mystic Swordsman LV4"@7 from your hand or Deck.	14
1797	Threatening Roar	0	0	0	Trap	Trap	Trap	None	Your opponent cannot declare an attack during this turn.	14
1595	7	0	0	0	Spell	Spell	Spell	Continuous	When there are 3 face-up @5"7"@7 cards on your side of the field, draw 3 cards from your Deck. Then destroy all @5"7"@7 cards. When this card is sent directly from the field to your Graveyard, increase your Life Points by 700 points.	
894	4-Starred Ladybug of Doom	800	1200	3	Insect	WIND	Effect	None	FLIP: Destroy all face-up Level 4 monsters on your opponent's side of the field.	
375	7 Colored Fish	1800	800	4	Fish	WATER	None	None	A rare rainbow fish that has never been caught by mortal man.	
1172	A Cat of Ill Omen	500	300	2	Beast	DARK	Effect	None	FLIP: Select 1 Trap Card from your Deck and place it on top of your Deck. If @5"Necrovalley"@7 is on the field, you can add the selected Trap Card to your hand instead.	
1330	A Deal with Dark Ruler	0	0	0	Spell	Spell	Spell	Quick-Play	You can only activate this card during a turn in which a Level 8 or higher monster on your side of the field was sent to the Graveyard. Special Summon 1 @5"Berserk Dragon"@7 from your hand or Deck.	
1787	A Feather of the Phoenix	0	0	0	Spell	Spell	Spell	None	Discard 1 card from your hand. Select 1 card from your Graveyard and return it to the top of your Deck.	
1028	A Feint Plan	0	0	0	Trap	Trap	Trap	None	A player cannot attack face-down monsters during this turn.	
1491	A Hero Emerges	0	0	0	Trap	Trap	Trap	None	You can only activate this card when your opponent declares an attack. Select 1 random card from your hand. If it is a Monster Card, Special Summon it on your side of the field. If not, send it to the Graveyard.	
1078	A Legendary Ocean	0	0	0	Spell	Spell	Spell	Field	This card's name is treated as @5"Umi"@7. Downgrade all WATER monsters in both player's hands and on the field by 1 Level. Increase the ATK and DEF of all WATER monsters by 200 points.	
1170	A Man with Wdjat	1600	1600	4	Spellcaster	DARK	Effect	None	When you Normal Summon this card, and during each of your Standby Phases, select 1 Set card on your opponent's side of the field. Pick it up and look at it, then return it to its original position.	
1928	A Rival Appears!	0	0	0	Trap	Trap	Trap	None	Select 1 face-up monster on your opponent's side of the field. Special Summon from your hand 1 monster that has the same Level as the selected monster.	
1039	A Wingbeat of Giant Dragon	0	0	0	Spell	Spell	Spell	None	Return 1 face-up Level 5 or higher Dragon-Type monster on your side of the field to the owner's hand and destroy all Spell and Trap Cards on the field.	
1726	A-Team: Trap Disposal Unit	300	400	2	Machine	FIRE	Effect	None	This effect can be used during either player's turn. When your opponent activates a Trap Card, Tribute this face-up card to negate the activation of the Trap Card and destroy it.	
1776	Abare Ushioni	1200	1200	4	Beast-Warrior	EARTH	Effect	None	Toss a coin and call it. If you call it right, inflict 1000 points of damage to your opponent's Life Points. If you call it wrong, you take 1000 points of damage. You can only use this effect once per turn, during your Main Phase.	
1674	Absolute End	0	0	0	Trap	Trap	Trap	None	You can only activate this card during your opponent's turn. This turn, the attacks from your opponent's monsters become direct attacks to your Life Points.	
1578	Absorbing Kid from the Sky	1300	1000	4	Fairy	LIGHT	Effect	None	When this card destroys a monster and sends it to the Graveyard as a result of battle, increase your Life Points by the Level of the destroyed monster x 300 points.	
479	Abyss Flower	750	400	2	Plant	EARTH	None	None	A rarely seen flower that blossoms quietly on the edge of darkness.	
1500	Abyss Soldier	1800	1300	4	Aqua	WATER	Effect	None	Discard 1 WATER monster from your hand to the Graveyard. Return 1 card on the field to the owner's hand. You can only use this effect once per turn, during your Main Phase.	
1665	Abyssal Designator	0	0	0	Spell	Spell	Spell	None	Pay 1000 Life Points. Declare a Type and an Attribute. Your opponent must send 1 monster with both the Type and Attribute declared from his/her hand or Deck to the Graveyard.	
525	Acid Crawler	900	700	3	Insect	EARTH	None	None	A giant caterpillar that secretes an acid mist that melts anything.	
555	Acid Trap Hole	0	0	0	Trap	Trap	Trap	None	Flip 1 face-down Defense Position monster face-up. If the monster's DEF is 2000 points or less, the monster is destroyed. If the DEF is more than 2000 points, return the monster to its face-down Defense Position.	
556	Acid Trap Hole	0	0	0	Trap	Trap	Trap	None	Flip 1 face-down Defense Position monster face-up. If the monster's DEF is 2000 points or less, the monster is destroyed. If the DEF is more than 2000 points, return the monster to its face-down Defense Position.	
1314	Acrobat Monkey	1000	1800	3	Machine	EARTH	None	None	An autonomous monkey type robot which was developed with cutting-edge technology. It moves very acrobatically.	
1252	Adhesion Trap Hole	0	0	0	Trap	Trap	Trap	None	You can only activate this card when your opponent successfully Normal Summons, Flip Summons, or Special Summons a monster(s). As long as the monster(s) remains on the field, the original ATK of the monster(s) is halved.	
2032	Adhesive Explosive	1000	1000	3	Machine	WIND	Effect	None	If your opponent's monster attacks this face-down Defense Position card, this card becomes an Equip Card equipped to the attacking monster, without applying damage calculation. Destroy the equipped monster during the Standby Phase of your opponent's next turn.	
1085	After the Struggle	0	0	0	Spell	Spell	Spell	None	This card can only be activated during Main Phase 1. All monsters on both sides of the field that have been involved in damage calculation are destroyed during the End Step of the turn.	
1060	Agido	1500	1300	4	Fairy	EARTH	Effect	None	When this card is destroyed and sent to the Graveyard as a result of battle, roll a six-sided die. You can Special Summon 1 Fairy-Type monster from your Graveyard whose Level is equal to the number rolled. (If the result is 6, you can Special Summon a Level 6 or higher monster.)	
816	Airknight Parshath	1900	1400	5	Fairy	LIGHT	Effect	None	When this card attacks with an ATK higher than the DEF of a Defense Position monster, inflict the difference as Battle Damage to your opponent's Life Points. When this card inflicts Battle Damage to your opponent's Life Points, draw 1 card from your Deck.	
1263	Aitsu	100	100	5	Fairy	FIRE	None	None	He seems to be very unreliable, but he might have incredible potential.	
181	Akakieisu	1000	800	3	Spellcaster	DARK	None	None	A sorcerer who utters spells that can render monsters unconscious.	
402	Alinsection	950	700	3	Insect	EARTH	None	None	A stag beetle with saw-like head and arms.	
1936	Alkana Knight Joker	3800	2500	9	Warrior	LIGHT	Fusion/Effect	None	@5"Queen's Knight"@7 + @5"Jack's Knight"@7 + @5"King's Knight"@7 A Fusion Summon of this card can only be conducted with the above Fusion Material Monsters. While this card remains on the Field in face-up position, you can cancel the effect of Spell, Trap, and Effect Monster Cards by discarding a card of the same type from your Hand (any Monster Card can be discarded to cancel the effect of an Effect Monster Card). This effect can only be used once per turn.	
623	Alligator's Sword	1500	1200	4	Beast	EARTH	None	None	This lizard man can swing a sword at velocities that exceed the speed of sound.	
799	Alligator's Sword Dragon	1700	1500	5	Dragon	WIND	Fusion/Effect	None	@5"Baby Dragon"@7 + @5"Alligator's Sword"@7 You can Inflict Direct Damage to your opponent's Life Points with this card if the only Attributes of Monster Cards on your opponent's side of the field are EARTH, WATER, or FIRE.	
598	Alpha The Magnet Warrior	1400	1700	4	Rock	EARTH	None	None	Alpha, Beta, and Gamma meld as one to form a powerful monster.	
1387	Altar for Tribute	0	0	0	Trap	Trap	Trap	None	Select 1 monster on your side of the field and send it to the Graveyard. Increase your Life Points by an amount equal to the original ATK of the monster.	
915	Amazon Archer	1400	1000	4	Warrior	EARTH	Effect	None	Offer 2 monsters on your side of the field as a Tribute to inflict 1200 points of damage to your opponent's Life Points.	
516	Amazon of the Seas	1300	1400	4	Fish	WATER	None	None	A mermaid who serves as herald of the Sea King and guards the sanctuary.	
992	Amazoness Archers	0	0	0	Trap	Trap	Trap	None	You can only activate this card when your opponent declares an attack and if there is a monster(s) on your side of the field that includes @5"Amazoness"@7 in its card name, or is named @5"Amazon Archer"@7. All monsters on your opponent's side of the field are changed to face-up Attack Position (Flip Effects are not activated), and as long as they remain face-up on the field, their ATK(s) are decreased by 500 points. Your opponent must attack with all of his/her monsters.	
1267	Amazoness Blowpiper	800	1500	3	Warrior	EARTH	Effect	None	Select 1 face-up monster on your opponent's side of the field during each of your Standby Phases. Decrease the ATK of the selected monster by 500 points until the end of this turn.	
995	Amazoness Chain Master	1500	1300	4	Warrior	EARTH	Effect	None	When this monster is destroyed as a result of battle and sent to the Graveyard, by paying 1500 Life Points, look at your opponent's hand and select 1 Monster Card from it. Add the selected card to your hand, and you can use it in this Duel. (When the card is sent to the Graveyard, it is sent to the Graveyard of the owner.)	
998	Amazoness Fighter	1500	1300	4	Warrior	EARTH	Effect	None	All Battle Damage to this card's controller that he/she takes from a battle involving this monster becomes 0.	
1266	Amazoness Paladin	1700	300	4	Warrior	EARTH	Effect	None	Increase the ATK of this monster by 100 points for each monster on your side of the field that includes @5"Amazoness"@7 in its card name, or is named @5"Amazon Archer"@7.	
990	Amazoness Swords Woman	1500	1600	4	Warrior	EARTH	Effect	None	The opponent takes all Battle Damage to this card's controller that he/she would take from a battle involving this card.	
1268	Amazoness Tiger	1100	1500	4	Beast	EARTH	Effect	None	You can only have 1 @5"Amazoness Tiger"@7 on your side of the field. Increase the ATK of this card by 400 points for each monster on your side of the field that includes @5"Amazoness"@7 in its name, or is named @5"Amazon Archer"@7. As long as this card remains face-up on the field, your opponent cannot attack another monster that includes @5"Amazoness"@7 in its name, or is named @5"Amazon Archer"@7.	
407	Ameba	300	350	1	Aqua	WATER	Effect	None	When the control of this face-up card on the field shifts to your opponent, inflict 2000 points of damage to your opponent's Life Points. This effect can only be used once as long as this card remains face-up on the field.	
845	Amphibian Beast	2400	2000	6	Fish	WATER	None	None	On land or in the sea, the speed of this monster is unmatchable.	
524	Amphibious Bugroth	1850	1300	5	Aqua	WATER	Fusion	None	@5"Ground Attacker Bugroth"@7 + @5"Guardian of the Sea"@7	
1469	Amphibious Bugroth MK-3	1500	1300	4	Machine	WATER	Effect	None	As long as @5"Umi"@7 remains face-up on the field, this card can attack your opponent's Life Points directly.	
660	Amplifier	0	0	0	Spell	Spell	Spell	Equip	You can only equip this card to @5"Jinzo"@7. As long as this card is equipped, the effects of Trap Cards controlled by the equipped monster's controller are not negated by the effect of the equipped monster. When this card is removed from the field, the equipped monster is destroyed. This card's activation and effect cannot be negated by any other card.	
1175	An Owl of Luck	300	500	2	Winged Beast	WIND	Effect	None	FLIP: Select 1 Field Spell Card from your Deck and place it on top of your Deck. If @5"Necrovalley"@7 is on the field, you can add the selected Field Spell Card to your hand instead.	
371	Ancient Elf	1450	1200	4	Spellcaster	LIGHT	None	None	This elf is rumored to have lived for thousands of years. He leads an army of spirits against his enemies.	
2019	Ancient Gear	100	800	2	Machine	EARTH	Effect	None	While an @5"Ancient Gear"@7 is face-up on your side of the field, you can Special Summon this card from your hand in Attack Position.	
1820	Ancient Gear Beast	2000	2000	6	Machine	EARTH	Effect	None	This card cannot be Special Summoned. The effects of your opponent's Effect Monster that this monster destroys as a result of battle are negated. If this card attacks, your opponent cannot activate any Spell or Trap Cards until the end of the Damage Step.	
2030	Ancient Gear Cannon	500	500	2	Machine	EARTH	Effect	None	By Tributing this card, inflict 500 points of damage to your opponent's Life Points, and then neither player can activate Trap Cards during the Battle Phase of this turn.	
2026	Ancient Gear Castle	0	0	0	Spell	Spell	Spell	Continuous	Increase the ATK of each face-up monster on the field that includes @5"Ancient Gear"@7 in its card name by 300 points. Each time a monster(s) is Normal Summoned, put 1 counter on this card. If you Tribute Summon a monster that includes @5"Ancient Gear"@7 in its card name, you can substitute this card for a Tribute(s), if the number of counters is equal to or greater than the number of required Tribute(s).	
2022	Ancient Gear Drill	0	0	0	Spell	Spell	Spell	None	You can only activate this card by discarding 1 card from your hand while a monster that includes @5"Ancient Gear"@7 in its card name is face-up on your side of the field. Select 1 Spell Card from your Deck and Set it on your side of the field. You cannot use that Spell Card this turn.	
1819	Ancient Gear Golem	3000	3000	8	Machine	EARTH	Effect	None	This card cannot be Special Summoned. When this card attacks with an ATK that is higher than the DEF of a Defense Position monster, inflict the difference as Battle Damage to your opponent's Life Points. If this card attacks, your opponent cannot activate any Spell or Trap Cards until the end of the Damage Step.	
1821	Ancient Gear Soldier	1300	1300	4	Machine	EARTH	Effect	None	If this card attacks, your opponent cannot activate any Spell or Trap Cards until the end of the Damage Step.	
950	Ancient Lamp	900	1400	3	Spellcaster	WIND	Effect	None	When this monster is attacked in face-down Defense Position, you can designate 1 opponent's monster as the attack's target instead. When this card is on the field, you can Special Summon @5"La Jinn the Mystical Genie of the Lamp"@7 from your hand.	
520	Ancient Lizard Warrior	1400	1100	4	Reptile	EARTH	None	None	Before the dawn of man, this lizard warrior ruled supreme.	
244	Ancient Sorcerer	1000	1300	4	Spellcaster	DARK	None	None	Armed with an array of spell wands, this creature is capable of multiple attacks.	
258	Ancient Tree of Enlightenment	600	1500	3	Plant	EARTH	None	None	This ancient arbor uses its extensive knowledge to avoid the damage of enemy attacks.	
1622	Andro Sphinx	3000	2500	10	Beast	LIGHT	Effect	None	You can pay 500 Life Points to Special Summon this card when @5"Pyramid of Light"@7 is on the field. This card cannot attack during the turn that it is Normal Summoned or Special Summoned. This card cannot be Special Summoned from the Graveyard. If this card destroys a Defense Position monster as a result of battle, inflict damage to your opponent's Life Points equal to half of the ATK of the destroyed monster.	
2043	Anteatereatingant	2000	500	5	Insect	EARTH	Effect	None	This card cannot be Normal Summoned or Set. This card cannot be Special Summoned except by sending 2 Spell or Trap Cards on your side of the field to the Graveyard. This card can destroy 1 Spell or Trap Card on your opponent's side of the field, but it cannot attack this turn if you activate this effect.	
472	Anthrosaurus	1000	850	3	Dinosaur	EARTH	None	None	Man-like dinosaur with a high I.Q. that is lacking in strength.	
1466	Anti-Aircraft Flower	0	1600	3	Plant	EARTH	Effect	None	By tributing 1 Insect-Type monster on your side of the field, inflict 800 points of damage to your opponent's Life Points.	
1300	Anti-Spell	0	0	0	Trap	Trap	Trap	Counter	Remove 2 Spell Counters on your side of the field. Negate the activation of a Spell Card and destroy it.	
805	Anti-Spell Fragrance	0	0	0	Trap	Trap	Trap	Continuous	As long as this card remains face-up on the field, both players must first Set Spell Cards when they use them and cannot activate them until their next turn.	
1271	Apprentice Magician	400	800	2	Spellcaster	DARK	Effect	None	When this card is successfully Normal Summoned, Flip Summoned, or Special Summoned, put 1 Spell Counter on a face-up card on the field that you can put a Spell Counter on. If this card is destroyed in battle, you can select 1 Level 2 or lower Spellcaster-Type monster from your Deck and Special Summon it to the field in face-down Defense Position.	
756	Appropriate	0	0	0	Trap	Trap	Trap	Continuous	You can activate this card when your opponent draws a card outside of his/her Draw Phase. Draw 2 cards from your Deck.	
803	Aqua Chorus	0	0	0	Trap	Trap	Trap	Continuous	If there are monsters with the same name on the field, increase the ATK and DEF of all of those monsters with the same name by 500 points.	
201	Aqua Madoor	1200	2000	4	Spellcaster	WATER	None	None	A wizard of the waters that conjures a liquid wall to crush any enemies that oppose him.	
377	Aqua Snake	1050	900	3	Aqua	WATER	None	None	This monster hypnotizes an opponent with the ball on its tail and drags them to a watery doom.	
963	Aqua Spirit	1600	1200	4	Aqua	WATER	Effect	None	This card cannot be Normal Summoned or Set. This card can only be Special Summoned by removing 1 WATER monster in your Graveyard from play. During each of your opponent's Standby Phases, you can change the battle position of 1 of your opponent's face-up Monster Cards. Once changed, the monster must remain in this position for the rest of the turn.	
1534	Arcane Archer of the Forest	900	1400	3	Warrior	EARTH	Effect	None	While there is a Plant-Type monster on your side of the field, this card cannot be attacked. By tributing 1 Plant-Type monster on your side of the field, destroy 1 Spell or Trap Card on the field.	
191	Archfiend Marmot of Nefariousness	400	600	2	Beast	EARTH	None	None	An air marmot that has a nefarious horn and wings. It attacks by throwing acorns.	
853	Archfiend of Gilfer	2200	2500	6	Fiend	DARK	Effect	None	When this card is sent to the Graveyard, you can activate its effect. You can then equip it to a monster on the field, and this card will be treated as an Equip Spell Card that decreases the ATK of the equipped monster by 500 points.	
1359	Archfiend Soldier	1900	1500	4	Fiend	DARK	None	None	An expert at battle who belongs to a crack diabolical unit. He's famous because he always gets the job done.	
1391	Archfiend's Roar	0	0	0	Trap	Trap	Trap	None	Pay 500 Life Points to activate this card. Special Summon 1 Archfiend Monster Card from your Graveyard. This monster cannot be Tributed under any conditions and is destroyed during the End Phase of this turn.	
1539	Archlord Zerato	2800	2300	8	Fairy	LIGHT	Effect	None	This card cannot be Normal Summoned or Set. This card cannot be Special Summoned except by Tributing 1 face-up @5"Warrior of Zera"@7 on your side of the field while @5"The Sanctuary in the Sky"@7 is on the field. If @5"The Sanctuary in the Sky"@7 is on your side of the field, by discarding 1 LIGHT Monster Card from your hand to the Graveyard, destroy all monsters on your opponent's side of the field. If @5"The Sanctuary in the Sky"@7 is not on your side of the field, this effect is not applied.	
171	Arlownay	800	1000	3	Plant	EARTH	None	None	A lady monster dwelling in a flower, she sprinkles the air with poisonous pollen.	
186	Arma Knight	1000	1200	4	Aqua	WATER	None	None	An ammonite warrior that has protected the seas throughout history.	
164	Armaill	700	1300	3	Warrior	EARTH	None	None	A strange warrior who manipulates three deadly blades with both hands and his tail.	
1993	Armed Changer	0	0	0	Spell	Spell	Spell	Equip	Send 1 Equip Spell Card from your hand to the Graveyard to activate this card. If the equipped monster destroys a monster as a result of battle, the controller of this Equip Card can add 1 monster with ATK equal to or less than the equipped monster from their Graveyard to their hand.	
2005	Armed Dragon LV10	3000	2000	10	Dragon	WIND	Effect	None	This card cannot be Normal Summoned or Set. This card cannot be Special Summoned except by Tributing 1 @5"Armed Dragon LV7"@7 on your side of the field. By sending 1 card from your hand to the Graveyard, destroy all face-up monsters on your opponent's side of the field.	
1639	Armed Dragon LV3	1200	900	3	Dragon	WIND	Effect	None	During your Standby Phase, by sending this face-up card to the Graveyard, Special Summon 1 @5"Armed Dragon LV5"@7 from your hand or Deck.	
1640	Armed Dragon LV5	2400	1700	5	Dragon	WIND	Effect	None	By sending 1 Monster Card from your hand to the Graveyard, destroy 1 face-up monster on your opponent's side of the field with an ATK equal to or less than the ATK of the sent monster. During the End Phase of a turn that this card destroyed a monster as a result of battle, by sending this card to the Graveyard, Special Summon 1 @5"Armed Dragon LV7"@7 from your hand or Deck.	
1641	Armed Dragon LV7	2800	1000	7	Dragon	WIND	Effect	None	This card cannot be Normal Summoned or Set. This card cannot be Special Summoned except by the effect of @5"Armed Dragon LV5"@7. By sending 1 Monster Card from your hand to the Graveyard, destroy all face-up monsters on your opponent's side of the field with ATK equal to or less than the ATK of the sent monster.	
395	Armed Ninja	300	300	1	Warrior	EARTH	Effect	None	FLIP: Select 1 Spell Card on the field and destroy it. If the selected card is Set, pick up and see the card. If it is a Spell Card, it is destroyed. If it is a Trap Card, return it to its original position.	
1773	Armed Samurai - Ben Kei	500	800	4	Warrior	DARK	Effect	None	In addition to a normal attack, this card can attack during the same Battle Phase as many times as the number of Equip Cards equipped to this card.	
1555	Armor Break	0	0	0	Trap	Trap	Trap	Counter	Negate the activation of an Equip Spell Card and destroy it.	
1279	Armor Exe	2400	1400	4	Rock	LIGHT	Effect	None	This card cannot attack in the same turn it is Normal Summoned, Flip Summoned, or Special Summoned. During each of your and your opponent's Standby Phases, remove 1 Spell Counter on your side of the field. If you do not, destroy this card.	
56	Armored Lizard	1500	1200	4	Reptile	EARTH	None	None	A lizard with a very tough hide and a vicious bite.	
519	Armored Rat	950	1100	3	Beast	EARTH	None	None	The fur on this monster rat is tough enough to repel swords.	
509	Armored Starfish	850	1400	4	Aqua	WATER	None	None	A bluish starfish with a solid hide capable of fending off attacks.	
102	Armored Zombie	1500	0	3	Zombie	DARK	None	None	This warrior blindly swings a deadly blade with devastating force.	
2084	Army Ant Token	500	1200	4	Insect	EARTH	Token	None	Special Summon with the effect of @5"Multiplication of Ants"@7. This Token cannot be used as a Tribute for a Tribute Summon.	
1025	Array of Revealing Light	0	0	0	Spell	Spell	Spell	Field	Declare 1 Type of monster. Any monster of the declared Type cannot declare an attack during the turn it is Normal Summoned, Flip Summoned or Special Summoned.	
826	Arsenal Bug	2000	2000	3	Insect	EARTH	Effect	None	If there are no face-up Insect-Type monsters (except this monster) on your side of the field, both the ATK and DEF of this monster become 1000 points.	
1345	Arsenal Robber	0	0	0	Trap	Trap	Trap	None	Your opponent selects 1 Equip Spell Card from his/her Deck and sends it to the Graveyard.	
1312	Arsenal Summoner	1600	1600	4	Spellcaster	WIND	Effect	None	FLIP: Add 1 card that includes @5"Guardian"@7 in its card name from your Deck to your hand. You cannot add @5"Celtic Guardian"@7, @5"Winged Dragon, Guardian of the Fortress #1"@7, @5"Winged Dragon, Guardian of the Fortress #2"@7, @5"Guardian of the Labyrinth"@7, @5"The Reliable Guardian"@7, or @5"Guardian Exode"@7.	
1801	Assault on GHQ	0	0	0	Trap	Trap	Trap	None	Select 1 monster on your side of the field to activate this card. Destroy the selected card and send 2 cards from the top of your opponent's Deck to the Graveyard.	
1749	Astral Barrier	0	0	0	Trap	Trap	Trap	Continuous	If your opponent's monster attacks a monster on your side of the field, you can make the attack a direct attack to your Life Points.	
1072	Asura Priest	1700	1200	4	Fairy	LIGHT	Spirit	None	This card cannot be Special Summoned. This card returns to the owner's hand during the End Phase of the turn that this card is Normal Summoned or flipped face-up. This card can attack all monsters on your opponent's side of the field. You cannot attack your opponent directly if you attack any monsters first.	
1572	Aswan Apparition	500	500	3	Fiend	DARK	Effect	None	If this card inflicts Battle Damage to your opponent's Life Points, you can return 1 Trap Card from your Graveyard to the top of your Deck.	
1529	Atomic Firefly	100	200	1	Insect	LIGHT	Effect	None	When this face-up card on the field attacks or is attacked and it is destroyed as a result of battle, the player who destroyed it takes 1000 points of damage.	
763	Attack and Receive	0	0	0	Trap	Trap	Trap	None	You can only activate this card when you take damage to your Life Points. Inflict 700 points of damage to your opponent's Life Points. Also, inflict 300 points of damage to your opponent's Life Points for each @5"Attack and Receive"@7 card in your Graveyard.	
2028	Attack Reflector Unit	0	0	0	Trap	Trap	Trap	None	Tribute 1 @5"Cyber Dragon"@7 on your side of the field to activate this card. Special Summon 1 @5"Cyber Barrier Dragon"@7 from your hand or Deck.	
1839	Aussa the Earth Charmer	500	1500	3	Spellcaster	EARTH	Effect	None	FLIP: Take control of 1 EARTH monster on your opponent's side of the field, for as long as this card remains face-up on the field.	
1238	Autonomous Action Unit	0	0	0	Spell	Spell	Spell	Equip	Pay 1500 Life Points. Select 1 monster from your opponent's Graveyard, Special Summon it to your side of the field in Attack Position, and equip it with this card. When this card is removed from the field, destroy the equipped monster.	
1523	Avatar of The Pot	1200	1300	3	Rock	EARTH	Effect	None	By sending 1 @5"Pot of Greed"@7 from your hand to the Graveyard, draw 3 cards from your Deck.	
2010	Axe Dragonute	2000	1200	4	Dragon	DARK	Effect	None	If this card attacks, it is changed to Defense Position at the end of the Damage Step.	
283	Axe of Despair	0	0	0	Spell	Spell	Spell	Equip	Increase the ATK of a monster equipped with this card by 1000 points. When this card is sent from the field to the Graveyard, if you offer 1 monster on your side of the field as a Tribute, this card returns to the top of your Deck.	
84	Axe Raider	1700	1150	4	Warrior	EARTH	None	None	An axe-wielding monster of tremendous strength and agility.	
475	B. Dragon Jungle King	2100	1800	6	Dragon	EARTH	None	None	A jet-black dragon found in the deepest jungles who normally devours trees.	
205	B. Skull Dragon	3200	2500	9	Dragon	DARK	Fusion	None	@5"Summoned Skull"@7 + @5"Red-Eyes B. Dragon"@7	
2034	B.E.S. Covered Core	2500	800	7	Machine	EARTH	Effect	None	Put 2 counters on this card when you Normal Summon it. This card is not destroyed as a result of battle. If this card battles a monster, toss a coin and call it at the end of the Damage Step. If you call it wrong, remove 1 counter. If this card battles without a counter, destroy this card at the end of the Damage Step.	
1904	B.E.S. Crystal Core	2100	1000	5	Machine	WATER	Effect	None	Put 3 counters on this card when you Normal Summon it. This card is not destroyed as a result of battle. If this card battles a monster, remove 1 counter from this card at the end of the Damage Step. If this card battles without a counter, destroy this card at the end of the Damage Step. Once per turn, during your Main Phase, you can change 1 face-up Attack Position monster on your opponent's side of the field to face-up Defense Position.	
1968	B.E.S. Tetran	1800	2300	6	Machine	WIND	Effect	None	Put 3 counters on this card when you Normal Summon it. This card is not destroyed as a result of battle. If this card battles a monster, remove 1 counter from this card at the end of the Damage Step. If this card battles without a counter, destroy this card at the end of the Damage Step. Also, by removing 1 counter on this card, destroy 1 Spell or Trap Card on the field. You can only use this effect once per turn.	
7	Baby Dragon	1200	700	3	Dragon	WIND	None	None	Much more than just a child, this dragon is gifted with untapped power.	
1736	Back to Square One	0	0	0	Spell	Spell	Spell	None	Discard 1 card from your hand. Return 1 monster on the field to the top of the owner's Deck.	
1547	Backfire	0	0	0	Trap	Trap	Trap	Continuous	When a FIRE monster(s) on your side of the field is destroyed and sent to the Graveyard, inflict 500 points of damage to your opponent's Life Points.	
762	Backup Soldier	0	0	0	Trap	Trap	Trap	None	You can activate this card when there are 5 or more Monster Cards in your Graveyard. Select up to 3 Monster Cards with an ATK of 1500 points or less (except Effect Monster Cards) from your Graveyard and add them to your hand.	
559	Bad Reaction to Simochi	0	0	0	Trap	Trap	Trap	Continuous	As long as this card remains face-up on the field, the effect of increasing your opponent's Life Points is changed to inflict the same amount of points in damage to your opponent's Life Points.	
985	Bait Doll	0	0	0	Spell	Spell	Spell	None	Force the activation of 1 face-down Trap Card. If the timing of the activation of the Trap Card is incorrect, negate the effect and destroy it. If it is not a Trap Card, it is returned to its original position. After this card is activated, it is placed into the Deck (not the Graveyard). The Deck is then shuffled.	
1738	Ballista of Rampart Smashing	0	0	0	Spell	Spell	Spell	Equip	If a monster equipped with this card attacks a face-down Defense Position monster, increase the ATK of the equipped monster by 1500 points.	
729	Banisher of the Light	100	2000	3	Fairy	LIGHT	Effect	None	As long as this card remains face-up on the field, any card sent to the Graveyard is removed from play instead.	
1190	Banner of Courage	0	0	0	Spell	Spell	Spell	Continuous	During your Battle Phase only, increase the ATK of all monsters on your side of the field by 200 points.	
1009	Bark of Dark Ruler	0	0	0	Trap	Trap	Trap	None	You can only activate this card during the Damage Step of the Battle Phase that a Fiend-Type monster on your side of the field attacks or is attacked. Pay Life Points (in multiples of 100 points) to decrease 1 of your opponent's monster's ATK and DEF by the same amount of points until the End Phase of that turn.	
700	Baron of the Fiend Sword	1550	800	4	Fiend	DARK	None	None	An aristocrat who wields a sword possessed by a malicious spirit that preys on the weak.	
95	Barox	1380	1530	5	Fiend	DARK	Fusion	None	@5"Frenzied Panda"@7 + @5"Ryu-Kishin"@7	
602	Barrel Dragon	2600	2200	7	Machine	DARK	Effect	None	Toss a coin 3 times. If 2 out of 3 results are Heads, destroy 1 monster on your opponent's side of the field. You can only use this effect once per turn, during your Main Phase.	
412	Barrel Lily	1100	600	3	Plant	EARTH	None	None	This wicked flower attacks enemies with pollen projectiles.	
384	Barrel Rock	1000	1300	4	Rock	EARTH	None	None	Shouldering a pair of machine guns, this monster is unstoppable.	
55	Basic Insect	500	700	2	Insect	EARTH	None	None	Usually found traveling in swarms, this creature's ideal environment is the forest.	
1852	Battery Charger	0	0	0	Spell	Spell	Spell	None	Pay 500 Life Points. Special Summon 1 monster from your Graveyard that includes @5"Batteryman"@7 in its card name.	
1843	Batteryman AA	0	0	3	Thunder	LIGHT	Effect	None	If all @5"Batteryman AA"@7(s) on your side of the field are in Attack Position, increase the ATK of this card by 1000 points for each @5"Batteryman AA"@7 on your side of the field. If all @5"Batteryman AA"@7(s) on your side of the field are in Defense Position, increase the DEF of this card by 1000 points for each @5"Batteryman AA"@7 on your side of the field.	
1913	Batteryman C	0	0	2	Thunder	LIGHT	Effect	None	If all @5"Batteryman C"@7(s) on your side of the field are in Attack Position, increase the ATK of all Machine-Type monsters on your side of the field by 500 points for each @5"Batteryman C"@7 on your side of the field. If all @5"Batteryman C"@7(s) on your side of the field are in Defense Position, increase the DEF of all Machine-Type monsters on your side of the field by 500 points for each @5"Batteryman C"@7 on your side of the field.	
1311	Battle Footballer	1000	2100	4	Machine	FIRE	None	None	A cyborg with high defense power. Originally it was invented for a football machine.	
28	Battle Ox	1700	1000	4	Beast-Warrior	EARTH	None	None	A monster with tremendous power, it destroys enemies with a swing of its axe.	
106	Battle Warrior	700	1000	3	Warrior	EARTH	None	None	A warrior that fights with his bare hands.	
1389	Battle-Scarred	0	0	0	Trap	Trap	Trap	Continuous	Select 1 Archfiend monster on your side of the field to activate this card. Your opponent also pays the same Life Points that you pay for the selected monster during the Standby Phase. If this card is removed from the field, destroy the selected monster. When the selected monster is removed from the field, destroy this card.	
487	Beaked Snake	800	900	3	Reptile	EARTH	None	None	This monster wraps itself around an opponent and pecks away with its huge beak.	
425	Bean Soldier	1400	1300	4	Plant	EARTH	None	None	A plant-warrior that attacks with seeds and sword.	
638	Beast of Talwar	2400	2150	6	Fiend	DARK	None	None	Only the master of the sword among Fiend-Type monsters is permitted to hold the Talwar.	
1800	Beast Soul Swap	0	0	0	Trap	Trap	Trap	None	Return to the owner's hand 1 face-up Beast-Type monster on your side of the field, and the owner of that card Special Summons 1 Beast-Type monster that has the same Level as the monster that you returned.	
243	Beastking of the Swamps	1000	1100	4	Aqua	WATER	Effect	None	You can substitute this card for any 1 Fusion-Material Monster. When you do this, the other Fusion-Material Monster(s) must be the correct one(s).	
550	Beastly Mirror Ritual	0	0	0	Spell	Spell	Spell	Ritual	This card is used to Ritual Summon @5"Fiend's Mirror"@7. You must also offer monsters whose total Level Stars equal 6 or more as a Tribute from the field or your hand.	
221	Beautiful Headhuntress	1600	800	4	Warrior	EARTH	None	None	A vicious creature that has decapitated numerous enemy monsters.	
29	Beaver Warrior	1200	1500	4	Beast-Warrior	EARTH	None	None	What this creature lacks in size it makes up for in defense when battling in the prairie.	
1553	Beckoning Light	0	0	0	Trap	Trap	Trap	None	Discard all the cards in your hand to the Graveyard, then select a number of LIGHT monsters from your Graveyard equal to the number of cards you discarded, and add them to your hand.	
2047	Beelze Frog	1200	800	3	Aqua	WATER	Effect	None	Increase the ATK of this card by 300 points for each @5"T.A.D.P.O.L.E."@7 in your Graveyard.	
1494	Begone, Knave!	0	0	0	Trap	Trap	Trap	Continuous	If a monster inflicts Battle Damage to a player, return the monster to its owner's hand.	
458	Behegon	1350	1000	4	Aqua	WATER	None	None	With a large mouth and massive teeth, this is one dangerous and strange sea snake.	
1765	Behemoth the King of All Animals	2700	1500	7	Beast	EARTH	Effect	None	This card can be Normal Summoned or Set with 1 Tribute Monster. In that case, the original ATK of this card becomes 2000. When this card is Tribute Summoned successfully, you can return from your Graveyard to the owner's hand a number of Beast-Type monsters equal to the number of Tributed monsters.	
1971	Beiige, Vanguard of Dark World	1600	1300	4	Fiend	DARK	Effect	None	If this card is discarded from the hand to the Graveyard by a card effect, Special Summon this card to your side of the field.	
609	Berfomet	1400	1800	5	Fiend	DARK	Effect	None	When this card is summoned (excluding Special Summon), you can add 1 @5"Gazelle the King of Mythical Beasts"@7 from your Deck to your hand.	
1309	Berserk Dragon	3500	0	8	Zombie	DARK	Effect	None	This card cannot be Normal Summoned or Set. This card cannot be Special Summoned except by the effect of @5"A Deal with Dark Ruler"@7. This card can attack all monsters on your opponent's side of the field once each. Decrease the ATK of this card by 500 points during the End Phase of each of your turns.	
1410	Berserk Gorilla	2000	1000	4	Beast	EARTH	Effect	None	If this card is in face-up Defense Position on the field, destroy this card. The controller of this card must attack with this card if possible.	
617	Beta The Magnet Warrior	1700	1600	4	Rock	EARTH	None	None	Alpha, Beta, and Gamma meld as one to form a powerful monster.	
342	Bickuribox	2300	2000	7	Fiend	DARK	Fusion	None	@5"Crass Clown"@7 + @5"Dream Clown"@7	
1288	Big Bang Shot	0	0	0	Spell	Spell	Spell	Equip	Increase the ATK of a monster equipped with this card by 400 points. When the equipped monster attacks with an ATK that is higher than the DEF of your opponent's Defense Position monster, inflict the difference as Battle Damage to your opponent's Life Points. When this card is removed from the field, remove the equipped monster from play.	
1436	Big Burn	0	0	0	Trap	Trap	Trap	None	You can only activate this card when your opponent activates a card that targets a monster in the Graveyard. Remove from play all monsters in both players' Graveyards.	
1723	Big Core	2300	1100	6	Machine	DARK	Effect	None	Put 3 counters on this card when you Normal Summon it. This card is not destroyed as a result of battle. If this card battles a monster, remove 1 counter from this card at the end of the Damage Step. If this card battles without a counter, destroy this card at the end of the Damage Step.	
54	Big Insect	1200	1500	4	Insect	EARTH	None	None	A giant ant that dwells in the jungle, it is powerful whether attacking or defending.	
1402	Big Koala	2700	2000	7	Beast	EARTH	None	None	A species of huge Des Koala. He's meek, but people are afraid of him because he's very powerful.	
618	Big Shield Gardna	100	2600	4	Warrior	EARTH	Effect	None	Negate the activation of a Spell Card that designates this 1 face-down monster. At that time, flip this card into face-up Defense Position. If this card is attacked, change the Battle Position of this card to Attack Position at the end of the Damage Step.	
619	Big Shield Gardna	100	2600	4	Warrior	EARTH	Effect	None	Negate the activation of a Spell Card that designates this 1 face-down monster. At that time, flip this card into face-up Defense Position. If this card is attacked, change the Battle Position of this card to Attack Position at the end of the Damage Step.	
1670	Big Wave Small Wave	0	0	0	Spell	Spell	Spell	None	Destroy all face-up WATER monsters on your side of the field. Then you can Special Summon WATER monsters from your hand, up to the same number of monsters destroyed by this effect.	
1766	Big-Tusked Mammoth	2000	1000	5	Beast	EARTH	Effect	None	As long as this card remains face-up on the field, monsters on your opponent's side of the field cannot attack during the same turn that they are Normal Summoned, Flip Summoned, or Special Summoned.	
481	Binding Chain	1000	1100	3	Fairy	LIGHT	None	None	The mystic links of this chain can rob enemies of their power.	
277	Bio Plant	600	1300	3	Fiend	DARK	None	None	A monster created from a major accident in an underground lab.	
922	Bio-Mage	1150	1000	3	Fairy	LIGHT	None	None	A mysterious priest created as a result of the latest advances in biotechnology.	
814	Birdface	1600	1600	4	Winged Beast	WIND	Effect	None	When this card is sent to the Graveyard as a result of battle, you can add 1 @5"Harpie Lady"@7 from your Deck to your hand. Then shuffle your Deck.	
646	Black Illusion Ritual	0	0	0	Spell	Spell	Spell	Ritual	This card is used to Ritual Summon @5"Relinquished"@7. You must also Tribute monsters whose total Level Stars equal 1 or more from the field or your hand.	
545	Black Luster Ritual	0	0	0	Spell	Spell	Spell	Ritual	This card is used to Ritual Summon @5"Black Luster Soldier"@7. You must also offer monsters whose total Level Stars equal 8 or more as a Tribute from the field or your hand.	
322	Black Luster Soldier	3000	2500	8	Warrior	EARTH	Ritual	None	This monster can only be Ritual Summoned with the Ritual Spell Card, @5"Black Luster Ritual"@7. You must also offer monsters whose total Level Stars equal 8 or more as a Tribute from the field or your hand.	
1421	Black Luster Soldier - Envoy of the Beginning	3000	2500	8	Warrior	LIGHT	Effect	None	This card cannot be Normal Summoned or Set. This card can only be Special Summoned by removing from play 1 LIGHT and 1 DARK monster in your Graveyard. Once during each of your turns, you can select and activate 1 of the following effects: @4 @7Remove from play 1 monster on the field. If you activate this effect, this card cannot attack during this turn. @4 @7If this card destroyed your opponent's monster as a result of battle, it can attack once again in a row.	
285	Black Pendant	0	0	0	Spell	Spell	Spell	Equip	Increase the ATK of a monster equipped with this card by 500 points. When this card is sent from the field to the Graveyard, inflict 500 points of damage to your opponent's Life Points.	
1465	Black Tyranno	2600	1800	7	Dinosaur	EARTH	Effect	None	If the only cards on your opponent's side of the field are Defense Position Monster Cards, this card can attack your opponent's Life Points directly.	
12	Blackland Fire Dragon	1500	800	4	Dragon	DARK	None	None	A dragon that dwells in the depths of darkness, its vulnerability lies in its poor eyesight.	
1147	Blade Knight	1600	1000	4	Warrior	LIGHT	Effect	None	If you have 1 or less cards in your hand, increase the ATK of this card on the field by 400 points. Also, when this card is the only monster on your side of the field, negate the effects of Flip Effect Monsters destroyed by this card as a result of battle.	
1769	Blade Rabbit	400	300	2	Beast	EARTH	Effect	None	When this card is changed from Attack Position to face-up Defense Position, destroy 1 monster on your opponent's side of the field.	
1945	Blade Skater	1400	1500	4	Warrior	EARTH	None	None	An image of beauty on the ice, this gorgeous warrior rips her opponents into pieces with her stylish Accel Slicer attack.	
505	Bladefly	600	700	2	Insect	WIND	Effect	None	As long as this card remains face-up on the field, increase the ATK of all WIND monsters by 500 points and decrease the ATK of all EARTH monsters by 400 points.	
1059	Blast Held by a Tribute	0	0	0	Trap	Trap	Trap	None	You can only activate this card when your opponent declares an attack with a monster on his/her side of the field that has been Tribute Summoned or Set. Destroy all face-up Attack Position monsters on your opponent's side of the field and inflict 1000 points of damage to your opponent's Life Points.	
1771	Blast Magician	1400	1700	4	Spellcaster	FIRE	Effect	None	Each time you or your opponent activates 1 Spell Card, put 1 Spell Counter on this card. By removing any number of Spell Counters from this card, destroy 1 face-up monster on the field with an ATK equal to or less than 700 points x the number of removed Spell Counters.	
596	Blast Sphere	1400	1400	4	Machine	DARK	Effect	None	When your opponent attacks this monster in face-down Defense Position, this card is treated as an Equip Card and is used to equip the attacking monster (damage is not calculated). The equipped monster and this card are destroyed during your opponent's next Standby Phase. Your opponent then receives Direct Damage equal to the equipped monster's ATK.	
1086	Blast with Chain	0	0	0	Trap	Trap	Trap	None	After activation, this card is treated as an Equip Card that increases the ATK of the equipped monster by 500 points. Equip a monster on your side of the field with this card. If this card is destroyed by the effect of another card while it is an Equip Card, select 1 card on the field and destroy it.	
1437	Blasting the Ruins	0	0	0	Trap	Trap	Trap	None	You can only activate this card if there are 30 or more cards in your Graveyard. Inflict 3000 points of damage to your opponent's Life Points.	
1453	Blazing Inpachi	1850	0	4	Pyro	FIRE	None	None	A wicked wooden spirit now burning in flames. Its fire attack is powerful, but it will soon be nothing but ashes.	
978	Blind Destruction	0	0	0	Trap	Trap	Trap	Continuous	During your Standby Phase, roll 1 six-sided die once. Destroy any monsters whose Level Stars are equal to the number rolled. (If the number is @5"6"@7, destroy all face-up Level 6 or higher monsters on the field.)	
1322	Blindly Loyal Goblin	1800	1500	4	Warrior	EARTH	Effect	None	As long as this card remains face-up on the field, control of this card cannot switch.	
694	Block Attack	0	0	0	Spell	Spell	Spell	None	Select 1 face-up Attack Position monster on your opponent's side of the field and change it to Defense Position.	
2094	Block Token	1000	1500	4	Rock	EARTH	Token	None	Special Summon with the effect of @5"The Blockman"@7. This Token cannot declare an attack.	
359	Blocker	850	1800	4	Machine	DARK	None	None	This monster has several components that can be launched for formation attacks.	
1808	Blood Sucker	1300	1500	4	Zombie	DARK	Effect	None	Each time you inflict battle damage on your opponent with this card, the top card of your opponent's Deck is sent to the Graveyard.	
1527	Blowback Dragon	2300	1200	6	Machine	DARK	Effect	None	Toss a coin 3 times. If at least 2 of the results are Heads, select 1 card on your opponent's side of the field and destroy it. You can only activate this effect once per turn, during your Main Phase.	
135	Blue-Eyed Silver Zombie	900	700	3	Zombie	DARK	None	None	The beams from the eyes of this creature are said to turn enemies into zombies.	
1617	Blue-Eyes Shining Dragon	3000	2500	10	Dragon	LIGHT	Effect	None	This card cannot be Normal Summoned or Set. This card cannot be Special Summoned except by offering 1 @5"Blue-Eyes Ultimate Dragon"@7 on your side of the field as a Tribute. Increase the ATK of this card by 300 points for each Dragon-Type monster in your Graveyard. You can negate the effect of Spell, Trap, and Monster Cards that designate this card.	
629	Blue-Eyes Toon Dragon	3000	2500	8	Dragon	LIGHT	Toon	None	This card cannot be Normal Summoned or Set. This card can only be Special Summoned while @5"Toon World"@7 is on your side the field. You can Special Summon this monster from your hand, but Tributes are required for monsters Level 5 or more. This card cannot attack in the turn that it is Summoned. Unless you pay 500 Life Points, this monster cannot attack. When @5"Toon World"@7 on the field is destroyed, this card is also destroyed. If your opponent doesn't control a Toon Monster, this card can attack your opponent's Life Points directly. If a face-up Toon Monster is on your opponent's side of the field, your must select the Toon Monster as an attack target.	
337	Blue-Eyes Ultimate Dragon	4500	3800	12	Dragon	LIGHT	Fusion	None	@5"Blue-Eyes White Dragon"@7 + @5"Blue-Eyes White Dragon"@7 + @5"Blue-Eyes White Dragon"@7	
338	Blue-Eyes Ultimate Dragon	4500	3800	12	Dragon	LIGHT	Fusion	None	@5"Blue-Eyes White Dragon"@7 + @5"Blue-Eyes White Dragon"@7 + @5"Blue-Eyes White Dragon"@7	
1	Blue-Eyes White Dragon	3000	2500	8	Dragon	LIGHT	None	None	This legendary dragon is a powerful engine of destruction. Virtually invincible, very few have faced this awesome creature and lived to tell the tale.	
2	Blue-Eyes White Dragon	3000	2500	8	Dragon	LIGHT	None	None	This legendary dragon is a powerful engine of destruction. Virtually invincible, very few have faced this awesome creature and lived to tell the tale.	
3	Blue-Eyes White Dragon	3000	2500	8	Dragon	LIGHT	None	None	This legendary dragon is a powerful engine of destruction. Virtually invincible, very few have faced this awesome creature and lived to tell the tale.	
4	Blue-Eyes White Dragon	3000	2500	8	Dragon	LIGHT	None	None	This legendary dragon is a powerful engine of destruction. Virtually invincible, very few have faced this awesome creature and lived to tell the tale.	
523	Blue-Winged Crown	1600	1200	4	Winged Beast	WIND	None	None	With hair shaped like a crown and a body encased in bluish white flames, this bird is a formidable sight.	
1699	Bokoichi the Freightening Car	500	500	2	Machine	DARK	None	None	A freight car that is exclusively for Dekoichi. It can transport anything, but most cargo arrives broken.	
389	Bolt Penguin	1100	800	3	Thunder	WATER	None	None	With both arms forming an electric whip, this monster paralyzes its enemies with electric shocks.	
893	Bombardment Beetle	400	900	2	Insect	WIND	Effect	None	FLIP: Pick up and see 1 face-down Defense Position Monster Card on your opponent's side of the field. If it is an Effect Monster, destroy it (its Flip Effect is not activated), and if the card is not, return it to its original position.	
1962	Bonding - H2O	0	0	0	Spell	Spell	Spell	None	Tribute 2 @5"Hydrogeddon"@7s and 1 @5"Oxygeddon"@7 on your side of the field. Special Summon 1 @5"Water Dragon"@7 from your hand, Deck or Graveyard.	
836	Boneheimer	850	400	3	Aqua	WATER	None	None	This monster wanders the seas, sucking dry any creatures it may encounter.	
409	Boo Koo	650	500	2	Spellcaster	DARK	None	None	A book-like wizard with a wealth of spell written inside.	
1115	Book of Life	0	0	0	Spell	Spell	Spell	None	Special Summon 1 Zombie-Type monster from your Graveyard to the field and remove 1 monster in your opponent's Graveyard from play.	
1116	Book of Taiyou	0	0	0	Spell	Spell	Spell	None	Flip 1 face-down monster on the field into face-up Attack Position.	
1983	Boss Rush	0	0	0	Spell	Spell	Spell	Continuous	The controller of this card cannot Normal Summon or Set. During the End Phase of the turn that a monster on your side of the field that includes @5"B.E.S."@7 in its card name, or is named @5"Big Core"@7, is destroyed and sent to the Graveyard, you can Special Summon from your Deck 1 monster that includes @5"B.E.S."@7 in its card name, or is named @5"Big Core"@7.	
374	Bottom Dweller	1650	1700	5	Fish	WATER	None	None	This is one sea creature whose wrath is something monsters fear to face.	
1124	Bottomless Shifting Sand	0	0	0	Trap	Trap	Trap	Continuous	At the end of your opponent's turn, destroy the face-up monster(s) with the highest ATK on the field. During your own Standby Phase, if you have 4 or less cards in your hand, this card is destroyed.	
431	Boulder Tortoise	1450	2200	6	Aqua	WATER	None	None	A stone turtle that is nearly indestructible.	
1303	Bowganian	1300	1000	3	Machine	DARK	Effect	None	During each of your Standby Phases, inflict 600 points of damage to your opponent's Life Points.	
423	Bracchio-raidus	2200	2000	6	Dinosaur	WATER	Fusion	None	@5"Two-Headed King Rex"@7 + @5"Crawling Dragon #2"@7	
1784	Brain Jacker	200	900	2	Fiend	DARK	Effect	None	FLIP: Equip this card to a monster on your opponent's side of the field and treat it as an Equip Card. Take control of the monster that is equipped with this card. Increase your opponent's Life Points by 500 points during each of his/her Standby Phases.	
428	Brave Scizzar	1300	1000	4	Machine	DARK	None	None	Armed with a mass of scissors, this monster can clip an enemy into any desired shape and size.	
543	Bright Castle	0	0	0	Spell	Spell	Spell	Equip	Increases the ATK of all LIGHT monsters by 700 points.	
1972	Broww, Huntsman of Dark World	1400	800	3	Fiend	DARK	Effect	None	If this card is discarded from the hand to the Graveyard by a card effect, draw 1 card from your Deck. If this card is discarded from the hand to the Graveyard by your opponent's card effect, draw 1 more card from your Deck.	
1973	Brron, Mad King of Dark World	1800	400	4	Fiend	DARK	Effect	None	When this card inflicts Battle Damage to your opponent's Life Points, you can select 1 card in your hand and discard it to the Graveyard.	
2002	Bubble Blaster	0	0	0	Spell	Spell	Spell	Equip	You can only equip this card to @5"Elemental Hero Bubbleman"@7. Increase the ATK of the equipped monster by 800 points. If the equipped monster would be destroyed as a result of battle, destroy this card instead, and make the Battle Damage to the controller of the equipped monster 0.	
2003	Bubble Illusion	0	0	0	Spell	Spell	Spell	Quick-Play	You can only activate this card while there is a face-up @5"Elemental Hero Bubbleman"@7 on your side of the field. During this turn, you can activate 1 Trap Card from your hand.	
1893	Bubble Shuffle	0	0	0	Spell	Spell	Spell	Quick-Play	You can only activate this card when there is a face-up @5"Elemental Hero Bubbleman"@7 on the field. Change 1 @5"Elemental Hero Bubbleman"@7 in face-up Attack Position on your side of the field and 1 monster in face-up Attack Position on your opponent's side of the field to Defense Position. Tribute the @5"Elemental Hero Bubbleman"@7 that was changed to Defense Position and Special Summon 1 monster from your hand that includes @5"Elemental Hero"@7 in its card name.	
775	Bubonic Vermin	900	600	3	Beast	EARTH	Effect	None	FLIP: You can Special Summon 1 @5"Bubonic Vermin"@7 from your Deck in face-down Defense Position. Then shuffle your Deck.	
405	Burglar	850	800	3	Beast	EARTH	None	None	A sly rat. He will come at you with his huge left claw.	
1454	Burning Algae	500	1500	3	Pyro	FIRE	Effect	None	When this card is sent to the Graveyard, increase your opponent's Life Points by 1000 points.	
1226	Burning Beast	1500	1000	4	Pyro	FIRE	Union	None	Once per turn, during your Main Phase, if you control this monster on the field, you can equip it to your @5"Freezing Beast"@7 as an Equip Spell Card, OR unequip the Union equipment and Special Summon this card in face-up Attack Position. While equipped to a monster by this card's effect, each time the equipped monster inflicts Battle Damage to your opponent, destroy 1 face-up Spell or Trap Card on the field. (1 monster can only be equipped with 1 Union Monster at a time. If the equipped monster is destroyed as a result of battle, destroy this card instead.)	
881	Burning Land	0	0	0	Spell	Spell	Spell	Continuous	Destroy all Field Spell Cards on the field. Inflict 500 points of damage to each player's Life Points during his/her Standby Phase.	
1044	Burst Breath	0	0	0	Trap	Trap	Trap	None	Tribute 1 Dragon-Type monster on your side of the field. Destroy all face-up monsters on the field whose DEF is equal to or less than the ATK of the Tributed monster.	
2001	Burst Return	0	0	0	Spell	Spell	Spell	None	You can only activate this card while there is a face-up @5"Elemental Hero Burstinatrix"@7 on your side of the field. Return to the owner's hand(s) all monster(s) on the field that include @5"Elemental Hero"@7 in their card name, except @5"Elemental Hero Burstinatrix"@7.	
1542	Burst Stream of Destruction	0	0	0	Spell	Spell	Spell	None	You can only activate this card while there is a face-up @5"Blue-Eyes White Dragon"@7 on your side of the field. Destroy all monsters on your opponent's side of the field. No @5"Blue-Eyes White Dragon"@7 can attack during the turn you activate this card.	
787	Buster Blader	2600	2300	7	Warrior	EARTH	Effect	None	Increase the ATK of this card by 500 points for each Dragon-Type monster on your opponent's side of the field and in your opponent's Graveyard.	
1186	Buster Rancher	0	0	0	Spell	Spell	Spell	Equip	Only a monster with an ATK of 1000 points or less can be equipped with this card. During damage calculation, increase the ATK of the monster equipped with this card by 2500 points if the opponent's monster that battles it is in Attack Position and its ATK is 2500 or more, OR if the opponent's monster that battles it is in Defense Position and its DEF is 2500 or more.	
1332	Butterfly Dagger - Elma	0	0	0	Spell	Spell	Spell	Equip	Increase the ATK of a monster equipped with this card by 300 points. When this card is equipped to a monster, and is destroyed and sent to the Graveyard, this card can be returned to the owner's hand.	
1000	Byser Shock	800	600	5	Fiend	DARK	Effect	None	When this card is Normal Summoned, Flip Summoned, or Special Summoned, return all Set cards on the field to their owner's respective hands.	
1151	Calamity of the Wicked	0	0	0	Trap	Trap	Trap	None	Can be activated when your opponent's Monster attacks. Destroys all Spell and Trap cards on the Field.	
1119	Call of the Mummy	0	0	0	Spell	Spell	Spell	Continuous	If there is no monster on your side of the field, you can Special Summon 1 Zombie-Type monster from your hand. You can use this effect only once per turn.	
227	Candle of Fate	600	600	2	Fiend	DARK	None	None	Decides the fate of an opponent when the candle on its fingertip burns out.	
426	Cannon Soldier	1400	1300	4	Machine	DARK	Effect	None	Tribute 1 monster on your side of the field to inflict 500 points of damage to your opponent's Life Points.	
1473	Cannonball Spear Shellfish	1000	1000	2	Aqua	WATER	Effect	None	While @5"Umi"@7 is face-up on the field, this card is unaffected by any Spell Cards.	
661	Card Destruction	0	0	0	Spell	Spell	Spell	None	You and your opponent discard your entire hands and draw the same number of cards from your respective Decks that you discarded.	
878	Card of Safe Return	0	0	0	Spell	Spell	Spell	Continuous	When a monster is Special Summoned to the field from your Graveyard, you can draw 1 card from your Deck.	
1143	Card of Sanctity	0	0	0	Spell	Spell	Spell	None	Remove all cards in your hand and on your side of the field from play. Draw cards until you have 2 cards in your hand.	
1181	Card Shuffle	0	0	0	Spell	Spell	Spell	Continuous	Pay 300 Life Points to use this card's effect. Shuffle either your or your opponent's Deck. You can only use this effect during your turn, once per turn.	
1751	Castle Gate	0	2400	6	Rock	EARTH	Effect	None	This card cannot be destroyed during battle. When this card is face up in Attack Position, sacrificing one Monster on your Field that is level 5 or below will inflict damage on your opponent's Life Points equal to that monster's original ATK. This effect can only be used once per turn.	
92	Castle of Dark Illusions	920	1930	4	Fiend	DARK	Effect	None	FLIP: Increases the ATK and DEF of all Zombie-Type monsters by 200 points. As long as this card remains face-up on the field, the ATK and DEF of Zombie-Type monsters continues to increase by 200 points during each of your Standby Phases. This effect continues until your 4th turn after the card is activated.	
677	Castle Walls	0	0	0	Trap	Trap	Trap	None	Increase a selected monster's DEF by 500 points during the turn this card is activated.	
1285	Cat's Ear Tribe	200	100	1	Beast-Warrior	EARTH	Effect	None	The original ATK of your opponent's monster(s) that battles with this card during his/her turn becomes 200 points during the Damage Step.	
97	Catapult Turtle	1000	2000	5	Aqua	WATER	Effect	None	Tribute 1 monster on your side of the field. Inflict damage equal to half of the Tributed monster's ATK to your opponent's Life Points.	
945	Cathedral of Nobles	0	0	0	Spell	Spell	Spell	Continuous	The controller of this card can activate Traps on the turn they are set. Additionally, by sending this card and @5"Mystical Beast Serket"@7 to the Graveyard when they are on your Field, you may select one Monster Card from your Hand, Deck, or Fusion Deck and Special Summon it.	
1764	Catnipped Kitty	0	500	2	Beast	EARTH	Effect	None	This card cannot be attacked if there is another Beast-Type monster on your side of the field. Make the DEF of 1 monster on your opponent's side of the field 0 until the End Phase. This effect can only be used once per turn.	
1035	Cave Dragon	2000	100	4	Dragon	WIND	Effect	None	If there is a monster on your side of the field, you cannot Normal Summon this monster. In addition, if there are no Dragon-Type monsters except this card on your side of the field, this card cannot declare an attack.	
764	Ceasefire	0	0	0	Trap	Trap	Trap	None	Flip all face-down Defense Position monsters on the field face-up. Flip Effects are not activated at this time. Inflict 500 points of damage to your opponent's Life Points for each Effect Monster on the field.	
45	Celtic Guardian	1400	1200	4	Warrior	EARTH	None	None	An elf who learned to wield a sword, he baffles enemies with lightning-swift attacks.	
46	Celtic Guardian	1400	1200	4	Warrior	EARTH	None	None	An elf who learned to wield a sword, he baffles enemies with lightning-swift attacks.	
1680	Cemetary Bomb	0	0	0	Trap	Trap	Trap	None	Inflict 100 points of damage to your opponent's Life Points for each card in his/her Graveyard.	
1792	Centrifugal Field	0	0	0	Spell	Spell	Spell	Field	When a Fusion Monster is destroyed and sent to the Graveyard by a card effect, select 1 of the Fusion-Material Monsters written in the card text of that Fusion Monster from your Graveyard and Special Summon it to your side of the field.	
741	Ceremonial Bell	0	1850	3	Spellcaster	LIGHT	Effect	None	As long as this card remains face-up on the field, both players must show their respective hands.	
1053	Cestus of Dagla	0	0	0	Spell	Spell	Spell	Equip	You can only equip this card to a Fairy-Type monster. Increase the ATK of a monster equipped with this card by 500 points. When the monster equipped with this card inflicts Battle Damage to your opponent's Life Points, increase your Life Points by an equal amount.	
1746	Chain Burst	0	0	0	Trap	Trap	Trap	Continuous	Inflict 1000 points of damage to each player who activates a Trap Card.	
654	Chain Destruction	0	0	0	Trap	Trap	Trap	None	You can activate this card when a monster with an ATK 2000 or less is Normal Summoned, Flip Summoned or Special Summoned. Destroy all monsters with the same name in the summoning player's hand and Deck. The Deck is then shuffled.	
1441	Chain Disappearance	0	0	0	Trap	Trap	Trap	None	You can only activate this card when a monster with an ATK of 1000 or less is Normal Summoned, Flip Summoned or Special Summoned. Remove from play the monster, and your opponent removes from play all monsters of the same name in their hand and Deck. Their Deck is then shuffled.	
723	Chain Energy	0	0	0	Spell	Spell	Spell	Continuous	Each player must pay 500 Life Points per card to Normal Summon, Special Summon, Set or activate cards from his/her respective hand.	
2036	Chain Thrasher	1000	600	4	Warrior	WIND	Effect	None	In addition to a normal attack, this card can attack during the same Battle Phase as many times as the number of @5"Chain Thrasher"@7(s) in your Graveyard.	
2042	Chainsaw Insect	2400	0	4	Insect	EARTH	Effect	None	If this card battles a monster, your opponent draws 1 card at the end of the Damage Step.	
574	Chakra	2450	2000	7	Fiend	DARK	Ritual	None	This monster can only be Ritual Summoned with the Ritual Spell Card, @5"Resurrection of Chakra"@7. You must also offer monsters whose total Level Stars equal 7 or more as a Tribute from the field or your hand.	
682	Change of Heart	0	0	0	Spell	Spell	Spell	None	Select 1 monster on your opponent's side of the field. Take control of the selected monster until the End Phase of this turn.	
1273	Chaos Command Magician	2400	1900	6	Spellcaster	LIGHT	Effect	None	Negate the effect of a Monster Card that targets this 1 card.	
1445	Chaos Emperor Dragon - Envoy of the End	3000	2500	8	Dragon	DARK	Effect	None	This card cannot be Normal Summoned or Set. This card can only be Special Summoned by removing from play 1 LIGHT and 1 DARK monster in your Graveyard. By paying 1000 Life Points, send all cards in both players' hands and on the field to the Graveyard. Inflict 300 points of damage to your opponent's Life Points for each card that is sent to the Graveyard by this effect.	
1427	Chaos End	0	0	0	Spell	Spell	Spell	None	You can only activate this card if 7 or more of your cards are currently removed from play. Destroy all Monster Cards on the field.	
1428	Chaos Greed	0	0	0	Spell	Spell	Spell	None	You can only activate this card if 4 or more of your cards are currently removed from play and there are no cards in your Graveyard. Draw 2 cards from your Deck.	
1413	Chaos Necromancer	0	0	1	Fiend	DARK	Effect	None	The ATK of this card becomes the number of Monster Cards in your Graveyard x 300 points.	
1414	Chaosrider Gustaph	1400	1500	4	Warrior	WIND	Effect	None	By removing from play up to 2 Spell Cards in your Graveyard, increase the ATK of this card by 300 points for each card removed from play, until the end of your opponent's next turn. This effect can only be used once during your turn.	
1627	Charcoal Inpachi	100	2100	1	Pyro	FIRE	None	None	A wicked wooden spirit that has burned out. The barbecue grilled with this charcoal is so awesome that everybody thinks it's priceless.	
1176	Charm of Shabti	100	100	1	Rock	EARTH	Effect	None	Discard this card from your hand. Until the End Phase, make the Battle Damage to monsters that include @5"Gravekeeper's"@7 in their card name 0.	
130	Charubin the Fire Knight	1100	800	3	Pyro	FIRE	Fusion	None	@5"Monster Egg"@7 + @5"Hinotama Soul"@7	
1383	Checkmate	0	0	0	Spell	Spell	Spell	None	Tribute 1 Archfiend monster on your side of the field. During this turn, 1 @5"Terrorking Archfiend"@7 on your side of the field can attack your opponent's Life Points directly.	
610	Chimera the Flying Mythical Beast	2100	1800	6	Beast	WIND	Fusion/Effect	None	@5"Gazelle the King of Mythical Beasts"@7 + @5"Berfomet"@7 When this card is destroyed, you can Special Summon either @5"Gazelle the King of Mythical Beasts"@7 or @5"Berfomet"@7 from your Graveyard, and place it on the field face-up in either Attack or Defense position.	
1398	Chiron the Mage	1800	1000	4	Beast-Warrior	EARTH	Effect	None	Discard 1 Spell Card from your hand. Destroy 1 Spell or Trap Card on your opponent's side of the field. This effect can only be used once per turn.	
1407	Chopman the Desperate Outlaw	1100	500	3	Zombie	DARK	Effect	None	When this card is Flip Summoned, you can equip 1 Equip Spell Card in your Graveyard to this card.	
715	Chorus of Sanctuary	0	0	0	Spell	Spell	Spell	Field	Increase the DEF of all Defense Position monsters by 500 points.	
1960	Chthonian Alliance	0	0	0	Spell	Spell	Spell	Equip	Increase the ATK of the equipped monster by 800 points for each other face-up monster on the field with the same name as the equipped monster.	
1964	Chthonian Blast	0	0	0	Trap	Trap	Trap	None	You can only activate this card when a face-up monster on your side of the field is destroyed and sent to the Graveyard. Destroy 1 face-up monster with the lowest ATK on the field, and both players take damage equal to half of its ATK.	
1963	Chthonian Polymer	0	0	0	Trap	Trap	Trap	None	You can only activate this card when your opponent Fusion Summons a Fusion Monster. Tribute 1 monster on your side of the field to take control of that Fusion Monster.	
1755	Chu-Ske the Mouse Fighter	1200	0	3	Beast	EARTH	None	None	A fiery mouse, travelling the world to become the strongest fighter in the world of mice. Be careful not to touch him, or you will get burned.	
169	Claw Reacher	1000	800	3	Fiend	DARK	None	None	Stretching arms and razor-sharp claws make this monster a formidable opponent.	
2004	Clay Charge	0	0	0	Trap	Trap	Trap	None	You can only activate this card when an @5"Elemental Hero Clayman"@7 on your side of the field is selected as an attack target. (If it is face-down, pick up and show the card to your opponent.) Destroy the attacking monster and the selected @5"Elemental Hero Clayman"@7 to inflict 800 points of damage to your opponent's Life Points.	
1282	Cliff the Trap Remover	1200	1000	3	Warrior	DARK	Effect	None	When this card inflicts Battle Damage to your opponent's Life Points, you can select and activate 1 of the following effects: @4 @7Destroy 1 Spell Card or Trap Card on the field. @4 @7Send 2 cards from the top of your opponent's Deck to his/her Graveyard.	
104	Clown Zombie	1350	0	2	Zombie	DARK	None	None	A clown revived by the powers of darkness. Its deadly dance has sent many monsters to their graves.	
1177	Cobra Jar	600	300	2	Reptile	EARTH	Effect	None	FLIP: Special Summon 1 @5"Poisonous Snake Token"@7 (Reptile-Type/EARTH/3 Stars/ATK 1200/DEF 1200). When the @5"Poisonous Snake Token"@7 is destroyed as a result of battle, inflict 500 points of damage to your opponent's Life Points.	
1114	Cobraman Sakuzy	800	1400	3	Reptile	EARTH	Effect	None	You can flip this card into face-down Defense Position once per turn during your Main Phase. When this card is flipped face-up, look at all Set Spell and Trap Cards on your opponent's side of the field and then return them to their original position.	
404	Cockroach Knight	800	900	3	Insect	EARTH	Effect	None	When this card has been sent to the Graveyard, it is returned to the top of the Deck.	
79	Cocoon of Evolution	0	2000	3	Insect	EARTH	Effect	None	You can equip this card from your hand as an Equip Spell Card to a face-up @5"Petit Moth"@7 on the field. If equipped, the ATK and DEF of @5"Cocoon of Evolution"@7 is applied to @5"Petit Moth"@7.	
882	Cold Wave	0	0	0	Spell	Spell	Spell	None	This card can only be activated at the start of Main Phase 1. Until your next turn, neither you nor your opponent can play or Set any Spell or Trap Cards.	
1051	Collapse	0	0	0	Spell	Spell	Spell	Quick-Play	Select one face-up Monster Card on the Field. That Monster's original ATK is halved until the End Phase.	
971	Collected Power	0	0	0	Trap	Trap	Trap	None	Select 1 face-up monster on the field. Equip this monster with all face-up Equip Spell Cards on the field. If the target of the Equip Spell Card is not correct, destroy the Equip Spell Card.	
1237	Combination Attack	0	0	0	Spell	Spell	Spell	Quick-Play	During a Battle Phase, you can use this effect on 1 monster that has attacked this turn and is equipped with a Union Monster. Change the Union Monster back to a monster in face-up Attack or Defense Position. Also, the monster that was equipped with the Union Monster may attack again this turn.	
810	Command Knight	1200	1900	4	Warrior	FIRE	Effect	None	While at least 1 other monster exists on your side of the field, your opponent cannot select this card as an attack target. Also, while  this card remains face-up on the field, increase the ATK of all your Warrior-Type monsters by 400 points.	
551	Commencement Dance	0	0	0	Spell	Spell	Spell	Ritual	This card is used to Ritual Summon @5"Performance of Sword"@7. You must also offer monsters whose total Level Stars equal 6 or more as a Tribute from the field or your hand.	
1490	Compulsory Evacuation Device	0	0	0	Trap	Trap	Trap	None	Return 1 monster on the field to its owner's hand.	
716	Confiscation	0	0	0	Spell	Spell	Spell	None	Pay 1000 Life Points. Look at your opponent's hand, select 1 card among them and discard it to the Graveyard.	
1932	Conscription	0	0	0	Trap	Trap	Trap	None	Pick up the top card of your opponent's Deck. If the picked-up card can be Normal Summoned, Special Summon it to your side of the field. If not, add that card to your opponent's hand.	
1295	Continuous Destruction Punch	0	0	0	Spell	Spell	Spell	Continuous	If the DEF of the attacked Defense Position monster on your side of the field is higher than the ATK of the attacking monster on your opponent's side of the field, destroy the attacking monster. Damage calculation is applied normally.	
1331	Contract with Exodia	0	0	0	Spell	Spell	Spell	None	You can only activate this card when you have @5"Exodia the Forbidden One"@7, @5"Right Arm of the Forbidden One"@7, @5"Left Arm of the Forbidden One"@7, @5"Right Leg of the Forbidden One"@7, and @5"Left Leg of the Forbidden One"@7 in your Graveyard. Special Summon 1 @5"Exodia Necross"@7 from your hand.	
1380	Contract with the Abyss	0	0	0	Spell	Spell	Spell	Ritual	This card is used to Ritual Summon any DARK Ritual Monster. You must also Tribute monsters from the field or your hand whose total Levels equal the Level of the Ritual Monster you are Ritual Summoning.	
1381	Contract with the Dark Master	0	0	0	Spell	Spell	Spell	Ritual	This card is used to Ritual Summon @5"Dark Master - Zorc"@7. You must also Tribute monsters whose total Levels equal 8 or more from the field or your hand.	
1083	Convulsion of Nature	0	0	0	Spell	Spell	Spell	Continuous	As long as this card remains face-up on the field, both players must turn their respective Decks upside down and continue the current Duel.	
642	Copycat	0	0	1	Spellcaster	LIGHT	Effect	None	When this card is Summoned (including Special Summon) it adopts the original ATK and DEF of 1 opponent's monster.	
1561	Corpse of Yata-Garasu	0	0	0	Trap	Trap	Trap	None	Select one of the following effects: @4 @7Draw one card from your Deck. @4 @7Draw 2 cards from your Deck. (This effect can only be activated when there is a Spirit Monster face-up on your opponent's Field.)	
449	Corroding Shark	1100	700	3	Zombie	DARK	None	None	A zombie shark that can deliver its lethal curse with a spell.	
573	Cosmo Queen	2900	2450	8	Spellcaster	DARK	None	None	Queen of the galaxies and mistress of the stars.	
1213	Cost Down	0	0	0	Spell	Spell	Spell	None	Discard 1 card from your hand. Downgrade all Monster Cards in your hand by 2 Levels until the End Phase of the turn this card is activated.	
1750	Covering Fire	0	0	0	Trap	Trap	Trap	None	If your opponent's monster attacks a monster on your side of the field, you can activate this card during the Damage Step. Increase the ATK of your attacked monster by the ATK of 1 other face-up monster on your side of the field during the Damage Step.	
575	Crab Turtle	2550	2500	8	Aqua	WATER	Ritual	None	This monster can only be Ritual Summoned with the Ritual Spell Card, @5"Turtle Oath"@7. You must also offer monsters whose total Level Stars equal 8 or more as a Tribute from the field or your hand.	
101	Crass Clown	1350	1400	4	Fiend	DARK	Effect	None	When this card is changed from Defense Position to Attack Position, return 1 monster on your opponent's side of the field to the owner's hand.	
87	Crawling Dragon	1600	1200	4	Dinosaur	EARTH	None	None	A powerful dragon with teeth that can grind almost anything to dust.	
422	Crazy Fish	1600	1200	4	Fish	WATER	None	None	A flying fish that attacks with its pointed head.	
1718	Creeping Doom Manta	1300	1200	3	Fish	WATER	Effect	None	When this card is Normal Summoned successfully, no Trap Cards can be activated.	
1404	Crimson Ninja	300	300	1	Warrior	EARTH	Effect	None	FLIP: Select 1 Trap Card on the field and destroy it. If the selected card is Set, pick up and look at the card. If it is a Trap Card, destroy it. If it is a Spell Card, return it to its original position.	
394	Crimson Sunbird	2300	1800	6	Winged Beast	FIRE	Fusion	None	@5"Faith Bird"@7 + @5"Skull Red Bird"@7	
1826	Criosphinx	1200	2400	6	Rock	EARTH	Effect	None	As long as this card remains face-up on your side of the field, when a monster is returned from the field to the owner's hand, the owner of the returned monster selects and sends 1 card in his/her hand to the Graveyard.	
1796	Cross Counter	0	0	0	Trap	Trap	Trap	None	If the DEF of an attacked Defense Position monster is higher than the ATK of your opponent's attacking monster, the Battle Damage inflicted to your opponent is doubled. Destroy the attacking monster after damage calculation.	
541	Crush Card	0	0	0	Trap	Trap	Trap	None	Offer 1 DARK monster with an ATK of 1000 or less on your side of the field as a Tribute. You and your opponent check all monsters on your opponent's side of the field, your opponent's hand, and all cards during your opponent's next 3 turns he/she draws and destroy all monsters with an ATK of 1500 or higher.	
542	Crush Card	0	0	0	Trap	Trap	Trap	None	Offer 1 DARK monster with an ATK of 1000 or less on your side of the field as a Tribute. You and your opponent check all monsters on your opponent's side of the field, your opponent's hand, and all cards during your opponent's next 3 turns he/she draws and destroy all monsters with an ATK of 1500 or higher.	
1614	Crush D. Gandra	0	0	8	Dragon	DARK	Effect	None	This card cannot be Special Summoned. By paying half your Life Points you can destroy all the cards on the Field except this one, removing them from the game. For each card destroyed by this effect, the ATK of this card increases by 300 points. This card is sent to the Graveyard during the End Phase of the turn in which it was Summoned/Flip Summoned.	
920	Cure Mermaid	1500	800	4	Fish	WATER	Effect	None	As long as this card remains face-up on your side of the field, increase your Life Points by 800 points during each of your Standby Phases.	
1194	Curse of Aging	0	0	0	Trap	Trap	Trap	None	Discard 1 card from your hand. Decrease the ATK and DEF of all monsters on your opponent's side of the field by 500 points until the end of the turn this card is activated.	
1607	Curse of Anubis	0	0	0	Trap	Trap	Trap	None	All face-up Effect Monsters on the field are changed to Defense Position. During the turn this card is activated, the original DEF of those Effect Monsters become 0 and their battle positions cannot be changed, except with a card effect.	
1493	Curse of Darkness	0	0	0	Trap	Trap	Trap	Continuous	Each time a Spell Card is activated, the controller of that Spell Card takes 1000 points of damage.	
44	Curse of Dragon	2000	1500	5	Dragon	DARK	None	None	A wicked dragon that taps into dark forces to execute a powerful attack.	
1125	Curse of Royal	0	0	0	Trap	Trap	Trap	Counter	Negate the activation and the effect of a Spell or Trap Card that includes the effect of destroying 1 Spell or Trap Card and destroy it.	
861	Curse of the Masked Beast	0	0	0	Spell	Spell	Spell	Ritual	This card is used to Ritual Summon @5"The Masked Beast"@7. You must also offer monsters whose total Level Stars equal 8 or more as a Tribute from the field or your hand.	
1806	Curse of Vampire	2000	800	6	Zombie	DARK	Effect	None	When this card is destroyed in battle and sent to the Graveyard, you can pay 500 Life Points and Special Summon it to your Field during the Standby Phase of the next turn. When this card is successfully Special Summoned using this effect, its ATK increases by 500 points.	
1438	Cursed Seal of the Forbidden Spell	0	0	0	Trap	Trap	Trap	Counter	Discard 1 Spell Card from your hand to negate the activation and the effect of a Spell Card and destroy it. Your opponent cannot activate Spell Cards of the same name (including the Spell Card that is destroyed by this card's effect) during the rest of this Duel.	
110	Curtain of the Dark Ones	600	500	2	Spellcaster	DARK	None	None	A curtain that a spellcaster made, it is said to raise a dark power.	
1902	Cyber Archfiend	1000	2000	4	Fiend	DARK	Effect	None	At the beginning of your Draw Phase, if you have no cards in your hand, draw 1 more card in addition to the normal draw. During your End Phase, if you have 1 or more card(s) in your hand, destroy this card.	
2017	Cyber Barrier Dragon	800	2800	6	Machine	LIGHT	Effect	None	This card cannot be Normal Summoned or Set. This card cannot be Special Summoned except by the effect of @5"Attack Reflector Unit"@7. Once per turn, while this card is in Attack Position, negate your opponent's first attack.	
1956	Cyber Blader	2100	800	7	Warrior	EARTH	Fusion/Effect	None	@5"Etoile Cyber"@7 + @5"Blade Skater"@7 A Fusion Summon of this card can only be conducted with the above Fusion Material Monsters. While your opponent controls only 1 monster, this card is not destroyed as a result of battle. While your opponent controls only 2 monsters, double the ATK of this card. While your opponent controls only 3 monsters, this card negates the effects of your opponent's Spell, Trap, and Effect Monster Cards.	
362	Cyber Commander	750	700	2	Machine	DARK	None	None	A strike force equipped with rocket launchers and bazookas.	
1886	Cyber End Dragon	4000	2800	10	Machine	LIGHT	Fusion/Effect	None	@5"Cyber Dragon"@7 + @5"Cyber Dragon"@7 + @5"Cyber Dragon"@7 A Fusion Summon of this card can only be conducted with the above Fusion Material Monsters. During battle between this card and a Defense Position monster whose DEF is lower than the ATK of this card, inflict the difference as Battle Damage to your opponent's Life Points.	
781	Cyber Falcon	1400	1200	4	Machine	WIND	None	None	A jet-powered hawk that travels at the speed of sound.	
951	Cyber Harpie Lady	1800	1300	4	Winged Beast	WIND	Effect	None	This card's name is treated as @5"Harpie Lady"@7.	
2018	Cyber Laser Dragon	2400	1800	7	Machine	LIGHT	Effect	None	This card cannot be Normal Summoned or Set. This card cannot be Special Summoned except by the effect of @5"Photon Generator Unit"@7. You can destroy 1 monster with ATK or DEF equal to or higher than the ATK of this card. You can only use this effect once per turn.	
614	Cyber Raider	1400	1000	4	Machine	DARK	Effect	None	When this card is Normal Summoned, Flip Summoned, or Special Summoned successfully, select and activate 1 of the following effects: @4 @7Select 1 Equip Card equipped to 1 monster on the field and destroy it. @4 @7Select 1 Equip Card equipped to 1 monster on the field and equip it to this card.	
279	Cyber Soldier of Darkworld	1400	1200	4	Machine	DARK	None	None	A mechanical soldier that won't stop attacking until all life readings have been extinguished from its sensors.	
1885	Cyber Twin Dragon	2800	2100	8	Machine	LIGHT	Fusion/Effect	None	@5"Cyber Dragon"@7 + @5"Cyber Dragon"@7 A Fusion Summon of this card can only be conducted with the above Fusion Material Monsters. This card can attack twice during the same Battle Phase.	
361	Cyber-Stein	700	500	2	Machine	DARK	Effect	None	Pay 5000 Life Points. Special Summon 1 Fusion Monster from your Fusion Deck to the field in Attack Position.	
639	Cyber-Tech Alligator	2500	1600	5	Machine	WIND	None	None	A winged dragon brought back to life by means of modern technology.	
1900	Cybernetic Cyclopean	1400	200	4	Beast-Warrior	EARTH	Effect	None	While you have no cards in your hand, increase the ATK of this card by 1000 points.	
1899	Cybernetic Magician	2400	1000	6	Spellcaster	LIGHT	Effect	None	Discard 1 card from your hand. The ATK of 1 face-up monster on the field becomes 2000 until the End Phase of this turn.	
980	Cyclon Laser	0	0	0	Spell	Spell	Spell	Equip	This card can only be equipped to @5"Gradius"@7. Increase the ATK of @5"Gradius"@7 by 300 points. When @5"Gradius"@7 attacks with an ATK that is higher than the DEF of a Defense Position monster, inflict the difference as Battle Damage to your opponent's Life Points.	
2024	Cyclone Boomerang	0	0	0	Spell	Spell	Spell	Equip	You can only equip this card to @5"Elemental Hero Wildheart"@7. Increase the ATK of the equipped monster by 500 points. When the equipped monster is destroyed by a card effect and sent to the Graveyard, destroy all Spell and Trap Cards on the field. Inflict 100 points of damage to your opponent's Life Points for each Spell or Trap Card destroyed by this effect.	
1873	Cycroid	800	1000	3	Machine	EARTH	None	None	The most lovable and friendly of all the Vehicroids. It can arm itself with training wheels!	
1429	D. D. Borderline	0	0	0	Spell	Spell	Spell	Continuous	While there are no Spell Cards in your Graveyard, neither player can conduct their Battle Phase.	
1409	D. D. Scout Plane	800	1200	2	Machine	DARK	Effect	None	If this card is removed from play, Special Summon this card in face-up Attack Position on your side of the field during the End Phase of this turn.	
1357	D. D. Trainer	100	2000	1	Fiend	DARK	None	None	A poor goblin that was sucked into a different dimension. However, he's doing his best with his new destiny.	
419	D. Human	1300	1100	4	Warrior	EARTH	None	None	Gifted with the power of dragons, this warrior wields a sword created from a dragon's fang.	
1199	D. Tribe	0	0	0	Trap	Trap	Trap	None	All monsters on your side of the field are treated as Dragon-Types until the End Phase of this turn.	
2057	D.3.S. Frog	2500	2000	8	Aqua	WATER	Fusion/Effect	None	@5"Des Frog"@7 + @5"Des Frog"@7 + @5"Des Frog"@7 A Fusion Summon of this card can only be conducted with the above Fusion Material Monsters. Increase the ATK of this card by 500 points for each @5"Treeborn Frog"@7 in your Graveyard.	
1228	D.D. Crazy Beast	1400	1400	3	Beast	EARTH	Effect	None	A monster that this card destroys as a result of battle is removed from play.	
1802	D.D. Dynamite	0	0	0	Trap	Trap	Trap	None	Inflict 300 points of damage to your opponent's Life Points for each of your opponent's cards that has been removed from play.	
2035	D.D. Guide	1400	1000	4	Warrior	DARK	Effect	None	When this card is Normal Summoned, control of this card shifts to your opponent. During each player's End Phase, your opponent selects 1 card from the Graveyard of this card's controller and removes it from play.	
1836	D.D. Survivor	1800	200	4	Warrior	DARK	Effect	None	If this face-up card on your side of the field is removed from play, this card is Special Summoned to the owner's side of the field during the End Phase.	
1931	D.D. Trap Hole	0	0	0	Trap	Trap	Trap	None	You can only activate this card when your opponent Sets 1 monster in Defense Position. Destroy and remove from play the Set monster and 1 monster on your side of the field.	
1915	D.D.M. - Different Dimension Master	1700	1500	5	Spellcaster	LIGHT	Effect	None	Discard 1 Spell Card from your hand. Special Summon 1 of your monsters that is currently removed from play. You can only activate this effect once per turn, during your Main Phase.	
2029	Damage Condenser	0	0	0	Trap	Trap	Trap	None	You can only activate this card by discarding 1 card from your hand when you take Battle Damage to your Life Points. Special Summon 1 monster from your Deck with ATK equal to or less than the Battle Damage you took, in Attack Position.	
918	Dancing Fairy	1700	1000	4	Fairy	WIND	Effect	None	As long as this card remains in face-up Defense Position on your side of the field, increase your Life Points by 1000 points during each of your Standby Phases.	
2080	Dandylion	300	300	3	Warrior	EARTH	Effect	None	When this card is sent to the Graveyard, Special Summon 2 @5"Fluffy Tokens"@7 (Plant-Type/WIND/1 STAR/ATK 0/DEF 0) to your side of the field. This Token cannot be used as a Tribute for a Tribute Summon during the turn it is Special Summoned.	
1507	Dangerous Machine TYPE-6	0	0	0	Spell	Spell	Spell	Continuous	Roll a die during each of your Standby Phases. Apply the effect that matches the number rolled as follows: 1) You discard one card from your Hand. 2) Your opponent discards one card from their Hand. 3) You draw one card. 4) Your opponent draws a card. 5) Destroy one card on your opponent's Field. 6) Destroy this card.	
226	Dark Assailant	1200	1200	4	Zombie	DARK	None	None	Armed with the Psycho Sword, this sinister assassin rules the bad land.	
1002	Dark Balter the Terrible	2000	1200	5	Fiend	DARK	Fusion/Effect	None	@5"Possessed Dark Soul"@7 + @5"Frontier Wiseman"@7 A Fusion Summon of this monster can only be conducted with the above Fusion Material Monsters. When a Normal Spell Card is activated, negate the effect by paying 1000 Life Points. The effect of an Effect Monster that this monster destroys as a result of battle is negated.	
782	Dark Bat	1000	1000	3	Winged Beast	WIND	None	None	Bats from the netherworld that use their hyper senses to detect their enemies.	
1217	Dark Blade	1800	1500	4	Warrior	DARK	None	None	They say he is a dragon manipulating warrior from the dark world. His attack is tremendous, using his great swords with vicious power.	
1728	Dark Blade the Dragon Knight	2200	1500	6	Warrior	DARK	Fusion/Effect	None	@5"Dark Blade"@7 + @5"Pitch-Dark Dragon"@7 Each time this card inflicts Battle Damage to your opponent, you can select up to 3 Monster Cards from your opponent's Graveyard and remove them from play.	
1128	Dark Coffin	0	0	0	Trap	Trap	Trap	None	When this face-down card is destroyed and sent to the Graveyard, your opponent selects and executes 1 of the following effects: @4 @7Discard 1 card in his/her hand randomly. @4 @7Select 1 monster on his/her side of the field and destroy it.	
1240	Dark Core	0	0	0	Spell	Spell	Spell	None	Discard 1 card from your hand. Remove 1 face-up monster on the field from play.	
1986	Dark Deal	0	0	0	Trap	Trap	Trap	None	You can only activate this card by paying 1000 Life Points when your opponent activates a Normal Spell Card. The effect of the Normal Spell Card that your opponent activated at that time becomes @5"Your opponent discards 1 random card from their hand"@7.	
1890	Dark Dreadroute	4000	4000	10	Fiend	DARK	Effect	None	This card cannot be Special Summoned. It can only be Summoned by giving 3 Monster Cards on your Field as Tributes. While this card remains on the Field in face-up position the ATK and DEF of all other Monster Cards on the Field are reduced by half.	
1463	Dark Driceratops	2400	1500	6	Dinosaur	EARTH	Effect	None	During battle between this attacking card and a Defense Position monster whose DEF is lower than the ATK of this card, inflict the difference as Battle Damage to your opponent's Life Points.	
1100	Dark Dust Spirit	2200	1800	6	Zombie	EARTH	Spirit	None	This card cannot be Special Summoned. This card returns to the owner's hand during the End Phase of the turn that this card is Normal Summoned or flipped face-up. When this card is Normal Summoned or flipped face-up, destroy all face-up monsters on the field except this card.	
459	Dark Elf	2000	800	4	Spellcaster	DARK	Effect	None	This card requires a cost of 1000 of your own Life Points to attack.	
1997	Dark Eradicator Warlock	2500	2100	7	Spellcaster	DARK	Effect	None	This card cannot be Normal Summoned or Set. This card cannot be Special Summoned except by Tributing 1 @5"Dark Magician"@7 on your side of the field. While this card is face-up on the field, inflict 1000 points of damage to your opponent's Life Points each time either player activates 1 Normal Spell Card.	
1662	Dark Factory of Mass Production	0	0	0	Spell	Spell	Spell	None	Select 2 Normal Monsters from your Graveyard and add them to your hand.	
1307	Dark Flare Knight	2200	800	6	Warrior	DARK	Fusion/Effect	None	@5"Dark Magician"@7 + @5"Flame Swordsman"@7 Any damage to this card's controller caused as a result of battle involving this monster becomes 0. When this card is destroyed and sent to the Graveyard as a result of battle, Special Summon 1 @5"Mirage Knight"@7 from your hand or Deck.	
116	Dark Gray	800	900	3	Beast	EARTH	None	None	Entirely gray, this beast has rarely been seen by mortal eyes.	
1155	Dark Jeroid	1200	1500	4	Fiend	DARK	Effect	None	When this card is Normal Summoned, Flip Summoned, or Special Summoned successfully, select 1 face-up monster on the field. As long as the monster remains face-up on the field, decrease its ATK by 800 points.	
162	Dark King of the Abyss	1200	800	3	Fiend	DARK	None	None	It's said that this King of the Netherworld once had the power to rule over the dark.	
1599	Dark Magic Attack	0	0	0	Spell	Spell	Spell	None	You can only activate this card while there is a face-up @5"Dark Magician"@7 on your side of the field. Destroy all Spell and Trap Cards on your opponent's side of the field.	
664	Dark Magic Curtain	0	0	0	Spell	Spell	Spell	None	When this card is activated, you cannot summon any monster in the same turn (including Flip Summon and Special Summon). You can Special Summon 1 @5"Dark Magician"@7 from your Deck at the cost of half your Life Points.	
584	Dark Magic Ritual	0	0	0	Spell	Spell	Spell	Ritual	This card is used to Ritual Summon @5"Magician of Black Chaos"@7. You must also offer monsters whose total Level Stars equal 8 or more as a Tribute from the field or your hand.	
37	Dark Magician	2500	2100	7	Spellcaster	DARK	None	None	The ultimate wizard in terms of attack and defense.	
38	Dark Magician	2500	2100	7	Spellcaster	DARK	None	None	The ultimate wizard in terms of attack and defense.	
39	Dark Magician	2500	2100	7	Spellcaster	DARK	None	None	The ultimate wizard in terms of attack and defense.	
620	Dark Magician Girl	2000	1700	6	Spellcaster	DARK	Effect	None	Increase the ATK of this monster by 300 points for each @5"Dark Magician"@7 or @5"Magician of Black Chaos"@7 in either player's Graveyard.	
621	Dark Magician Girl	2000	1700	6	Spellcaster	DARK	Effect	None	Increase the ATK of this monster by 300 points for each @5"Dark Magician"@7 or @5"Magician of Black Chaos"@7 in either player's Graveyard.	
622	Dark Magician Girl	2000	1700	6	Spellcaster	DARK	Effect	None	Increase the ATK of this monster by 300 points for each @5"Dark Magician"@7 or @5"Magician of Black Chaos"@7 in either player's Graveyard.	
1353	Dark Magician Knight	2500	2100	7	Warrior	DARK	Effect	None	This card cannot be Normal Summoned or Set. This card cannot be Special Summoned except by the effect of @5"Knight's Title"@7. If this card is Special Summoned successfully, select 1 card on the field and destroy it.	
1457	Dark Magician of Chaos	2800	2600	8	Spellcaster	DARK	Effect	None	When this card is Normal Summoned or Special Summoned, you can add 1 Spell Card from your Graveyard to your hand. A monster that is destroyed by this monster as a result of battle is removed from play instead of going to the Graveyard. If this face-up card is destroyed or removed from the field, it is removed from play.	
938	Dark Magician's Tome of Black Magic	0	0	0	Spell	Spell	Spell	Equip	Only @5"Dark Magician"@7 or @5"Dark Magician Girl"@7 may equip this. The Monster that equips this will gain 700 ATK. When this card is sent to the Graveyard, you recover 1000 Life Points.	
911	Dark Magician~2	2500	2100	7	Spellcaster	DARK	None	None	The ultimate wizard in terms of attack and defense.	
1378	Dark Master - Zorc	2700	1500	8	Fiend	DARK	Ritual/Effect	None	This card can only be Ritual Summoned with the Ritual Spell Card, @5"Contract with the Dark Master"@7. You must also Tribute monsters whose total Levels equal 8 or more from the field or your hand. During your turn, you can roll 1 six-sided die. If the result is 1 or 2, destroy all monsters on your opponent's side of the field. If the result is 3, 4, or 5, destroy 1 monster on your opponent's side of the field. If the result is 6, destroy all monsters on your side of the field.	
1635	Dark Mimic LV1	100	1000	1	Fiend	DARK	Effect	None	FLIP: Draw 1 card from your Deck. Also, during your Standby Phase, send this face-up card to the Graveyard to Special Summon 1 @5"Dark Mimic LV3"@7 from your hand or Deck.	
1636	Dark Mimic LV3	1000	1000	3	Fiend	DARK	Effect	None	If this card is sent to the Graveyard as a result of battle, the controller of this card draws 1 card from his/her Deck. If this card was Special Summoned by the effect of @5"Dark Mimic LV1"@7, he/she draws 2 cards instead.	
1443	Dark Mirror Force	0	0	0	Trap	Trap	Trap	None	You can only activate this card when your opponent's monster declares an attack. Remove from play all monsters in Defense Position on your opponent's side of the field.	
937	Dark Necrofear	2200	2800	8	Fiend	DARK	Effect	None	This card cannot be Normal Summoned or Set. This card can only be Special Summoned by removing 3 Fiend-Type monsters in your Graveyard from play. If this card is destroyed as a result of battle or by your opponent's card effect, it is treated as an Equip Card during the End Phase of this turn, and equip 1 of your opponent's monsters with this card. As long as it is equipped with this card, you control the equipped monster.	
1256	Dark Paladin	2900	2400	8	Spellcaster	DARK	Fusion/Effect	None	@5"Dark Magician"@7 + @5"Buster Blader"@7 This monster cannot be Special Summoned except by Fusion Summon. As long as this card remains face-up on the field, you can discard 1 card from your hand to negate the activation of a Spell Card and destroy it. Increase the ATK of this card by 500 points for each Dragon-Type monster on the field and in either player's Graveyard.	
1257	Dark Paladin	2900	2400	8	Spellcaster	DARK	Fusion/Effect	None	@5"Dark Magician"@7 + @5"Buster Blader"@7 This monster cannot be Special Summoned except by Fusion Summon. As long as this card remains face-up on the field, you can discard 1 card from your hand to negate the activation of a Spell Card and destroy it. Increase the ATK of this card by 500 points for each Dragon-Type monster on the field and in either player's Graveyard.	
1258	Dark Paladin	2900	2400	8	Spellcaster	DARK	Fusion/Effect	None	@5"Dark Magician"@7 + @5"Buster Blader"@7 This monster cannot be Special Summoned except by Fusion Summon. As long as this card remains face-up on the field, you can discard 1 card from your hand to negate the activation of a Spell Card and destroy it. Increase the ATK of this card by 500 points for each Dragon-Type monster on the field and in either player's Graveyard.	
165	Dark Prisoner	600	1000	3	Fiend	DARK	None	None	This monster bends light to hide its image from the eyes of opponents.	
341	Dark Rabbit	1100	1500	4	Beast	DARK	None	None	A cartoon rabbit that quickly leaps all over the place, making it a difficult target.	
1183	Dark Room of Nightmare	0	0	0	Spell	Spell	Spell	Continuous	Each time damage, except Battle Damage, is inflicted to your opponent's Life Points, inflict 300 points of damage to your opponent's Life Points. This card's effect is not applied to the effect of @5"Dark Room of Nightmare"@7.	
1001	Dark Ruler Ha Des	2450	1600	6	Fiend	DARK	Effect	None	As long as this card remains face-up on the field, negate the effects of Effect Monsters destroyed by Fiend-Type monsters on your side of the field as a result of battle. This card cannot be Special Summoned from the Graveyard.	
1895	Dark Ruler Vandalgyon	2800	2500	8	Dragon	DARK	Effect	None	This card can be Special Summoned from your Hand after you have cancelled the effects of a card controlled by your opponent using a Counter Trap Card. When this card is successfully Special Summoned in this way, the following effects are activated, depending on the cards whose effects were originally cancelled. @4 @7Spell : reduce your opponent's Life Points by 1500. @4 @7Trap : choose one card on your opponent's Field and destroy it. @4 @7Effect Monster : choose one card from your Graveyard and Special Summon it to your Field.	
944	Dark Sage	2800	3200	9	Spellcaster	DARK	Effect	None	This card cannot be Normal Summoned or Set. This card can only be Special Summoned from your hand or your Deck by offering 1 @5"Dark Magician"@7 on your side of the field as a Trbute when you succeed in the effect of @5"Time Wizard"@7. At that time, select 1 Spell Card from your Deck, add it to your hand, and then shuffle your Deck.	
1326	Dark Scorpion - Chick the Yellow	1000	1000	3	Warrior	DARK	Effect	None	When this card inflicts Battle Damage to your opponent's Life Points, you can select and activate 1 of the following effects: @4 @7Return 1 card on the field to its owner's hand. @4 @7Pick up 1 card on the top of your opponent's Deck (Your opponent does not look at the card). Select the top or the bottom of the Deck and return the card there.	
1362	Dark Scorpion - Gorg the Strong	1800	1500	5	Warrior	DARK	Effect	None	When this card inflicts Battle Damage to your opponent's Life Points, you can select and activate 1 of the following effects: @4 @7Return 1 Monster Card on your opponent's side of the field to the top of its owner's Deck. @4 @7Send 1 card from the top of your opponent's Deck to the Graveyard.	
1363	Dark Scorpion - Meanae the Thorn	1000	1800	4	Warrior	DARK	Effect	None	When this card inflicts Battle Damage to your opponent's Life Points, you can select and activate 1 of the following effects: @4 @7Add 1 card that includes @5"Dark Scorpion"@7 in its card name, or is named @5"Cliff the Trap Remover"@7, from your Deck to your hand. @4 @7Add 1 card that includes @5"Dark Scorpion"@7 in its card name, or is named @5"Cliff the Trap Remover"@7, from your Graveyard to your hand.	
1110	Dark Scorpion Burglars	1000	1000	4	Warrior	DARK	Effect	None	When this card inflicts Battle Damage to your opponent's Life Points, your opponent selects 1 Spell Card from his/her Deck and sends it to the Graveyard. Then shuffle the Deck.	
1390	Dark Scorpion Combination	0	0	0	Trap	Trap	Trap	None	You can only activate this card when there are @5"Don Zaloog"@7, @5"Cliff the Trap Remover"@7, @5"Dark Scorpion - Chick the Yellow"@7, @5"Dark Scorpion - Gorg the Strong"@7, and @5"Dark Scorpion - Meanae the Thorn"@7 face-up on your side of the field. During this turn, any of these 5 cards can attack your opponent's Life Points directly. In that case, the Battle Damage inflicted to your opponent by each of those cards becomes 400 points.	
172	Dark Shade	1000	1000	3	Fiend	WIND	None	None	A crystal monster that unleashes a brilliant light to blind enemies.	
1188	Dark Snake Syndrome	0	0	0	Spell	Spell	Spell	Continuous	Inflict damage to both players' Life Points during each of your Standby Phases. The first damage begins at 200 points and is doubled during each of your following Standby Phases.	
942	Dark Spirit of the Silent	0	0	0	Trap	Trap	Trap	None	This card can only be activated during your opponent's Battle Step. Negate the attack of 1 monster and select another 1 of your opponent's face-up monsters and have it attack. (If the new targeted attacking monster is in face-up Defense Position, change it to Attack Position.)	
220	Dark Titan of Terror	1300	1100	4	Fiend	DARK	None	None	A fiend said to dwell in the world of dreams, it attacks enemies in their sleep.	
1982	Dark World Lightning	0	0	0	Spell	Spell	Spell	None	Select 1 face-down card on the field and destroy it, and after that, select 1 card from your hand and discard it to the Graveyard.	
310	Dark-Piercing Light	0	0	0	Spell	Spell	Spell	None	Flip face-up all face-down monsters on your opponent's side of the field. The effect of the monsters will activate at this time.	
1370	Darkbishop Archfiend	300	1400	3	Fiend	WATER	Effect	None	The controller of this card pays 500 Life Points during each of his/her Standby Phases (this is not optional). When an Archfiend Monster Card on your side of the field is targeted by the effect of a card controlled by your opponent, when resolving the effect, roll a six-sided die. If the result is 1, 3, or 6, negate the effect and destroy the opponent's card.	
161	Darkfire Dragon	1500	1250	4	Dragon	DARK	Fusion	None	@5"Firegrass"@7 + @5"Petit Dragon"@7	
777	Darkfire Soldier	1700	1150	4	Pyro	FIRE	None	None	An explosive expert from a special elite force.	
779	Darkfire Soldier~2	1700	1100	4	Pyro	FIRE	None	None	A warrior who gained immeasurable power from the heart of a volcano.	
471	Darkworld Thorns	1200	900	3	Plant	EARTH	None	None	A thorny plant found in the darklands that wraps itself around any unwary traveler.	
873	De-Fusion	0	0	0	Spell	Spell	Spell	Quick-Play	Return 1 Fusion Monster on the field to the Fusion Deck. In addition, if all the Fusion Material Monsters for the returned Fusion Monster Card are in your Graveyard, you can Special Summon them all to the field in face-up Attack or Defense Position.	
673	De-Spell	0	0	0	Spell	Spell	Spell	None	Select 1 Spell Card on the field and destroy it. If the selected card is Set, pick up and see the card. If it is a Spell Card, it is destroyed. If it is a Trap Card, return it to its original position.	
1054	De-Spell Germ Weapon	0	0	0	Trap	Trap	Trap	None	Offer each of your Monsters on the Field as a Tribute (except for Tokens). For each card offered as a Tribute, your opponent selects a Spell Card from their Deck, sends it to the Graveyard, and afterwards shuffles their Deck.	
976	Deal of Phantom	0	0	0	Trap	Trap	Trap	None	Select 1 monster face-up on the field. Increase the selected monster's ATK by 100 points for each monster in your Graveyard during the turn this card is activated. The number of monster is applied when this card is activated.	
1220	Decayed Commander	1000	1500	4	Zombie	EARTH	Effect	None	When this card is Normal Summoned successfully, you can Special Summon 1 @5"Zombie Tiger"@7 from your hand. If this card successfully attacks your opponent's Life Points directly, your opponent discards 1 card randomly from his/her hand.	
1803	Deck Devastation Virus	0	0	0	Trap	Trap	Trap	None	Tribute 1 DARK monster with an ATK of 2000 points or more on your side of the field. Check all monsters on your opponent's side of the field, your opponent's hand, and all cards he/she draws during your opponent's next 3 turns, and destroy all monsters with an ATK of 1500 or less.	
1483	Dedication through Light and Darkness	0	0	0	Spell	Spell	Spell	Quick-Play	You can only activate this card by Tributing @5"Dark Magician"@7 on your side of the field. Select 1 @5"Dark Magician of Chaos"@7 from your hand, your Graveyard or your Deck and Special Summon it.	
373	Deepsea Shark	1900	1600	5	Fish	WATER	Fusion	None	@5"Bottom Dweller"@7 + @5"Tongyo"@7	
632	Deepsea Warrior	1600	1800	5	Warrior	WATER	Effect	None	As long as @5"Umi"@7 is face-up on the field, this card is unaffected by any Spell Cards.	
717	Delinquent Duo	0	0	0	Spell	Spell	Spell	None	Pay 1000 Life Points. Your opponent randomly selects and discards 1 card from his/her hand and then selects and discards another card from his/her hand.	
1600	Delta Attacker	0	0	0	Spell	Spell	Spell	None	You can only activate this card while there are 3 Normal Monsters of the same name (except Tokens) on your side of the field. The 3 Normal Monsters of the same name can attack your opponent's Life Points directly during the turn this card is activated.	
2056	Demise, King of Armageddon	2400	2000	8	Fiend	DARK	Ritual/Effect	None	This card can only be Ritual Summoned with the Ritual Spell Card, @5"End of the World"@7. By paying 2000 Life Points, destroy all cards on the field.	
1236	Demotion	0	0	0	Spell	Spell	Spell	Equip	Downgrade the monster equipped with this card by 2 Levels.	
1609	Des Counterblow	0	0	0	Trap	Trap	Trap	Continuous	Destroy any monster that inflicts Battle Damage to a player's Life Points by attacking directly.	
1920	Des Croaking	0	0	0	Spell	Spell	Spell	None	You can only activate this card when there are 3 face-up @5"Des Frog"@7 on your side of the field. Destroy all cards on your opponent's side of the field.	
1225	Des Dendle	300	2000	4	Plant	EARTH	Union	None	Once per turn, during your Main Phase, if you control this monster on the field, you can equip it to your @5"Vampire Orchis"@7 as an Equip Spell Card, OR unequip the Union equipment and Special Summon this card in face-up Attack Position. While equipped to a monster by this card's effect, each time the equipped monster destroys 1 of your opponent's monsters, Special Summon 1 @5"Wicked Plant Token"@7 (Plant-Type/EARTH/1 Star/ATK 800/DEF 800). (1 monster can only be equipped with 1 Union Monster at a time. If the equipped monster is destroyed as a result of battle, destroy this card instead.)	
1055	Des Feral Imp	1600	1800	4	Reptile	DARK	Effect	None	FLIP: Select 1 card from your Graveyard, add it to your Deck, and shuffle your Deck.	
1909	Des Frog	1900	0	5	Aqua	WATER	Effect	None	When this card is Tribute Summoned successfully, you can Special Summon @5"Des Frog"@7(s) from your hand or Deck up to the same number of @5"T.A.D.P.O.L.E."@7(s) in your Graveyard.	
1403	Des Kangaroo	1500	1700	4	Beast	DARK	Effect	None	If the ATK of a monster that attacks this monster is lower than the DEF of this card, destroy the attacking monster. (Damage calculation is applied normally.)	
1281	Des Koala	1100	1800	3	Beast	DARK	Effect	None	FLIP: Inflict 400 points of damage to your opponent's Life Points for each card in your opponent's hand.	
1112	Des Lacooda	500	600	3	Zombie	EARTH	Effect	None	You can flip this card into face-down Defense Position once per turn during your Main Phase. When this card is Flip Summoned, you draw 1 card from your Deck.	
1094	Des Volstgalph	2200	1700	6	Dragon	EARTH	Effect	None	Each time this card destroys an enemy monster in battle and sends it to the Graveyard, 500 points of damage are inflicted on your opponent. Also, each time either player uses Normal Magic or Quick-Play Magic, the ATK of this card increases by 200 until the end of that turn (this effect is effective even on your opponent's turn).	
1844	Des Wombat	1600	300	3	Beast	EARTH	Effect	None	As long as this card remains face-up on the field, any damage by a card effect to the controller of this card becomes 0.	
1608	Desert Sunlight	0	0	0	Trap	Trap	Trap	None	All monsters on your side of the field are changed to face-up Defense Position.	
1575	Desertapir	900	300	3	Beast	EARTH	Effect	None	FLIP: Flip 1 face-up monster on the field into face-down Defense Position. You cannot select @5"Desertapir"@7.	
1323	Despair from the Dark	2800	3000	8	Zombie	DARK	Effect	None	When this card is sent from your hand or Deck to your Graveyard by your opponent's card effect, Special Summon this card to the field.	
1371	Desrook Archfiend	1100	1800	3	Fiend	LIGHT	Effect	None	The controller of this card pays 500 Life Points during each of his/her Standby Phases (this is not optional). When this card is targeted by the effect of a card controlled by your opponent, when resolving the effect, roll a six-sided die. If the result is 3, negate the effect and destroy the opponent's card. When a @5"Terrorking Archfiend"@7 on your side of the field is destroyed and sent to the Graveyard, you can send this card from your hand to the Graveyard to Special Summon the @5"Terrorking Archfiend"@7.	
939	Destiny Board	0	0	0	Trap	Trap	Trap	Continuous	At the end of each of your opponent's turns, place 1 @5"Spirit Message"@7 card from your hand or your Deck face-up to the field. If it is from your Deck, then shuffle your Deck. When @5"Spirit Message"@7 cards @5"I"@7, @5"N"@7, @5"A"@7, and @5"L"@7 are all on your side of the field in their proper order, you are declared the winner. If any of the cards are removed from the field while constructing the message, they are all sent to your Graveyard immediately.	
383	Destroyer Golem	1500	1000	4	Rock	EARTH	None	None	A golem with a massive right hand for crushing its victims.	
977	Destruction Punch	0	0	0	Trap	Trap	Trap	None	If the ATK of an attacking monster on your opponent's side of the field is lower than the DEF of the attacked Defense Position monster, destroy the attacking monster at the end of the Damage Step. (Damage calculation is applied normally.)	
1488	Destruction Ring	0	0	0	Trap	Trap	Trap	None	Destroy 1 face-up monster on your side of the field to inflict 1000 points of damage to both players' Life Points.	
453	Dharma Cannon	900	500	2	Machine	DARK	None	None	A monstrous creature whose body is lined with cannons that never miss their targets.	
304	Dian Keto the Cure Master	0	0	0	Spell	Spell	Spell	None	Increase your Life Points by 1000 points.	
1109	Dice Jar	200	300	3	Rock	LIGHT	Effect	None	FLIP: Both players roll a six-sided die once. The player with the lowest result takes damage equal to his/her opponent's result x 500 Life Points. However, if a winner's result is 6, the loser takes 6000 points of damage. If the results are the same, both players roll again.	
1392	Dice Re-Roll	0	0	0	Trap	Trap	Trap	None	Once this turn, negate 1 six-sided die roll and re-roll it.	
1184	Different Dimension Capsule	0	0	0	Spell	Spell	Spell	None	Select 1 card from your Deck and remove it from play face-down. During your 2nd Standby Phase after activation, destroy this card and add the removed card to your hand.	
1260	Diffusion Wave-Motion	0	0	0	Spell	Spell	Spell	None	Pay 1000 Life Points. Select 1 Level 7 or higher Spellcaster-Type monster on your side of the field. During this turn, only the selected monster can attack and it attacks all monsters on your opponent's side of the field once each. The effects of Effect Monsters destroyed by this attack(s) are not activated.	
154	Dig Beak	500	800	2	Beast	EARTH	None	None	This creature rolls up its long, snake-like body and uses its beak to attack.	
1433	Dimension Distortion	0	0	0	Spell	Spell	Spell	None	You can only activate this card if there are no cards in your Graveyard. Select 1 removed from play monster and Special Summon it on your side of the field.	
1482	Dimension Fusion	0	0	0	Spell	Spell	Spell	None	Pay 2000 Life Points. Both players Special Summon as many of their removed from play monsters as possible.	
1231	Dimension Jar	200	200	2	Machine	DARK	Effect	None	FLIP: Both players can remove from play up to 3 monsters from their opponent's Graveyard.	
1933	Dimension Wall	0	0	0	Trap	Trap	Trap	None	You can only activate this card when your opponent declares an attack with a monster. Instead of you, your opponent takes the Battle Damage you would have taken as a result of this battle.	
241	Dimensional Warrior	1200	1000	4	Warrior	EARTH	Effect	None	When this card Attacks or is attacked, both this card and the opposing monster are removed from play and cannot return during the current Duel.	
887	Dimensionhole	0	0	0	Spell	Spell	Spell	None	Select 1 monster on your side of the field and remove it from play until your next Standby Phase. While the monster is removed from play, the Monster Card Zone of the selected monster cannot be used.	
1087	Disappear	0	0	0	Trap	Trap	Trap	None	Remove 1 card from your opponent's Graveyard from play.	
1299	Disarmament	0	0	0	Trap	Trap	Trap	None	Destroy all Equip Spell Cards on the field.	
1533	Disc Fighter	1000	1000	4	Warrior	EARTH	Effect	None	If this card attacks a Defense Position monster with DEF 2000 or more, destroy the monster with this card's effect without applying Damage Calculation.	
2037	Disciple of the Forbidden Spell	1700	800	4	Warrior	LIGHT	Effect	None	When this card is Normal Summoned, Flip Summoned, or Special Summoned, declare different Monster Card Attributes equal to the number of @5"Disciple of the Forbidden Spell"@7(s) in your Graveyard. If this card attacks a monster that has a declared Attribute, destroy the monster without applying damage calculation.	
528	Disk Magician	1350	1000	4	Machine	DARK	None	None	This monster hides in a saucer and only appears when executing an attack.	
229	Dissolverock	900	1000	3	Rock	EARTH	None	None	A monster born in the lava pits, it generates intense heat that can melt away its enemies.	
1196	Disturbance Strategy	0	0	0	Trap	Trap	Trap	None	Your opponent adds all cards in his/her hand to the Deck and shuffles the Deck. Your opponent then draws the same number of cards that he/she added to the Deck.	
2054	Divine Dragon - Excelion	1500	900	5	Dragon	LIGHT	Effect	None	When this card is Normal Summoned, it gets 1 of the following effects for each @5"Divine Dragon - Excelion"@7 in your Graveyard when this effect resolves (your choice). These effects cannot accumulate. @4 @7Increase the ATK of this card by 1000 points. @4 @7If this card destroys your opponent's monster as a result of battle, it can attack once again in a row. @4 @7When this card destroys a monster as a result of battle and sends it to the Graveyard, inflict damage to your opponent's Life Points equal to the ATK of the destroyed monster.	
1754	Divine Dragon Ragnarok	1500	1000	4	Dragon	LIGHT	None	None	A legendary dragon sent by the gods as their instrument. Legends say that if provoked, the whole world will sink beneath the sea.	
1939	Divine Sword - Phoenix Blade	0	0	0	Spell	Spell	Spell	Equip	You can only equip this card to a Warrior-Type monster. Increase the ATK of the equipped monster by 300 points. If this card is in your Graveyard during your Main Phase, by removing from play 2 Warrior-Type monsters from your Graveyard, add this card to your hand.	
1741	Divine Wrath	0	0	0	Trap	Trap	Trap	Counter	Discard 1 card from your hand. Negate the activation and the effect of an Effect Monster and destroy the monster.	
140	Djinn the Watcher of the Wind	700	900	3	Spellcaster	WIND	None	None	This creature generates gale-force winds and tornadoes to blow its enemies away.	
760	DNA Surgery	0	0	0	Trap	Trap	Trap	Continuous	When you activate this card, declare 1 Type of monster. As long as this card remains face-up on the field, all face-up monsters become the Type you declared.	
1495	DNA Transplant	0	0	0	Trap	Trap	Trap	Continuous	Declare 1 Attribute when you activate this card. While this card is face-up on the field, the Attribute of all face-up monsters on the field becomes the one you declared.	
1908	Doitsu	100	200	4	Fairy	EARTH	Union	None	Once per turn, during your Main Phase, if you control this card on the field, you can equip it to your @5"Soitsu"@7 as an Equip Card, OR unequip the Union equipment and Special Summon this card in face-up Attack Position. While equipped to a monster by this card's effect, increase the ATK of the equipped monster by 2500 points. (1 monster can only be equipped with 1 Union Monster at a time. If the equipped monster is destroyed as a result of battle, destroy this card instead.)	
148	Dokuroizo the Grim Reaper	900	1200	3	Zombie	DARK	None	None	A messenger of doom that steals a soul with a single blow.	
583	Dokurorider	1900	1850	6	Zombie	DARK	Ritual	None	This monster can only be Ritual Summoned with the Ritual Spell Card, @5"Revival of Dokurorider"@7. You must also offer monsters whose total Level Stars equal 6 or more as a Tribute from the field or your hand.	
905	Dokuroyaiba	1000	400	3	Fiend	FIRE	None	None	A boomerang with brains that will pursue a target to the ends of the earth.	
1462	Don Turtle	1100	1200	3	Reptile	WATER	Effect	None	When this card is Normal Summoned or Flip Summoned, you can Special Summon any number of @5"Don Turtle"@7(s) from your hand.	
2045	Doom Dozer	2800	2600	8	Insect	EARTH	Effect	None	This card cannot be Normal Summoned or Set. This card cannot be Special Summoned except by removing from play 2 Insect-Type monsters in your Graveyard. When this card inflicts Battle Damage to your opponent's Life Points, send 1 card from the top of your opponent's Deck to the Graveyard.	
1854	Doriado's Blessing	0	0	0	Spell	Spell	Spell	Ritual	This card is used to Ritual Summon @5"Elemental Mistress Doriado"@7. You must also Tribute monsters whose total Levels equal 3 or more from the field or your hand.	
185	Doron	900	500	2	Warrior	EARTH	None	None	This monster splits in two and attacks from opposite sides.	
193	Dorover	900	800	3	Aqua	WATER	None	None	This ugly monster emits a highly poisonous gas.	
1851	Double Attack	0	0	0	Spell	Spell	Spell	None	Discard 1 Monster Card from your hand to the Graveyard. Select 1 monster on your side of the field with a lower Level than the discarded monster. The selected monster can attack twice this turn.	
1583	Double Coston	1700	1650	4	Zombie	DARK	Effect	None	If you Tribute Summon a DARK monster, you can treat this 1 monster as 2 Tribute Monsters for the Tribute Summon.	
1012	Double Snare	0	0	0	Spell	Spell	Spell	None	Destroy 1 face-up card on the field that has the effect that negates Trap Cards' effects.	
1048	Dragged Down into the Grave	0	0	0	Spell	Spell	Spell	None	You and your opponent look at each other's hands, select 1 card from each other's hands and discard them to the Graveyard, and each draw 1 card.	
291	Dragon Capture Jar	0	0	0	Trap	Trap	Trap	Continuous	As long as this card remains face-up on the field, all face-up Dragon-Type monsters are changed to Defense Position and cannot change their Battle Position.	
1022	Dragon Manipulator	700	800	3	Warrior	EARTH	Effect	None	FLIP: Take control of 1 face-up Dragon-Type monster on your opponent's side of the field until the end of the End Phase.	
417	Dragon Seeker	2000	2100	6	Fiend	DARK	Effect	None	When this card is Normal Summoned or Flip Summoned, destroy 1 face-up Dragon-Type monster on the field.	
134	Dragon Statue	1100	900	3	Warrior	EARTH	None	None	A stone warrior with the heart of a dragon.	
103	Dragon Zombie	1600	0	3	Zombie	DARK	None	None	A dragon revived by sorcery. Its breath is highly corrosive.	
1040	Dragon's Gunfire	0	0	0	Spell	Spell	Spell	None	You can activate this card only when you have a face-up Dragon-Type monster on your side of the field. Select and activate 1 of the following effects: @4 @7Inflict 800 points of damage to your opponent's Life Points. @4 @7Destroy 1 face-up monster with a DEF of 800 points or less.	
1918	Dragon's Mirror	0	0	0	Spell	Spell	Spell	None	Remove from play, from your side of the field or your Graveyard, Fusion Material Monsters that are listed on a Dragon-Type Fusion Monster Card, and Special Summon that Fusion Monster from your Fusion Deck. (This Special Summon is treated as a Fusion Summon).	
1043	Dragon's Rage	0	0	0	Trap	Trap	Trap	Continuous	When a Dragon-Type monster on your side of the field attacks with an ATK that is higher than the DEF of a Defense Position monster, inflict the difference as Battle Damage to your opponent's Life Points.	
276	Dragoness the Wicked Knight	1200	900	3	Warrior	WIND	Fusion	None	@5"Armaill"@7 + @5"One-Eyed Shield Dragon"@7	
1554	Draining Shield	0	0	0	Trap	Trap	Trap	None	Negate the attack of 1 of your opponent's monsters and increase your Life Points by the attacking monster's ATK.	
123	Dream Clown	1200	900	3	Warrior	EARTH	Effect	None	When this card is changed from Attack Position to Defense Position, destroy 1 monster on your opponent's side of the field.	
968	Dreamsprite	300	200	2	Plant	LIGHT	Effect	None	When attacked by your opponent's monster, select another 1 of your Monster Cards and designate it as the attack's target, then calculate damage.	
631	Drill Bug	1100	200	2	Insect	EARTH	Effect	None	When this card inflicts Battle Damage to your opponent's Life Points, you can select 1 @5"Parasite Paracide"@7 card from your Deck, shuffle the Deck, and place @5"Parasite Paracide"@7 on top of the Deck.	
1211	Drillago	1600	1100	4	Machine	DARK	Effect	None	If the only cards on your opponent's side of the field are face-up monsters with ATK 1600 or more, this monster can attack your opponent's Life Points directly.	
1877	Drillroid	1600	1600	4	Machine	EARTH	Effect	None	If this card attacks a Defense Position monster, destroy the monster with this card's effect without applying damage calculation.	
754	Driving Snow	0	0	0	Trap	Trap	Trap	None	You can activate this card when 1 or more of your Trap Cards are destroyed and sent from the field to the Graveyard by a card effect your opponent controls. Destroy 1 Spell or Trap Card on the field.	
195	Droll Bird	600	500	2	Winged Beast	WIND	None	None	A monster that shocks its enemies with its massive beak and ear-piercing wails.	
473	Drooling Lizard	900	800	3	Reptile	EARTH	None	None	A blood-sucking snake in human form that attacks any living being that passes nearby.	
1091	Drop Off	0	0	0	Trap	Trap	Trap	None	This card can only be activated during your opponent's Draw Phase. Your opponent discards the card he/she drew to the Graveyard from their hand immediately.	
204	Dryad	1200	1400	4	Spellcaster	EARTH	None	None	A spirit of the forest powered by the surrounding trees and wildlife.	
1829	Dummy Golem	800	800	2	Rock	EARTH	Effect	None	FLIP: Your opponent selects 1 monster that he/she controls. Switch control of the selected monster and this card.	
635	Dunames Dark Witch	1800	1050	4	Fairy	LIGHT	None	None	Even when the odds are against this brave fairy, this monster will engage in battle and never run away.	
1592	Dust Barrier	0	0	0	Spell	Spell	Spell	Continuous	Face-up Normal Monsters on the field are unaffected by your opponent's Spell Cards. This card is destroyed during your second Standby Phase after activation.	
1715	Eagle Eye	1300	1200	3	Winged Beast	WIND	Effect	None	When this card is Normal Summoned successfully, no Trap Cards can be activated.	
1486	Earth Chant	0	0	0	Spell	Spell	Spell	Ritual	This card is used to Ritual Summon any EARTH Ritual Monster. You must also Tribute monsters from the field or your hand whose total Levels equal the Level of the Ritual Monster you are attempting to Ritual Summon.	
941	Earthbound Spirit	500	2000	4	Fiend	EARTH	None	None	A vengeful creature formed by the spirits of fallen warriors, it drags any who dare approach it into the deepest bowels of the earth.	
1563	Earthbound Spirit's Invitation	0	0	0	Trap	Trap	Trap	None	Can be activated when an opponent's Monster attacks. The owner of this card selects the target of the attacker.	
1545	Earthquake	0	0	0	Spell	Spell	Spell	None	All face-up monsters on the field are changed to Defense Position.	
1914	Ebon Magician Curran	1200	0	2	Spellcaster	DARK	Effect	None	During your Standby Phase, inflict 300 points of damage to your opponent's Life Points for each monster on your opponent's side of the field.	
663	Ectoplasmer	0	0	0	Spell	Spell	Spell	Continuous	Only once during each player's End Phase, each player Tributes 1 face-up monster on his/her side of the field and inflicts damage to the opponent's Life Points equal to half of the original ATK of the Tributed Monster.	
987	Ekibyo Drakmord	0	0	0	Spell	Spell	Spell	Equip	A monster equipped with this card cannot attack. Destroy the equipped monster at the end of the 2nd turn of the controller of the equipped monster. At that time, this card is returned to the owner's hand.	
440	Eldeen	950	1000	3	Spellcaster	LIGHT	None	None	The cane of this monster is the source of many powerful spells.	
391	Electric Snake	800	900	3	Thunder	LIGHT	Effect	None	When this card is discarded from your hand to the Graveyard by an effect of a card controlled by your opponent, draw 2 cards from your Deck.	
288	Elegant Egotist	0	0	0	Spell	Spell	Spell	None	You can only activate this card when there are 1 or more @5"Harpie Lady"@7 on the field. Special Summon 1 @5"Harpie Lady"@7 or @5"Harpie Lady Sisters"@7 from your hand or your Deck.	
1762	Element Doom	1500	1200	4	Fiend	DARK	Effect	None	This monster gets the following effect(s) while there is a monster(s) with the following Attribute(s) on the field: @4 @7EARTH: Negate the effect of an Effect Monster that is destroyed by this monster as a result of battle. @4 @7WIND:If this card destroyed your opponent's monster as a result of battle, it can attack once again in a row.	
1648	Element Dragon	1500	1200	4	Dragon	LIGHT	Effect	None	This monster gets the following effect(s) while there is a monster(s) with the following Attribute(s) on the field: @4 @7FIRE: Increase the ATK of this card by 500 points. @4 @7WIND: If this card destroyed your opponent's monster as a result of battle, it can attack once again in a row.	
1706	Element Magician	1500	1200	4	Spellcaster	LIGHT	Effect	None	This monster gets the following effect(s) while there is a monster(s) with the following Attribute(s) on the field: @4 @7WATER: Control of this card cannot switch. @4 @7WIND: If this card destroyed your opponent's monster as a result of battle, it can attack once again in a row.	
1707	Element Saurus	1500	1200	4	Dinosaur	DARK	Effect	None	This monster gets the following effect(s) while there is a monster(s) with the following Attribute(s) on the field: @4 @7FIRE: Increase the ATK of this card by 500 points. @4 @7EARTH: Negate the effect of an Effect Monster that is destroyed by this monster as a result of battle.	
1649	Element Soldier	1500	1200	4	Fiend	DARK	Effect	None	This monster gets the following effect(s) while there is a monster(s) with the following Attribute(s) on the field: @4 @7WATER: Control of this card cannot switch. @4 @7EARTH: Negate the effect of an Effect Monster that is destroyed by this monster as a result of battle.	
1761	Element Valkyrie	1500	1200	4	Fairy	LIGHT	Effect	None	This monster gets the following effect(s) while there is a monster(s) with the following Attribute(s) on the field: @4 @7FIRE:Increase the ATK of this card by 500 points.  @4 @7WATER:Control of this card cannot switch.	
1804	Elemental Burst	0	0	0	Trap	Trap	Trap	None	Tribute 1 each of WIND, WATER, FIRE, and EARTH monsters on your side of the field to activate this card. Destroy all cards on your opponent's side of the field.	
1813	Elemental Hero Avian	1000	1000	3	Warrior	WIND	None	None	A winged Elemental Hero who wheels through the sky and manipulates the wind. His signature move, Featherbreak, gives villainy a blow from sky-high.	
1948	Elemental Hero Bladedge	2600	1800	7	Warrior	EARTH	Effect	None	During battle between this attacking card and a Defense Position monster whose DEF is lower than the ATK of this card, inflict the difference as Battle Damage to your opponent's Life Points.	
1882	Elemental Hero Bubbleman	800	1200	4	Warrior	WATER	Effect	None	If this is the only card in your hand, you can Special Summon this card from your hand. When this card is Normal Summoned, Flip Summoned or Special Summoned successfully, if there are no other cards on your side of the field and in your hand, you can draw 2 cards from your Deck.	
1814	Elemental Hero Burstinatrix	1200	800	3	Warrior	FIRE	None	None	A flame manipulator who is the only woman among the Elemental Heroes. Her Burstfire burns away villainy.	
1815	Elemental Hero Clayman	800	2000	4	Warrior	EARTH	None	None	An Elemental Hero with a clay body built-to-last. He'll preserve his Elemental Hero colleagues at any cost.	
2071	Elemental Hero Erikshieler	2900	2600	10	Warrior	LIGHT	Fusion/Effect	None	@5"Elemental Hero Avian"@7 + @5"Elemental Hero Burstinatrix"@7 + @5"Elemental Hero Clayman"@7 + @5"Elemental Hero Bubbleman"@7 This monster cannot be Special Summoned except by Fusion Summon. The Attribute of this card is also treated as WIND, WATER, FIRE, and EARTH. When this card are successfully Fusion Summoned, all cards that have been removed from the game are returned to their owner's Deck and the Deck is shuffled. For each Monster Card with the same attribute as this card on your opponent's Field, the ATK of this card increases by 300 points.	
1848	Elemental Hero Flame Wingman	2100	1200	6	Warrior	WIND	Fusion/Effect	None	@5"Elemental Hero Avian"@7 + @5"Elemental Hero Burstinatrix"@7 This monster cannot be Special Summoned except by Fusion Summon. When this card destroys a monster as a result of battle and sends it to the Graveyard, inflict damage to your opponent's Life Points equal to the ATK of the destroyed monster.	
1996	Elemental Hero Madballman	1900	3000	6	Warrior	EARTH	Fusion/Effect	None	@5"Elemental Hero Bubbleman"@7 + @5"Elemental Hero Clayman"@7 This monster cannot be Special Summoned except by Fusion Summon.	
1994	Elemental Hero Necroshade	1600	1800	5	Warrior	DARK	Effect	None	While this card is in the Graveyard, you can Summon any @5"Elemental Hero"@7 card without giving a card as a Tribute. This effect can only be used once while the card remains in the Graveyard.	
2015	Elemental Hero Neo Bubbleman	800	1200	4	Warrior	WATER	Effect	None	This card cannot be Normal Summoned or Set. This card cannot be Special Summoned except by sending @5"Elemental Hero Bubbleman"@7 on your side of the field and @5"Metamorphosis"@7 in your hand to the Graveyard. This card's name is treated as @5"Elemental Hero Bubbleman"@7 while it is face-up on the field. Destroy an opponent's monster that battles this card at the end of the Damage Step.	
2079	Elemental Hero Neos	2500	2000	7	Warrior	LIGHT	None	None	A brand-new Elemental Hero from Neospatian. It exerts an unknown power when Contact Fused with Neospatian.	
1957	Elemental Hero Rampart Blaster	2000	2500	6	Warrior	EARTH	Fusion/Effect	None	@5"Elemental Hero Clayman"@7 + @5"Elemental Hero Burstinatrix"@7 This monster cannot be Special Summoned except by Fusion Summon. While this card is in face-up Defense Position, this card can attack your opponent's Life Points directly. In that case, apply half the ATK of this card for damage calculation.	
1940	Elemental Hero Shining Flare Wingman	2500	2100	8	Warrior	LIGHT	Fusion/Effect	None	@5"Elemental Hero Flame Wingman"@7 + @5"Elemental Hero Sparkman"@7 This monster cannot be Special Summoned except by Fusion Summon. Increase the ATK of this card by 300 points for each card in your Graveyard that includes @5"Elemental Hero"@7 in its card name. When this card destroys a monster as a result of battle and sends it to the Graveyard, inflict damage to your opponent's Life Points equal to the ATK of the destroyed monster.	
1816	Elemental Hero Sparkman	1600	1400	4	Warrior	LIGHT	None	None	An Elemental Hero and a warrior of light who proficiently wields many kinds of armaments. His Shining Surge Flash cuts off the path of villainy.	
2000	Elemental Hero Steam Healer	1800	1000	5	Warrior	WATER	Fusion/Effect	None	@5"Elemental Hero Burstinatrix"@7 + @5"Elemental Hero Bubbleman"@7 This monster cannot be Special Summoned except by Fusion Summon. When this card destroys a monster as a result of battle and sends it to the Graveyard, increase your Life Points by the ATK of the destroyed monster.	
1958	Elemental Hero Tempest	2800	2800	8	Warrior	WIND	Fusion/Effect	None	@5"Elemental Hero Avian"@7 + @5"Elemental Hero Sparkman"@7 + @5"Elemental Hero Bubbleman"@7 This monster cannot be Special Summoned except by Fusion Summon. By sending 1 card (except this card) from your side of the field to the Graveyard, select 1 monster on your side of the field. While this card is face-up on the field, the selected monster is not destroyed as a result of battle. (Damage calculation is applied normally.)	
1849	Elemental Hero Thunder Giant	2400	1500	6	Warrior	LIGHT	Fusion/Effect	None	@5"Elemental Hero Sparkman"@7 + @5"Elemental Hero Clayman"@7 This monster cannot be Special Summoned except by Fusion Summon. By discarding 1 card from your hand, select and destroy 1 face-up monster on the field with an original ATK that is less than the ATK of this card. You can only use this effect once per turn, during your Main Phase.	
1959	Elemental Hero Wildedge	2600	2300	8	Warrior	EARTH	Fusion/Effect	None	@5"Elemental Hero Wildheart"@7 + @5"Elemental Hero Bladedge"@7 This monster cannot be Special Summoned except by Fusion Summon. This card can attack all monsters on your opponent's side of the field once each.	
1949	Elemental Hero Wildheart	1500	1600	4	Warrior	EARTH	Effect	None	This card is unaffected by the effects of Trap Cards.	
1847	Elemental Mistress Doriado	1200	1400	3	Spellcaster	LIGHT	Ritual/Effect	None	This card can only be Ritual Summoned with the Ritual Spell Card, @5"Doriado's Blessing"@7. The Attribute of this card is also treated as WIND, WATER, FIRE, and EARTH.	
1579	Elephant Statue of Blessing	1500	0	3	Rock	EARTH	Effect	None	When this card is sent directly from your hand to the Graveyard by an effect of a card controlled by your opponent, increase your Life Points by 2000 points.	
1580	Elephant Statue of Disaster	1500	0	3	Rock	EARTH	Effect	None	When this card is sent directly from your hand to the Graveyard by an effect of a card controlled by your opponent, inflict 2000 points of damage to your opponent's Life Points.	
1292	Emblem of Dragon Destroyer	0	0	0	Spell	Spell	Spell	None	Add 1 @5"Buster Blader"@7 from your Deck or your Graveyard to your hand.	
947	Embodiment of Apophis	0	0	0	Trap	Trap	Trap	Continuous	This card can only be activated during a Main Phase. After activating, it becomes a Monster Card (Reptile-Type/EARTH/4 Star/ATK 1600/DEF 1800), and Special Summons in the Monster Card zone (Also treated as a Trap Card).	
239	Embryonic Beast	500	750	2	Fiend	DARK	None	None	An imperfect monster with a belly vortex that sucks in opponents of any size.	
1046	Emergency Provisions	0	0	0	Spell	Spell	Spell	Quick-Play	Send Spell or Trap Cards on your side of the field to the Graveyard except this card. Increase your Life Points by 1000 points for each card sent to the Graveyard.	
1502	Emes the Infinity	2500	2000	7	Machine	LIGHT	Effect	None	Each time this card destroys an opponent's monster and sends it to the Graveyard as a result of battle, increase the ATK of this card by 700 points.	
1582	Emissary of the Afterlife	1600	600	4	Fiend	DARK	Effect	None	When this card is sent from the field to the Graveyard, each player selects 1 Level 3 or lower Normal Monster from their Deck, and adds it to their hand after showing it to the opponent. The Decks are then shuffled.	
1588	Emissary of the Oasis	600	400	3	Spellcaster	LIGHT	Effect	None	While a face-up Level 3 or lower Normal Monster is on your side of the field, your opponent cannot select this card as an attack target. While this card is face-up on your side of the field, any Battle Damage to the controller of this card from battle involving a Level 3 or lower Normal Monster becomes 0.	
919	Empress Mantis	2200	1400	6	Insect	WIND	None	None	Queen of an army of giant mantises whose command moves legions.	
994	Enchanted Arrow	0	0	0	Spell	Spell	Spell	Quick-Play	Destroys all face-up Spell Cards controlled by your opponent on the Field. For each Spell Card destroyed, your opponent receives 500 damage.	
795	Enchanted Javelin	0	0	0	Trap	Trap	Trap	None	Increase your Life Points by the ATK of 1 attacking monster.	
1597	Enchanting Fitting Room	0	0	0	Spell	Spell	Spell	None	Pay 800 Life Points. Pick up 4 cards from the top of your Deck and Special Summon to your side of the field all Level 3 or lower Normal Monsters among the picked-up cards. Return all the other picked-up cards to your Deck and the Deck is then shuffled.	
236	Enchanting Mermaid	1200	900	3	Fish	WATER	None	None	A beautiful mermaid that lures voyagers to a watery grave.	
2060	End of the World	0	0	0	Spell	Spell	Spell	Ritual	This card can be used to Ritual Summon @5"Ruin, Queen of Oblivion"@7 or @5"Demise, King of Armageddon"@7. You must also Tribute monsters from the field or your hand whose total Levels equal the Level of the Ritual Monster you are attempting to Ritual Summon.	
1444	Energy Drain	0	0	0	Trap	Trap	Trap	None	Select 1 face-up monster on your side of the field. Increase the ATK and DEF of the monster by an amount equal to the number of cards in your opponent's hand x 200 points, until the End Phase.	
1677	Enervating Mist	0	0	0	Trap	Trap	Trap	Continuous	Your opponent's hand size limit becomes 5.	
1461	Enraged Battle Ox	1700	1000	4	Beast-Warrior	EARTH	Effect	None	During battle between attacking Beast, Beast-Warrior or Winged Beast-Type monsters on your side of the field and a Defense Position monster whose DEF is lower than the ATK of the attacking monster, inflict the difference as Battle Damage to your opponent's Life Points.	
1656	Enraged Muka Muka	1200	600	5	Rock	EARTH	Effect	None	Increase the ATK and DEF of this card by 400 points for each card in your hand.	
1840	Eria the Water Charmer	500	1500	3	Spellcaster	WATER	Effect	None	FLIP: Take control of 1 WATER monster on your opponent's side of the field, for as long as this card remains face-up on the field.	
537	Eternal Rest	0	0	0	Spell	Spell	Spell	None	Destroy all monsters equipped with Equip Spell Cards.	
1953	Etoile Cyber	1200	1600	4	Warrior	EARTH	Effect	None	If this card attacks your opponent's Life Points directly, increase the ATK of this card by 500 points during the Damage Step only.	
1135	Exarion Universe	1800	1900	4	Beast-Warrior	DARK	Effect	None	You may activate this during the Battle Phase of your turn. If you attack a monster in Defense Position with the ATK of this card reduced by 400, and this card's ATK is higher than the defending card's DEF, the difference is inflicted on the opponent as Life Points damage.	
1304	Excavation of Mage Stones	0	0	0	Spell	Spell	Spell	None	Discard 2 cards from your Hand to return one Spell Card from your Graveyard to your Hand.	
933	Exchange	0	0	0	Spell	Spell	Spell	None	Both players show their hands to each other and select 1 card from each other's hand. Add the selected card to your hand and you can use it in this Duel. (When the cards are sent to the Graveyard, they are sent to the Graveyard of the original owner.)	
1296	Exhausting Spell	0	0	0	Trap	Trap	Trap	None	Remove all Spell Counters on both sides of the field.	
1310	Exodia Necross	1800	0	4	Spellcaster	DARK	Effect	None	This card cannot be Normal Summoned or Set. This card cannot be Special Summoned except by the effect of @5"Contract with Exodia"@7. This card is not destroyed as a result of battle or by the effects of Spell or Trap Cards, and during each of your Standby Phases, increase the ATK of this card by 500 points. This card is destroyed when any of @5"Exodia the Forbidden One"@7, @5"Right Arm of the Forbidden One"@7, @5"Left Arm of the Forbidden One"@7, @5"Right Leg of the Forbidden One"@7 or @5"Left Leg of the Forbidden One"@7 is not in your Graveyard.	
21	Exodia the Forbidden One	1000	1000	3	Spellcaster	DARK	Effect	None	When you have @5"Right Leg of the Forbidden One"@7, @5"Left Leg of the Forbidden One"@7, @5"Right Arm of the Forbidden One"@7 and @5"Left Arm of the Forbidden One"@7 in addition to this card in your hand, you win the Duel.	
176	Eyearmor	600	500	2	Warrior	EARTH	None	None	This warrior transforms into various creatures to confuse enemies in battle.	
1157	F.G.D.	5000	5000	12	Dragon	DARK	Fusion/Effect	None	This card can only be Special Summoned with a Fusion Summon. This card is Fusion Summoned with 5 Dragon monsters. This card does not take battle damage from EARTH, WATER, FIRE, WIND, or DARK monsters.	
870	Fairy Box	0	0	0	Trap	Trap	Trap	Continuous	Each time a monster on your opponent's side of the field attacks, toss a coin and call Heads or Tails. If you call it right, the attacking monster's ATK becomes 0 only during the Battle Phase. Pay 500 Life Points during each of your Standby Phases. If you do not, this card is destroyed.	
499	Fairy Dragon	1100	1200	4	Dragon	WIND	None	None	A beautiful and powerful dragon fairy.	
817	Fairy King Truesdale	2200	1500	6	Plant	WATER	Effect	None	As long as this card remains in face-up Defence Position on the field, increase the ATK and DEF of all Plant-Type monsters on your side of the field by 500 points.	
883	Fairy Meteor Crush	0	0	0	Spell	Spell	Spell	Equip	When a monster equipped with this card attacks with an ATK that is higher than the DEF of a Defense Position monster, inflict the difference as Battle Damage to your opponent's Life Points.	
515	Fairy of the Fountain	1600	1100	4	Aqua	WATER	None	None	This fairy protects a fountain from any who seek to muddy its waters.	
1340	Fairy of the Spring	0	0	0	Spell	Spell	Spell	None	Add 1 Equip Spell Card from your Graveyard to your hand. You cannot activate that Equip Spell Card this turn.	
321	Fairy's Gift	1400	1000	4	Spellcaster	LIGHT	None	None	This flying monster is known for delivering happiness to all.	
718	Fairy's Hand Mirror	0	0	0	Trap	Trap	Trap	None	Switch the opponent's Spell Card effect that specifically designates 1 monster as a target to another correct target.	
238	Fairywitch	800	1000	3	Spellcaster	DARK	None	None	Though destined to be a fairy, this creature chose the way of the witch instead.	
126	Faith Bird	1500	1100	4	Winged Beast	WIND	None	None	This long-tailed bird blinds its enemies with mystical light.	
1382	Falling Down	0	0	0	Spell	Spell	Spell	Equip	Destroy this card if there is no Archfiend card on your side of the field. Take control of 1 of your opponent's monsters that is equipped with this card. You take 800 points of damage during each of your opponent's Standby Phases.	
1618	Familiar Knight	1200	1400	3	Warrior	DARK	Effect	None	When this card is destroyed and sent to the Graveyard as a result of battle, each player can Special Summon 1 Level 4 monster from their hand.	
1977	Familiar-Possessed - Aussa	1850	1500	4	Spellcaster	EARTH	Effect	None	By sending 1 @5"Aussa the Earth Charmer"@7 and 1 EARTH monster from your side of the field to the Graveyard, you can Special Summon this card from your hand or Deck. If you Special Summon this card in this way, this card gets the following effect: During battle between this attacking card and a Defense Position monster whose DEF is lower than the ATK of this card, inflict the difference as Battle Damage to your opponent's Life Points.	
1978	Familiar-Possessed - Eria	1850	1500	4	Spellcaster	WATER	Effect	None	By sending 1 @5"Eria the Water Charmer"@7 and 1 WATER monster from your side of the field to the Graveyard, you can Special Summon this card from your hand or Deck. If you Special Summon this card in this way, this card gets the following effect: During battle between this attacking card and a Defense Position monster whose DEF is lower than the ATK of this card, inflict the difference as Battle Damage to your opponent's Life Points.	
1979	Familiar-Possessed - Hiita	1850	1500	4	Spellcaster	FIRE	Effect	None	By sending 1 @5"Hiita the Fire Charmer"@7 and 1 FIRE monster from your side of the field to the Graveyard, you can Special Summon this card from your hand or Deck. If you Special Summon this card in this way, this card gets the following effect: During battle between this attacking card and a Defense Position monster whose DEF is lower than the ATK of this card, inflict the difference as Battle Damage to your opponent's Life Points.	
1980	Familiar-Possessed - Wynn	1850	1500	4	Spellcaster	WIND	Effect	None	By sending 1 @5"Wynn the Wind Charmer"@7 and 1 WIND monster from your side of the field to the Graveyard, you can Special Summon this card from your hand or Deck. If you Special Summon this card in this way, this card gets the following effect: During battle between this attacking card and a Defense Position monster whose DEF is lower than the ATK of this card, inflict the difference as Battle Damage to your opponent's Life Points.	
1010	Fatal Abacus	0	0	0	Trap	Trap	Trap	Continuous	Each time 1 monster is sent from the field to the Graveyard, inflict 500 points of damage per card to the respective card owner's Life Points.	
2074	Fault Zone	0	0	0	Spell	Spell	Spell	Field	If a Rock-Type monster in Defense Position is attacked, damage taken by the attacking monster's controller is doubled.	
1325	Fear from the Dark	1700	1500	4	Zombie	DARK	Effect	None	When this card is sent from your hand or Deck to your Graveyard by your opponent's card effect, Special Summon this card to the field.	
1961	Feather Shot	0	0	0	Spell	Spell	Spell	None	Select 1 face-up @5"Elemental Hero Avian"@7 on your side of the field to activate this card. This turn, the selected card can attack as many times as the number of monster(s) on your side of the field when this card resolves. In that case, it cannot attack your opponent's Life Points directly, and your other monster(s) cannot attack.	
1966	Feather Wind	0	0	0	Trap	Trap	Trap	Counter	You can only activate this card if there is a face-up @5"Elemental Hero Avian"@7 on your side of the field. Negate the activation of a Spell or Trap Card and destroy it.	
1076	Fengsheng Mirror	0	0	0	Spell	Spell	Spell	None	Look at your opponent's hand. Select and discard 1 Spirit monster to the Graveyard if Spirit monsters exist in his/her hand.	
1416	Fenrir	1400	1200	4	Beast	WATER	Effect	None	This card cannot be Normal Summoned or Set. This card can only be Special Summoned by removing 2 WATER monsters in your Graveyard from play. When this card destroys an opponent's monster as a result of battle, your opponent skips his/her next Draw Phase.	
9	Feral Imp	1300	1400	4	Fiend	DARK	None	None	A playful little fiend that lurks in the dark, waiting to attack an unwary enemy.	
1062	Fiber Jar	500	500	3	Plant	EARTH	Effect	None	FLIP: Both players unite all their respective cards on the field, in their hands, and in their Graveyards with their respective Decks and shuffle them. Then both players draw 5 cards from their shuffled Decks.	
1092	Fiend Comedian	0	0	0	Trap	Trap	Trap	None	Toss a coin and call it. If you call it right, all your opponent's cards in the Graveyard are removed from play immediately. If you call it wrong, send a number of cards equal to the cards in your opponent's Graveyard from your Deck to your Graveyard.	
77	Fiend Kraken	1200	1400	4	Aqua	WATER	None	None	A giant squid that drags its enemies to a watery grave.	
177	Fiend Reflection	1100	1400	4	Winged Beast	LIGHT	None	None	A bird-beast that summons reinforcements with a hand mirror.	
491	Fiend Reflection~2	1300	1400	4	Winged Beast	WIND	None	None	This monster can draw its enemies into mirror world that renders them helpless.	
1567	Fiend Scorpion	900	200	2	Insect	EARTH	None	None	A huge scorpion inhabited by the soul of a fiend. Usually it holds back, but has untapped potential.	
1034	Fiend Skull Dragon	2000	1200	5	Dragon	WIND	Fusion/Effect	None	@5"Cave Dragon"@7 + @5"Lesser Fiend"@7 A Fusion Summon of this monster can only be conducted with the above Fusion Material Monsters. As long as this card remains face-up on the field, negate the effects of Flip Effect Monsters. Negate the effects of a Trap Card that targets this card and destroy it.	
212	Fiend Sword	1400	800	4	Warrior	DARK	None	None	Whoever resists the curse of this blade will gain untold power.	
132	Fiend's Hand	600	600	2	Zombie	DARK	None	None	Arms that reach out from the Swamp of Chaos to drag down the unwary.	
1489	Fiend's Hand Mirror	0	0	0	Trap	Trap	Trap	None	Switch the opponent's Spell Card effect that targets 1 Spell or Trap Card to another correct target.	
323	Fiend's Mirror	2100	1800	6	Fiend	DARK	Ritual	None	This monster can only be Ritual Summoned with the Ritual Spell Card, @5"Beastly Mirror Ritual"@7. You must also offer monsters whose total Level Stars equal 6 or more as a Tribute from the field or your hand.	
1261	Fiend's Sanctuary	0	0	0	Spell	Spell	Spell	None	Special Summons one @5"Metal Fiend Token"@7 (Fiend-Type/DARK/1 Star/ATK 0/DEF 0) to your Field. This Token cannot attack. Excess damage against the Controller from battle with @5"Metal Fiend Token"@7 is received by your opponent instead. Pay 1000 Life Points during your Standby Phase. If you do not pay 1000 Life Points, the @5"Metal Fiend Token"@7 is destroyed.	
1255	Final Attack Orders	0	0	0	Trap	Trap	Trap	Continuous	As long as this card remains on the field, all face-up monsters on the field are changed to Attack Position and their battle positions cannot be changed.	
1384	Final Countdown	0	0	0	Spell	Spell	Spell	None	Pay 2000 Life Points. After 20 turns have passed after you activate this card (counting the turn you activate this card as the 1st turn), you win the Duel.	
713	Final Destiny	0	0	0	Spell	Spell	Spell	None	Discard 5 cards from your hand. Destroy all cards on the field.	
1855	Final Ritual of the Ancients	0	0	0	Spell	Spell	Spell	Ritual	This card is used to Ritual Summon @5"Reshef the Dark Being"@7. You must also Tribute monsters whose total Levels equal 8 or more from the field or your hand.	
1923	Fire Darts	0	0	0	Trap	Trap	Trap	None	You can only activate this card when you have no cards in your hand. Roll a six-sided die 3 times, and inflict damage to your opponent's Life Points equal to the total result of the die rolls x  100 points.	
167	Fire Eye	800	600	2	Pyro	FIRE	None	None	An eye engulfed in flames that flaps its wings to create hot blasts of air.	
432	Fire Kraken	1600	1500	4	Aqua	FIRE	None	None	A squid that thrives on fire and heat.	
916	Fire Princess	1300	1500	4	Pyro	FIRE	Effect	None	Each time you increase your Life Points, inflict 500 points of damage to your opponent's Life Points.	
149	Fire Reaper	700	500	2	Zombie	DARK	None	None	A reaper with a flaming arrow that burns an enemy to a crisp.	
1782	Firebird	1000	800	4	Winged Beast	FIRE	Effect	None	As long as this card remains face-up on the field, each time a Winged Beast-Type monster(s) on your side of the field is destroyed, increase the ATK of this card by 500 points.	
152	Firegrass	700	600	2	Plant	EARTH	None	None	A fire-breathing plant found growing near volcanoes.	
579	Firewing Pegasus	2250	1800	6	Beast	FIRE	None	None	A heavenly stallion soaring through the skies on crimson wings.	
273	Fireyarou	1300	1000	4	Pyro	FIRE	None	None	A malevolent creature wrapped in flames that attacks enemies with intense fire.	
667	Fissure	0	0	0	Spell	Spell	Spell	None	Destroy 1 face-up monster with the lowest ATK on your opponent's side of the field.	
439	Flame Cerebrus	2100	1800	6	Pyro	FIRE	None	None	Known to many as the "Burning Executioner", this monster is capable of burning enemies to cinders.	
837	Flame Dancer	550	450	2	Pyro	FIRE	None	None	This monster moves while swinging its burning rope.	
203	Flame Ghost	1000	800	3	Zombie	DARK	Fusion	None	@5"Skull Servant"@7 + @5"Dissolverock"@7	
138	Flame Manipulator	900	1000	3	Spellcaster	FIRE	None	None	This Spellcaster attacks enemies with fire-related spells such as  Sea of Flames and Wall of Fire .	
1781	Flame Ruler	1500	1600	4	Pyro	FIRE	Effect	None	If you Tribute Summon a FIRE monster, you can treat this 1 monster as 2 Tribute Monsters for the Tribute Summon.	
14	Flame Swordsman	1800	1600	5	Warrior	FIRE	Fusion	None	@5"Flame Manipulator"@7 + @5"Masaki the Legendary Swordsman"@7	
15	Flame Swordsman	1800	1600	5	Warrior	FIRE	Fusion	None	@5"Flame Manipulator"@7 + @5"Masaki the Legendary Swordsman"@7	
529	Flame Viper	400	450	2	Pyro	EARTH	None	None	A fire-breathing snake whose speed makes it a difficult target.	
733	Flash Assailant	2000	2000	4	Fiend	DARK	Effect	None	Decrease the ATK and DEF of this card by 400 points for each card in your hand.	
1734	Flint	0	0	0	Spell	Spell	Spell	Equip	A monster equipped with this card cannot change its Battle Position or attack, and has its ATK decreased by 300 points. If the equipped monster is destroyed, select 1 monster on the field and equip this card to that monster.	
410	Flower Wolf	1800	1400	5	Beast	EARTH	Fusion	None	@5"Silver Fang"@7 + @5"Darkworld Thorns"@7	
2097	Fluffy Token	0	0	1	Plant	LIGHT	Token	None	Special Summon with the effect of @5"Dandylion"@7. This Token cannot be used as a Tribute for a Tribute Summon during the turn it is Special Summoned.	
844	Flying Fish	800	500	4	Fish	WIND	None	None	Three wishes are granted to those fortunate enough to see this monster in flight.	
740	Flying Kamakiri	1400	900	4	Insect	WIND	Effect	None	When this card is sent to the Graveyard as a result of battle, you can Special Summon 1 WIND monster with an ATK of 1500 or less in face-up Attack Position from your Deck. Then shuffle your Deck.	
783	Flying Kamakiri~2	1500	800	4	Insect	WIND	None	None	A flying mantis that feeds primarily on insects.	
318	Flying Penguin	1200	1000	4	Aqua	WATER	None	None	A very rare penguin that takes to the air with ears shaped like wings.	
948	Foolish Burial	0	0	0	Spell	Spell	Spell	None	Select one Monster from your Deck and send it to the Graveyard. Afterward, shuffle your Deck.	
1805	Forced Ceasefire	0	0	0	Trap	Trap	Trap	None	Discard 1 card from your hand. No Trap Cards can be activated until the End Phase of this turn.	
757	Forced Requisition	0	0	0	Trap	Trap	Trap	Continuous	You can activate this card when you discard from your hand. After that, each time you discard from your hand, your opponent must also discard the same number of cards from his/her hand.	
292	Forest	0	0	0	Spell	Spell	Spell	Field	Increases the ATK and DEF of all Insect, Beast, Plant, and Beast-Warrior-Type monsters by 200 points.	
1251	Formation Union	0	0	0	Trap	Trap	Trap	None	Select and activate 1 of the following effects: @4 @7Equip 1 Union Monster on your side of the field to an appropriate monster on your side of the field as an Equip Spell Card.  @4 @7Unequip 1 of your equipped Union Monsters and Special Summon it to your side of the field in face-up Attack Position.	
582	Fortress Whale	2350	2150	7	Fish	WATER	Ritual	None	This monster can only be Ritual Summoned with the Ritual Spell Card, @5"Fortress Whale's Oath"@7. You must also offer monsters whose total Level Stars equal 7 or more as a Tribute from the field or your hand.	
566	Fortress Whale's Oath	0	0	0	Spell	Spell	Spell	Ritual	This card is used to Ritual Summon @5"Fortress Whale"@7. You must also offer monsters whose total Level Stars equal 7 or more as a Tribute from the field or your hand.	
1722	Fox Fire	300	200	2	Pyro	FIRE	Effect	None	During the End Phase of a turn when this face-up card was destroyed as a result of battle, Special Summon this card from the Graveyard to your side of the field. This card cannot be Tributed for a Tribute Summon.	
1411	Freed the Brave Wanderer	1700	1200	4	Warrior	LIGHT	Effect	None	By removing from play 2 LIGHT monsters in your Graveyard, destroy 1 face-up monster on the field with higher ATK than this card. You can only use this effect once per turn.	
1013	Freed the Matchless General	2300	1700	5	Warrior	EARTH	Effect	None	Negate the effect of any Spell Card that targets this card and destroy it. As long as this card remains face-up on the field, you can add 1 Level 4 or lower Warrior-Type monster from your Deck to your hand per turn instead of drawing 1 card from your Deck during your Draw Phase. Then shuffle your Deck.	
1227	Freezing Beast	1500	1000	4	Aqua	WATER	Union	None	Once per turn, during your Main Phase, if you control this monster on the field, you can equip it to your @5"Burning Beast"@7 as an Equip Spell Card, OR unequip the Union equipment and Special Summon this card in face-up Attack Position. While equipped to a monster by this card's effect, each time the equipped monster inflicts Battle Damage to your opponent, destroy 1 face-down Spell or Trap Card on the field. (1 monster can only be equipped with 1 Union Monster at a time. If the equipped monster is destroyed as a result of battle, destroy this card instead.)	
190	Frenzied Panda	1200	1000	4	Beast	EARTH	None	None	A savage beast that carries a big bamboo stick for beating down its enemies.	
1351	Friendship	0	0	0	Spell	Spell	Spell	None	Request a handshake from your opponent. If your opponent responds with a handshake, both players Life Points becomes one half the total of their Life Points. If you have a @5"Unity"@7 in your Hand, by showing your opponent that card, they must respond with a handshake.	
457	Frog the Jam	700	500	2	Aqua	WATER	None	None	A slime with the head of a frog, it attacks by croaking terribly.	
1018	Frontier Wiseman	1600	800	3	Spellcaster	EARTH	Effect	None	As long as this card remains face-up on your side of the field, negate the effects of Spell Cards that target face-up Warrior-Type monsters on your side of the field and destroy the Spell Card.	
1235	Frontline Base	0	0	0	Spell	Spell	Spell	Continuous	Once per turn, during your Main Phase, you can Special Summon 1 Union Monster of Level 4 or lower from your hand.	
1388	Frozen Soul	0	0	0	Trap	Trap	Trap	None	You can only activate this card when your Life Points are at least 2000 lower than your opponent's. Skip your opponent's next Battle Phase.	
1745	Fuh-Rin-Ka-Zan	0	0	0	Trap	Trap	Trap	None	You can only activate this card when there are at least 1 monster each of WIND, WATER, FIRE and EARTH Attributes face-up on the field. Select and apply 1 of the following effects: @4 @7Destroy all monsters on your opponent's side of the field. @4 @7Destroy all Spell and Trap Cards on your opponent's side of the field. @4 @7Randomly discard 2 cards from your opponent's hand. @4 @7Draw 2 cards.	
1422	Fuhma Shuriken	0	0	0	Spell	Spell	Spell	Equip	You can only equip this card to a monster that includes @5"Ninja"@7 in its card name. Increase the ATK of the equipped monster by 700 points. When this card is sent from the field to the Graveyard, inflict 700 points of damage to your opponent's Life Points.	
1793	Fulfillment of the Contract	0	0	0	Spell	Spell	Spell	Equip	Pay 800 Life Points. Select 1 Ritual Monster from your Graveyard, Special Summon it to your side of the field and equip it with this card. When this card is destroyed, remove the equipped monster from play.	
2065	Full Salvo	0	0	0	Trap	Trap	Trap	None	After the activation of this card, send your entire hand to the Graveyard. Inflict 200 points of damage to your opponent's Life Points for each card you sent to the Graveyard by this effect.	
1073	Fushi No Tori	1200	0	4	Winged Beast	FIRE	Spirit	None	This card cannot be Special Summoned. This card returns to the owner's hand during the End Phase of the turn that this card is Normal Summoned or flipped face-up. When this card inflicts Battle Damage to your opponent's Life Points, increase your Life Points by an amount equal to the Battle Damage.	
1113	Fushioh Richie	2600	2900	7	Zombie	DARK	Effect	None	This card cannot be Normal Summoned or Set. This card can only be Special Summoned from your hand or your Deck by Tributing 1 @5"Great Dezard"@7 that has fulfilled the condition. You can flip this card into face-down Defense Position once per turn during your Main Phase. As long as this monster remains face-up on the field, negate the activation and effects of all Spell or Trap Cards that target this card and destroy them. When this card is flipped face-up, you can Special Summon 1 Zombie-Type monster from your Graveyard in face-up Attack or Defense Position.	
1724	Fusilier Dragon, the Dual-Mode Beast	2800	2000	7	Machine	DARK	Effect	None	This card can be Normal Summoned or Set without Tribute. In that case, the original ATK/DEF of this card become halved.	
986	Fusion Gate	0	0	0	Spell	Spell	Spell	Field	As long as this card remains face-up on the field, a Fusion Monster can be Special Summoned without using @5"Polymerization"@7 Spell Card. The Fusion-Material monsters used in the Fusion Summon are not sent to the Graveyard, but are removed from play.	
1916	Fusion Recovery	0	0	0	Spell	Spell	Spell	None	Add 1 @5"Polymerization"@7, and 1 Fusion Material Monster that was used for a Fusion Summon, from your Graveyard to your hand.	
692	Fusion Sage	0	0	0	Spell	Spell	Spell	None	Add 1 @5"Polymerization"@7 card from your Deck to your hand. Then shuffle your Deck.	
1079	Fusion Sword Murasame Blade	0	0	0	Spell	Spell	Spell	Equip	You can only equip this card to a Warrior-Type monster. Increase the ATK of the equipped monster by 800 points. This card cannot be destroyed by effects that destroy Spell Cards.	
1671	Fusion Weapon	0	0	0	Spell	Spell	Spell	Equip	This card can only be equipped to a Fusion Monster of Level 6 or less. Increase the ATK and DEF of the equipped monster by 1500 points.	
180	Fusionist	900	700	3	Beast	EARTH	Fusion	None	@5"Petit Angel"@7 + @5"Mystical Sheep #2"@7	
854	Gadget Soldier	1800	2000	6	Machine	FIRE	None	None	A rust-free machine warrior born to battle.	
1356	Gagagigo	1850	1000	4	Reptile	WATER	None	None	This young evildoer used to have an evil heart, but by meeting a special person, he discovered justice.	
745	Gaia Power	0	0	0	Spell	Spell	Spell	Field	Increase the ATK of all EARTH monsters by 500 points and decrease their DEF by 400 points.	
1721	Gaia Soul the Combustible Collective	2000	0	4	Pyro	FIRE	Effect	None	You can tribute up to 2 Pyro-Type Monsters on your side of the field. If you do this, increase the ATK of this monster by the number of Tributed monsters x 1000 points. When this card attacks with an ATK that is higher than the DEF of your opponent's Defense Position monster, inflict the difference as Battle Damage to your opponent's Life Points. Destroy this card during the End Phase.	
41	Gaia the Dragon Champion	2600	2100	7	Dragon	WIND	Fusion	None	@5"Gaia The Fierce Knight"@7 + @5"Curse of Dragon"@7	
42	Gaia The Fierce Knight	2300	2100	7	Warrior	EARTH	None	None	A knight whose horse travels faster than the wind. His battle-charge is a force to be reckoned with.	
43	Gaia The Fierce Knight	2300	2100	7	Warrior	EARTH	None	None	A knight whose horse travels faster than the wind. His battle-charge is a force to be reckoned with.	
1406	Gale Lizard	1400	700	4	Reptile	WATER	Effect	None	FLIP: Select 1 Monster Card on your opponent's side of the field and return it to its owner's hand.	
759	Gamble	0	0	0	Trap	Trap	Trap	None	You can only activate this card when your opponent's hand is 6 or more cards and your hand is 2 or less. Toss a coin and call heads or tails. If you call it right, draw until your hand has 5 cards. If you call it wrong, skip your next turn.	
640	Gamma The Magnet Warrior	1500	1800	4	Rock	EARTH	None	None	Alpha, Beta, and Gamma meld as one to form a powerful monster.	
401	Ganigumo	600	800	2	Insect	EARTH	None	None	A crab that binds its enemies with a sticky web and attacks them with its sharp claws.	
580	Garma Sword	2550	2150	7	Warrior	DARK	Ritual	None	This monster can only be Ritual Summoned with the Ritual Spell Card, @5"Garma Sword Oath"@7. You must also offer monsters whose total Level Stars equal 7 or more as a Tribute from the field or your hand.	
564	Garma Sword Oath	0	0	0	Spell	Spell	Spell	Ritual	This card is used to Ritual Summon @5"Garma Sword"@7. You must also offer monsters whose total Level Stars equal 7 or more as a Tribute from the field or your hand.	
636	Garnecia Elefantis	2400	2000	7	Beast-Warrior	EARTH	None	None	A monster so heavy that each step rocks the earth.	
965	Garuda the Wind Spirit	1600	1200	4	Winged Beast	WIND	Effect	None	This monster can only be Special Summoned by removing 1 WIND monster in your Graveyard from play. As long as this monster remains face-up on the field, you may change the battle position of 1 of your opponent's face-up Monster Cards at each End Phase of your opponent's turn.	
178	Gate Deeg	700	800	3	Beast	DARK	None	None	This weird monster has a portal in its belly that brings reinforcements from the farthest reaches of the netherworld.	
332	Gate Guardian	3750	3400	11	Warrior	DARK	Effect	None	This card can only be Special Summoned by offering @5"Sanga of the Thunder"@7, @5"Kazejin"@7 and @5"Suijin"@7 on your side of the field as a Tribute.	
1984	Gateway to Dark World	0	0	0	Spell	Spell	Spell	Quick-Play	If you activate this card, you cannot Normal Summon, Flip Summon or Special Summon during the turn this card is activated. Special Summon from your Graveyard 1 monster that includes @5"Dark World"@7 in its card name.	
1289	Gather Your Mind	0	0	0	Spell	Spell	Spell	None	Add 1 @5"Gather Your Mind"@7 card from your Deck to your hand. Your Deck is then shuffled. You can only use 1 @5"Gather Your Mind"@7 per turn.	
1785	Gatling Dragon	2600	1200	8	Machine	DARK	Fusion/Effect	None	@5"Barrel Dragon"@7 + @5"Blowback Dragon"@7  Toss a coin 3 times. Destroy a number of monsters on the field equal to the number of Heads. This effect can only be used once per turn, during your Main Phase.	
607	Gazelle the King of Mythical Beasts	1500	1200	4	Beast	EARTH	None	None	This monster moves so fast that it looks like an illusion to mortal eyes.	
611	Gear Golem the Moving Fortress	800	2200	4	Machine	EARTH	Effect	None	Once per turn, during your Main Phase 1, by paying 800 Life Points, this card can attack your opponent's Life Points directly this turn.	
839	Gearfried the Iron Knight	1800	1600	4	Warrior	EARTH	Effect	None	When an Equip Card is equipped to this card, destroy the Equip Card.	
1772	Gearfried the Swordmaster	2600	2200	7	Warrior	LIGHT	Effect	None	This card cannot be Normal Summoned or Set. This card cannot be Special Summoned except by the effect of @5"Release Restraint"@7. When this card is equipped with an Equip Card, destroy 1 monster on your opponent's side of the field.	
442	Gemini Elf	1900	900	4	Spellcaster	EARTH	None	None	Elf twins that alternate their attacks.	
443	Gemini Elf	1900	900	4	Spellcaster	EARTH	None	None	Elf twins that alternate their attacks.	
2064	Generation Shift	0	0	0	Trap	Trap	Trap	None	Destroy 1 face-up monster on your side of the field. Add 1 card from your Deck to your hand with the same name as the destroyed card.	
175	Genin	600	900	3	Spellcaster	LIGHT	None	None	A creature that defeats its enemies using sleight-of-hand.	
697	Germ Infection	0	0	0	Spell	Spell	Spell	Equip	The ATK of a non Machine-Type monster equipped with this card is decreased by 300 points at each of its Standby Phases.	
1477	Getsu Fuhma	1700	1200	4	Warrior	DARK	Effect	None	If a monster that battles with this monster is a Fiend or Zombie-Type monster, destroy that monster at the end of the Damage Step.	
1577	Ghost Knight of Jackal	1700	1600	5	Beast-Warrior	EARTH	Effect	None	You can Special Summon an opponent's monster that is destroyed and sent to the Graveyard by this card as a result of battle to your side of the field in face-up Defense Position.	
492	Ghoul with an Appetite	1600	1200	4	Zombie	DARK	None	None	A monster with a very big appetite that has never been satisfied.	
1106	Giant Axe Mummy	1700	2000	5	Zombie	EARTH	Effect	None	You can flip this card into face-down Defense Position once per turn during your Main Phase. If the ATK of a monster on your opponent's side of the field that attacks this card in face-down Defense Position is lower than the DEF of this monster, the attacking monster is destroyed.	
59	Giant Flea	1500	1200	4	Insect	EARTH	None	None	A massive flea that feeds on the blood of its enemies.	
735	Giant Germ	1000	100	2	Fiend	DARK	Effect	None	When this card is sent to the Graveyard as a result of battle, inflict 500 points of damage to your opponent's Life Points. You can also Special Summon up to 2 @5"Giant Germ"@7 cards from your Deck to your side of the field in face-up Attack Position. Then shuffle your Deck.	
1905	Giant Kozaky	2500	2400	4	Fiend	DARK	Effect	None	If there is no face-up @5"Kozaky"@7 on the field, destroy this card. If this face-up card on the field is destroyed, inflict damage to the current controller's Life Points equal to the original ATK of this card.	
1222	Giant Orc	2200	0	4	Fiend	DARK	Effect	None	If this card attacks, it is changed to Defense Position at the end of the Battle Phase. You cannot change this battle position until the end of your next turn.	
378	Giant Red Seasnake	1800	800	4	Aqua	WATER	None	None	A sea-dwelling snake that attacks passing enemies with its sharp teeth.	
478	Giant Scorpion of the Tundra	1100	1000	3	Insect	EARTH	None	None	An extraordinary blue scorpion found in the tundra, not in the desert.	
80	Giant Soldier of Stone	1300	2000	3	Rock	EARTH	None	None	A giant warrior made of stone. A punch from this creature has earth-shaking results.	
725	Giant Trunade	0	0	0	Spell	Spell	Spell	None	Return all Spell and Trap Cards on the field to the respective owners' hands.	
1850	Gift of the Martyr	0	0	0	Spell	Spell	Spell	None	Send 1 monster on your side of the field to the Graveyard. Select 1 monster on your side of the field. Increase the ATK of the selected monster by an amount equal to the ATK of the sent monster until the End Phase of the turn this card is activated.	
790	Gift of The Mystical Elf	0	0	0	Trap	Trap	Trap	None	Increase your Life Points by 300 points for each monster on the field.	
1448	Giga Gagagigo	2450	1500	5	Reptile	WATER	None	None	In order to fight tremendous evil, he gained formidable power through body reconstruction, but lost his heart and his redemption.	
356	Giga-Tech Wolf	1200	1400	4	Machine	FIRE	None	None	An iron wolf with razor-sharp fangs that can penetrate any armor.	
1417	Gigantes	1900	1300	4	Rock	EARTH	Effect	None	This card cannot be Normal Summoned or Set. This card can only be Special Summoned by removing from play 1 EARTH monster in your Graveyard. When this card is destroyed as a result of battle and sent to the Graveyard, destroy all Spell and Trap Cards on the field.	
1565	Gigobyte	350	300	1	Reptile	WATER	None	None	He has a tranquil soul, but carries a destiny that one day his heart shall be tainted by evil..	
1150	Gil Garth	1800	1200	4	Fiend	DARK	None	None	This steel-armored terror machine ruthlessly cuts down enemies with its giant katana.	
966	Gilasaurus	1400	400	3	Dinosaur	EARTH	Effect	None	You can treat the Normal Summon of this card as a Special Summon. If you select Special Summon, your opponent can Special Summon 1 monster from his/her Graveyard.	
1937	Gilford the Legend	2600	2000	8	Warrior	EARTH	Effect	None	This card cannot be Special Summoned. When this card is Normal Summoned, you can equip as many Equip Spell Cards from your Graveyard as possible to Warrior-Type monster(s) on your side of the field.	
1133	Gilford the Lightning	2800	1400	8	Warrior	LIGHT	Effect	None	When this card is Tribute Summoned with 3 Tributes, all Monsters on your opponent's Field are destroyed.	
1134	Gilford the Lightning	2800	1400	8	Warrior	LIGHT	Effect	None	When this card is Tribute Summoned with 3 Tributes, all Monsters on your opponent's Field are destroyed.	
346	Giltia the D. Knight	1850	1500	5	Warrior	LIGHT	Fusion	None	@5"Guardian of the Labyrinth"@7 + @5"Protector of the Throne"@7	
891	Girochin Kuwagata	1700	1000	4	Insect	WIND	None	None	Despite its small size, this monster has powerful jaws that can rip metal to shreds.	
900	Goblin Attack Force	2300	0	4	Warrior	EARTH	Effect	None	If this card attacks, it is changed to Defense Position at the end of the Battle Phase. This card's battle position cannot be changed until the end of your next turn, except with a card effect.	
1630	Goblin Calligrapher	400	400	1	Fiend	DARK	None	None	A Goblin who devotes himself to mastering perfect calligraphy of the word "False". He gives his all to each stroke.	
1903	Goblin Elite Attack Force	2200	1500	4	Fiend	EARTH	Effect	None	If this card attacks, it is changed to Defense Position at the end of the Battle Phase. This card's battle position cannot be changed until the end of your next turn, except with a card effect.	
1536	Goblin King	0	0	1	Fiend	DARK	Effect	None	While there is another Fiend-Type monster on your side of the field, this card cannot be attacked. The ATK and DEF of this card become the number of Fiend-Type monsters on the field (excluding this card) x 1000 points.	
2068	Goblin Out of the Frying Pan	0	0	0	Trap	Trap	Trap	Counter	Pay 500 Life Points. Negate the activation of a Spell Card and return it to the owner's hand.	
1546	Goblin Thief	0	0	0	Spell	Spell	Spell	None	Inflict 500 points of damage to your opponent's Life Points and increase your Life Points by 500 points.	
1210	Goblin Zombie	1100	1050	4	Zombie	DARK	Effect	None	When this card causes battle damage to your opponent, they must send the topmost card from their Deck to the Graveyard. When this card is sent from the Field to the Graveyard, you can choose one Zombie-type card with a DEF of 1200 or less from your Deck and show it to your opponent before adding it to your Hand. The Deck is then shuffled.	
302	Goblin's Secret Remedy	0	0	0	Spell	Spell	Spell	None	Increases a selected player's Life Points by 600 points.	
367	Goddess of Whim	950	700	3	Fairy	LIGHT	Effect	None	Toss a coin and call Heads or Tails. Call it right and this card's ATK will be doubled during this turn. Call it wrong and it will be halved during this turn.	
113	Goddess with the Third Eye	1200	1000	4	Fairy	LIGHT	Effect	None	You can substitute this card for any 1 Fusion-Material Monster. When you do this, the other Fusion-Material Monster(s) must be the correct one(s).	
1509	Gogiga Gagagigo	2950	2800	8	Reptile	WATER	None	None	His soul long-since collapsed, his body recklessly continues onward, driven by a lust for more power. He no longer resembles his former self..	
58	Gokibore	1200	1400	4	Insect	EARTH	None	None	A large, spherical roach that attacks its enemies by rolling over them.	
2040	Gokipon	800	800	2	Insect	EARTH	Effect	None	When this card is destroyed as a result of battle and sent to the Graveyard, add 1 Insect-Type monster with an ATK of 1500 or less from your Deck to your hand.	
1975	Goldd, Wu-Lord of Dark World	2300	1400	5	Fiend	DARK	Effect	None	If this card is discarded from the hand to the Graveyard by a card effect, Special Summon this card to your side of the field. If this card is discarded from the hand to the Graveyard by your opponent's card effect, you can select up to 2 cards on your opponent's side of the field and destroy them.	
1775	Golem Sentry	800	1800	4	Rock	EARTH	Effect	None	You can flip this card into face-down Defense Position once per turn. When this card is Flip Summoned successfully, return 1 monster on your opponent's side of the field to the owner's hand.	
360	Golgoil	900	1600	4	Machine	EARTH	None	None	An iron giant that appears from a dimensional rift.	
1799	Good Goblin Housekeeping	0	0	0	Trap	Trap	Trap	None	Draw a number of cards from your Deck equal to the number of @5"Good Goblin Housekeeping"@7 cards in your Graveyard +1, select 1 card from your hand, and return it to the bottom of your Deck.	
1097	Gora Turtle	1100	1100	3	Aqua	WATER	Effect	None	As long as this card remains face-up on the field, monsters with an ATK equal to 1900 or more cannot declare an attack.	
262	Gorgon Egg	300	1300	3	Fiend	DARK	None	None	The gorgon egg's massive eyes are said to reflect the fate of its enemies.	
645	Gorgon's Eye	0	0	0	Trap	Trap	Trap	None	Until the end of the End Phase, all effects of monsters on the field in Defense Position are negated.	
653	Graceful Charity	0	0	0	Spell	Spell	Spell	None	Draw 3 cards from your Deck, then discard any 2 cards from your hand.	
656	Graceful Dice	0	0	0	Spell	Spell	Spell	Quick-Play	Roll 1 six-sided die. The result is multiplied by 100 points and added to the ATK and DEF of all monsters you control until the end of your turn. Monsters summoned after this card's activation are excluded.	
895	Gradius	1200	800	4	Machine	LIGHT	None	None	A high-performance jet fighter with power capsules for variable attack capabilities.	
1063	Gradius' Option	65535	65535	1	Machine	LIGHT	Effect	None	This card cannot be Normal Summoned or Set. This monster can only be Special Summoned by selecting 1 face-up @5"Gradius"@7 on your side of the field. The ATK and DEF of this card becomes the same as the ATK and DEF of the selected @5"Gradius"@7. If the selected @5"Gradius"@7 is removed from the field, destroy this card.	
1305	Granadora	1900	700	4	Reptile	WATER	Effect	None	When this monster is Normal Summoned, Flip Summoned or Special Summoned, increase your Life Points by 1000 points. When this card is destroyed and sent to the Graveyard, you take 2000 points of damage.	
855	Grand Tiki Elder	1500	800	4	Fiend	DARK	None	None	A masked monster that wields the most deadly of curses.	
1760	Granmarg the Rock Monarch	2400	1000	6	Rock	EARTH	Effect	None	When this card is Tribute Summoned successfully, destroy 1 face-down card on the field.	
83	Grappler	1300	1200	4	Reptile	WATER	None	None	A devious snake with a thick body that wraps around an enemy monster and squeezes the life out of it.	
2052	Grass Phantom	1000	1000	3	Plant	WATER	Effect	None	Increase the ATK of this card by 500 points for each @5"Grass Phantom"@7 in your Graveyard.	
1830	Grave Ohja	1600	1500	4	Rock	EARTH	Effect	None	As long as a face-down Defense Position monster(s) remains on your side of the field, a player cannot select this card as an attack target. Each time a monster on your side of the field is Flip Summoned, inflict 300 points of damage to your opponent's Life Points.	
675	Gravedigger Ghoul	0	0	0	Spell	Spell	Spell	None	Select 2 Monster Cards from your opponent's Graveyard. These Monster Cards are removed from play for the remainder of the Duel.	
1169	Gravekeeper's Assailant	1500	1500	4	Spellcaster	DARK	Effect	None	You cannot activate this card's effect unless @5"Necrovalley"@7 is on the field. When this card declares an attack, you can change the battle position of 1 face-up monster on your opponent's side of the field.	
1168	Gravekeeper's Cannonholder	1400	1200	4	Spellcaster	DARK	Effect	None	Tribute 1 Monster Card on your side of the field that includes @5"Gravekeeper's"@7 in its card name to inflict 700 points of damage to your opponent's Life Points. You cannot Tribute @5"Gravekeeper's Cannonholder"@7 for this effect.	
1165	Gravekeeper's Curse	800	800	3	Spellcaster	DARK	Effect	None	When this card is Normal Summoned, Flip Summoned, or Special Summoned, inflict 500 points of damage to your opponent's Life Points.	
1166	Gravekeeper's Guard	1000	1900	4	Spellcaster	DARK	Effect	None	FLIP: Return 1 monster on your opponent's side of the field to its owner's hand.	
710	Gravekeeper's Servant	0	0	0	Spell	Spell	Spell	Continuous	Unless your opponent sends 1 card from the top of his/her Deck to the Graveyard, he/she cannot declare an attack.	
1167	Gravekeeper's Spear Soldier	1500	1000	4	Spellcaster	DARK	Effect	None	When this card attacks with an ATK that is higher than the DEF of your opponent's Defense Position monster, inflict the difference as Battle Damage to your opponent's Life Points.	
789	Graverobber	0	0	0	Trap	Trap	Trap	None	Select 1 Spell Card from your opponent's Graveyard. You can use it as your hand until the end of the turn. If you use it, you take 2000 points of damage.	
975	Graverobber's Retribution	0	0	0	Trap	Trap	Trap	Continuous	During each of your Standby Phases, inflict 100 points of damage to your opponent's Life Points for each of your opponent's monsters that have been removed from play.	
112	Graveyard and the Hand of Invitation	700	900	3	Zombie	DARK	None	None	A graveyard that serves as a power source for zombies.	
1334	Gravity Axe - Grarl	0	0	0	Spell	Spell	Spell	Equip	Increase the ATK of a monster equipped with this card by 500 points. As long as this card remains on the field, monsters on your opponent's side of the field cannot change their battle positions.	
889	Gravity Bind	0	0	0	Trap	Trap	Trap	Continuous	All Level 4 or higher monsters on the field cannot attack.	
1036	Gray Wing	1300	700	3	Dragon	WIND	Effect	None	Discard 1 card from your hand during Main Phase 1. This monster can attack twice during the Battle Phase of any turn this effect is used.	
1262	Great Angus	1800	600	4	Beast	FIRE	None	None	A very violent beast, it is always berserk. People say that they have never seen it silent.	
503	Great Bill	1250	1300	4	Beast	EARTH	None	None	This beast has a mouth that will swallow anything.	
1103	Great Dezard	1900	2300	6	Spellcaster	DARK	Effect	None	When this monster destroys the following number of monsters as a result of battle, the following effects are activated in order: One: As long as this card remains face-up on the field, negate the activation and effects of all Spell and Trap Cards that target this card and destroy them. Two: You can Special Summon 1 @5"Fushioh Richie"@7 from your hand or your Deck by Tributing this card during your Main Phase.	
1069	Great Long Nose	1900	1700	5	Beast-Warrior	DARK	Spirit	None	This card cannot be Special Summoned. This card returns to the owner's hand during the End Phase of the turn that this card is Normal Summoned or flipped face-up. If this card inflicts Battle Damage to your opponent's Life Points, your opponent skips his/her next Battle Phase.	
1365	Great Maju Garzett	0	0	6	Fiend	DARK	Effect	None	The ATK of this card becomes twice the original ATK of 1 monster that you Tributed for the Tribute Summon of this card.	
468	Great Mammoth of Goldfine	2200	1800	6	Zombie	DARK	Fusion	None	@5"The Snake Hair"@7 + @5"Dragon Zombie"@7	
61	Great Moth	2600	2500	8	Insect	EARTH	Effect	None	This monster cannot be Normal Summoned or Set. This card can only be Special Summoned by Tributing @5"Petit Moth"@7 on the 4th of your turns after @5"Petit Moth"@7 has been equipped with @5"Cocoon of Evolution"@7.	
2073	Great Spirit	500	1500	4	Rock	EARTH	Effect	None	You can flip this card into face-down Defense Position once per turn during your Main Phase. When this card is Flip Summoned successfully, you can switch the original ATK with the original DEF of 1 face-up EARTH monster on the field until the End Phase.	
66	Great White	1600	800	4	Fish	WATER	None	None	A giant white shark with razor-sharp teeth.	
1679	Greed	0	0	0	Trap	Trap	Trap	Continuous	Each time a player draws cards because of a card effect, he/she takes 500 points of damage during the End Phase for each card drawn by the card effect.	
1683	Green Gadget	1400	600	4	Machine	EARTH	Effect	None	When this card is Summoned or Special Summoned successfully, you may add one @5"Red Gadget"@7 card from your Deck to your Hand.	
259	Green Phantom King	500	1600	3	Plant	EARTH	None	None	This youthful king of the forests lives in a green world, abundant with trees and wildlife.	
483	Greenkappa	650	900	3	Warrior	DARK	Effect	None	FLIP: Select 2 face-down Spell or Trap Cards on the field and destroy them.	
1420	Gren Maju Da Eiza	65535	65535	3	Fiend	FIRE	Effect	None	The ATK and the DEF of this card become the number of your cards that are removed from play x 400 points.	
51	Griffore	1200	1500	4	Beast	EARTH	None	None	This monster's tough hide deflects almost any attack.	
456	Griggle	350	300	1	Plant	EARTH	Effect	None	When the control of this face-up card on the field shifts to your opponent, increase your Life Points by 3000 points. This effect can only be used once as long as this card remains face-up on the field.	
260	Ground Attacker Bugroth	1500	1000	4	Machine	EARTH	None	None	A surface battle robot that was once used for sea warfare.	
914	Ground Collapse	0	0	0	Spell	Spell	Spell	Continuous	Select 2 Monster Card Zones on the field. Neither player can use the selected zones. You cannot select a zone that is occupied by a Monster Card.	
531	Gruesome Goo	1300	700	3	Aqua	WATER	None	None	A slime boss that is definitely tougher than it looks.	
1479	Gryphon's Feather Duster	0	0	0	Spell	Spell	Spell	None	Destroy all Spell and Trap Cards on your side of the field. Increase your Life Points by the number of destroyed cards x 500 points.	
1475	Guardian Angel Joan	2800	2000	7	Fairy	LIGHT	Effect	None	When this card destroys a monster and sends it to the Graveyard as a result of battle, increase your Life Points by an amount equal to the original ATK of the destroyed monster.	
1318	Guardian Baou	800	400	4	Fiend	DARK	Effect	None	This card can only be Normal Summoned, Flip Summoned, or Special Summoned when there is a @5"Wicked-Breaking Flamberge - Baou"@7 on your side of the field. Each time this card destroys 1 of your opponent's monsters and sends it to the Graveyard as a result of battle, increase the ATK of this card by 1000 points. Also, the effects of an Effect Monster that this card destroys as a result of battle are negated.	
1316	Guardian Ceal	1700	1400	4	Pyro	FIRE	Effect	None	This card can only be Normal Summoned, Flip Summoned, or Special Summoned when there is a @5"Shooting Star Bow - Ceal"@7 on your side of the field. Send an Equip Spell Card on your side of the field equipped to this card to the Graveyard to destroy 1 monster on your opponent's side of the field.	
1315	Guardian Elma	1300	1200	3	Fairy	WIND	Effect	None	This card can only be Normal Summoned, Flip Summoned, or Special Summoned when there is a @5"Butterfly Dagger - Elma"@7 on your side of the field. When this card is Normal Summoned or Special Summoned successfully, you can equip 1 appropriate Equip Spell Card in your Graveyard to this card.	
2072	Guardian Exode	0	4000	8	Rock	EARTH	Effect	None	This card cannot be Normal Summoned. It can only be Special Summoned when 1 card on your field with @5"Sphinx"@7 in its name is used as a Tribute. As long as this card is face-up on the field, each time an EARTH monster is successfully Flip Summoned, 1000 points of damage will be inflicted to your opponent's Life Points.	
1317	Guardian Grarl	2500	1000	5	Dinosaur	EARTH	Effect	None	This card can only be Normal Summoned, Flip Summoned, or Special Summoned when there is a @5"Gravity Axe - Grarl"@7 on your side of the field. If this is the only card in your hand, you can Special Summon it.	
1319	Guardian Kay'est	1000	1800	4	Sea Serpent	WATER	Effect	None	This card can only be Normal Summoned, Flip Summoned, or Special Summoned when there is a @5"Rod of Silence - Kay'est"@7 on your side of the field. This card is unaffected by any Spell Cards. Also, this card cannot be an attack target of your opponent's monsters.	
222	Guardian of the Labyrinth	1000	1200	4	Warrior	EARTH	None	None	A monster that guards the entrance to the Netherworld.	
376	Guardian of the Sea	1300	1000	4	Aqua	WATER	None	None	A merman warrior that relentlessly attacks those who pollute the seas with their presence.	
427	Guardian of the Throne Room	1650	1600	4	Machine	LIGHT	None	None	A robot guard built to protect throne rooms, it is armed with homing missiles.	
1107	Guardian Sphinx	1700	2400	5	Rock	EARTH	Effect	None	You can flip this card into face-down Defense Position once per turn during your Main Phase. When this card is Flip Summoned successfully, return all monsters on your opponent's side of the field to the owner's hand.	
1834	Guardian Statue	800	1400	4	Rock	EARTH	Effect	None	You can flip this card into face-down Defense Position once per turn during your Main Phase. When this card is Flip Summoned successfully, return 1 monster on your opponent's side of the field to the owner's hand.	
1320	Guardian Tryce	1900	1700	5	Thunder	LIGHT	Effect	None	This card can only be Normal Summoned, Flip Summoned, or Special Summoned when there is a @5"Twin Swords of Flashing Light - Tryce"@7 on your side of the field. When this card is destroyed and sent to the Graveyard, Special Summon to your side of the field the monster in the Graveyard that was used for the Tribute Summon of this card.	
753	Gust	0	0	0	Trap	Trap	Trap	None	You can activate this card when 1 or more of your Spell Cards are destroyed and sent from the field to the Graveyard by a card effect your opponent controls. Destroy 1 Spell or Trap Card on the field.	
1321	Gyaku-Gire Panda	800	1600	3	Beast	EARTH	Effect	None	Increase the ATK of this card by 500 points for each monster on your opponent's side of the field. When this card attacks with an ATK that is higher than the DEF of your opponent's Defense Position monster, inflict the difference as Battle Damage to your opponent's Life Points.	
98	Gyakutenno Megami	1800	2000	6	Fairy	LIGHT	None	None	This fairy uses her mystical power to protect the weak and provide spiritual support.	
1875	Gyroid	1000	1000	3	Machine	WIND	Effect	None	Once per turn, if this card would be destroyed as a result of battle, it is not destroyed. (Damage calculation is applied normally).	
1657	Hade-Hane	900	1000	5	Beast	EARTH	Effect	None	FLIP: You can return up to 3 monsters on the field to the owner's hand.	
1681	Hallowed Life Barrier	0	0	0	Trap	Trap	Trap	None	Discard 1 card from your hand. During this turn, any damage you take from your opponent becomes 0.	
552	Hamburger Recipe	0	0	0	Spell	Spell	Spell	Ritual	This card is used to Ritual Summon @5"Hungry Burger"@7. You must also offer monsters whose total Level Stars equal 6 or more as a Tribute from the field or your hand.	
1663	Hammer Shot	0	0	0	Spell	Spell	Spell	None	Destroy 1 face-up Attack Position monster with the highest ATK on the field.	
2013	Hamon, Lord of Striking Thunder	4000	4000	10	Thunder	LIGHT	Effect	None	This card cannot be Normal Summoned or Set. This card cannot be Special Summoned except by sending 3 face-up Continuous Spell Cards from your side of the field to the Graveyard. When this card destroys your opponent's monster as a result of battle and sends it to the Graveyard, inflict 1000 points of damage to your opponent's Life Points. While this card is in face-up Defense Position on your side of the field, your opponent cannot select another monster as an attack target.	
1758	Hand of Nephthys	600	600	2	Spellcaster	WIND	Effect	None	Tribute 2 monsters on your side of the field, including this card, to Special Summon 1 @5"Sacred Phoenix of Nephthys"@7 from your hand or Deck.	
451	Hane-Hane	450	500	2	Beast	EARTH	Effect	None	FLIP: Select 1 monster on the field and return it to its owner's hand.	
603	Hannibal Necromancer	1400	1800	4	Spellcaster	DARK	Effect	None	When this card is Summoned successfully, place 1 Spell Counter on it (maximum of 1). Remove the Magic Counter to destroy one face-up Trap Card in the Field.	
187	Happy Lover	800	500	2	Fairy	LIGHT	None	None	A little fairy that fires beams of happiness from the heart-shaped jewel on its forehead.	
151	Hard Armor	300	1200	3	Warrior	EARTH	None	None	A living suit of armor that attacks enemies with a bone-jarring tackle.	
1700	Harpie Girl	500	500	2	Winged Beast	WIND	None	None	A Harpie chick who aspires to flit about beautifully and gorgeously, but attack sharply.	
68	Harpie Lady	1300	1400	4	Winged Beast	WIND	None	None	This human-shaped animal with wings is beautiful to watch but deadly in battle.	
1710	Harpie Lady 1	1300	1400	4	Winged Beast	WIND	Effect	None	This card's name is treated as @5"Harpie Lady"@7. As long as this card remains on the field, increase the ATK of all WIND monsters by 300 points.	
1711	Harpie Lady 2	1300	1400	4	Winged Beast	WIND	Effect	None	This card's name is treated as @5"Harpie Lady"@7. Negate the effects of any Flip Effect Monsters that are destroyed by this monster as a result of battle.	
1712	Harpie Lady 3	1300	1400	4	Winged Beast	WIND	Effect	None	This card's name is treated as @5"Harpie Lady"@7. Your opponent's monster that battles with this card cannot declare an attack for your opponent's next 2 turns.	
69	Harpie Lady Sisters	1950	2100	6	Winged Beast	WIND	Effect	None	This card cannot be Normal Summoned or Set. This card can only be Special Summoned by the effect of @5"Elegant Egotist"@7.	
784	Harpie's Brother	1800	600	4	Winged Beast	WIND	None	None	With eyes like a hawk and a flying speed exceeding Mach 5, this monster is a master of the sky.	
547	Harpie's Feather Duster	0	0	0	Spell	Spell	Spell	None	Destroys all of your opponent's Magic and Trap Cards on the field.	
548	Harpie's Feather Duster	0	0	0	Spell	Spell	Spell	None	Destroys all of your opponent's Magic and Trap Cards on the field.	
343	Harpie's Pet Dragon	2000	2500	7	Dragon	WIND	Effect	None	Increases the ATK and DEF of this card by 300 points for each face-up @5"Harpie Lady"@7 on the field.	
1731	Harpies' Hunting Ground	0	0	0	Spell	Spell	Spell	Field	When @5"Harpie Lady"@7 or @5"Harpie Lady Sisters"@7 is Normal Summoned or Special Summoned to the field, destroy 1 Spell or Trap Card on the field. Increase the ATK and DEF of all face-up Winged Beast-Type monsters on the field by 200 points.	
892	Hayabusa Knight	1000	700	3	Warrior	EARTH	Effect	None	This card can attack twice during the same Battle Phase.	
936	Headless Knight	1450	1700	4	Fiend	EARTH	None	None	A haunted spirit of a falsely accused knight who wanders in search of truth and justice.	
1077	Heart of Clear Water	0	0	0	Spell	Spell	Spell	Equip	If the equipped monster's ATK is 1300 or higher, this card is destroyed. The monster equipped with this card is not destroyed as a result of battle or by the effect of a card that targets the monster. (Damage calculation is applied normally.)	
1423	Heart of the Underdog	0	0	0	Spell	Spell	Spell	Continuous	During your Draw Phase, when you draw a Normal Monster Card(s), you can draw 1 more card by showing it to your opponent.	
1705	Heavy Mech Support Platform	500	500	3	Machine	DARK	Union	None	Once per turn, during your Main Phase, if you control this monster on the field, you can equip it to a face-up Machine-Type monster on your side of the field as an Equip Spell Card, OR unequip the Union equipment and Special Summon this card in face-up Attack Position. When equipped to a monster by this card's effect, that monster's ATK/DEF is increased by 500 points. (1 monster can only be equipped with 1 Union Monster at a time. If the monster that this card is equipped to is destroyed, this card is destroyed instead.)	
1678	Heavy Slump	0	0	0	Trap	Trap	Trap	None	You can only activate this card when your opponent has 8 or more cards in his/her hand. Your opponent adds his/her hand to the Deck, shuffles it, and draws 2 cards.	
2077	Helios Duo Megiste	65535	65535	6	Pyro	LIGHT	Effect	None	This card can be Tribute Summoned by giving one @5"The Ancient Sun Helios"@7 card from your Field as a Tribute. The ATK and DEF of this card are equal to the total of the number of Monster Cards that have been removed from the game x 200. If this card is destroyed in battle and sent to the Graveyard, it is automatically Special Summoned in the End Phase and its ATK/DEF increase by 300 points.	
2078	Helios Tris Megiste	65535	65535	8	Pyro	LIGHT	Effect	None	This card can be Tribute Summoned by giving one @5"Helios Duo Megiste"@7 card from your Field as a Tribute. The ATK and DEF of this card are equal to the total of the number of Monster Cards that have been removed from the game x 300. If this card is destroyed in battle and sent to the Graveyard, it is automatically Special Summoned in the End Phase and its ATK/DEF increase by 500 points. If your opponent has Monster Cards on the Field at the time, this card can attack them once more.	
1230	Helping Robo For Combat	1600	0	4	Machine	LIGHT	Effect	None	Each time this card destroys your opponent's monster as a result of battle, draw 1 card, then select and return 1 card from your hand to the bottom of your Deck.	
1148	Helpoemer	2000	1400	5	Fiend	DARK	Effect	None	If this card is destroyed and sent to the Graveyard as a result of battle, this card's effect is activated. As long as this card is in the Graveyard, your opponent discards 1 card randomly from his/her hand at the end of his/her Battle Phase. This card cannot be Special Summoned from the Graveyard.	
1965	Hero Barrier	0	0	0	Trap	Trap	Trap	None	If there is a face-up monster on your side of the field that includes @5"Elemental Hero"@7 in its card name, negate 1 attack from your opponent's monster.	
2020	Hero Heart	0	0	0	Spell	Spell	Spell	None	Select 1 face-up monster on your side of the field that includes @5"Elemental Hero"@7 in its card name to activate this card. This turn, the ATK of the selected monster is halved and it can attack twice during the same Battle Phase.	
1995	Hero Heyro	0	0	0	Trap	Trap	Trap	None	After activation, this card becomes an Equip Card and can be equipped to any Warrior card with an ATK of 1500 or less. Monster Cards owned by your opponent with an ATK of 1900 or more cannot attack the Monster to which this card is equipped.	
2016	Hero Kid	300	600	2	Warrior	EARTH	Effect	None	When this card is Special Summoned, you can Special Summon any number of @5"Hero Kid"@7(s) from your Deck.	
114	Hero of the East	1100	1000	3	Warrior	EARTH	None	None	A sword-swinging samurai from the Far East.	
1860	Hero Signal	0	0	0	Trap	Trap	Trap	None	You can only activate this card when a monster on your side of the field is destroyed as a result of battle and sent to the Graveyard. Special Summon 1 Level 4 or lower monster from your hand or Deck that includes @5"Elemental Hero"@7 in its card name.	
1297	Hidden Book of Spell	0	0	0	Trap	Trap	Trap	None	You can only activate this card during your turn. Select 2 Spell Cards from your Graveyard and add them to your Deck. Your Deck is then shuffled.	
1149	Hidden Soldier	0	0	0	Trap	Trap	Trap	None	Can be activated when your opponent Summons or Flip Summons a Monster. Special Summons 1 DARK monster Level 4 or lower from your Hand.	
1825	Hieracosphinx	2400	1200	6	Rock	EARTH	Effect	None	As long as this card remains face-up on your side of the field, your opponent cannot select a face-down Defense Position monster as an attack target.	
1187	Hieroglyph Lithograph	0	0	0	Spell	Spell	Spell	None	Pay 1000 Life Points. During the current Duel, your hand size limit becomes 7.	
514	High Tide Gyojin	1650	1300	4	Aqua	WATER	None	None	A very agile half-fish warrior known for its relentless attacks.	
1841	Hiita the Fire Charmer	500	1500	3	Spellcaster	FIRE	Effect	None	FLIP: Take control of 1 FIRE monster on your opponent's side of the field, for as long as this card remains face-up on the field.	
1071	Hino-Kagu-Tsuchi	2800	2900	8	Pyro	FIRE	Spirit	None	This card cannot be Special Summoned. This card returns to the owner's hand during the End Phase of the turn that this card is Normal Summoned or flipped face-up. If this card inflicts Battle Damage to your opponent's Life Points, your opponent discards all cards in his/her hand during the next Draw Phase before he/she draws.	
198	Hinotama Soul	600	500	2	Pyro	FIRE	None	None	An intensely hot flame creature that rams anything standing in its way.	
506	Hiro's Shadow Scout	650	500	2	Fiend	DARK	Effect	None	FLIP: Your opponent draws 3 cards. Both players look at the cards. If there are any Spell Cards among them, discard all those Spell Card(s) to the Graveyard.	
214	Hitodenchak	600	700	2	Aqua	WATER	None	None	A rabid starfish that spits a lethal acid that can melt almost anything.	
6	Hitotsu-Me Giant	1200	1000	4	Beast-Warrior	EARTH	None	None	A one-eyed behemoth with thick, powerful arms made for delivering punishing blows.	
268	Holograh	1100	700	3	Machine	EARTH	None	None	This machine generates illusions that leave an enemy wide open to attacks.	
1871	Holy Knight Ishzark	2300	1800	6	Warrior	LIGHT	Effect	None	A monster that this card destroys as a result of battle is removed from play.	
2075	Homonculus Gold	1500	1500	6	Warrior	LIGHT	Effect	None	The ATK and DEF of this card increase by the total of the number of your cards removed from the game x 300.	
1727	Homunculus the Alchemic Being	1800	1600	4	Plant	LIGHT	Effect	None	You can change the Attribute of this monster. This effect can only be used once per turn.	
27	Horn Imp	1300	1000	4	Fiend	DARK	None	None	A small fiend that dwells in the dark, its single horn makes it a formidable opponent.	
686	Horn of Heaven	0	0	0	Trap	Trap	Trap	Counter	Tribute 1 monster on your side of the field. Negate the Normal Summon / Flip Summon / Special Summon of a monster and destroy it.	
286	Horn of Light	0	0	0	Spell	Spell	Spell	Equip	Increase the DEF of a monster equipped with this card by 800 points. When this card is sent from the field to the Graveyard, if you pay 500 Life Points, this card returns to the top of your Deck.	
287	Horn of the Unicorn	0	0	0	Spell	Spell	Spell	Equip	Increase the ATK and DEF of a monster equipped with this card by 700 points. When this card is sent from the field to the Graveyard, it returns to the top of your Deck.	
1632	Horus the Black Flame Dragon LV4	1600	1000	4	Dragon	FIRE	Effect	None	As long as this card remains face-up on your side of the field, control of this card cannot switch. During the End Phase of a turn that this card destroyed a monster as a result of battle, send this card to the Graveyard to Special Summon 1 @5"Horus the Black Flame Dragon LV6"@7 from your hand or Deck.	
1633	Horus the Black Flame Dragon LV6	2300	1600	6	Dragon	FIRE	Effect	None	As long as this card remains face-up on your side of the field, it is unaffected by any Spell Cards. During the End Phase of a turn that this card destroyed a monster as a result of battle, send this card to the Graveyard to Special Summon 1 @5"Horus the Black Flame Dragon LV8"@7 from your hand or Deck.	
1634	Horus the Black Flame Dragon LV8	3000	1800	8	Dragon	FIRE	Effect	None	This card cannot be Normal Summoned or Set. This card cannot be Special Summoned except by the effect of @5"Horus the Black Flame Dragon LV6"@7. As long as this card remains face-up on your side of the field, you can negate the activation and effect of any Spell Cards and destroy them.	
1642	Horus' Servant	100	100	1	Beast-Warrior	FIRE	Effect	None	As long as this card remains face-up on your side of the field, your opponent cannot designate @5"Horus the Black Flame Dragon"@7 (of any LV) as the target of the effect of a Spell, Trap, or Monster Card.	
413	Hoshiningen	500	700	2	Fairy	LIGHT	Effect	None	As long as this card remains face-up on the field, increase the ATK of all LIGHT monsters by 500 points and decrease the ATK of all DARK monsters by 400 points.	
216	Hourglass of Life	700	600	2	Fairy	LIGHT	None	None	This creature grants power instead of shortening life.	
554	House of Adhesive Tape	0	0	0	Trap	Trap	Trap	None	If the DEF of a monster summoned by your opponent (excluding Special Summon) is 500 points or less, the monster is destroyed.	
1650	Howling Insect	1200	1300	3	Insect	EARTH	Effect	None	When this card is destroyed and sent to the Graveyard as a result of battle, you can Special Summon 1 Insect-Type monster with an ATK of 1500 or less to your side of the field from your Deck. Then shuffle your Deck.	
1245	Huge Revolution	0	0	0	Trap	Trap	Trap	None	This card can only be activated during your Main Phase when @5"People Running About"@7, @5"Oppressed People"@7, and @5"United Resistance"@7 are face-up on your side of the field. Send all cards in your opponent's hand to the Graveyard and destroy all cards your opponent controls on the field.	
1606	Human-Wave Tactics	0	0	0	Trap	Trap	Trap	Continuous	During the End Phase of each turn, select a number of Level 2 or lower Normal Monsters from your Deck equal to the number of your Level 2 or lower Normal Monsters destroyed as a result of battle during that turn, and Special Summon them to your side of the field. The Deck is then shuffled.	
840	Humanoid Slime	800	2000	4	Aqua	WATER	None	None	This slime apparently has some human genes in its genetic makeup.	
842	Humanoid Worm Drake	2200	2000	7	Aqua	WATER	Fusion	None	@5"Worm Drake"@7+@5"Humanoid Slime"@7	
568	Hungry Burger	2000	1850	6	Warrior	DARK	Ritual	None	This monster can only be Ritual Summoned with the Ritual Spell Card, @5"Hamburger Recipe"@7. You must also offer monsters whose total Level Stars equal 6 or more as a Tribute from the field or your hand.	
166	Hurricail	900	200	2	Spellcaster	WIND	None	None	A tornado that ravages the wastelands with sharp winds that can cut to the bone.	
1950	Hydrogeddon	1600	1000	4	Dinosaur	WATER	Effect	None	When this card destroys an opponent's monster as a result of battle and sends it to the Graveyard, you can Special Summon 1 @5"Hydrogeddon"@7 from your Deck.	
1768	Hyena	1000	300	3	Beast	EARTH	Effect	None	When this card is sent to the Graveyard as a result of battle, you can Special Summon any @5"Hyena"@7(s) from your Deck to the field. Then shuffle your Deck.	
235	Hyo	800	1200	3	Warrior	WATER	None	None	None can survive the cold touch of this sub-zero warrior.	
597	Hyozanryu	2100	2800	7	Dragon	LIGHT	None	None	A dragon created from a massibe diamond that sparkles with blinding light.	
1464	Hyper Hammerhead	1500	1200	4	Dinosaur	EARTH	Effect	None	When this monster battles an opponent's monster, if the opponent's monster is not destroyed as a result of the battle, the opponent's monster is returned to its owner's hand at the end of the Damage Step.	
921	Hysteric Fairy	1800	500	4	Fairy	LIGHT	Effect	None	Offer 2 monsters on your side of the field as a Tribute to increase your Life Points by 1000 points.	
369	Ice Water	1150	900	3	Aqua	WATER	None	None	A very aggressive mermaid that attacks enemies with the spikes growing from its body.	
47	Illusionist Faceless Mage	1200	2200	5	Spellcaster	DARK	None	None	Manipulates enemy attacks with the power of illusion.	
1859	Impenetrable Formation	0	0	0	Spell	Spell	Spell	Continuous	Select 1 monster on your side of the field to activate this card. While you have 2 or more monsters on your side of the field, and all monsters on your side of the field are in Defense Position, increase the DEF of the selected monster by 700 points. When the selected monster is removed from the field, destroy this card.	
767	Imperial Order	0	0	0	Trap	Trap	Trap	Continuous	As long as this card remains face-up on the field, negate the effects of all Spell Cards on the field. Pay 700 Life Points during each of your Standby Phases. If you do not, this card is destroyed.	
1065	Inaba White Rabbit	700	500	3	Beast	EARTH	Spirit	None	This card cannot be Special Summoned. This card returns to the owner's hand during the End Phase of the turn that this card is Normal Summoned or flipped face-up. This monster attacks your opponent's Life Points directly.	
1379	Incandescent Ordeal	0	0	0	Spell	Spell	Spell	Ritual	This card is used to Ritual Summon @5"Legendary Flame Lord"@7. You must also Tribute monsters whose total Levels equal 7 or more from the field or your hand.	
1906	Indomitable Fighter Lei Lei	2300	0	4	Beast-Warrior	EARTH	Effect	None	If this card attacks, it is changed to Defense Position at the end of the Battle Phase. This card's battle position cannot be changed until the end of your next turn, except with a card effect.	
1870	Infernal Flame Emperor	2700	1600	9	Pyro	FIRE	Effect	None	This card cannot be Special Summoned. When this card is Tribute Summoned successfully, you can remove from play up to 5 Fire monsters in your Graveyard. Destroy a number of Spell or Trap Cards equal to the number of the cards that you remove from play by this effect.	
1372	Infernalqueen Archfiend	900	1500	4	Fiend	FIRE	Effect	None	The controller of this card pays 500 Life Points during each of his/her Standby Phases (this is not optional). When this card is targeted by the effect of a card controlled by your opponent, when resolving the effect, roll a six-sided die. If the result is 2 or 5, negate the effect and destroy the opponent's card. As long as this card remains on the field, during each Standby Phase, increase the ATK of 1 Archfiend Monster Card by 1000 points until the End Phase.	
1415	Inferno	1100	1900	4	Pyro	FIRE	Effect	None	This card cannot be Normal Summoned or Set. This card can only be Special Summoned by removing from play 1 FIRE monster in your Graveyard. When this card destroys an opponent's monster as a result of battle and sends it to the Graveyard, inflict 1500 points of damage to your opponent's Life Points.	
1667	Inferno Fire Blast	0	0	0	Spell	Spell	Spell	None	Select 1 face-up @5"Red-Eyes B. Dragon"@7 on your side of the field to activatre this card. Inflict damage to your opponent's Life Points equal to the original ATK of the selected @5"Red-Eyes B. Dragon"@7. @5"Red-Eyes B. Dragon"@7 cannot attack during the turn you use this card.	
1501	Inferno Hammer	2400	0	6	Fiend	DARK	Effect	None	When this card destroys your opponent's monster and sends it to the Graveyard as a result of battle, you can select 1 face-up monster on your opponent's side of the field and flip it into face-down Defense Position.	
2007	Inferno Reckless Summon	0	0	0	Spell	Spell	Spell	Quick-Play	You can only activate this card when 1 monster with an ATK of 1500 points or less is Special Summoned to your side of the field while there is a face-up monster on your opponent's side of the field. Special Summon all cards with the same name as the Summoned monster from your hand, Deck, and Graveyard in face-up Attack Position. Your opponent selects 1 monster on their side of the field and Special Summons all cards with that same name from their hand, Deck, and Graveyard.	
1625	Inferno Tempest	0	0	0	Spell	Spell	Spell	Quick-Play	When you take 3000 or more Battle Damage from 1 attack, you can activate this card. Remove all monsters in each player's Deck and Graveyard from play.	
876	Infinite Cards	0	0	0	Spell	Spell	Spell	Continuous	As long as this card remains face-up on the field, there is no limit to the number of cards in both players' hands.	
869	Infinite Dismissal	0	0	0	Trap	Trap	Trap	Continuous	Level 3 or lower monsters are destroyed during the End Phase of the turn that they are Normal Summoned or Flip Summoned.	
824	Injection Fairy Lily	400	1500	3	Spellcaster	EARTH	Effect	None	This card's effect can be activated only during the Damage Step of either player's turn that this card battles. Pay 2000 Life Points to increase the ATK of this monster by 3000 points only during the Damage Step.	
1163	Inpachi	1600	1900	4	Machine	EARTH	None	None	A log that attacks lost travelers in the forest. Originally a big tree, it was cut down and possessed by a wicked spirit.	
284	Insect Armor with Laser Cannon	0	0	0	Spell	Spell	Spell	Equip	An Insect-Type monster equipped with this card increases its ATK by 700 points.	
665	Insect Barrier	0	0	0	Spell	Spell	Spell	Continuous	Your opponent cannot declare an attack with any Insect-Type monsters on his/her side of the field.	
886	Insect Imitation	0	0	0	Spell	Spell	Spell	None	Offer 1 monster on your side of the field as a Tribute. Select 1 Insect-Type monster from your Deck that is 1 Level higher than the Tribute monster and Special Summon it on the field in face-up Attack Position or face-down Defense Position. The Deck is then shuffled.	
1756	Insect Knight	1900	1500	4	Insect	EARTH	None	None	Of all Insect fighters, he is the paragon of the Indestructible Insect Invaders, which only the elite of the elite can join. We can no longer ignore their unmatched battle prowess.	
2081	Insect Monster Token	100	100	1	Insect	EARTH	Token	None	Special Summon with the effect of @5"Insect Queen"@7.	
1468	Insect Princess	1900	1200	6	Insect	WIND	Effect	None	While this card is face-up on the field, battle positions of all face-up Insect-Type monsters on your opponent's side of the field are changed into Attack Position. Each time this card destroys an Insect-Type monster as a result of battle, increase the ATK of this card by 500 points.	
624	Insect Queen	2200	2400	7	Insect	EARTH	Effect	None	You cannot declare an attack without Tributing 1 monster on your side of the field. Increase the ATK of this card by 200 points for each face-up Insect-Type monster on the field. Special Summon 1 @5"Insect Monster Token"@7 (Insect-Type/EARTH/1 Star/ATK 100/DEF 100) in Attack Position on your side of the field during the End Phase of each turn that this card destroys your opponent's monster.	
403	Insect Soldiers of the Sky	1000	800	3	Insect	WIND	Effect	None	The ATK of this card increases by 1000 points whenever it attacks a WIND monster.	
1209	Interdimensional Matter Transporter	0	0	0	Trap	Trap	Trap	None	Select 1 face-up monster on your side of the field and remove it from play until the End Phase of this turn.	
464	Invader from Another Dimension	950	1400	4	Fiend	DARK	None	None	An extraterrestrial monster that came from a distant galaxy.	
1498	Invader of Darkness	2900	2500	8	Fiend	DARK	Effect	None	While this card is face-up on the field, your opponent cannot activate Quick-Play Spell Cards.	
526	Invader of the Throne	1350	1700	4	Warrior	EARTH	Effect	None	FLIP: Select 1 monster on your opponent's side of the field and switch control of it with this card. This effect cannot be activated during the Battle Phase.	
1717	Invasion of Flames	1300	1200	3	Pyro	FIRE	Effect	None	When this card is Normal Summoned successfully, no Trap Cards can be activated.	
1366	Iron Blacksmith Kotetsu	500	500	2	Beast-Warrior	FIRE	Effect	None	FLIP: Select 1 Equip Spell Card from your Deck and add it to your hand.	
901	Island Turtle	1100	2000	4	Aqua	WATER	None	None	A huge turtle that is often mistaken for an island.	
1208	Jack's Knight	1900	1000	5	Warrior	LIGHT	None	None	A strong master swordsman. His loyalty is to justice, his duty to protect the weak.	
1487	Jade Insect Whistle	0	0	0	Spell	Spell	Spell	None	Your opponent selects 1 Insect-Type Monster from their Deck. After shuffling the Deck, place the card on top of the Deck.	
874	Jam Breeding Machine	0	0	0	Spell	Spell	Spell	Continuous	During each of your Standby Phases, Special Summon 1 @5"Slime Token"@7 (Aqua-Type/WATER/LEVEL 1/ATK 500/DEF 500) in Attack Position to your side of the field. As long as this card remains face-up on the field, you cannot Normal Summon, Flip Summon or Special Summon any other monster (except Slime Tokens).	
877	Jam Defender	0	0	0	Trap	Trap	Trap	Continuous	When a monster on your opponent's side of the field attacks a monster on your side of the field and there is a face-up @5"Revival Jam"@7 on your side of the field, you can switch the attack target to the @5"Revival Jam"@7.	
926	Jar of Greed	0	0	0	Trap	Trap	Trap	None	Draw 1 card from your Deck.	
1293	Jar Robber	0	0	0	Spell	Spell	Spell	Quick-Play	You can only activate this card when @5"Pot of Greed"@7 is activated. Negate the effect of the @5"Pot of Greed"@7 and draw 1 card from your Deck.	
581	Javelin Beetle	2450	2550	8	Insect	EARTH	Ritual	None	This monster can only be Ritual Summoned with the Ritual Spell Card, @5"Javelin Beetle Pact"@7. You must also offer monsters whose total Level Stars equal 8 or more as a Tribute from the field or your hand.	
563	Javelin Beetle Pact	0	0	0	Spell	Spell	Spell	Ritual	This card is used to Ritual Summon @5"Javelin Beetle"@7. You must also offer monsters whose total Level Stars equal 8 or more as a Tribute from the field or your hand.	
78	Jellyfish	1200	1500	4	Aqua	WATER	None	None	An almost invisible, semi-transparent jellyfish that drifts in the sea.	
1898	Jerry Beans Man	1750	0	3	Plant	EARTH	None	None	Jerry, a bean soldier, believes he is the strongest warrior in the world, but his true abilities are still untested.	
1879	Jetroid	1200	1800	4	Machine	WIND	Effect	None	At the time this card is selected as an attack target by your opponent's monster, the controller of this card can activate Trap Card(s) from their hand.	
612	Jinzo~2	2400	1500	6	Machine	DARK	Effect	None	As long as this card remains face-up on the field, Trap Cards cannot be activated. The effects of all face-up Trap Cards are negated.	
325	Jirai Gumo	2200	100	4	Insect	EARTH	Effect	None	When you declare an attack with this card, toss a coin and call it. If you call it right, attack normally. If you call it wrong, decrease your Life Points by half before attacking.	
109	Job-Change Mirror	800	1300	3	Fiend	DARK	None	None	A wicked mirror that blocks off the damaging effects of an attack.	
957	Jowgen the Spiritualist	200	1300	3	Spellcaster	LIGHT	Effect	None	Discard 1 card from your hand to the Graveyard randomly to destroy all Special Summoned monsters on the field. In addition, as long as this card remains face-up on the field, no monsters can be Special Summoned.	
828	Jowls of Dark Demise	200	100	2	Fiend	WATER	Effect	None	FLIP: Take control of 1 monster on your opponent's side of the field until the end of the turn that this card's effect is activated. When the controlled monster attacks, it can attack your opponent's Life Points directly.	
35	Judge Man	2200	1500	6	Warrior	EARTH	None	None	This club-wielding warrior battles to the end and will never surrender.	
1350	Judgement of Pharaoh	0	0	0	Trap	Trap	Trap	None	Pay half your Life Points to select one of the following conditions and effects: @4 @7If a @5"Friendship"@7 is in your Graveyard, your opponent cannot Set, Summon, Flip Summon, Special Summon, or activate an Effect Monster until the end of the turn. @4 @7If a @5"Unity"@7 is in your Graveyard, effects from Spell and Trap Cards on your opponent's Field are cancelled, and your opponent cannot activate or set Spell or Trap Cards until the end of the turn.	
946	Judgment of Anubis	0	0	0	Trap	Trap	Trap	Counter	Discard 1 card from your hand. Negate the activation and the effect of a Spell Card controlled by your opponent that has the effect of destroying Spell and/or Trap Card(s) on the field and destroy it. After that, you can destroy 1 face-up monster on your opponent's side of the field and inflict damage to your opponent equal to the ATK of the destroyed monster.	
687	Just Desserts	0	0	0	Trap	Trap	Trap	None	Inflict 500 points of damage to your opponent's Life Points for each monster on your opponent's side of the field.	
1525	KA-2 Des Scissors	1000	1000	4	Machine	DARK	Effect	None	When this card destroys a monster and sends it to the Graveyard as a result of battle, inflict damage to your opponent's Life Points equal to the Level of the destroyed monster x 500 points.	
1162	Kabazauls	1700	1500	4	Dinosaur	WATER	None	None	A huge monster in the shape of a hippopotamus. The sneezing from his gigantic body is so fierce that people mistake it for a hurricane.	
202	Kagemusha of the Blue Flame	800	400	2	Warrior	EARTH	None	None	Serving as a double for the Ruler of the Blue Flame, he's a master swordsman that wields a fine blade.	
111	Kageningen	800	600	2	Warrior	DARK	None	None	Uses both its physical and shadow forms to attack, making it a difficult monster to overcome.	
1812	Kaibaman	200	700	3	Warrior	LIGHT	Effect	None	Tribute this card to Special Summon 1 @5"Blue-Eyes White Dragon"@7 from your hand.	
365	Kaiser Dragon	2300	2000	7	Dragon	LIGHT	Fusion	None	@5"Winged Dragon, Guardian of the Fortress #1"@7 + @5"Fairy Dragon"@7	
1049	Kaiser Glider	2400	2200	6	Dragon	LIGHT	Effect	None	This card is not destroyed as a result of battle when this card battles with a monster with the same ATK. When this card is destroyed and sent to the Graveyard, return 1 monster on the field to its owner's hand.	
1095	Kaiser Sea Horse	1700	1650	4	Sea Serpent	LIGHT	Effect	None	If you Tribute Summon a LIGHT monster, you can treat this 1 monster as 2 Tribute Monsters for the Tribute Summon.	
445	Kamakiriman	1150	1400	4	Insect	EARTH	None	None	A man-shaped mantis with two razor-sharp scythes.	
387	Kaminari Attack	1900	1400	5	Thunder	WIND	Fusion	None	@5"Ocubeam"@7 + @5"Mega Thunderball"@7	
199	Kaminarikozou	700	600	2	Thunder	WIND	None	None	This monster stores electricity within its body, unleashing it with lethal effect.	
1853	Kaminote Blow	0	0	0	Spell	Spell	Spell	None	You can only activate this card if there is at least 1 face-up @5"Chu-Ske the Mouse Fighter"@7, @5"Monk Fighter"@7, or @5"Master Monk"@7 on your side of the field. Destroy the monster(s) that battle with these monsters on your side of the field this turn, at the end of each Damage Step.	
118	Kamionwizard	1300	1100	4	Spellcaster	DARK	Fusion	None	@5"Mystical Elf"@7 + @5"Curtain of the Dark Ones"@7	
312	Kanan the Swordmistress	1400	1400	4	Warrior	EARTH	None	None	A lady warrior armed with sword and shield, she floats like a butterfly and stings like a bee.	
1767	Kangaroo Champ	800	700	4	Beast	EARTH	Effect	None	A monster that battles with this card is changed to Defense Position after damage calculation.	
380	Kanikabuto	650	900	3	Aqua	WATER	None	None	A monster crab with huge claws for clipping enemies to little pieces.	
379	Kappa Avenger	1200	900	3	Aqua	WATER	None	None	An amphibian that sold his soul for unlimited power to avenge his late friend.	
734	Karate Man	1000	1000	3	Warrior	EARTH	Effect	None	You can double the original ATK of this card once per turn. If you used this effect, destroy this card during the End Phase.	
48	Karbonala Warrior	1500	1200	4	Warrior	EARTH	Fusion	None	@5"M-Warrior #1"@7 + @5"M-Warrior #2"@7	
2062	Karma Cut	0	0	0	Trap	Trap	Trap	None	Discard 1 card from your hand. Remove from play 1 face-up monster on your opponent's side of the field. If there is a card(s) in your opponent's Graveyard with the same name as the removed monster, also remove from play that card(s).	
330	Kazejin	2400	2200	7	Spellcaster	WIND	Effect	None	You can only activate this card's effect during your opponent's damage calculation. Make the ATK of a monster attacking this card 0 during damage calculation. This effect can only be used once as long as this card remains face-up on the field.	
1057	Kelbek	1500	1800	4	Fairy	EARTH	Effect	None	A monster that attacks this card returns to its owner's hand. Damage calculation is applied normally.	
1047	Keldo	1200	1600	4	Fairy	EARTH	Effect	None	When this card is destroyed and sent to the Graveyard as a result of battle, select 2 cards from your opponent's Graveyard, add them to your opponent's Deck and the Deck is then shuffled.	
496	Key Mace	1050	1200	4	Fiend	DARK	None	None	The power of this monster lies in its ability to suppress the good and bring out the bad in any monster.	
57	Killer Needle	1200	1000	4	Insect	WIND	None	None	A huge bee with exceptional strength that's particularly dangerous in a swarm.	
827	Kinetic Soldier	1350	1800	3	Machine	EARTH	Effect	None	When this card battles with a Warrior-Type monster, increase the ATK and DEF of this monster by 2000 points only during damage calculation.	
1786	King Dragun	2400	1100	7	Dragon	DARK	Fusion/Effect	None	@5"Lord of D."@7+@5"Divine Dragon Ragnarok"@7  As long as this card remains face-up on the field, your opponent cannot designate Dragon-Type monsters as a target of the effect of a Spell, Trap, or Monster Card. Once per turn, you can Special Summon 1 Dragon-Type monster from your hand to your side of the field.	
264	King Fog	1000	900	3	Fiend	DARK	None	None	A fiend that dwells in a blinding curtain of smoke.	
1845	King of the Skull Servants	65535	0	1	Zombie	DARK	Effect	None	The original ATK of this card becomes the number of @5"King of the Skull Servants"@7 and @5"Skull Servant"@7 cards in your Graveyard x 1000 points. When this card is destroyed and sent to the Graveyard as a result of battle, remove from play 1 other @5"King of the Skull Servants"@7 or @5"Skull Servant"@7 card in your Graveyard to Special Summon this card.	
1587	King of the Swamp	500	1100	3	Aqua	WATER	Effect	None	You can substitute this card for any 1 Fusion Material Monster. When you do this, the other Fusion Material Monster(s) must be the correct one(s). Discard this card from your hand to the Graveyard to add a @5"Polymerization"@7 from your Deck to your hand. The Deck is then shuffled.	
94	King of Yamimakai	2000	1530	5	Fiend	DARK	None	None	Wields the power of darkness to destroy its enemies.	
809	King Tiger Wanghu	1700	1000	4	Beast	EARTH	Effect	None	As long as this card remains face-up on the field, destroy all monsters with an ATK equal to 1400 or less that are Normal Summoned or Special Summoned (excluding Flip Summon).	
1207	King's Knight	1600	1400	4	Warrior	LIGHT	Effect	None	While @5"Queen's Knight"@7 is on your side of the field, when this card is Normal Summoned, you can Special Summon 1 @5"Jack's Knight"@7 from your Deck.	
1219	Kiryu	2000	1500	5	Dragon	DARK	Union	None	Once per turn, during your Main Phase, if you control this card on the field, you can equip it to your @5"Dark Blade"@7 as an Equip Spell Card, OR unequip the Union equipment and Special Summon this card in face-up Attack Position. While equipped to a monster by this card's effect, increase the ATK/DEF of the equipped monster by 900 points, and you can Tribute this card to allow the equipped monster to attack your opponent's Life Points directly this turn. (1 monster can only be equipped with 1 Union Monster at a time. If the equipped monster is destroyed as a result of battle, destroy this card instead.)	
780	Kiseitai	300	800	2	Fiend	DARK	Effect	None	When your opponent's monster attacks this card in face-down Defense Position, this card becomes an Equip Spell Card equipped to the attacking monster (No damage calculation is conducted). During each of your opponent's Standby Phases, increase your Life Points by half of the ATK of the monster equipped with this card.	
1242	Kishido Spirit	0	0	0	Spell	Spell	Spell	Continuous	Monsters on your side of the field cannot be destroyed in a battle if the monsters' ATK are equal.	
1354	Knight's Title	0	0	0	Spell	Spell	Spell	None	Activate this card by offering 1 face-up @5"Dark Magician"@7 on your side of the field as a Tribute. Special Summon 1 @5"Dark Magician Knight"@7 from your hand, Deck or Graveyard.	
1284	Koitsu	200	100	10	Fairy	WATER	Union	None	Once per turn, during your Main Phase, if you control this card on the field, you can equip it to your @5"Aitsu"@7 as an Equip Spell Card, OR unequip the Union equipment and Special Summon this card in face-up Attack Position. While equipped to a monster by this card's effect, increase the ATK of the equipped monster by 3000 points. When it attacks with an ATK that is higher than the DEF of a Defense Position monster, inflict the difference as Battle Damage to your opponent's Life Points. (1 monster can only be equipped with 1 Union Monster at a time. If the equipped monster is destroyed as a result of battle, destroy this card instead.)	
73	Kojikocy	1500	1200	4	Warrior	EARTH	None	None	A man-hunter with powerful arms that can crush boulders.	
408	Korogashi	550	400	2	Insect	EARTH	None	None	This monster rolls a massive hunk of manure to crush its opponent.	
744	Kotodama	0	1600	3	Fairy	EARTH	Effect	None	As long as this card remains face-up on the field, more than 1 monster with the same name cannot exist face-up on the field. If a monster with the same name as a face-up monster on the field is Normal Summoned, Flip Summoned, Special Summoned or flipped face-up later, it is destroyed. (If monsters with the same name are Summoned or flipped face-up at the same time, they are all destroyed.)	
33	Koumori Dragon	1500	1200	4	Dragon	DARK	None	None	A vicious, fire-breathing dragon whose wicked flame corrupts the souls of its victims.	
1566	Kozaky	400	400	1	Fiend	DARK	None	None	A workaholic fiend who devotes everything to his research into the languages of Dark World. His mind has collapsed because of working too hard.	
1863	Kozaky's Self-Destruct Button	0	0	0	Trap	Trap	Trap	None	Inflict 1000 points of damage to the Life Points of the player who destroyed this Set card.	
82	Krokodilus	1100	1200	4	Reptile	WATER	None	None	A vicious crocodile with great intelligence.	
815	Kryuel	1000	1700	4	Fiend	DARK	Effect	None	When this card is sent to the Graveyard as a result of battle, toss a coin and call it. If you call it right, destroy 1 monster on your opponent's side of the field.	
209	Kumootoko	700	1400	3	Insect	EARTH	None	None	A massive, intelligent spider that traps enemies with webbing.	
533	Kunai with Chain	0	0	0	Trap	Trap	Trap	None	You can shift an opponent's monster in Attack Position to Defense Position. In addition, you can increase the ATK of 1 of your own monsters by 500 points.	
534	Kunai with Chain	0	0	0	Trap	Trap	Trap	None	You can shift an opponent's monster in Attack Position to Defense Position. In addition, you can increase the ATK of 1 of your own monsters by 500 points.	
282	Kurama	800	800	3	Winged Beast	WIND	None	None	A vicious bird that attacks from the skies with its whip-like tail.	
62	Kuriboh	300	200	1	Fiend	DARK	Effect	None	Discard this card from your hand. Make the Battle Damage inflicted to your Life Points by 1 of your opponent's monsters 0. You can only use this effect during your opponent's Battle Phase.	
63	Kuriboh	300	200	1	Fiend	DARK	Effect	None	Discard this card from your hand. Make the Battle Damage inflicted to your Life Points by 1 of your opponent's monsters 0. You can only use this effect during your opponent's Battle Phase.	
64	Kuriboh	300	200	1	Fiend	DARK	Effect	None	Discard this card from your hand. Make the Battle Damage inflicted to your Life Points by 1 of your opponent's monsters 0. You can only use this effect during your opponent's Battle Phase.	
2082	Kuriboh Token	300	200	1	Fiend	DARK	Token	None	Special Summon with the effect of @5"Multiply"@7. This Token cannot be used as a Tribute for a Tribute Summon.	
335	La Jinn the Mystical Genie of the Lamp	1800	1000	4	Fiend	DARK	None	None	A genie of the lamp that's at the beck and call of its master.	
336	La Jinn the Mystical Genie of the Lamp	1800	1000	4	Fiend	DARK	None	None	A genie of the lamp that's at the beck and call of its master.	
1610	Labyrinth of Nightmare	0	0	0	Trap	Trap	Trap	Continuous	During the End Phase of each turn, change the battle positions of all face-up monsters on the turn player's side of the field.	
328	Labyrinth Tank	2400	2400	7	Machine	DARK	Fusion	None	@5"Giga-Tech Wolf"@7 + @5"Cannon Soldier"@7	
324	Labyrinth Wall	0	3000	5	Rock	EARTH	None	None	These walls form a labyrinth no exit for enemies.	
1535	Lady Ninja Yae	1100	200	3	Warrior	WIND	Effect	None	By discarding 1 WIND monster from your hand to the Graveyard, return all Spell and Trap Cards on your opponent's side of the field to the owner's hand.	
507	Lady of Faith	1100	800	3	Spellcaster	LIGHT	None	None	Soothes the souls of others by chanting a mysterious spell.	
182	LaLa Li-oon	600	600	2	Thunder	WIND	None	None	An electric cloud creature, its acid rain makes it very dangerous.	
2092	Lamb Token	0	0	1	Beast	EARTH	Token	None	Special Summon with the effect of @5"Stray Lambs"@7.	
60	Larvae Moth	500	400	2	Insect	EARTH	Effect	None	This monster cannot be Normal Summoned or Set. This card can only be Special Summoned by offering @5"Petit Moth"@7 as a Tribute on the 2nd of your turns after @5"Petit Moth"@7 has been equipped with @5"Cocoon of Evolution"@7.	
150	Larvas	800	1000	3	Beast	EARTH	None	None	A fast-moving, bird-like creature that strangles opposing monsters with its long, thin arms.	
1093	Last Turn	0	0	0	Trap	Trap	Trap	None	This card can only be activated during your opponent's turn when your Life Points are 1000 or less. Select 1 monster on your side of the field and send all other cards on the field and in their respective owners' hands to their respective Graveyards. Your opponent then Special Summons 1 monster from his/her Deck in face-up Attack Position and attack your selected monster. (Any Battle Damage from this battle is treated as 0.) The player whose monster remains alone on the field at the End Phase of this turn wins the Duel. Any other case results in a DRAW.	
703	Last Will	0	0	0	Spell	Spell	Spell	None	You can only use this card's effect once, and only during this turn. When a monster on your side of the field is sent to your Graveyard, you can Special Summon 1 monster with an ATK of 1500 points or less from your Deck. Then shuffle your Deck.	
424	Laughing Flower	900	500	2	Plant	EARTH	None	None	A flower whose laugh can confuse the minds of enemies.	
347	Launcher Spider	2200	2500	7	Machine	FIRE	None	None	A mechanical spider with rocket launchers capable of random fire.	
348	Launcher Spider	2200	2500	7	Machine	FIRE	None	None	A mechanical spider with rocket launchers capable of random fire.	
1152	Lava Golem	3000	2500	8	Fiend	FIRE	Effect	None	This card cannot be Normal Summoned or Set. This card can only be Special Summoned by Tributing 2 monsters on your opponent's side of the field, and is Special Summoned to your opponent's side of the field. This card inflicts 1000 points of damage to the Life Points of this card's controller during each of his/her Standby Phases. If you Special Summon this monster, you cannot Normal Summon or Set a monster during the same turn.	
20	Left Arm of the Forbidden One	200	300	1	Spellcaster	DARK	None	None	A forbidden left arm sealed by magic. Whosoever breaks this seal will know infinite power.	
18	Left Leg of the Forbidden One	200	300	1	Spellcaster	DARK	None	None	A forbidden left leg sealed by magic. Whosoever breaks this seal will know infinite power.	
1856	Legendary Black Belt	0	0	0	Spell	Spell	Spell	Equip	You can only equip this card to @5"Chu-Ske the Mouse Fighter"@7, @5"Monk Fighter"@7, or @5"Master Monk"@7. When the equipped monster destroys your opponent's monster and sends it to the Graveyard as a result of battle, inflict damage to your opponent's Life Points equal to the DEF of the destroyed monster.	
1136	Legendary Fiend	1500	1800	6	Fiend	DARK	Effect	None	During each Standby Phase on your turn, this card's ATK is raised by 700 points.	
1377	Legendary Flame Lord	2400	2000	7	Spellcaster	FIRE	Ritual/Effect	None	This card can only be Ritual Summoned with the Ritual Spell Card, @5"Incandescent Ordeal"@7. You must also Tribute monsters whose total Levels equal 7 or more from the field or your hand. Each time you or your opponent activates 1 Spell Card, put 1 Spell Counter on this card. Remove 3 Spell Counters from this card to destroy all monsters on the field except this card.	
1524	Legendary Jujitsu Master	1300	1800	3	Rock	EARTH	Effect	None	A monster that battles with this Defense Position card is returned to the top of the owner's Deck at the end of the Damage Step.	
1212	Lekunga	1700	500	4	Plant	WATER	Effect	None	By removing from play 2 WATER monsters in your Graveyard, Special Summon 1 @5"Lekunga Token"@7 (Plant-Type/WATER/Level 2/ATK 700/DEF 700) in Attack Position on your side of the field.	
2088	Lekunga Token	700	700	2	Plant	WATER	Token	None	Special Summon with the effect of @5"Lekunga"@7.	
465	Lesser Dragon	1200	1000	4	Dragon	WIND	None	None	A minor dragon incapable of breathing fire.	
1003	Lesser Fiend	2100	1000	5	Fiend	DARK	Effect	None	As long as this monster remains face-up on the field, monsters destroyed by this monster as a result of battle are removed from play instead of being sent to the Graveyard.	
1865	Level Conversion Lab	0	0	0	Trap	Trap	Trap	None	Select 1 monster in your hand and show it to your opponent, then roll a six-sided die. If the result is 1, send the selected monster to the Graveyard. If the result is 2-6, the Level of the selected monster becomes equal to the result until the End Phase of this turn.	
1992	Level Limit - Area A	0	0	0	Trap	Trap	Trap	Continuous	All face-up Level 3 or lower monsters on the field are changed to Attack Position and remain in Attack Position while this card is active.	
1941	Level Modulation	0	0	0	Spell	Spell	Spell	None	Your opponent draws 2 cards. Special Summon 1 monster from your Graveyard that includes @5"LV"@7 in its card name, ignoring the Summoning conditions. The monster that was Special Summoned by this effect cannot attack, nor activate or apply its effect this turn.	
1666	Level Up!	0	0	0	Spell	Spell	Spell	None	Send 1 face-up monster on your side of the field that has @5"LV"@7 in its card name to the Graveyard to activate this card. Special Summon the monster that is written in the card text of that monster from your hand or Deck, ignoring the Summoning conditions.	
1471	Levia-Dragon - Daedalus	2600	1500	7	Sea Serpent	WATER	Effect	None	Send @5"Umi"@7 on your side of the field to the Graveyard to destroy all cards on the field except this card.	
1011	Life Absorbing Machine	0	0	0	Trap	Trap	Trap	Continuous	As long as this card remains face-up on the field, increase your Life Points by an amount equal to half of the total Life Points you have paid in your very last turn.	
765	Light of Intervention	0	0	0	Trap	Trap	Trap	Continuous	Monster Cards cannot be Set face-down. Monsters Set in Defense Position are Normal Summoned in face-up Defense Position.	
1549	Light of Judgment	0	0	0	Trap	Trap	Trap	None	Activate this card by discarding 1 LIGHT Monster Card from your hand to the Graveyard while @5"The Sanctuary in the Sky"@7 is on the field. Select 1 card on the field controlled by your opponent or 1 card in your opponent's hand (you can look at your opponent's hand), and send it to the Graveyard.	
1739	Lighten the Load	0	0	0	Spell	Spell	Spell	Continuous	Add 1 Level 7 or higher monster from your hand to your Deck and shuffle it, then draw 1 card. You can only use this effect once per turn.	
650	Lightforce Sword	0	0	0	Trap	Trap	Trap	None	Select 1 card randomly from your opponent's hand and remove it from play face-down. Keep the card out of play for 3 of your opponent's turns. During your opponent's Standby Phase of the 4th turn, the card is returned to his/her hand.	
867	Lightning Blade	0	0	0	Spell	Spell	Spell	Equip	You can only equip this card to a Warrior-Type monster. Increase the ATK of the equipped monster by 800 points and decrease the ATK of all WATER monsters on the field by 500 points.	
850	Lightning Conger	350	750	3	Thunder	WATER	None	None	This massive eel generates huge charges of electricity and unleashes them as thunderbolts.	
932	Lightning Vortex	0	0	0	Spell	Spell	Spell	None	Discard 1 card from your hand. Destroy all face-up monsters on your opponent's side of the field.	
884	Limiter Removal	0	0	0	Spell	Spell	Spell	Quick-Play	Double the ATK of all face-up Machine-Type monsters that are on your side of the field when you activate this card. During the End Phase, destroy all Monster Cards that were affected by this effect.	
501	Liquid Beast	950	800	3	Aqua	WATER	None	None	A liquid life form that thrives on water.	
157	Lisark	1300	1300	4	Beast	EARTH	None	None	A creature with sapphire eyes that mesmerizes and confuses enemies.	
494	Little Chimera	600	550	2	Beast	FIRE	Effect	None	As long as this card remains face-up on the field, increase the ATK of all FIRE monsters by 500 points and decrease the ATK of all WATER monsters by 400 points.	
476	Little D	1100	700	3	Dinosaur	EARTH	None	None	A tyrannosaurus offspring with a vicious disposition.	
627	Little-Winguard	1400	1800	4	Warrior	WIND	Effect	None	Once during each of your End Phases, you can change the battle position of this card.	
485	Living Vase	900	1100	3	Plant	EARTH	None	None	A living vase that bites enemies and blinds them with a blast of pollen from its flower.	
1033	Lizard Soldier	1100	800	3	Dragon	WIND	None	None	A beast soldier derived from dragons, it is small for a Dragon-Type. Moving very quickly, this monster is an excellent strategist.	
599	Lord of D.	1200	1100	4	Spellcaster	DARK	Effect	None	As long as this card remains face-up on the field, all Dragon-Type monsters cannot be targeted by Spell Cards, Trap Cards, or effects of monsters that designate a target.	
145	Lord of the Lamp	1400	1200	4	Fiend	DARK	None	None	This spirit emerges from the mystic lamp and obeys the wishes of its summoner.	
158	Lord of Zemia	1300	1000	4	Fiend	DARK	None	None	A wicked entity that manipulates enemies towards a path of destruction.	
1146	Lord Poison	1500	1000	4	Plant	WATER	Effect	None	When this card is destroyed as a result of battle and sent to the Graveyard, Special Summon 1 Plant-Type monster from your Graveyard to your side of the field, except @5"Lord Poison"@7.	
1824	Lost Guardian	100	65535	4	Rock	EARTH	Effect	None	The original DEF of this card becomes the number of your Rock-Type monsters that are removed from play x 700 points.	
174	Lucky Trinket	600	800	2	Spellcaster	LIGHT	None	None	This creature may look slim and weak, but it's protected by a mystical force.	
808	Luminous Soldier	2100	1400	5	Warrior	LIGHT	Effect	None	If this card battles with a DARK monster, increase the ATK of this card by 500 points during the Damage Step.	
749	Luminous Spark	0	0	0	Spell	Spell	Spell	Field	Increase the ATK of all LIGHT monsters by 500 points and decrease their DEF by 400 points.	
245	Lunar Queen Elzaim	750	1100	3	Fairy	LIGHT	None	None	A lovely creature guarded by the moon, her lunar curtain can block just about any attack.	
1045	Luster Dragon	2400	1400	6	Dragon	WIND	None	None	This dragon feeds on emerald. Enchanted by this monster even when attacked, few people live to tell of its beauty.	
1265	Luster Dragon~2	1900	1600	4	Dragon	WIND	None	None	A very beautiful dragon covered with sapphire. It does not like fights, but has incredibly high attack power.	
155	M-Warrior	1000	500	3	Warrior	EARTH	None	None	Specializing in combination attacks, this warrior uses magnetism to block an enemy's escape.	
156	M-Warrior~2	500	1000	3	Warrior	EARTH	None	None	Specializing in combination attacks, this warrior is equipped with a tough, magnetically coated armor.	
1154	Machine Duplication	0	0	0	Spell	Spell	Spell	None	Select 1 Machine-Type monster with an ATK of 500 or less on your side of the field and activate this card. You can Special Summon up to 2 cards with the same name from your Deck.	
354	Machine King	2200	2000	6	Machine	EARTH	Effect	None	Increase the ATK of this card by 100 points for each face-up Machine-Type monster on the field.	
2033	Machine King Prototype	1600	1500	3	Machine	EARTH	Effect	None	Increase the ATK and DEF of this card by 100 points for each Machine-Type monster on the field other than this card.	
1449	Mad Dog of Darkness	1900	1400	4	Beast	DARK	None	None	He used to be a normal dog who played around in a park, but was corrupted by the powers of darkness.	
1897	Mad Lobster	1700	1000	3	Aqua	WATER	None	None	A gourmet food renowned by the Dark World upper crust. It has sensational flavor.	
897	Mad Sword Beast	1400	1200	4	Dinosaur	EARTH	Effect	None	When this card attacks with an ATK that is higher than the DEF of your opponent's Defense Position monster, inflict the difference as Battle Damage to your opponent's Life Points.	
219	Madjinn Gunn	600	800	2	Fiend	DARK	None	None	A living weapon that spits projectiles.	
929	Mage Power	0	0	0	Spell	Spell	Spell	Equip	Increase the ATK and DEF of the equipped monster by 500 points for each Spell and Trap Card on your side of the field.	
879	Magic Cylinder	0	0	0	Trap	Trap	Trap	None	Negate the attack of 1 of your opponent's monsters and inflict damage equal to the attacking monster's ATK to your opponent's Life Points.	
888	Magic Drain	0	0	0	Trap	Trap	Trap	Counter	You can activate this card when your opponent activates a Spell Card. Your opponent can discard 1 Spell Card from his/her hand to negate the effect of this card. If your opponent does not, negate the activation of the Spell Card of your opponent and destroy it.	
684	Magic Jammer	0	0	0	Trap	Trap	Trap	Counter	Discard 1 card from your hand. Negate the activation of a Spell Card and destroy it.	
666	Magic-Arm Shield	0	0	0	Trap	Trap	Trap	None	You can activate this card when your opponent announces an attack. Select 1 of your opponent's face-up Monster Cards on the field and designate it as the target of the attack.	
1999	Magical Blast	0	0	0	Spell	Spell	Spell	None	You can only activate this card while there is a Spellcaster-Type monster(s) on your side of the field. Inflict 200 points of damage to your opponent's Life Points for each Spellcaster-Type monster on your side of the field. If this card is in the Graveyard, you can add this card to your hand instead of conducting your normal draw during your Draw Phase.	
1349	Magical Dimension	0	0	0	Spell	Spell	Spell	Quick-Play	You can only activate this card while there is a face-up Spellcaster-Type monster(s) on your side of the field. Tribute 1 monster on your side of the field and Special Summon 1 Spellcaster-Type monster from your hand. Then you can destroy 1 monster on the field.	
1929	Magical Explosion	0	0	0	Trap	Trap	Trap	None	You can only activate this card when you have no cards in your hand. Inflict 200 points of damage to your opponent's Life Points for each Spell Card in your Graveyard.	
396	Magical Ghost	1300	1400	4	Zombie	DARK	None	None	This creature casts a spell of terror and confusion just before attacking its enemies.	
769	Magical Hats	0	0	0	Trap	Trap	Trap	None	Select 2 non-Monster Cards from your Deck and 1 of your Monster Cards on the field, then shuffle your Deck. Shuffle the 3 selected cards and Set them on the field in face-down Defense Position. The 2 cards selected from your Deck are treated as monsters (ATK 0/DEF 0) and are destroyed at the end of the Battle Phase. You can only use this effect during your opponent's Battle Phase.	
535	Magical Labyrinth	0	0	0	Spell	Spell	Spell	Equip	Equip @5"Labyrinth Wall"@7 with this card. If you offer @5"Labyrinth Wall"@7 equipped with this card as a Tribute, you can Special Summon @5"Wall Shadow"@7 from your Deck.	
2006	Magical Mallet	0	0	0	Spell	Spell	Spell	None	Add any number of cards from your hand to the Deck and shuffle it. Then draw the same number of cards you added to the Deck.	
1274	Magical Marionette	2000	1000	5	Spellcaster	DARK	Effect	None	Each time you or your opponent activates 1 Spell Card, put 1 Spell Counter on this card. Increase the ATK of this card by 200 points for each Spell Counter on this card. Also, remove 2 Spell Counters from this card to destroy 1 monster on the field.	
1276	Magical Plant Mandragola	500	200	2	Spellcaster	DARK	Effect	None	FLIP: Put 1 Spell Counter on each face-up card on the field that you can put a Spell Counter on.	
1277	Magical Scientist	300	300	1	Spellcaster	DARK	Effect	None	Pay 1000 Life Points to Special Summon 1 level 6 or lower Fusion Monster from your Fusion Deck in face-up Attack or Defense Position. That Fusion Monster cannot attack your opponent's Life Points directly, and is returned to your Fusion Deck at the end of the turn.	
690	Magical Thorn	0	0	0	Trap	Trap	Trap	Continuous	When your opponent's card(s) are discarded to the Graveyard, inflict 500 points of damage to his/her Life Points for each card that was discarded.	
585	Magician of Black Chaos	2800	2600	8	Spellcaster	DARK	Ritual	None	This monster can only be Ritual Summoned with the Ritual Spell Card, @5"Dark Magic Ritual"@7. You must also offer monsters whose total Level Stars equal 8 or more as a Tribute from the field or your hand.	
1694	Magician's Circle	0	0	0	Trap	Trap	Trap	None	You can only activate this card when a Spellcaster-Type monster declares an attack. Each player selects 1 Spellcaster-Type monster from their Deck with an ATK of 2000 or less, and Special Summons it in face-up Attack Position to their side of the field.	
1695	Magician's Unite	0	0	0	Spell	Spell	Spell	None	If there are 2 or more face-up Attack Position Spellcaster-Type monsters on your side of the field, select 1 of them and activate this card. The ATK of the selected Spellcaster-Type monster becomes 3000 points until the end of this turn. The Spellcaster-Type monster(s) that you did not selected cannot attack during this turn.	
1447	Magician's Valkyrie	1600	1800	4	Spellcaster	LIGHT	Effect	None	As long as this monster remains face-up on the field, your opponent cannot select another Spellcaster-Type monster on your side of the field as an attack target.	
2021	Magnet Circle LV2	0	0	0	Spell	Spell	Spell	None	Special Summon 1 Level 2 or lower Machine-Type monster from your hand.	
414	Maha Vailo	1550	1400	4	Spellcaster	LIGHT	Effect	None	Increase the ATK of this card by 500 points for each Equip Spell Card equipped to this card.	
1064	Maharaghi	1200	1700	4	Rock	EARTH	Spirit	None	This card cannot be Special Summoned. This card returns to the owner's hand during the End Phase of the turn that this card is Normal Summoned or flipped face-up. If this card is Normal Summoned or flipped face-up, see 1 card on the top of your Deck during your next Draw Phase before you draw, and return the card to the top or the bottom of your Deck.	
819	Maiden of the Aqua	700	2000	4	Aqua	WATER	Effect	None	As long as this card remains face-up on the field, the field is treated as @5"Umi"@7 (however there is no increasing or decreasing of ATK/DEF due to @5"Umi"@7's effect). If there is an active Field Spell Card on the field, this effect is not applied.	
521	Maiden of the Moonlight	1500	1300	4	Spellcaster	LIGHT	None	None	A sorcerer blessed by lunar light with powers far beyond mortal comprehension.	
1763	Maji-Gire Panda	1000	800	4	Beast	EARTH	Effect	None	As long as this card remains face-up on the field, each time a Beast-Type monster(s) on the field is destroyed, increase the ATK of this card by 500 points.	
1324	Maju Garzett	65535	0	7	Fiend	DARK	Effect	None	The ATK of this card becomes equal to the combined original ATK of the 2 monsters you Tributed for the Tribute Summon of this card.	
949	Makiu	0	0	0	Spell	Spell	Spell	None	Select either @5"Summoned Skull"@7 or any Thunder-Type monster. All opponent's monsters with DEF lower than the ATK of the selected card are destroyed. You must skip your Battle Phase during the turn this card is activated.	
991	Makyura the Destructor	1600	1200	4	Warrior	DARK	Effect	None	During the turn this card is sent to the Graveyard, the owner of this card can activate Trap Card(s) from his/her hand.	
290	Malevolent Nuzzler	0	0	0	Spell	Spell	Spell	Equip	Increase the ATK of a monster equipped with this card by 700 points. When this card is sent from the field to the Graveyard, if you pay 500 Life Points, this card returns to the top of your Deck.	
2069	Malfunction	0	0	0	Trap	Trap	Trap	Counter	Pay 500 Life Points. Negate the activation of a Trap Card and return it to its original position.	
2051	Malice Ascendant	700	1000	4	Zombie	DARK	Effect	None	While this card is face-up on the field, during your opponent's Standby Phase, send a number of cards from the top of your opponent's Deck to the Graveyard equal to the number of @5"Malice Ascendant"@7(s) in your Graveyard.	
1740	Malice Dispersion	0	0	0	Spell	Spell	Spell	Quick-Play	Discard 1 card from your hand. Destroy all face-up Continuous Trap Cards on the field.	
65	Mammoth Graveyard	1200	800	3	Dinosaur	EARTH	None	None	A mammoth that protects the graves of its pack and is absolutely merciless when facing grave-robbers.	
153	Man Eater	800	600	2	Plant	EARTH	None	None	Man-eating plant with poison feelers for attacking enemies.	
418	Man-Eater Bug	450	600	2	Insect	EARTH	Effect	None	FLIP: Destroy 1 monster on the field.	
469	Man-eating Black Shark	2100	1300	5	Fish	WATER	Fusion	None	@5"Sea Kamen"@7 + @5"Gruesome Goo"@7 + @5"Amazon of the Seas"@7	
81	Man-Eating Plant	800	600	2	Plant	EARTH	None	None	A meat-eating plant that is attractive to the eye but dangerous when approached.	
701	Man-Eating Treasure Chest	1600	1000	4	Fiend	DARK	None	None	A monster disguised as a treasure chest that is known to attack the unwary adventurer.	
1586	Man-Thro' Tro'	1000	1000	4	Beast-Warrior	EARTH	Effect	None	By tributing 1 Normal Monster (except a Token) on your side of the field, inflict 800 points of damage to your opponent's Life Points.	
589	Manga Ryu-Ran	2200	2600	7	Dragon	FIRE	Toon	None	This card cannot be Normal Summoned or Set. This card can only be Special Summoned while @5"Toon World"@7 is on your side the field. You can Special Summon this monster from your hand, but Tributes are required for monsters Level 5 or more. This card cannot attack in the turn that it is Summoned. Unless you pay 500 Life Points, this monster cannot attack. When @5"Toon World"@7 on the field is destroyed, this card is also destroyed. If your opponent doesn't control a Toon Monster, this card can attack your opponent's Life Points directly. If a face-up Toon Monster is on your opponent's side of the field, your must select the Toon Monster as an attack target.	
1476	Manju of the Ten Thousand Hands	1400	1000	4	Fairy	LIGHT	Effect	None	When this card is Normal Summoned or Flip Summoned, you can select 1 Ritual Monster Card or 1 Ritual Spell Card from your Deck and add it to your hand.	
1458	Manticore of Darkness	2300	1000	6	Beast-Warrior	FIRE	Effect	None	During the End Phase of the turn this card is sent to the Graveyard, send 1 Beast, Beast-Warrior or Winged Beast-Type Monster Card from your hand or your side of the field to the Graveyard to Special Summon this card from the Graveyard.	
1015	Marauding Captain	1200	400	3	Warrior	EARTH	Effect	None	While this monster is face-up on the field, your opponent cannot select another Warrior-Type monster on your side of the field as an attack target. When this monster is Normal Summoned successfully, you can Special Summon 1 Level 4 or lower monster from your hand.	
925	Marie the Fallen One	1700	1200	5	Fiend	DARK	Effect	None	As long as this card is in the Graveyard, increase your Life Points by 200 points during each of your Standby Phases.	
510	Marine Beast	1700	1600	5	Fish	WATER	Fusion	None	@5"Water Magician"@7 + @5"Behegon"@7	
1557	Marshmallon	300	500	3	Fairy	LIGHT	Effect	None	When this card is attacked while face-down, the attacker's controller receives 1000 damage after damage is calculated. This card cannot be destroyed during battle (calculated damage is applied).	
1562	Marshmallon glasses	0	0	0	Spell	Spell	Spell	Continuous	While this card and @5"Marshmallon"@7 are face-up on your Field, your opponent cannot attack any card except @5"Marshmallon"@7.	
970	Maryokutai	900	900	3	Aqua	WATER	Effect	None	You can only activate this card's effect during your opponent's turn. When your opponent activates a Spell Card, Tribute this face-up card to negate the activation of the Spell Card and destroy it.	
275	Masaki the Legendary Swordsman	1100	1100	4	Warrior	EARTH	None	None	Legendary swordmaster Masaki is a veteran of over 100 battles.	
865	Mask of Brutality	0	0	0	Spell	Spell	Spell	Equip	Increase the ATK of a monster equipped with this card by 1000 points and decrease its DEF by 1000 points. Pay 1000 Life Points during each of your Standby Phases. If you do not, destroy this card.	
108	Mask of Darkness	900	400	2	Fiend	DARK	Effect	None	FLIP: Select 1 Trap Card from your Graveyard. Add the selected card to your hand.	
862	Mask of Dispel	0	0	0	Spell	Spell	Spell	Continuous	Select 1 face-up Spell Card on the field. The controller of the Spell Card takes 500 points of damage during each of your Standby Phases. When the selected card is removed from the field, destroy this card.	
863	Mask of Restrict	0	0	0	Trap	Trap	Trap	Continuous	Neither player can offer any monster as a Tribute under any conditions.	
864	Mask of the Accursed	0	0	0	Spell	Spell	Spell	Equip	The monster equipped with this card cannot attack. The controller of the equipped monster takes 500 points of damage during each of your Standby Phases.	
860	Mask of Weakness	0	0	0	Trap	Trap	Trap	None	Decrease the ATK of 1 attacking monster by 700 points until the end of the turn.	
173	Masked Clown	500	700	2	Warrior	DARK	None	None	This warrior's fatal dance is performed with a lethal sickle.	
1651	Masked Dragon	1400	1100	3	Dragon	FIRE	Effect	None	When this card is destroyed and sent to the Graveyard as a result of battle, you can Special Summon 1 Dragon-Type monster with an ATK of 1500 or less to your side of the field from your Deck. Then shuffle your Deck.	
208	Masked Sorcerer	900	1400	4	Spellcaster	DARK	Effect	None	When this card inflicts Battle Damage to your opponent's Life Points, draw 1 card from your Deck.	
1290	Mass Driver	0	0	0	Spell	Spell	Spell	Continuous	Tribute 1 monster on your side of the field to inflict 400 points of damage to your opponent's Life Points.	
233	Master & Expert	1200	1000	4	Beast	EARTH	None	None	A deadly duo consisting of a beast master and its loyal servant.	
1161	Master Kyonshee	1750	1000	4	Zombie	EARTH	None	None	A wandering Kyonshee searching for a strong rival to defeat. They say he was known as the master of all martial arts.	
1833	Master Monk	1900	1000	5	Rock	EARTH	Effect	None	This card cannot be Normal Summoned or Set. This card cannot be Special Summoned except by Tributing 1 @5"Monk Fighter"@7 on your side of the field. This card can attack twice during the same turn.	
1156	Master of Dragon Soldier	5000	5000	12	Dragon	LIGHT	Fusion/Effect	None	@5"Black Luster Soldier"@7 + @5"Blue-Eyes Ultimate Dragon"@7 This monster can only be Special Summoned with a Fusion Summon. For each Dragon monster on your Field, not including this one, this card receives a 500 point ATK bonus.	
1660	Master of Oz	4200	3700	9	Beast	EARTH	Fusion	None	@5"Big Koala"@7 + @5"Des Kangaroo"@7	
1474	Mataza the Zapper	1300	800	3	Warrior	DARK	Effect	None	This monster can attack twice during the same Battle Phase. While this card is face-up on the field, control of this card cannot switch.	
257	Mavelus	1300	900	4	Winged Beast	WIND	Fusion	None	@5"Tyhone"@7 + @5"Wings of Wicked Flame"@7	
1506	Maximum Six	1900	1600	6	Warrior	EARTH	Effect	None	When this card is successfully Tribute Summoned, you may throw the dice once. The ATK of this card increases by 200 times the value of the dice as long as it remains in face-up position on the Field.	
1556	Mazera DeVille	2800	2300	8	Fiend	DARK	Effect	None	This card cannot be Normal Summoned or Set.  This card cannot be Special Summoned except by Tributing 1 face-up @5"Warrior of Zera"@7 on your side of the field while @5"Pandemonium"@7 is on the field. If @5"Pandemonium"@7 is on your side of the field when you Special Summon this card, your opponent discards 3 random cards from their hand. If @5"Pandemonium"@7 is not on your side of the field, this effect is not applied.	
1770	Mecha-Dog Marron	1000	1000	4	Machine	LIGHT	Effect	None	When this card on the field is destroyed and sent to the Graveyard as a result of battle, inflict 1000 points of damage to both players' Life Points. When this card on the field is destroyed and sent to the Graveyard except as a result of battle, inflict 1000 points of damage to your opponent's Life Points.	
446	Mechaleon	800	600	2	Reptile	WATER	None	None	This monster can hide just about anywhere by adopting the colors of its surroundings.	
1901	Mechanical Hound	2800	1500	7	Machine	EARTH	Effect	None	While you have no cards in your hand, your opponent cannot activate Spell Cards.	
482	Mechanical Snail	800	1000	3	Machine	DARK	None	None	A cyborg snail that still travels at a slow pace.	
358	Mechanicalchaser	1850	800	4	Machine	DARK	None	None	A hunter that relentlessly pursues its target by order of the Machine King.	
230	Meda Bat	800	400	2	Fiend	DARK	None	None	An eyeball fiend created by a servant of the wicked, it uses "Dark Blasts" to blow away its enemies.	
1835	Medusa Worm	500	600	2	Rock	EARTH	Effect	None	You can flip this card into face-down Defense Position once per turn during your Main Phase. When this card is Flip Summoned successfully, destroy 1 monster on your opponent's side of the field.	
1367	Mefist the Infernal General	1800	1700	5	Fiend	DARK	Effect	None	When this card attacks with an ATK that is higher than the DEF of your opponent's Defense Position monster, inflict the difference as Battle Damage to your opponent's Life Points. When this card inflicts Battle Damage to your opponent's Life Points, discard 1 card randomly from your opponent's hand.	
447	Mega Thunderball	750	600	2	Thunder	WIND	None	None	Rolls along the ground releasing bolts of electricity to attack its enemies.	
1294	Mega Ton Magical Cannon	0	0	0	Spell	Spell	Spell	None	Remove 10 Spell Counters on your side of the field. Destroy all cards on your opponent's side of the field.	
538	Megamorph	0	0	0	Spell	Spell	Spell	Equip	While your Life Points are lower than your opponent's, double the original ATK of a monster equipped with this card. While your Life Points are higher, halve the original ATK.	
1828	Megarock Dragon	65535	65535	7	Rock	EARTH	Effect	None	This card cannot be Normal Summoned or Set. This card cannot be Special Summoned except by removing from play a Rock-Type monster(s) in your Graveyard. The original ATK and DEF of this card become the number of Rock-Type monsters you removed from play when you Special Summoned this card x 700 points.	
85	Megazowler	1800	2000	6	Dinosaur	EARTH	None	None	Nothing stands in the way of this spike-covered dinosaur.	
256	Megirus Light	900	600	3	Fiend	DARK	None	None	The fatal beams from the eyes of this monster result in grim destruction.	
857	Melchid the Four-Face Beast	1500	1200	4	Fiend	DARK	None	None	This monster has four different masks for four different attacks.	
2050	Memory Crusher	1000	600	3	Fiend	DARK	Effect	None	If this card attacks your opponent's Life Points directly, inflict damage to your opponent's Life Points equal to the number of cards in your opponent's Fusion Deck x 100 points.	
200	Meotoko	700	600	2	Beast	EARTH	None	None	A huge monster with a single eye that fires a deadly beam.	
1530	Mermaid Knight	1500	700	4	Aqua	WATER	Effect	None	As long as @5"Umi"@7 remains face-up on the field, this card can attack twice during the same Battle Phase.	
655	Mesmeric Control	0	0	0	Spell	Spell	Spell	None	When this card is played your opponent cannot change the position of monsters during his/her next turn.	
751	Messenger of Peace	0	0	0	Spell	Spell	Spell	Continuous	Neither player can declare attacks with face-up monsters with an ATK of 1500 or more. Pay 100 Life Points during each of your Standby Phases. If you do not, destroy this card.	
1513	Metal Armored Bug	2800	1500	8	Insect	EARTH	None	None	A gigantic insect-like creature covered by thick armor. Everything in his path is destroyed.	
355	Metal Dragon	1850	1700	6	Machine	WIND	Fusion	None	@5"Steel Ogre Grotto #1"@7 + @5"Lesser Dragon"@7	
2090	Metal Fiend Token	0	0	1	Fiend	DARK	Token	None	Special Summon with the effect of @5"Fiend's Sanctuary"@7. This Token cannot attack. Excess damage against the Controller from battle with this Token is received by your opponent instead. Pay 1000 Life Points during your Standby Phase. If you do not pay 1000 Life Points, this Token is destroyed.	
96	Metal Guardian	1150	2150	5	Fiend	DARK	None	None	A fiend guarding the treasures of the netherworld, it's most at home in the dark.	
1302	Metal Reflect Slime	0	0	0	Trap	Trap	Trap	Continuous	This card becomes a Monster card when activated (Aqua-Type/WATER/10 Star/ATK 0/DEF 3000), and is Special Summoned into your Monster Card Zone in Defense Position. This card cannot attack. (Also treated as a Trap Card).	
1375	Metallizing Parasite - Lunatite	1000	500	7	Aqua	WATER	Union	None	Once per turn, during your Main Phase, if you control this monster on the field, you can equip it to a face-up monster on your side of the field as an Equip Spell Card, OR unequip the Union equipment and Special Summon this card in face-up Attack Position. While equipped to a monster by this card's effect, that monster will be unaffected by the effects of Spell Cards controlled by your opponent. (1 monster can only be equipped with 1 Union Monster at a time. If the monster that this card is equipped to is destroyed as a result of battle, destroy this card instead.)	
539	Metalmorph	0	0	0	Trap	Trap	Trap	None	After activation, this card is used to equip a face-up monster. The monster equipped with this card increases its ATK and DEF by 300 points. When attacking with a monster equipped with this card, you can further increase its ATK by an amount equal to half the ATK of your target.	
540	Metalmorph	0	0	0	Trap	Trap	Trap	None	After activation, this card is used to equip a face-up monster. The monster equipped with this card increases its ATK and DEF by 300 points. When attacking with a monster equipped with this card, you can further increase its ATK by an amount equal to half the ATK of your target.	
350	Metalzoa	3000	2300	8	Machine	DARK	Effect	None	This monster can only be Special Summoned from your Deck to your side of the field by offering @5"Zoa"@7 equipped with @5"Metalmorph"@7 as a Tribute.	
578	Meteor B. Dragon	3500	2000	8	Dragon	FIRE	Fusion	None	@5"Red-Eyes B. Dragon"@7 + @5"Meteor Dragon"@7	
577	Meteor Dragon	1800	2000	6	Dragon	EARTH	None	None	This dragon appeared from the heavens and crashed to earth.	
931	Meteor of Destruction	0	0	0	Spell	Spell	Spell	None	Inflict 1000 points of damage to your opponent's Life Points. You cannot activate this card if your opponent's Life Points are 3000 or less.	
1248	Meteorain	0	0	0	Trap	Trap	Trap	None	During this turn, when your monsters attack with an ATK that is higher than the DEF of your opponent's Defense Position monster, inflict the difference as Battle Damage to your opponent's Life Points.	
752	Michizure	0	0	0	Trap	Trap	Trap	None	You can activate this card when your monster is sent from the field to the Graveyard. Destroy 1 monster on the field.	
1548	Micro Ray	0	0	0	Trap	Trap	Trap	None	The DEF of 1 face-up monster on the field becomes 0 until the end of the End Phase.	
1837	Mid Shield Gardna	100	1800	4	Warrior	EARTH	Effect	None	You can flip this card into face-down Defense Position once per turn during your Main Phase. Negate the activation of a Spell Card that targets this 1 face-down monster. At that time, flip this card into face-up Defense Position.	
210	Midnight Fiend	800	600	2	Fiend	DARK	None	None	This monster only appears when a midnight tribute is made.	
1698	Mighty Guard	500	1200	4	Machine	EARTH	None	None	A machine soldier that was developed as a guard. It is made of rust-proof metal.	
576	Mikazukinoyaiba	2200	2350	7	Dragon	DARK	None	None	A dragon warrior of the moon armed with a crescent sword.	
382	Millennium Golem	2000	2200	6	Rock	EARTH	None	None	For nearly a millennium, this golem has served as guardian of an ancient treasure trove.	
1822	Millennium Scorpion	2000	1800	5	Insect	EARTH	Effect	None	Each time this card destroys 1 monster on your opponent's side of the field and sends it to the Graveyard as a result of battle, increase the ATK of this card by 500 points.	
319	Millennium Shield	0	3000	5	Warrior	EARTH	None	None	A Millennium item, it's rumored to block any strong attack.	
320	Millennium Shield	0	3000	5	Warrior	EARTH	None	None	A Millennium item, it's rumored to block any strong attack.	
438	Milus Radiant	300	250	1	Beast	EARTH	Effect	None	As long as this card remains face-up on the field, increase the ATK of all EARTH monsters by 500 points and decrease the ATK of all WIND monsters by 400 points.	
444	Minar	850	750	3	Insect	EARTH	Effect	None	When this card is discarded directly from your hand to the Graveyard by an effect of a card controlled by your opponent, inflict 1000 points of damage to your opponent's Life Points.	
658	Mind Control	0	0	0	Spell	Spell	Spell	None	Take control of 1 monster on your opponent's side of the field until the End Phase. This monster cannot declare an attack or be Tributed.	
659	Mind Control	0	0	0	Spell	Spell	Spell	Quick-Play	When this card is activated, you cannot summon any monster in the same turn (including Flip Summon and Special Summon). Place 4 @5"Sheep Tokens"@7 (Beast-Type/EARTH/1 Star/ATK 0/DEF 0) in Defense Position on your side of the field. The tokens cannot be used as a Tribute for a Tribute Summon.	
1744	Mind Haxorz	0	0	0	Trap	Trap	Trap	None	Pay 500 Life Points. Look at your opponent's hand and all Set cards on his/her side of the field.	
1652	Mind on Air	1000	1600	6	Spellcaster	DARK	Effect	None	As long as this card remains face-up on the field, your opponent must continue to show his/her hand.	
1664	Mind Wipe	0	0	0	Spell	Spell	Spell	Quick-Play	You can only activate this card if your opponent has 3 or less cards in his/her hand. Your opponent adds his/her hand to the Deck and shuffles it, then draws the same of number of cards he/she added to the Deck.	
1831	Mine Golem	1000	1900	3	Rock	EARTH	Effect	None	When this card is sent to the Graveyard as a result of battle, inflict 500 points of damage to your opponent's Life Points.	
1862	Minefield Eruption	0	0	0	Trap	Trap	Trap	None	Inflict 1000 points of damage to your opponent's Life Points for each face-up @5"Mine Golem"@7 on your side of the field. After that, destroy all face-up @5"Mine Golem"@7(s) on your side of the field.	
385	Minomushi Warrior	1300	1200	4	Rock	EARTH	None	None	A rock warrior that wields a heavy blade carved from stone.	
758	Minor Goblin Official	0	0	0	Trap	Trap	Trap	Continuous	You can only activate this card when your opponent's Life Points are 3000 or less. Inflict 500 points of damage to your opponent's Life Points during each of his/her Standby Phases.	
988	Miracle Dig	0	0	0	Spell	Spell	Spell	None	If 5 or more of your monsters have been removed from play, return 3 of them to the Graveyard.	
1917	Miracle Fusion	0	0	0	Spell	Spell	Spell	None	Remove from play, from your side of the field or your Graveyard, Fusion Material Monsters that are listed on a Fusion Monster Card that includes @5"Elemental Hero"@7 in its card name, and Special Summon that Fusion Monster from your Fusion Deck. (This Special Summon is treated as a Fusion Summon).	
2027	Miracle Kids	0	0	0	Trap	Trap	Trap	None	Decrease the ATK of 1 of your opponent's monsters by 400 points for each @5"Hero Kid"@7 in your Graveyard, until the End Phase.	
1298	Miracle Restoring	0	0	0	Trap	Trap	Trap	None	Remove 2 Spell Counters on your side of the field. Special Summon 1 @5"Dark Magician"@7 or @5"Buster Blader"@7 from your Graveyard in face-up Attack or Defense Position.	
1720	Mirage Dragon	1600	600	4	Dragon	LIGHT	Effect	None	As long as this card remains face-up on your side of the field, your opponent cannot activate Trap Cards during the Battle Phase.	
1308	Mirage Knight	2800	2000	8	Warrior	LIGHT	Effect	None	This card cannot be Normal Summoned or Set. This card cannot be Special Summoned except by the effect of @5"Dark Flare Knight"@7. When this card battles another monster, during damage calculation increase the ATK of this card by the original ATK of the opponent's monster. During the End Phase after this card was involved in battle, remove this card from play.	
1118	Mirage of Nightmare	0	0	0	Spell	Spell	Spell	Continuous	During your opponent's Standby Phase, draw cards until your hand has 4 cards. During your Standby Phase, randomly discard the same number of cards you drew with this card's effect to the Graveyard.	
705	Mirror Force	0	0	0	Trap	Trap	Trap	None	You can only activate this card when your opponent's monster declares an attack. Destroy all Attack Position monsters on your opponent's side of the field.	
796	Mirror Wall	0	0	0	Trap	Trap	Trap	Continuous	Halve the ATK of all your opponent's attacking monsters. Pay 2000 Life Points during each of your Standby Phases. If you do not, destroy this card.	
1864	Mispolymerization	0	0	0	Trap	Trap	Trap	None	You can only activate this card when a Fusion Monster is Special Summoned. Return all face-up Fusion Monsters on the field to their respective Fusion Decks.	
2009	Mistobody	0	0	0	Spell	Spell	Spell	Equip	While this card is equipped to a Monster Card, that Monster Card cannot be destroyed in battle. (Damage calculation is still applied.)	
1827	Moai Interceptor Cannons	1100	2000	4	Rock	EARTH	Effect	None	You can flip this card into face-down Defense Position once per turn during your Main Phase.	
835	Moisture Creature	2800	2900	9	Fairy	LIGHT	Effect	None	If you Tribute Summon this monster by Tributing 3 monsters on the field, destroy all Spell and Trap Cards on your opponent's side of the field.	
1564	Mokey Mokey	300	100	1	Fairy	LIGHT	None	None	An outcast angel. Nobody knows what he is thinking at all. Sometimes he gets mad and that is dreadful.	
1729	Mokey Mokey King	300	100	6	Fairy	LIGHT	Fusion/Effect	None	@5"Mokey Mokey"@7 + @5"Mokey Mokey"@7 + @5"Mokey Mokey"@7 When this card is removed from the field, you can Special Summon as many @5"Mokey Mokey"@7 as possible from your Graveyard.	
1735	Mokey Mokey Smackdown	0	0	0	Spell	Spell	Spell	Continuous	While a face-up @5"Mokey Mokey"@7 is on your side of the field, if a Fairy-Type monster on your side of the field is destroyed, the ATK of all @5"Mokey Mokey"@7 on your side of the field becomes 3000 until the End Phase of this turn.	
822	Molten Behemoth	1000	2200	5	Pyro	FIRE	None	None	A giant born from magma, it attacks with a magma punch.	
747	Molten Destruction	0	0	0	Spell	Spell	Spell	Field	Increase the ATK of all FIRE monsters by 500 points and decrease their DEF by 400 points.	
1456	Molten Zombie	1600	400	4	Pyro	FIRE	Effect	None	When this card is Special Summoned from the Graveyard, the controller of this card draws 1 card.	
484	Mon Larvas	1300	1400	4	Beast	EARTH	None	None	A further step in the evolutionary chain, it is much more powerful than Larvas.	
1832	Monk Fighter	1300	1000	3	Rock	EARTH	Effect	None	Battle Damage to this card's controller that he/she takes from a battle involving this card becomes 0.	
143	Monster Egg	600	900	3	Warrior	EARTH	None	None	A warrior hidden within an egg that attacks enemies by flinging eggshells.	
352	Monster Eye	250	350	1	Fiend	DARK	Effect	None	At the cost of 1000 Life Points, you can return @5"Polymerization"@7 from the Graveyard to your hand.	
1543	Monster Gate	0	0	0	Spell	Spell	Spell	None	Tribute 1 monster on your side of the field. Pick up cards from your Deck until you pick up a monster that can be Normal Summoned, and Special Summon it. Send any other cards picked up to the Graveyard.	
672	Monster Reborn	0	0	0	Spell	Spell	Spell	None	Select 1 monster from either you or your opponent's Graveyard. Special Summon the selected monster on your side of the field.	
907	Monster Recovery	0	0	0	Spell	Spell	Spell	Quick-Play	Unite 1 of your own monsters on your side of the field and your hand with your Deck and then shuffle it. Draw the same number of cards that were in your hand from the Deck. (You cannot activate this card if you have your opponent's card in your hand.)	
1737	Monster Reincarnation	0	0	0	Spell	Spell	Spell	None	Discard 1 card from your hand. Add 1 Monster Card from your Graveyard to your hand.	
1153	Monster Relief	0	0	0	Trap	Trap	Trap	None	Can be activated when your opponent attacks during their Battle Step. Returns 1 Monster on your Field to your Hand and Special Summons one Level 4 Monster from your Hand.	
435	Monstrous Bird	2000	1900	6	Winged Beast	WIND	None	None	Few have set eyes on this dive-bombing bird and lived to tell the tale.	
168	Monsturtle	800	1000	3	Aqua	WATER	None	None	Protected by a spiked shell, this turtle has a very nasty disposition.	
272	Moon Envoy	1100	1000	4	Warrior	LIGHT	None	None	Many have fallen victim to this lunar warrior's crescent pike.	
300	Mooyan Curry	0	0	0	Spell	Spell	Spell	None	Increase your Life Points by 200 points.	
774	Morphing Jar~2	800	700	3	Rock	EARTH	Effect	None	FLIP: Return all Monster Cards on the field to their respective Decks and shuffle them. You and your opponent then pick up cards until you both have the same number of Monster Cards that were returned to each Deck. Special Summon the Level 4 or lower monsters to the field in face-down Defense Position. The rest of the cards picked up are discarded to the Graveyard.	
739	Mother Grizzly	1400	1000	4	Beast-Warrior	WATER	Effect	None	When this card is sent to the Graveyard as a result of battle, you can Special Summon 1 WATER monster with an ATK of 1500 or less in face-up Attack Position from your Deck. Then shuffle your Deck.	
294	Mountain	0	0	0	Spell	Spell	Spell	Field	Increase the ATK and DEF of all Dragon, Winged Beast, and Thunder-Type monsters by 200 points.	
31	Mountain Warrior	600	1000	3	Beast-Warrior	EARTH	None	None	A tough warrior that can move smoothly on even the roughest terrain.	
778	Mr. Volcano	2100	1300	5	Pyro	FIRE	None	None	This seemingly mild-mannered creature has an extremely volatile temper.	
832	Mucus Yolk	0	100	3	Aqua	DARK	Effect	None	This card can attack your opponent's Life Points directly. Each time this card inflicts Battle Damage to your opponent's Life Points, increase the ATK of this card by 1000 points during your next Standby Phase. The ATK increase lasts as long as this card remains face-up on the field.	
1052	Mudora	1500	1800	4	Fairy	EARTH	Effect	None	The ATK of this card increases by 200 points for every Fairy-Type monster in your Graveyard.	
430	Muka Muka	600	300	2	Rock	EARTH	Effect	None	As long as this card remains face-up on the field, increase the ATK and DEF of this card by 300 points for every card in the controller's hand.	
872	Multiplication of Ants	0	0	0	Spell	Spell	Spell	None	Tribute 1 Insect-Type Monster on your side of the field. Special Summon 2 @5"Army Ant Tokens"@7 (Insect-Type/EARTH/Level 4/ATK 500/DEF 1200) on your side of the field. The tokens cannot be used as a Tribute for a Tribute Summon.	
649	Multiply	0	0	0	Spell	Spell	Spell	Quick-Play	Offer 1 face-up @5"Kuriboh"@7 as a Tribute. Place a @5"Kuriboh Token"@7 (Fiend-Type/DARK/1 Star/ATK 300/DEF 200) in Defense Position on each open Monster Card Zone. These tokens cannot be used as Tribute Monsters.	
489	Muse-A	850	900	3	Fairy	LIGHT	None	None	A fairy of the arts that is unbeatable on the harp.	
11	Mushroom Man	800	600	2	Plant	EARTH	None	None	Found in humid regions, this creature attacks enemies with a lethal rain of poison spores.	
415	Musician King	1750	1500	5	Spellcaster	LIGHT	Fusion	None	@5"Witch of the Black Forest"@7 + @5"Lady of Faith"@7	
1385	Mustering of the Dark Scorpions	0	0	0	Spell	Spell	Spell	None	You can only activate this card when there is a face-up @5"Don Zaloog"@7(s) on your side of the field. You can Special Summon from your hand any of the cards that include @5"Dark Scorpion"@7 in their card name, or are named @5"Cliff the Trap Remover"@7. (You can only Special Summon up to 1 card with each card name.)	
160	Mysterious Puppeteer	1000	1500	4	Warrior	EARTH	Effect	None	Each time you or your opponent Normal Summons or Flip Summons a monster, increase your Life Points by 500 points.	
913	Mystic Box	0	0	0	Spell	Spell	Spell	None	Select 1 monster on each side of the field. Destroy the selected opponent's monster and shift control of your selected monster to your opponent.	
266	Mystic Clown	1500	1000	4	Fiend	DARK	None	None	Nothing can stop the mad attack of this powerful creature.	
99	Mystic Horseman	1300	1550	4	Beast	EARTH	None	None	Half man and half horse, this monster is known for its extreme speed.	
750	Mystic Plasma Zone	0	0	0	Spell	Spell	Spell	Field	Increase the ATK of all DARK monsters by 500 points and decrease their DEF by 400 points.	
1638	Mystic Swordsman LV4	1900	1600	4	Warrior	EARTH	Effect	None	If you Normal Summon this card, you must place it in face-down Defense Position. If this card attacks a face-down Defense Position monster, destroy the monster immediately with this card's effect without flipping it face-up or applying damage calculation. During the End Phase of a turn that this card destroyed a monster as a result of battle, by sending this card to the Graveyard, Special Summon 1 @5"Mystic Swordsman LV6"@7 from your hand or Deck.	
1704	Mystic Swordsman LV6	2300	1700	6	Warrior	EARTH	Effect	None	If you Normal Summon this card, you must place it in face-down Defense Position. If this card attacks a face-down Defense Position monster, destroy the monster immediately with this card's effect without flipping it face-up or applying damage calculation. You can return the monster destroyed with this effect to the top of your opponent's Deck instead of sending it to the Graveyard.	
952	Mystical Beast Serket	2500	2000	6	Fairy	EARTH	Effect	None	This card is destroyed unless you have @5"Cathedral of Nobles"@7 on your Field. Each time this card destroys a monster in battle, that monster is removed from play, and this card receives a 500 point ATK bonus.	
131	Mystical Capture Chain	700	700	2	Fairy	LIGHT	None	None	A mystical chain that binds enemies, rendering them immobile.	
5	Mystical Elf	800	2000	4	Spellcaster	LIGHT	None	None	A delicate elf that lacks offense, but has a terrific defense backed by mistical power.	
1171	Mystical Knight of Jackal	2700	1200	7	Beast-Warrior	LIGHT	Effect	None	When this card destroys 1 monster on your opponent's side of the field and sends it to your opponent's Graveyard as a result of battle, you can then return the card to the top of your opponent's Deck.	
441	Mystical Sand	2100	1700	6	Rock	EARTH	Fusion	None	@5"Giant Soldier of Stone"@7 + @5"Ancient Elf"@7	
267	Mystical Sheep	800	1000	3	Beast	EARTH	None	None	A monstrous sheep with a long tail for hypnotizing enemies.	
527	Mystical Sheep~2	1150	900	3	Beast	EARTH	Effect	None	You can substitute this card for any 1 Fusion-Material Monster. When you do this, the other Fusion-Material Monster(s) must be the correct one(s).	
1512	Mystical Shine Ball	500	500	2	Fairy	LIGHT	None	None	A soul of light covered by mystical shine. When you see its beautiful shape, your dream will come true.	
1541	Mystik Wok	0	0	0	Spell	Spell	Spell	Quick-Play	Tribute 1 monster on your side of the field and select its ATK or DEF. Increase your Life Points by the same amount.	
1998	Mythical Beast Cerberus	1400	1400	4	Spellcaster	LIGHT	Effect	None	Each time you or your opponent activates 1 Spell Card, put 1 Spell Counter on this card. Increase the ATK of this card by 500 points for each Spell Counter on this card. At the end of the Battle Phase of the turn this card battles, remove all Spell Counters from this card.	
1969	Nanobreaker	1600	1800	4	Machine	EARTH	Effect	None	If this card attacks a face-up Level 3 or lower monster, destroy the monster with this card's effect without applying damage calculation.	
1733	Necklace of Command	0	0	0	Spell	Spell	Spell	Equip	When a monster on your side of the field equipped with this card is destroyed as a result of battle, and this card is sent to the Graveyard, select and activate 1 of the following effects: @4 @7Draw 1 card from your Deck. @4 @7Randomly discard 1 card from your opponent's hand to the Graveyard.	
139	Necrolancer the Timelord	800	900	3	Spellcaster	DARK	None	None	One-eyed Necrolancer leads an attack from a dimensional ring that can appear from nowhere.	
1185	Necrovalley	0	0	0	Spell	Spell	Spell	Field	As long as this card remains on the field, negate the effects of Spell, Trap, and Monster Cards that affect a card(s) in the Graveyard, and neither player can remove cards in the Graveyards from play. Also, as long as this card remains on the field, increase the ATK and DEF of all monsters that include @5"Gravekeeper's"@7 in their card name by 500 points.	
1526	Needle Burrower	1700	1700	5	Machine	DARK	Effect	None	When this card destroys a monster and sends it to the Graveyard as a result of battle, inflict damage to your opponent's Life Points equal to the Level of the destroyed monster x 500 points.	
1126	Needle Ceiling	0	0	0	Trap	Trap	Trap	None	You can activate this card only when there are 4 or more monsters on the field. Destroy all face-up monsters on the field.	
1129	Needle Wall	0	0	0	Trap	Trap	Trap	Continuous	During your Standby Phase, roll a six-sided die once. Treat your opponent's Monster Card Zone as #'s 1-5, counting from your right. Destroy the monster that is in the same Monster Card Zone as the die result. If the result is 6, roll again.	
466	Needle Worm	750	600	2	Insect	EARTH	Effect	None	FLIP: Discard 5 cards from the top of your opponent's Deck to his/her Graveyard.	
648	Negate Attack	0	0	0	Trap	Trap	Trap	Counter	You can only activate this card when your opponent's monster declares an attack. Negate the attack of that 1 monster and end the Battle Phase.	
237	Nekogal	1100	900	3	Beast	EARTH	None	None	A pussy-fairy. Contrary to her lovely beauty, she claws on her enemies.	
517	Nekogal~2	1900	2000	6	Beast-Warrior	EARTH	None	None	A fast and lethal creature with very dangerous claws.	
127	Nemuriko	800	700	3	Spellcaster	DARK	None	None	A child-like creature that controls a sleep fiend to beckon enemies into eternal slumber.	
1628	Neo Aqua Madoor	1200	3000	6	Spellcaster	WATER	None	None	The true nature of this wizard, who rules all water. It defends itself with a vast, impenetrable wall of ice.	
1450	Neo Bug	1800	1700	4	Insect	EARTH	None	None	A huge bug-like monster said to come from another planet. It gathers in swarms.	
699	Neo the Magic Swordsman	1700	1000	4	Spellcaster	LIGHT	None	None	A dimensional drifter who not only practices sorcery, but is also a sword and martial arts master.	
1145	Newdoria	1200	800	4	Fiend	DARK	Effect	None	When this card is destroyed and sent to the Graveyard as a result of battle, destroy 1 monster on the field.	
2063	Next to be Lost	0	0	0	Trap	Trap	Trap	None	Select 1 face-up monster on your side of the field. Send 1 card from your Deck to the Graveyard with the same name as the selected card.	
1585	Night Assailant	200	500	3	Fiend	DARK	Effect	None	FLIP: Select 1 monster on your opponent's side of the field and destroy it. When this card is sent directly from your hand to the Graveyard, return 1 Flip Effect Monster from your Graveyard to your hand.	
522	Night Lizard	1150	1300	4	Aqua	WATER	None	None	A lizard warrior protected by a hide of very tough emerald scales.	
1179	Nightmare Horse	500	400	2	Zombie	DARK	Effect	None	This card can attack your opponent's Life Points directly even if there is a monster on your opponent's side of the field.	
1396	Nightmare Penguin	900	1800	4	Aqua	WATER	Effect	None	When this card is flipped face-up, return 1 card on your opponent's side of the field to the owner's hand. As long as this card remains face-up on the field, increase the ATK of all WATER monsters on your side of the field by 200 points.	
119	Nightmare Scorpion	900	800	3	Insect	EARTH	None	None	A creature that generates nightmares to haunt an opponent, it attacks with four poisonous tails.	
999	Nightmare Wheel	0	0	0	Trap	Trap	Trap	Continuous	Select 1 monster on your opponent's side of the field. As long as this card remains face-up on the field, the selected monster cannot attack or change its battle position. During each of your Standby Phases, this card inflicts 500 points of damage to your opponent's Life Points. When the selected monster is removed from the field, destroy this card.	
875	Nightmare's Steelcage	0	0	0	Spell	Spell	Spell	None	This card remains face-up on the field for 2 of your opponent's turns. No monsters can attack. Destroy this card during your opponent's 2nd End Phase after this card was activated.	
736	Nimble Momonga	1000	100	2	Beast	EARTH	Effect	None	When this card is sent to the Graveyard as a result of battle, increase your Life Points by 1000 points. You can also Special Summon up to 2 @5"Nimble Momonga"@7 cards from your Deck to your side of the field in face-down Defence Position. Then shuffle your Deck.	
1313	Nin-Ken Dog	1800	1000	4	Beast-Warrior	WIND	None	None	A Ninja dog who has mastered extreme Ninjutsu. Through hard training, it learned the technique to metamorphose into a human being.	
1644	Ninja Grandmaster Sasuke	1800	1000	4	Warrior	LIGHT	Effect	None	If this card attacks a face-up Defense Position monster, destroy the monster with this card's effect without applying damage calculation.	
1676	Ninjitsu Art of Decoy	0	0	0	Trap	Trap	Trap	Continuous	Select 1 face-up monster on your side of the field that includes @5"Ninja"@7 in its card name to activate this card. As long as this card remains face-up on the field, the selected monster is not destroyed as a result of battle (damage calculation is applied normally).	
1552	Ninjitsu Art of Transformation	0	0	0	Trap	Trap	Trap	Continuous	Activate this card by Tributing 1 face-up monster on your side of the field that includes @5"Ninja"@7 in its card name. Special Summon 1 Beast-Type, Winged Beast-Type, or Insect-Type monster with a Level equal to or less than the Level of the Tributed card + 3 from your hand or Deck to your side of the field. When this card is removed from your side of the field, destroy the monster.	
1857	Nitro Unit	0	0	0	Spell	Spell	Spell	Equip	You can only equip this card to a monster on your opponent's side of the field. When a monster destroys the equipped monster and sends it to the Graveyard as a result of battle, inflict damage to your opponent's Life Points equal to the ATK of the equipped monster.	
448	Niwatori	900	800	3	Winged Beast	EARTH	None	None	Swallows enemies whole and uses their essence as energy.	
771	Nobleman of Extermination	0	0	0	Spell	Spell	Spell	None	Destroy 1 face-down Spell or Trap Card and remove it from play. If the card is a Trap Card, both players must check their respective Decks and remove all cards of the same name from play. Then shuffle the Decks.	
1655	Nobleman-Eater Bug	900	1200	5	Insect	EARTH	Effect	None	FLIP: Destroy 2 monsters on the field.	
1198	Non Aggression Area	0	0	0	Trap	Trap	Trap	None	You can only activate this card during your Standby Phase. Discard 1 card from your hand. Your opponent cannot Normal Summon, Set and/or Special Summon during his/her next turn.	
1991	Non-Fusion Area	0	0	0	Trap	Trap	Trap	Continuous	Neither player can Fusion Summon.	
1342	Non-Spellcasting Area	0	0	0	Spell	Spell	Spell	Continuous	All face-up Monster Cards on the field, except for Effect Monsters, are unaffected by any Spell Card (excluding this card).	
553	Novox's Prayer	0	0	0	Spell	Spell	Spell	Ritual	This card is used to Ritual Summon @5"Skull Guardian"@7. You must also offer monsters whose total Level Stars equal 7 or more as a Tribute from the field or your hand.	
1574	Nubian Guard	500	500	2	Warrior	FIRE	Effect	None	If this card inflicts Battle Damage to your opponent's Life Points, you can return 1 Continuous Spell Card from your Graveyard to the top of your Deck.	
755	Numinous Healer	0	0	0	Trap	Trap	Trap	None	You can only activate this card when you take damage to your Life Points. Increase your Life Points by 1000 points. Also, increase your Life Points by 500 points for each @5"Numinous Healer"@7 card in your Graveyard.	
1090	Nutrient Z	0	0	0	Trap	Trap	Trap	None	This card can only be activated during your opponent's Damage Step. During this turn, if you take Battle Damage of 2000 points or more, increase your Life Points by 4000 points before the damage is subtracted from your Life Points.	
858	Nuvia the Wicked	2000	800	4	Fiend	DARK	Effect	None	If this monster is Normal Summoned, destroy this card. If your opponent controls any monster, decrease the ATK of this card by 200 points for each monster on your opponents side of the field.	
500	Obese Marmot of Nefariousness	750	800	3	Beast	EARTH	None	None	An ill-mannered field mouse that will sink its fangs into anything.	
954	Obnoxious Celtic Guard	1400	1200	4	Warrior	EARTH	Effect	None	This card is not destroyed as a result of battle when this card battles with a monster with an ATK of 1900 or more. (Damage calculation is applied normally.)	
1872	Ocean Dragon Lord - Neo-Daedalus	2900	1600	8	Sea Serpent	WATER	Effect	None	This card cannot be Normal Summoned or Set. This card cannot be Special Summoned except by Tributing 1 @5"Levia-Dragon - Daedalus"@7 on your side of the field. Send @5"Umi"@7 on your side of the field to the Graveyard to send all cards in both players' hands and on the field to the Graveyard, except this card.	
351	Ocubeam	1550	1650	5	Fairy	LIGHT	None	None	Frightening in appearance, this creature uses its large eyes and ears to keep track of any movement.	
930	Offerings to the Doomed	0	0	0	Spell	Spell	Spell	Quick-Play	Destroys 1 face-up monster. Skip your next Draw Phase.	
271	Ogre of the Black Shadow	1200	1400	4	Beast-Warrior	EARTH	None	None	An ogre possessed by the powers of the dark. Few can withstand its rapid charge.	
1400	Ojama Black	0	1000	2	Beast	LIGHT	None	None	He's one of the Ojama Trio. It's said that he butts in by any means necessary. It's also said that when the three are together, something happens.	
1425	Ojama Delta Hurricane!!	0	0	0	Spell	Spell	Spell	None	You can only activate this card while @5"Ojama Green"@7, @5"Ojama Yellow"@7 and @5"Ojama Black"@7 are face-up on your side of the field. Destroy all cards on your opponent's side of the field.	
1358	Ojama Green	0	1000	2	Beast	LIGHT	None	None	He's one of the Ojama Trio. It's said that he butts in by any means necessary. It's also said that when the three are together, something happens.	
1659	Ojama King	0	3000	6	Beast	LIGHT	Fusion/Effect	None	@5"Ojama Green"@7 + @5"Ojama Yellow"@7 + @5"Ojama Black"@7 Select up to 3 of your opponent's Monster Card Zones. As long as this card remains face-up on the field, the selected zones cannot be used.	
2091	Ojama Token	0	1000	2	Beast	LIGHT	Token	None	Special Summon with the effect of @5"Ojama Trio"@7. This Token cannot be used as a Tribute for a Tribute Summon. When it is destroyed, the controller will take 300 points of damage to their Life Points.	
1344	Ojama Trio	0	0	0	Trap	Trap	Trap	None	Special Summon 3 @5"Ojama Tokens"@7 (Beast-Type/LIGHT/Level 2/ATK 0/DEF 1000) in Defense Position on your opponent's side of the field. The tokens cannot be Tributed for a Tribute Summon. When an @5"Ojama Token"@7 is destroyed, the controller of that Token takes 300 points of damage.	
1399	Ojama Yellow	0	1000	2	Beast	LIGHT	None	None	He's one of the Ojama Trio. It's said that he butts in by any means necessary. It's also said that when the three are together, something happens.	
1943	Ojamagic	0	0	0	Spell	Spell	Spell	None	When this card is sent from the hand or the field to the Graveyard, add 1 each of @5"Ojama Green"@7, @5"Ojama Yellow"@7 and @5"Ojama Black"@7 from your Deck to your hand.	
1942	Ojamuscle	0	0	0	Spell	Spell	Spell	None	Select 1 face-up @5"Ojama King"@7 on the field. Destroy all monster(s) on the field that include @5"Ojama"@7 in their card name, except the selected @5"Ojama King"@7. Increase the ATK of the selected @5"Ojama King"@7 by 1000 points for each destroyed monster.	
1272	Old Vindictive Magician	450	600	2	Spellcaster	DARK	Effect	None	FLIP: Destroy 1 monster on your opponent's side of the field.	
1089	Ominous Fortunetelling	0	0	0	Trap	Trap	Trap	Continuous	During your Standby Phase, select 1 card randomly from your opponent's hand. Call the type of card (Monster, Spell, or Trap). If you call it right, inflict 700 points of damage to your opponent's Life Points. You can use this effect only once per turn.	
231	One Who Hunts Souls	1100	1000	4	Beast-Warrior	EARTH	None	None	This dangerous creature brandishes a soul-sucking sword.	
278	One-Eyed Shield Dragon	700	1300	3	Dragon	WIND	None	None	This dragon wears a shield not only for its own protection, but also for ramming its enemies.	
785	Oni Tank T-34	1400	1700	4	Machine	EARTH	None	None	An armored tank possessed by a fiend that will pursue enemies until they're crushed.	
306	Ookazi	0	0	0	Spell	Spell	Spell	None	Inflict 800 points of damage to your opponent's Life Points.	
1215	Oppressed People	400	2000	1	Aqua	WATER	None	None	They are oppressed, but believe they will have their freedom someday.	
1540	Opti-Camouflage Armor	0	0	0	Spell	Spell	Spell	Equip	You can only equip this card to a Level 1 monster. A monster equipped with this card can attack your opponent's Life Points directly.	
1008	Opticlops	1800	1700	4	Fiend	DARK	None	None	A one-eyed giant that serves the "Dark Ruler Ha Des", it skewers its enemies with its sharp horn, shattering them to pieces.	
2067	Option Hunter	0	0	0	Trap	Trap	Trap	None	You can only activate this card when a monster on your side of the field is destroyed as a result of battle and sent to the Graveyard. Increase your Life Points by the original ATK of the destroyed monster.	
1472	Orca Mega-Fortress of Darkness	2100	1200	5	Sea Serpent	WATER	Effect	None	By tributing 1 @5"Torpedo Fish"@7 on your side of the field, destroy 1 monster on the field. By Tributing 1 @5"Cannonball Spear Shellfish"@7 on your side of the field, destroy 1 Spell or Trap Card on the field.	
1123	Ordeal of a Traveler	0	0	0	Trap	Trap	Trap	Continuous	You can activate this card's effect when your opponent declare an attack. Your opponent randomly selects 1 card in your hand and calls the type of the card (Monster, Spell, or Trap). If your opponent calls it wrong, the attacking monster is returned to its owner's hand.	
1590	Order to Charge	0	0	0	Spell	Spell	Spell	Quick-Play	Select 1 face-up Normal Monster (except a Token) on your side of the field when you activate this card. When this card resolves, Tribute the selected Normal Monster and destroy 1 monster on your opponent's side of the field.	
1612	Order to Smash	0	0	0	Trap	Trap	Trap	None	Select 1 face-up Level 2 or lower Normal Monster (except a Token) on your side of the field when you activate this card. When this card resolves, you can Tribute the selected Normal Monster and destroy 1 or 2 Spell or Trap Cards on your opponent's side of the field.	
50	Oscillo Hero	1000	500	3	Thunder	LIGHT	None	None	A creature that electrocutes opponents with bolts of lightning.	
463	Oscillo Hero~2	1250	700	3	Warrior	EARTH	None	None	A strange warrior from another dimension.	
1070	Otohime	0	100	3	Spellcaster	LIGHT	Spirit	None	This card cannot be Special Summoned. This card returns to the owner's hand during the End Phase of the turn that this card is Normal Summoned or flipped face-up. When this card is Normal Summoned or flipped face-up, you can change the battle position of 1 face-up monster on your opponent's side of the field.	
1364	Outstanding Dog Marron	100	100	1	Beast	LIGHT	Effect	None	When this card is sent to your Graveyard, add it to your Deck and shuffle it.	
786	Overdrive	1600	1500	4	Machine	EARTH	None	None	An all-terrain armored vehicle armed with a heavy-duty machine gun.	
1809	Overpowering Eye	0	0	0	Spell	Spell	Spell	None	Activate by selecting 1 Zombie-Type Monster with 2000 ATK or less on your Field. The selected Monster will be able to directly attack your opponent during the turn.	
1752	Owner's Seal	0	0	0	Spell	Spell	Spell	None	Control of each Monster on the Field returns to its original owner.	
1951	Oxygeddon	1800	800	4	Dinosaur	WIND	Effect	None	When this card is destroyed as a result of battle with a Pyro-Type monster and sent to the Graveyard, inflict 800 points of damage to both players' Life Points.	
726	Painful Choice	0	0	0	Spell	Spell	Spell	None	Select 5 cards from your Deck and show them to your opponent. Your opponent selects 1 card among them. Add that card to your hand and discard the remaining cards to the Graveyard.	
1233	Paladin of White Dragon	1900	1200	4	Dragon	LIGHT	Ritual/Effect	None	This monster can only be Ritual Summoned with the Ritual Spell Card, @5"White Dragon Ritual"@7. You must also Tribute monsters whose total Levels equal 4 or more from the field or your hand. When this monster attacks a face-down Defense Position monster, destroy the face-down monster with this card's effect. You can Tribute this card to Special Summon 1 @5"Blue-Eyes White Dragon"@7 from your hand or your Deck. (@5"Blue-Eyes White Dragon"@7 cannot attack during that turn.)	
493	Pale Beast	1500	1200	4	Beast	EARTH	None	None	With skin tinged a bluish-white, this strange creature is a fearsome sight to behold.	
1386	Pandemonium	0	0	0	Spell	Spell	Spell	Field	Neither player has to pay Life Points during the Standby Phase for Archfiend monsters. Each time a player's Archfiend Monster Card(s) are destroyed and sent to the Graveyard, except as a result of battle, that player can select 1 Archfiend Monster Card from his/her Deck that has a lower Level than the destroyed card and add it to his/her hand.	
1360	Pandemonium Watchbear	1300	1800	4	Beast	DARK	Effect	None	As long as this card remains face-up on your side of the field, @5"Pandemonium"@7 on your side of the field is not destroyed by your opponent's card effects.	
604	Panther Warrior	2000	1600	4	Beast-Warrior	EARTH	Effect	None	This card cannot attack unless you offer 1 of your monsters on the field as a Tribute.	
605	Panther Warrior	2000	1600	4	Beast-Warrior	EARTH	Effect	None	This card cannot attack unless you offer 1 of your monsters on the field as a Tribute.	
625	Parasite Paracide	500	300	2	Insect	EARTH	Effect	None	FLIP: Put this card face-up in your opponent's Deck and shuffle it. When your opponent draws this card, it is Special Summoned on your opponent's side of the field in face-up Defense Position and inflicts 1000 points of damage to your opponent's Life Points. Then all face-up monsters on your opponent's side of the field become Insect-Type as long as this card remains face-up on the field.	
2039	Parasitic Ticky	65535	65535	1	Insect	EARTH	Effect	None	The ATK and DEF of this card are equal to the number of Tokens on the field x 500 points.	
340	Parrot Dragon	2000	1300	5	Dragon	WIND	None	None	A dragon from the cartoons that's more dangerous than it appears to be.	
813	Patrician of Darkness	2000	1400	5	Zombie	DARK	Effect	None	As long as this monster remains face-up on the field, the controller of this card selects the targets of his/her opponent's attacks.	
1874	Patroid	1200	1200	4	Machine	EARTH	Effect	None	Pick up and look at 1 Set card on your opponent's side of the field, then return it to its original position. You can only activate this effect once per turn, during your Main Phase.	
344	Pendulum Machine	1750	2000	6	Machine	DARK	None	None	A horrible torture machine with a large pendulum blade.	
345	Pendulum Machine	1750	2000	6	Machine	DARK	None	None	A horrible torture machine with a large pendulum blade.	
188	Penguin Knight	900	800	3	Aqua	WATER	Effect	None	When this card is sent directly from your Deck to the Graveyard by an effect of a card controlled by your opponent, unite your Graveyard cards and your own Deck, shuffle them and form a new Deck.	
498	Penguin Soldier	750	500	2	Aqua	WATER	Effect	None	FLIP: You can return up to 2 Monster Cards from the field to the owner's hand.	
1658	Penumbral Soldier Lady	2100	1400	6	Warrior	DARK	Effect	None	If this card battles with a LIGHT monster, increase the ATK of this card by 1000 points during the Damage Step.	
1214	People Running About	600	600	2	Pyro	FIRE	None	None	Although they always suffer in silence, they swear an oath to inevitably revolt.	
1397	Perfect Machine King	2700	1500	8	Machine	EARTH	Effect	None	Increase the ATK of this card by 500 points for each Machine-Type monster on the field other than this card.	
74	Perfectly Ultimate Great Moth	3500	3000	8	Insect	EARTH	Effect	None	This card cannot be Normal Summoned or Set. This monster can only be Special Summoned by Tributing @5"Petit Moth"@7 on the 6th of your turns after @5"Petit Moth"@7 has been equipped with @5"Cocoon of Evolution"@7.	
567	Performance of Sword	1950	1850	6	Warrior	EARTH	Ritual	None	This monster can only be Ritual Summoned with the Ritual Spell Card, @5"Commencement Dance"@7. You must also offer monsters whose total Level Stars equal 6 or more as a Tribute from the field or your hand.	
1620	Peten the Dark Clown	500	1200	3	Spellcaster	DARK	Effect	None	When this card is sent to your Graveyard, you can remove this card from the Graveyard to Special Summon 1 @5"Peten the Dark Clown"@7 from your hand or Deck.	
196	Petit Angel	600	900	3	Fairy	LIGHT	None	None	A quick-moving and tiny fairy that's very difficult to hit.	
189	Petit Dragon	600	700	2	Dragon	WIND	None	None	A very small dragon known for its vicious attacks.	
263	Petit Moth	300	200	1	Insect	EARTH	None	None	This small but deadly creature is better off avoided.	
2095	Phantasm Token	1000	1000	1	Fiend	DARK	Token	None	Special Summon with the effect of @5"Raviel, Lord of Phantasms"@7. This Token cannot declare an attack.	
2096	Phantasmal Martyr Token	0	0	1	Fiend	DARK	Token	None	Special Summon with the effect of @5"Phantasmal Martyrs"@7.	
2023	Phantasmal Martyrs	0	0	0	Spell	Spell	Spell	None	You can only activate this card while you have 2 or more cards in your hand, and have either @5"Uria, Lord of Searing Flames"@7 or @5"Hamon, Lord of Striking Thunder"@7 face-up on your side of the field. By sending your entire hand to the Graveyard, Special Summon 3 @5"Phantasmal Martyr Tokens"@7 (Fiend-Type/DARK/Level 1/ATK 0/DEF 0) in Attack Position on your side of the field.	
170	Phantom Dewan	700	600	2	Spellcaster	DARK	None	None	A sorcerer that can paralyze an enemy with a single curse.	
192	Phantom Ghost	600	800	2	Zombie	DARK	None	None	A vengeful spirit made up of many restless souls.	
1568	Pharaoh's Servant	900	0	2	Zombie	DARK	None	None	An apparition of those said to formerly serve the Pharaoh. It has tremendous loyalty that does not waiver.	
1569	Pharaonic Protector	900	0	2	Zombie	EARTH	None	None	The mummy of a soldier that has been guarding the royal family for thousands of years. Even now, its spirit does not allow anybody to trespass.	
1798	Phoenix Wing Wind Blast	0	0	0	Trap	Trap	Trap	None	Discard 1 card from your hand. Return 1 card on your opponent's side of the field to the top of the owner's Deck.	
2025	Photon Generator Unit	0	0	0	Spell	Spell	Spell	Quick-Play	Tribute 2 @5"Cyber Dragon"@7s on your side of the field to activate this card. Special Summon 1 @5"Cyber Laser Dragon"@7 from your hand, Deck, or Graveyard.	
1747	Pikeru's Circle of Enchantment	0	0	0	Trap	Trap	Trap	None	Damage to the controller of this card from card effects becomes 0 until the End Phase of this turn.	
1861	Pikeru's Second Sight	0	0	0	Trap	Trap	Trap	None	Until your opponent's second End Phase, your opponent shows you all cards that he/she draws and then add them to his/her hand.	
628	Pinch Hopper	1000	1200	4	Insect	EARTH	Effect	None	When this card on your side of the field is sent to your Graveyard, you can Special Summon 1 Insect-Type Monster from your hand.	
1249	Pineapple Blast	0	0	0	Trap	Trap	Trap	None	You can only activate this card when you Normal Summon a monster successfully. If there are more monsters on your opponent's side of the field than your side, destroy your opponent's monsters so that your opponent controls the same number of monsters as you. Your opponent selects which monsters are destroyed.	
1531	Piranha Army	800	200	2	Fish	WATER	Effect	None	The Battle Damage this card inflicts by attacking your opponent's Life Points directly is doubled.	
1287	Pitch-Black Power Stone	0	0	0	Trap	Trap	Trap	Continuous	After activation, put 3 Spell Counters on this card. During each of your turns you can move 1 of this card's Spell Counters to another face-up card on the field that you can put a Spell Counter on. When there are no Spell Counters on this card, this card is destroyed.	
1719	Pitch-Black Warwolf	1600	600	4	Beast-Warrior	DARK	Effect	None	As long as this card remains face-up on your side of the field, your opponent cannot activate Trap Cards during the Battle Phase.	
1218	Pitch-Dark Dragon	900	600	3	Dragon	DARK	Union	None	Once per turn, during your Main Phase, if you control this card on the field, you can equip it to your @5"Dark Blade"@7 as an Equip Spell Card, OR unequip the Union equipment and Special Summon this card in face-up Attack Position. While equipped to a monster by this card's effect, increase the ATK/DEF of the equipped monster by 400 points. When it attacks with an ATK that is higher than the DEF of a Defense Position monster, inflict the difference as Battle Damage to your opponent's Life Points. (1 monster can only be equipped with 1 Union Monster at a time. If the equipped monster is destroyed as a result of battle, destroy this card instead.)	
1911	Poison Draw Frog	100	100	2	Aqua	WATER	Effect	None	When this face-up card on the field is sent to the Graveyard (unless it was attacked while face-down and destroyed as a result of battle), you can draw 1 card from your Deck.	
1788	Poison Fangs	0	0	0	Spell	Spell	Spell	Continuous	Each time a Beast-Type monster inflicts Battle Damage to your opponent's Life Points, inflict 500 points of damage to your opponent's Life Points.	
1099	Poison Mummy	1000	1800	4	Zombie	EARTH	Effect	None	FLIP: Inflict 500 points of Direct Damage to your opponent's Life Points.	
1239	Poison of the Old Man	0	0	0	Spell	Spell	Spell	Quick-Play	Select and activate 1 of the following effects: @4 @7Increase your Life Points by 1200 points. @4 @7Inflict 800 points of damage to your opponent's Life Points.	
2087	Poisonous Snake Token	1200	1200	3	Reptile	EARTH	Token	None	Special Summon with the effect of @5"Cobra Jar"@7. When this Token is destroyed as a result of battle, inflict 500 points of damage to your opponent's Life Points.	
669	Polymerization	0	0	0	Spell	Spell	Spell	None	Send Fusion Material Monsters that are listed by a Fusion Monster Card from your hand or your side of the field to the Graveyard, and Special Summon the Fusion Monster from your Fusion Deck.	
689	Polymerization~2	0	0	0	Spell	Spell	Spell	None	Send Fusion Material Monsters that are listed by a Fusion Monster Card from your hand or your side of the field to the Graveyard, and Special Summon the Fusion Monster from your Fusion Deck.	
1004	Possessed Dark Soul	1200	800	3	Fiend	DARK	Effect	None	Tribute this face-up card. Take control of all face-up Level 3 or lower monsters on your opponent's side of the field until they are removed from the field.	
1981	Pot of Avarice	0	0	0	Spell	Spell	Spell	None	Select 5 Monster Cards from your Graveyard, then add them to your Deck and shuffle it. After that, draw 2 cards from your Deck.	
1921	Pot of Generosity	0	0	0	Spell	Spell	Spell	None	Return 2 cards from your hand to your Deck. Then shuffle your Deck.	
674	Pot of Greed	0	0	0	Spell	Spell	Spell	None	Draw 2 cards from your Deck.	
1887	Power Bond	0	0	0	Spell	Spell	Spell	None	Send, from your hand or your side of the field to the Graveyard, Fusion Material Monsters that are listed on a Machine-Type Fusion Monster Card, and Special Summon that Fusion Monster from your Fusion Deck. (This Special Summon is treated as a Fusion Summon). Increase the ATK of this Special Summoned Fusion Monster by an amount equal to its original ATK. During the End Phase of this turn, the player who activated this card takes damage equal to the original ATK of the Special Summoned monster.	
406	Pragtical	1900	1500	5	Dinosaur	EARTH	Fusion	None	@5"Trakadon"@7 + @5"Flame Viper"@7	
1338	Precious Cards from Beyond	0	0	0	Spell	Spell	Spell	Continuous	When you successfully Tribute Summon or Set a monster that required 2 or more Tributes, draw 2 cards from your Deck.	
1934	Prepare to Strike Back	0	0	0	Trap	Trap	Trap	Continuous	Each time your opponent declares an attack on a face-up Defense Position monster, toss a coin and call it. If you call it right, change the targeted face-up Defense Position monster to Attack Position. If you call it wrong, the controller of this card takes damage equal to the difference between the ATK of the attacking monster and the DEF of the attacked monster.	
240	Prevent Rat	500	2000	4	Beast	EARTH	None	None	This creature is shielded with a tough hide of hair and is excellent at defending itself.	
1467	Prickle Fairy	300	2000	4	Plant	EARTH	Effect	None	While this card is face-up on your side of the field, your opponent cannot attack Insect-Type monsters. The battle position of a monster that battles with this card is changed to Defense Position at the end of the Damage Step.	
1431	Primal Seed	0	0	0	Spell	Spell	Spell	None	You can only activate this card if there is a @5"Black Luster Soldier - Envoy of the Beginning"@7 or @5"Chaos Emperor Dragon - Envoy of the End"@7 on the field. Add 2 of your removed from play cards to your hand.	
2049	Princess Curran	2000	0	4	Spellcaster	DARK	Effect	None	This card cannot be Normal Summoned or Set. This card cannot be Special Summoned except by the effect of @5"Trial of the Princesses"@7. During your Standby Phase, inflict 600 points of damage to your opponent's Life Points for each monster on your opponent's side of the field.	
251	Princess of Tsurugi	900	700	3	Warrior	WIND	Effect	None	FLIP: Inflict 500 points of damage to your opponent's Life Points for each Spell and Trap Card on your opponent's side of the field.	
2048	Princess Pikeru	2000	0	4	Spellcaster	LIGHT	Effect	None	This card cannot be Normal Summoned or Set. This card cannot be Special Summoned except by the effect of @5"Trial of the Princesses"@7. During your Standby Phase, increase your Life Points by 800 points for each monster on your side of the field.	
421	Prisman	800	1000	3	Rock	LIGHT	None	None	This crystalline monster filters light to create a lethal laser.	
1907	Protective Soul Ailin	0	0	1	Fairy	LIGHT	Union	None	Once per turn, during your Main Phase, if you control this card on the field, you can equip it to your @5"Indomitable Fighter Lei Lei"@7 as an Equip Card, OR unequip the Union equipment and Special Summon this card in face-up Attack Position. While equipped to a monster by this card's effect, you can change the equipped monster's battle position once per turn. (1 monster can only be equipped with 1 Union Monster at a time. If the equipped monster is destroyed as a result of battle, destroy this card instead.)	
1573	Protector of the Sanctuary	1100	1900	4	Fiend	EARTH	Effect	None	While this card is face-up on the field, your opponent cannot draw a card(s) except during Draw Phases.	
265	Protector of the Throne	800	1500	4	Warrior	EARTH	None	None	While the king is away, this queen protects his throne with a mighty defense.	
2031	Proto-Cyber Dragon	1100	600	3	Machine	LIGHT	Effect	None	This card's name is treated as @5"Cyber Dragon"@7 while it is face-up on the field.	
274	Psychic Kappa	400	1000	2	Aqua	WATER	None	None	An amphibian with a myriad of powers to shield it from enemy attacks.	
105	Pumpking the King of Ghosts	1800	2000	6	Zombie	DARK	Effect	None	If @5"Castle of Dark Illusions"@7 is face-up on the field, increase the ATK and DEF of this card by 100 points. As long as this @5"Castle of Dark Illusions"@7 remains face-up on the field, the ATK and DEF of this card continues to increase by 100 points during each of your Standby Phases. This effect continues until your 4th turn after the card is activated.	
392	Punished Eagle	2100	1800	6	Winged Beast	WIND	Fusion	None	@5"Blue-Winged Crown"@7 + @5"Niwatori"@7	
1144	Puppet Master	0	0	6	Fiend	DARK	Effect	None	When this card is successfully Tribute Summoned, you may pay 2000 Life Points to Special Summon two Fiend monsters from your Graveyard. Monsters Special Summoned by this effect cannot attack that turn.	
1121	Pyramid Energy	0	0	0	Spell	Spell	Spell	Quick-Play	You can select and activate 1 of the following effects: @4 @7Increase the ATK of all face-up monsters on your side of the field by 200 points until the End Phase of the turn this card is activated. @4 @7Increase the DEF of all face-up monsters on your side of the field by 500 points until the End Phase of the turn this card is activated.	
1616	Pyramid of Light	0	0	0	Trap	Trap	Trap	Continuous	If this face-up card is removed from your side of the field, destroy @5"Andro Sphinx"@7 and @5"Sphinx Teleia"@7 on your side of the field and remove them from play.	
1108	Pyramid Turtle	1200	1400	4	Zombie	EARTH	Effect	None	When this card is sent to the Graveyard as a result of battle, you can Special Summon 1 Zombie-Type monster with a DEF 2000 or less from the Deck to the field. Then shuffle your Deck.	
1158	Queen's Knight	1500	1600	4	Warrior	LIGHT	None	None	This knight catches her opponents off guard, dominating them with swift yet graceful attacks.	
100	Rabid Horseman	2000	1700	6	Beast-Warrior	EARTH	Fusion	None	@5"Battle Ox"@7 + @5"Mystic Horseman"@7	
1645	Rafflesia Seduction	300	900	2	Plant	EARTH	Effect	None	FLIP: Take control of 1 face-up monster on your opponent's side of the field until the end of the turn.	
1713	Raging Flame Sprite	100	200	3	Pyro	FIRE	Effect	None	This card can attack your opponent's Life Points directly. Each time this card successfully attacks directly, increase the ATK of this card by 1000 points.	
299	Raigeki	0	0	0	Spell	Spell	Spell	None	Destroy all monsters on your opponent's side of the field.	
906	Rain of Mercy	0	0	0	Spell	Spell	Spell	None	Increase the Life Points of both players by 1000 points.	
411	Rainbow Flower	400	500	2	Plant	EARTH	Effect	None	This monster may attack your opponent's Life Points directly.	
2008	Rancer Dragonute	1500	1800	4	Dragon	DARK	Effect	None	During battle between this attacking card and a Defense Position monster whose DEF is lower than the ATK of this card, inflict the difference as Battle Damage to your opponent's Life Points.	
1970	Rapid-Fire Magician	1600	1200	4	Spellcaster	DARK	Effect	None	While this card is face-up on the field, inflict 400 points of damage to your opponent's Life Points each time you activate 1 Normal Spell Card.	
217	Rare Fish	1500	1200	4	Fish	WATER	Fusion	None	@5"Fusionist"@7 + @5"Enchanting Mermaid"@7	
1619	Rare Metal Dragon	2400	1200	4	Dragon	DARK	Effect	None	This card cannot be Normal Summoned or Set.	
1743	Rare Metalmorph	0	0	0	Trap	Trap	Trap	Continuous	Increase the ATK of 1 Machine-Type monster on the field by 500 points. Only once, negate the effect of a Spell Card that designates the monster. When the selected monster is removed from the field, destroy this card.	
1241	Raregold Armor	0	0	0	Spell	Spell	Spell	Equip	As long as you control the monster equipped with this card, your opponent cannot attack other monsters other than the equipped monster.	
2014	Raviel, Lord of Phantasms	4000	4000	10	Fiend	DARK	Effect	None	This card cannot be Normal Summoned or Set. This card cannot be Special Summoned except by Tributing 3 Fiend-Type monsters on your side of the field. Each time your opponent Normal Summons a monster(s), Special Summon 1 @5"Phantasm Token"@7 (Fiend-Type/DARK/Level 1/ATK 1000/DEF 1000) on your side of the field. This token cannot declare an attack. Once per turn, by Tributing 1 monster on your side of the field, increase the ATK of this card by the original ATK of the Tributed monster, until the End Phase of this turn.	
261	Ray & Temperature	1000	1000	3	Fairy	LIGHT	None	None	The Sun and the North Wind join hands to deliver a devastating combination of heat and gale-force winds.	
1395	Ray of Hope	0	0	0	Trap	Trap	Trap	None	Add 2 LIGHT monsters from your Graveyard to your Deck and shuffle it.	
1794	Re-Fusion	0	0	0	Spell	Spell	Spell	Equip	Pay 800 Life Points. Select 1 Fusion Monster from your Graveyard, Special Summon it to your side of the field and equip it with this card. When this card is destroyed, remove the equipped monster from play.	
1027	Ready for Intercepting	0	0	0	Trap	Trap	Trap	None	Flip 1 face-up Warrior or Spellcaster-Type monster on the field into face-down Defense Position.	
1347	Really Eternal Rest	0	0	0	Trap	Trap	Trap	None	Destroy all monsters equipped with Equip Cards.	
93	Reaper of the Cards	1380	1930	5	Fiend	DARK	Effect	None	FLIP: Select 1 Trap Card on the field and destroy it. If the selected card is Set, pick up and see the card. If it is a Trap Card, it is destroyed. If it is a Spell Card, return it to its original position.	
1180	Reaper on the Nightmare	800	600	5	Zombie	DARK	Fusion/Effect	None	@5"Spirit Reaper"@7 + @5"Nightmare Horse"@7 This card is not destroyed as a result of battle. Destroy this card when it is targeted by the effect of a Spell, Trap, or Effect Monster. This card can attack your opponent's Life Points directly even if there is a monster on your opponent's side of the field. If this card successfully attacks your opponent's Life Points directly, your opponent discards 1 card randomly from his/her hand.	
1182	Reasoning	0	0	0	Spell	Spell	Spell	None	Your opponent declares a monster Level. Then pick up cards from the top of your Deck until a monster that can be Normal Summoned is picked up. If that monster is the same Level as the one declared by your opponent, send all picked up cards to the Graveyard. If not, Special Summon the picked up monster and send the remaining cards to the Graveyard.	
1946	Reborn Zombie	1000	1600	4	Zombie	DARK	Effect	None	While you have no cards in your hand, this card is not destroyed as a result of battle while in Attack Position. (Damage calculation is applied normally.)	
1131	Reckless Greed	0	0	0	Trap	Trap	Trap	None	Draw 2 cards, and after that skip your next 2 Draw Phases.	
1430	Recycle	0	0	0	Spell	Spell	Spell	Continuous	During your Standby Phase, by paying 300 Life Points, select 1 non-Monster Card in your Graveyard and return it to the bottom of your Deck.	
587	Red Archery Girl	1400	1500	4	Aqua	WATER	None	None	A mermaid archer that hides in a protective shell, waiting for the right moment to strike.	
1686	Red Gadget	1300	1500	4	Machine	EARTH	Effect	None	When this card is Summoned or Special Summoned successfully, you may add one @5"Yellow Gadget"@7 card from your Deck to your Hand.	
301	Red Medicine	0	0	0	Spell	Spell	Spell	None	Increase your Life Points by 500 points.	
1643	Red-Eyes B. Chick	800	500	1	Dragon	DARK	Effect	None	Send this face-up card on your side of the field to the Graveyard to Special Summon 1 @5"Red-Eyes B. Dragon"@7 from your hand.	
88	Red-Eyes B. Dragon	2400	2000	7	Dragon	DARK	None	None	A ferocious dragon with a deadly attack.	
89	Red-Eyes B. Dragon	2400	2000	7	Dragon	DARK	None	None	A ferocious dragon with a deadly attack.	
90	Red-Eyes B. Dragon	2400	2000	7	Dragon	DARK	None	None	A ferocious dragon with a deadly attack.	
91	Red-Eyes B. Dragon	2400	2000	7	Dragon	DARK	None	None	A ferocious dragon with a deadly attack.	
600	Red-Eyes Black Metal Dragon	2800	2400	8	Machine	DARK	Effect	None	This card can only be Special Summoned from the Deck to the field by offering @5"Red-Eyes B. Dragon"@7 equipped with @5"Metalmorph"@7 as a Tribute. Your Deck is then shuffled.	
601	Red-Eyes Black Metal Dragon	2800	2400	8	Machine	DARK	Effect	None	This card can only be Special Summoned from the Deck to the field by offering @5"Red-Eyes B. Dragon"@7 equipped with @5"Metalmorph"@7 as a Tribute. Your Deck is then shuffled.	
1810	Red-Eyes Darkness Dragon	2400	2000	9	Dragon	DARK	Effect	None	This card cannot be Normal Summoned or Set. This card cannot be Special Summoned except by Tributing 1 @5"Red-Eyes B. Dragon"@7 on your side of the field. Increase the ATK of this card by 300 points for each Dragon-Type monster in your Graveyard.	
896	Red-Moon Baby	700	1000	3	Zombie	DARK	Effect	None	You can Special Summon to your side of the field a monster destroyed and sent to the Graveyard as a result of battle by this card at the end of the Battlle Phase.	
616	Reflect Bounder	1700	1000	4	Machine	LIGHT	Effect	None	When this face-up Attack Position card is attacked by a monster on your opponent's side of the field, before damage calculation is resolved in the Damage Step, this card inflicts damage to your opponent's Life Points equal to the ATK of the attacking monster. Then, after damage calculation is resolved, this card is destroyed.	
1584	Regenerating Mummy	1800	1500	4	Zombie	DARK	Effect	None	When this card is sent from your hand to the Graveyard by an effect of a card controlled by your opponent, return this card from the Graveyard to your hand.	
676	Reinforcements	0	0	0	Trap	Trap	Trap	None	Increase 1 selected monster's ATK by 500 points during the turn this card is activated.	
1791	Release Restraint	0	0	0	Spell	Spell	Spell	None	Tribute 1 @5"Gearfried the Iron Knight"@7 on your side of the field to Special Summon 1 @5"Gearfried the Swordmaster"@7 from your hand or Deck.	
592	Relinquished	0	0	1	Spellcaster	DARK	Ritual/Effect	None	Select 1 monster on your opponent's side of the field and equip it to this card (this effect can only be used once per turn and you can only equip 1 monster at a time to this card). The ATK and DEF of this card become the same amounts as the monster equipped to this card. If this card is destroyed as a result of battle, the equipped monster is destroyed instead, and any battle damage you received from the battle is also inflicted to your opponent's Life Points.	
1434	Reload	0	0	0	Spell	Spell	Spell	Quick-Play	Add all cards in your hand to your Deck and shuffle it. Then draw the same number of cards that you added to your Deck.	
670	Remove Trap	0	0	0	Spell	Spell	Spell	None	Select 1 face-up Trap Card on the field and destroy it.	
1783	Rescue Cat	300	100	4	Beast	EARTH	Effect	None	Send this face-up card on your side of the field to the Graveyard to Special Summon 2 Level 3 or lower Beast-Type monsters from your Deck to the field. The monsters Special Summoned in this way are destroyed during the End Phase.	
1846	Reshef the Dark Being	2500	1500	8	Fiend	LIGHT	Ritual/Effect	None	This card can only be Ritual Summoned with the Ritual Spell Card, @5"Final Ritual of the Ancients"@7. Discard 1 Spell Card from your hand. Take control of 1 monster on your opponent's side of the field until the End Phase. You can only use this effect once per turn.	
766	Respect Play	0	0	0	Trap	Trap	Trap	Continuous	During their respective turns, each player must show their opponent their hand.	
691	Restructer Revolution	0	0	0	Spell	Spell	Spell	None	Inflict 200 points of damage to your opponent's Life Points for each card in your opponent's hand.	
562	Resurrection of Chakra	0	0	0	Spell	Spell	Spell	Ritual	This card is used to Ritual Summon @5"Chakra"@7. You must also offer monsters whose total Level Stars equal 7 or more as a Tribute from the field or your hand.	
866	Return of the Doomed	0	0	0	Spell	Spell	Spell	None	Discard 1 Monster Card from your hand to the Graveyard. Return 1 of your monsters destroyed and sent to your Graveyard as a result of battle during this turn to your hand at the end of this turn.	
1560	Return Zombie	1000	1600	4	Zombie	DARK	Effect	None	During your Standby Phase, if this card is in the Graveyard and you have no cards in your Hand, you may add this card to your Hand by paying 500 Life Points.	
1056	Reversal of Graves	0	0	0	Trap	Trap	Trap	None	To activate, pay 1000 Life Points when there is 15 or more cards in your Graveyard. Each player exchanges the cards in their Graveyard with their Deck. Finally, cards from the Graveyard are shuffled and set as the Deck Zone.	
1193	Reversal Quiz	0	0	0	Spell	Spell	Spell	None	Send all cards in your hand and on your side of the field to the Graveyard. Call the type of card (Spell, Trap, or Monster) on top of your Deck. If you call it right, exchange your current Life Points with your opponent's current ones.	
560	Reverse Trap	0	0	0	Trap	Trap	Trap	None	All increases and decreases to ATK and DEF are reversed for the turn in which this card is activated.	
843	Revival Jam	1500	500	4	Aqua	WATER	Effect	None	When this card is sent to the Graveyard as a result of battle, you can pay 1000 Life Points. Then, Special Summon this card in face-up Defense Position during your next Standby Phase.	
565	Revival of Dokurorider	0	0	0	Spell	Spell	Spell	Ritual	This card is used to Ritual Summon @5"Dokurorider"@7. You must also offer monsters whose total Level Stars equal 6 or more as a Tribute from the field or your hand.	
146	Rhaimundos of the Red Sword	1200	1300	4	Warrior	EARTH	None	None	Armed with the Sword of Crimson Flames, this warrior can bind a monster with fiery restraints.	
19	Right Arm of the Forbidden One	200	300	1	Spellcaster	DARK	None	None	A forbidden right arm sealed by magic. Whosoever breaks this seal will know infinite power.	
17	Right Leg of the Forbidden One	200	300	1	Spellcaster	DARK	None	None	A forbidden right leg sealed by magic. Whosoever breaks this seal will know infinite power.	
834	Rigras Leever	1600	100	3	Plant	FIRE	Effect	None	FLIP: Each player selects a card from the other's hand and discards it. Any monster destroying this card during battle loses 500 points from its ATK and DEF.	
802	Ring of Destruction	0	0	0	Trap	Trap	Trap	None	Destroy 1 face-up Monster Card and inflict Direct Damage equal to the destroyed card's ATK to the Life Points of both you and your opponent.	
706	Ring of Magnetism	0	0	0	Spell	Spell	Spell	Equip	This card can only be equipped to monster on your side of the field. Decrease the ATK and DEF of a monster equipped with this card by 500 points. In addition, all the monsters on your opponent's side of the field can only attack the monster equipped with this card.	
806	Riryoku	0	0	0	Spell	Spell	Spell	None	Until the end of the turn, decrease the ATK of 1 monster by half and increase the ATK of another monster by the same amount.	
973	Riryoku Field	0	0	0	Trap	Trap	Trap	Counter	Negate the activation of a Spell Card that targets 1 monster on the field and destroy the Spell Card.	
748	Rising Air Current	0	0	0	Spell	Spell	Spell	Field	Increase the ATK of all WIND monsters by 500 points and decrease their DEF by 400 points.	
1930	Rising Energy	0	0	0	Trap	Trap	Trap	None	Discard 1 card from your hand. Increase the ATK of 1 face-up monster on the field by 1500 points until the End Phase of this turn.	
1197	Rite of Spirit	0	0	0	Trap	Trap	Trap	None	Select 1 Monster Card that includes @5"Gravekeeper's"@7 in its card name from your Graveyard and Special Summon it. This card's activation and effect are unaffected by @5"Necrovalley"@7.	
1672	Ritual Weapon	0	0	0	Spell	Spell	Spell	Equip	This card can only be equipped to a Ritual Monster of Level 6 or less. Increase the ATK and DEF of the equipped monster by 1500 points.	
696	Robbin' Goblin	0	0	0	Trap	Trap	Trap	Continuous	Each time 1 monster on your side of the field inflicts Battle Damage to your opponent's Life Points, your opponent discards 1 card randomly from his hand.	
1496	Robbin' Zombie	0	0	0	Trap	Trap	Trap	Continuous	Each time 1 monster on your side of the field inflicts Battle Damage to your opponent's Life Points, your opponent sends 1 card from the top of their Deck to the Graveyard.	
848	Robolady	450	900	3	Machine	EARTH	None	None	A warrior fully covered with metal. It upgrades by fusing with "Roboyarou".	
820	Robotic Knight	1600	1800	4	Machine	FIRE	None	None	The Commander of Machine-Types, he serves the Machine King. He is famous for the way he controls his troops.	
849	Roboyarou	900	450	3	Machine	EARTH	None	None	A warrior fully covered with metal. It upgrades by fusing with "Robolady".	
1708	Roc from the Valley of Haze	2400	1400	6	Winged Beast	WIND	Effect	None	When this card is sent directly from your hand to the Graveyard, add this card to the Deck and shuffle it.	
1866	Rock Bombardment	0	0	0	Trap	Trap	Trap	None	Select 1 Rock-Type monster in your Deck and send it to the Graveyard. Inflict 500 points of damage to your opponent's Life Points. The Deck is then shuffled.	
30	Rock Ogre Grotto	800	1200	3	Rock	EARTH	None	None	Protected by a solid body of rock, this monster throws a bone-shattering punch.	
248	Rock Ogre Grotto~2	700	1400	3	Rock	EARTH	None	None	A golem formed by boulders, this monster turns its enemies to stone and crushes them to dust.	
1522	Rocket Jumper	1000	800	3	Rock	EARTH	Effect	None	If the only cards on your opponent's side of the field are Defense Position monsters, this card can attack your opponent's Life Points directly.	
846	Rocket Warrior	1500	1300	4	Warrior	LIGHT	Effect	None	The effect of this card can only be applied during the Battle Phase of your own turn. Any damage this monster takes is reduced to 0. Any monster attacked by this card has its ATK decreased by 500 points until the end of that turn.	
1336	Rod of Silence - Kay'est	0	0	0	Spell	Spell	Spell	Equip	Increase the DEF of a monster equipped with this card by 500 points. Negate the effect of a Spell Card (excluding this card) that targets the monster equipped with this card and destroy the Spell Card.	
1339	Rod of the Mind's Eye	0	0	0	Spell	Spell	Spell	Equip	If a monster equipped with this card inflicts Battle Damage to your opponent, the damage becomes 1000 points.	
49	Rogue Doll	1600	1000	4	Spellcaster	LIGHT	None	None	A deadly doll gifted with mystical power, it is particularly powerful when attacking against dark forces.	
1990	Roll Out!	0	0	0	Trap	Trap	Trap	None	Select 1 Union Monster in your Graveyard and equip it to an appropriate monster on your side of the field.	
232	Root Water	900	800	3	Fish	WATER	None	None	An amphibian capable of calling up a massive tidal wave from the dark seas to wipe out enemy monsters.	
993	Rope of Life	0	0	0	Trap	Trap	Trap	None	When 1 of your monsters is sent to the Graveyard as a result of battle, discard your entire hand to activate this card. Special Summon the monster to the field, increasing the ATK of the monster by 800 points.	
1206	Rope of Spirit	0	0	0	Trap	Trap	Trap	None	Can be activated when a Monster on your Field is destroyed and sent to the Graveyard. Pay 1000 Life Points to Special Summon one Level 4 Monster from your Deck.	
490	Rose Spectre of Dunn	2000	1800	6	Plant	DARK	Fusion	None	@5"Feral Imp"@7 + @5"Snakeyashi"@7	
1232	Roulette Barrel	1000	2000	4	Machine	LIGHT	Effect	None	Once per turn, during your Main Phase, you can roll a six-sided die twice. Select one result and destroy 1 face-up monster on the field whose level is equal to the result.	
972	Royal Command	0	0	0	Trap	Trap	Trap	Continuous	Negate the activation and effects of all Flip Effect monsters' effects.	
688	Royal Decree	0	0	0	Trap	Trap	Trap	Continuous	While this card is face-up on the field, negate the effects of all Trap Cards on the field except this card.	
530	Royal Guard	1900	2200	6	Machine	EARTH	None	None	A mechanized soldier created to protect royalty.	
1101	Royal Keeper	1600	1700	4	Zombie	EARTH	Effect	None	You can flip this card into face-down Defense Position once per turn during your Main Phase. When this card is flipped face-up, increase the ATK and DEF of this card by 300 points until the end of the turn that this card is flipped face-up.	
1278	Royal Magical Library	0	2000	4	Spellcaster	LIGHT	Effect	None	Each time you or your opponent activates 1 Spell Card, put 1 Spell Counter on this card (max. 3). By removing 3 Spell Counters from this card, draw 1 card from your Deck.	
1869	Royal Surrender	0	0	0	Trap	Trap	Trap	Counter	You can only activate this card when your opponent activates a Continuous Trap Card. Negate the activation and the effect of the card and destroy it.	
1192	Royal Tribute	0	0	0	Spell	Spell	Spell	None	This card can only be activated when @5"Necrovalley"@7 is on your side of the field. Both players discard all Monster Cards in their hands to the Graveyard.	
2055	Ruin, Queen of Oblivion	2300	2000	8	Fairy	LIGHT	Ritual/Effect	None	This card can only be Ritual Summoned with the Ritual Spell Card, @5"End of the World"@7. If this card destroys your opponent's monster as a result of battle, it can attack once again in a row.	
720	Rush Recklessly	0	0	0	Spell	Spell	Spell	Quick-Play	Increase 1 face-up monster's ATK by 700 points until the end of this turn.	
1478	Ryu Kokki	2400	2000	6	Zombie	DARK	Effect	None	If a monster that battles with this monster is a Warrior or Spellcaster-Type monster, destroy that monster at the end of the Damage Step.	
1016	Ryu Senshi	2000	1200	6	Warrior	EARTH	Fusion/Effect	None	@5"Warrior Dai Grepher"@7 + @5"Spirit Ryu"@7 A Fusion Summon of this monster can only be conducted with the above Fusion Material Monsters. As long as this card remains face-up on the field, negate the effect of a Normal Trap Card by paying 1000 Life Points. Negate the effects of a Spell Card that targets this card and destroy it.	
8	Ryu-Kishin	1000	500	3	Fiend	DARK	None	None	A very elusive creature that looks like a harmless statue until it attacks.	
1006	Ryu-Kishin Clown	800	500	2	Fiend	DARK	Effect	None	When this card is Summoned (including Flip Summon and Special Summon), select 1 face-up monster on the field and change its battle position.	
333	Ryu-Kishin Powered	1600	1200	4	Fiend	DARK	None	None	A gargoyle enhanced by the powers of darkness. Very sharp talons make it a worthy opponent.	
588	Ryu-Ran	2200	2600	7	Dragon	FIRE	None	None	A vicious little dragon sheltered in an egg that looks deceptively harmless.	
2044	Saber Beetle	2400	600	6	Insect	EARTH	Effect	None	During battle between this attacking card and a Defense Position monster whose DEF is lower than the ATK of this card, inflict the difference as Battle Damage to your opponent's Life Points.	
1460	Sacred Crane	1600	400	4	Winged Beast	LIGHT	Effect	None	When this card is Special Summoned, the controller of this card draws 1 card.	
1757	Sacred Phoenix of Nephthys	2400	1600	8	Winged Beast	FIRE	Effect	None	If this card is destroyed by a card effect, Special Summon this card during your next Standby Phase. If you Special Summon this card successfully in this way, destroy all Spell and Trap Cards on the field.	
1355	Sage's Stone	0	0	0	Spell	Spell	Spell	None	You can only activate this card when there is a face-up @5"Dark Magician Girl"@7 on your side of the field. Special Summon 1 @5"Dark Magician"@7 from your hand or Deck.	
36	Saggi the Dark Clown	600	1500	3	Spellcaster	DARK	None	None	This clown appears from nowhere and executes very strange moves to avoid enemy attacks.	
536	Salamandra	0	0	0	Spell	Spell	Spell	Equip	A FIRE monster equipped with this card increases its ATK by 700 points.	
1484	Salvage	0	0	0	Spell	Spell	Spell	None	Add 2 WATER monsters with an ATK of 1500 or less each in your Graveyard to your hand.	
2061	Samsara	0	0	0	Spell	Spell	Spell	Continuous	Monster Cards Tributed for a Ritual Summon are returned to the owner's Deck instead of being sent to the Graveyard. Then shuffle the Deck.	
1576	Sand Gambler	300	1600	3	Spellcaster	LIGHT	Effect	None	Toss a coin 3 times. If all 3 results are Heads, destroy all monsters on your opponent's side of the field. If all 3 results are Tails, destroy all monsters on your side of the field. You can only activate this effect once per turn, during your Main Phase.	
2053	Sand Moth	1000	2000	4	Rock	EARTH	Effect	None	When this face-down Defense Position card is destroyed and send to the Graveyard, except as a result of battle, switch the original ATK and DEF of this card, and Special Summon it to your side of the field.	
329	Sanga of the Thunder	2600	2200	7	Thunder	LIGHT	Effect	None	You can only activate this card's effect during your opponent's damage calculation. Make the ATK of a monster attacking this card 0 during damage calculation. This effect can only be used once as long as this card remains face-up on the field.	
1661	Sanwitch	2100	1800	6	Spellcaster	DARK	Fusion	None	@5"Sangan"@7 + @5"Witch of the Black Forest"@7	
1098	Sasuke Samurai	500	800	2	Warrior	WIND	Effect	None	If this monster attacks a face-down Defense Position monster, destroy the face-down monster immediately with this card's effect without flipping it face-up or damage calculation.	
1361	Sasuke Samurai~2	200	300	1	Warrior	WIND	Effect	None	Once per turn, during your Main Phase, you can pay 800 Life Points. If you do this, until the End Phase, Spell and Trap Cards cannot be activated.	
1408	Sasuke Samurai~3	1000	1000	3	Warrior	LIGHT	Effect	None	When this card inflicts Battle Damage to your opponent's Life Points, your opponent draws cards until their hand has 7 cards.	
1709	Sasuke Samurai~4	1200	1200	4	Warrior	WIND	Effect	None	If this card battles a monster, toss a coin and call heads or tails before damage calculation. If you call it right, destroy the opponent's monster with this effect.	
633	Satellite Cannon	0	0	5	Machine	LIGHT	Effect	None	This card cannot be destroyed in battles with monsters that are Level 7 or below. This card receives an additional 1000 ATK each time you reach an End Phase. After each attack, this card's ATK returns to 0.	
1976	Scarr, Scout of Dark World	500	500	2	Fiend	DARK	Effect	None	When this card is destroyed as a result of battle and sent to the Graveyard, add 1 Level 4 or lower monster that includes @5"Dark World"@7 in its card name from your Deck to your hand.	
903	Science Soldier	800	800	3	Warrior	DARK	None	None	Soldiers equipped with state-of-the-art weaponry to face unknown creatures.	
927	Scroll of Bewitchment	0	0	0	Spell	Spell	Spell	Equip	Select 1 Attribute. Change the Attribute of the equipped monster to the one you select.	
399	Sea Kamen	1100	1300	4	Aqua	WATER	None	None	A merciless monster that tears opponents to shreds with razor-like claws.	
1451	Sea Serpent Warrior of Darkness	1800	1500	4	Sea Serpent	WATER	None	None	A warrior who defends the world of the Sea of Darkness. He prides himself on his fighting prowess both on the ground and, of course, in the water.	
1511	Sealmaster Meisei	1100	900	3	Spellcaster	DARK	None	None	One of the few people who has a good command of Talismans. His history is a mystery.	
804	Sebek's Blessing	0	0	0	Spell	Spell	Spell	Quick-Play	You can only activate this card when a monster attacks your opponent's Life Points directly. Increase your Life Points by an amount equal to the Battle Damage that the monster inflicted to your opponent's Life Points.	
1082	Second Coin Toss	0	0	0	Spell	Spell	Spell	Continuous	As long as this card remains face-up on the field, you can negate the effects of a card requiring a coin toss once per turn and redo the coin toss.	
1223	Second Goblin	100	100	1	Fiend	DARK	Union	None	Once per turn, during your Main Phase, if you control this monster on the field, you can equip it to your @5"Giant Orc"@7 as an Equip Spell Card, OR unequip the Union equipment and Special Summon this card in face-up Attack Position. While equipped to a monster by this card's effect, you can change the equipped monster's battle position once per turn. (1 monster can only be equipped with 1 Union Monster at a time. If the equipped monster is destroyed as a result of battle, destroy this card instead.)	
1250	Secret Barrel	0	0	0	Trap	Trap	Trap	None	Inflict damage to your opponent's Life Points equal to the total number of cards on your opponent's side of the field and in your opponent's hand x 200 points.	
253	Sectarian of Secrets	700	500	2	Spellcaster	DARK	None	None	A spellcaster that worships the dark, it is served by a sinister hand that drags enemies into oblivion.	
1492	Self-Destruct Button	0	0	0	Trap	Trap	Trap	None	You can only activate this card while your Life Points are lower than your opponent's Life Points and the difference is 7000 points or more. Both players' Life Points become 0.	
569	Sengenjin	2750	2500	8	Beast-Warrior	EARTH	None	None	An unstoppable savage that carries a Millennium Item.	
731	Senju of the Thousand Hands	1400	1000	4	Fairy	LIGHT	Effect	None	When this card is Normal Summoned or Flip Summoned, you can select 1 Ritual Monster Card from your Deck and add it to your hand. Then shuffle your Deck.	
1291	Senri Eye	0	0	0	Spell	Spell	Spell	Continuous	Once per turn, during each of your Standby Phases, you can pay 100 Life Points to look at 1 card on the top of your opponent's Deck and return it to its original position. Your opponent cannot look at the card.	
1730	Serial Spell	0	0	0	Spell	Spell	Spell	Quick-Play	You can only activate this card when you activate one of your Normal Spell Cards. Discard all the cards in your hand to the Graveyard. The effect of this card becomes the same as the Normal Spell Card.	
270	Serpent Marauder	700	600	2	Reptile	EARTH	None	None	A snake with a single eye that can chill the enemy, freezing them on the spot.	
572	Serpent Night Dragon	2350	2400	7	Dragon	DARK	None	None	A dragon created from the soul of a wicked knight.	
818	Serpentine Princess	1400	2000	4	Reptile	WATER	Effect	None	If this face-up card is returned from the field to your Deck, select and Special Summon 1 Level 3 or lower monster from your Deck to your side of the field. Then shuffle your Deck.	
833	Servant of Catabolism	700	500	3	Aqua	LIGHT	Effect	None	This monster may attack your opponent's Life Points directly.	
685	Seven Tools of the Bandit	0	0	0	Trap	Trap	Trap	Counter	Pay 1000 of your Life Points. Negate the activation of a Trap Card and destroy it.	
326	Shadow Ghoul	1600	1300	5	Zombie	DARK	Effect	None	Increase the ATK of this monster by 100 points for each monster in your Graveyard.	
890	Shadow of Eyes	0	0	0	Trap	Trap	Trap	None	You can only activate this card when your opponent Sets a Monster Card in Defense Position. Change it to face-up Attack Position. If the Monster Card has a Flip Effect, it is not activated.	
544	Shadow Spell	0	0	0	Trap	Trap	Trap	Continuous	Select 1 face-up monster on your opponent's side of the field. Decrease the ATK of the selected monster by 700 points. The monster cannot attack or change its battle position. When the selected monster is destroyed or removed from the field, this card is also destroyed.	
1021	Shadow Tamer	800	700	3	Warrior	EARTH	Effect	None	FLIP: Take control of 1 face-up Fiend-Type monster on your opponent's side of the field until the end of the End Phase.	
1369	Shadowknight Archfiend	2000	1600	4	Fiend	WIND	Effect	None	The controller of this card pays 900 Life Points during each of his/her Standby Phases (this is not optional). When this card is targeted by the effect of a card controlled by your opponent, when resolving the effect, roll a six-sided die. If the result is 3, negate the effect and destroy the opponent's card. The Battle Damage this card inflicts to your opponent is halved.	
1774	Shadowslayer	1400	200	4	Fiend	DARK	Effect	None	If the only cards on your opponent's Monster Card Zones are Defense Position monsters, this card can attack your opponent's Life Points directly.	
707	Share the Pain	0	0	0	Spell	Spell	Spell	None	Tribute 1 monster on your side of the field. Your opponent must Tribute 1 monster on his/her side of the field.	
2083	Sheep Token	0	0	1	Beast	EARTH	Token	None	Special Summon with the effect of @5"Scapegoat"@7. This Token cannot be used as a Tribute for a Tribute Summon.	
652	Shield & Sword	0	0	0	Spell	Spell	Spell	None	Switch the original ATK and DEF of all face-up monsters on the field until the end of the End Phase. Any additions and subtractions to ATK and /or DEF due to card effects are applied to the new ATK and DEF. Monsters summoned after this card's activation are excluded.	
1559	Shield Crash	0	0	0	Spell	Spell	Spell	None	Select 1 Monster in Defense Position on the Field and destroy it.	
1922	Shien's Spy	0	0	0	Spell	Spell	Spell	None	Select 1 face-up monster on your side of the field to activate this card. Until the End Phase of this turn, shift control of the selected monster to your opponent.	
885	Shift	0	0	0	Trap	Trap	Trap	None	You can activate this card when your opponent designates 1 monster on your side of the field as a target of a Spell, Trap, or battle attack. Switch the target to another monster on your side of the field.	
1858	Shifting Shadows	0	0	0	Spell	Spell	Spell	Continuous	Pay 300 Life Points to rearrange the face-down Defense Position monsters on your side of the field, then return them in face-down Defense Position. You can only use this effect once per turn.	
1306	Shinato, King of a Higher Plane	3300	3000	8	Fairy	LIGHT	Ritual/Effect	None	This card can only be Ritual Summoned with the Ritual Spell Card, @5"Shinato's Ark"@7. You must also Tribute monsters whose total Levels equal 8 or more from the field or your hand. When this card destroys a Defense Position monster and sends it to the Graveyard as a result of battle, inflict damage to your opponent's Life Points equal to the original ATK of the destroyed monster.	
1329	Shinato's Ark	0	0	0	Spell	Spell	Spell	Ritual	This card is used to Ritual Summon @5"Shinato, King of a Higher Plane"@7. You must also Tribute monsters whose total Levels equal 8 or more from the field or your hand.	
852	Shining Abyss	1600	1800	4	Fairy	LIGHT	None	None	This monster employs the powers of both Light and Darkness.	
738	Shining Angel	1400	800	4	Fairy	LIGHT	Effect	None	When this card is sent to the Graveyard as a result of battle, you can Special Summon 1 LIGHT monster with an ATK of 1500 or less in face-up Attack Position from your Deck. Then shuffle your Deck.	
504	Shining Friendship	1300	1100	4	Fairy	LIGHT	None	None	The peacemaker among monsters.	
1333	Shooting Star Bow - Ceal	0	0	0	Spell	Spell	Spell	Equip	Decrease the ATK of a monster equipped with this card by 1000 points. A monster equipped with this card can attack your opponent's Life Points directly.	
357	Shovel Crusher	900	1200	3	Machine	EARTH	None	None	Armed with a pair of shovels, this monster will destroy anything that stands in its way.	
1061	Silent Fiend	0	0	0	Spell	Spell	Spell	None	Special Summons one Normal Monster from your Graveyard in face-up Defense Position. While that Monster is on the Field, it cannot attack.	
2041	Silent Insect	200	300	2	Insect	EARTH	Effect	None	This card is changed to Defense Position when it is Normal Summoned or Flip Summoned. While this card is face-up on the field, negate the effects of all Continuous Spell Cards and Continuous Trap Cards.	
1693	Silent Magician LV4	1000	1000	4	Spellcaster	LIGHT	Effect	None	Each time your opponent draws a card(s), put 1 Spell Counter on this card (max. 5). Increase the ATK of this card by 500 points for each Spell Counter on this card. If 5 Spell Counters are on this card, during the Standby Phase of your next turn, by sending this face-up card with 5 Spell Counters on it to the Graveyard, Special Summon 1 @5"Silent Magician LV8"@7 from your hand or Deck.	
1696	Silent Magician LV8	3500	1000	8	Spellcaster	LIGHT	Effect	None	This card cannot be Normal Summoned or Set. This card cannot be Special Summoned except by the effect of @5"Silent Magician LV4"@7. This card is unaffected by the effects of your opponent's Spell Cards.	
1690	Silent Swordsman LV3	1000	1000	3	Warrior	LIGHT	Effect	None	Negate the effects of your opponent's Spell Cards that designate this card. During your Standby Phase, send this face-up card to the Graveyard to Special Summon 1 @5"Silent Swordsman LV5"@7 from your hand or Deck. (You cannot activate this effect the turn this card is Normal Summoned, Special Summoned, or flipped face-up.)	
1691	Silent Swordsman LV5	2300	1000	5	Warrior	LIGHT	Effect	None	This card is unaffected by your opponent's Spell Cards. If this card successfully attacks your opponent's Life Points directly, during your next Standby Phase, send this face-up card to the Graveyard to Special Summon 1 @5"Silent Swordsman LV7"@7 from your hand or Deck.	
1692	Silent Swordsman LV7	2800	1000	7	Warrior	LIGHT	Effect	None	This card cannot be Normal Summoned or Set. This card cannot be Special Summoned except by the effect of @5"Silent Swordsman LV5"@7. As long as this card remains face-up on your side of the field, negate the effects of all Spell Cards on the field.	
1974	Sillva, Warlord of Dark World	2300	1400	5	Fiend	DARK	Effect	None	If this card is discarded from the hand to the Graveyard by a card effect, Special Summon this card to your side of the field. If this card is discarded from the hand to the Graveyard by your opponent's card effect, your opponent selects 2 cards in their hand, and returns them to the bottom of their Deck in any order.	
1418	Silpheed	1700	700	4	Fairy	WIND	Effect	None	This card cannot be Normal Summoned or Set. This card can only be Special Summoned by removing from play 1 WIND monster in your Graveyard. When this card is destroyed as a result of battle and sent to the Graveyard, your opponent discards 1 random card from their hand.	
72	Silver Fang	1200	800	3	Beast	EARTH	None	None	A snow wolf that's beautiful to the eye, but absolutely vicious in battle.	
1987	Simultaneous Loss	0	0	0	Trap	Trap	Trap	None	Each player sends the top card from their Deck to the Graveyard.	
400	Sinister Serpent	300	250	1	Reptile	WATER	Effect	None	During your Standby Phase, if a @5"Sinister Serpent"@7 exists in your Graveyard, you can return the @5"Sinister Serpent"@7 to your hand.	
1508	Sixth Sense	0	0	0	Trap	Trap	Trap	None	Choose 2 numbers from 1 to 6. Your opponent rolls a die, and if the number rolled matches one of your chosen numbers, you draw that many cards. If the number rolled does not match one of your chosen numbers, send that many cards from the Deck to the Graveyard.	
450	Skelengel	900	400	2	Fairy	LIGHT	Effect	None	FLIP: You can draw 1 card from your deck.	
454	Skelgon	1700	1900	6	Zombie	DARK	Fusion	None	@5"The Snake Hair"@7 + @5"Blackland Fire Dragon"@7	
1346	Skill Drain	0	0	0	Trap	Trap	Trap	Continuous	Pay 1000 Life Points. As long as this card remains on the field, the effects of all face-up Effect Monsters on the field are negated.	
1270	Skilled Dark Magician	1900	1700	4	Spellcaster	DARK	Effect	None	Each time you or your opponent activates 1 Spell Card, put 1 Spell Counter on this card (max. 3). By Tributing this card with 3 Spell Counters on it, Special Summon 1 @5"Dark Magician"@7 from your hand, Deck, or Graveyard.	
1269	Skilled White Magician	1700	1900	4	Spellcaster	LIGHT	Effect	None	Each time you or your opponent activates 1 Spell Card, put 1 Spell Counter on this card (max. 3). Tribute this card with 3 Spell Counters on it to Special Summon 1 @5"Buster Blader"@7 from your hand, Deck, or Graveyard.	
1374	Skull Archfiend of Lightning	2500	1200	6	Fiend	DARK	Effect	None	The controller of this card pays 500 Life Points during each of his/her Standby Phases (this is not optional). When this card is targeted by the effect of a card controlled by your opponent, when resolving the effect, roll a six-sided die. If the result is 1, 3, or 6, negate the effect and destroy the opponent's card.	
1558	Skull Descovery Knight	1900	1800	4	Fiend	DARK	Effect	None	This card cannot be Special Summoned. When the effects of an Effect Monster are activated, this card must be given in Tribute if it is face-up on the Field. It cancels the activation and effects of the Effect Monster, destroying it.	
657	Skull Dice	0	0	0	Trap	Trap	Trap	None	Roll 1 six-sided die. The result is multiplied by 100 points and subtracted from the ATK and DEF of all monsters in your opponent's control until the end of your turn. Monsters summoned after this card's activation are excluded.	
1629	Skull Dog Marron	1350	2000	4	Beast	EARTH	None	None	A lost dog that wandered off 1000 years ago. He's still waiting for his master to come for him.	
570	Skull Guardian	2050	2500	7	Warrior	LIGHT	Ritual	None	This monster can only be Ritual Summoned with the Ritual Spell Card, @5"Novox's Prayer"@7. You must also offer monsters whose total Level Stars equal 7 or more as a Tribute from the field or your hand.	
768	Skull Invitation	0	0	0	Trap	Trap	Trap	Continuous	Each time a card is sent to the Graveyard, inflict 300 points of damage to its owner's Life Points per card.	
974	Skull Lair	0	0	0	Trap	Trap	Trap	Continuous	Remove from play any number of monsters in your Graveyard to destroy 1 face-up monster on the field whose Level Stars are equal to the number of the cards you removed from play.	
898	Skull Mariner	1600	900	4	Warrior	WATER	None	None	A pirate ship that appears out of the mist and sinks any seagoing vessels.	
393	Skull Red Bird	1550	1200	4	Winged Beast	WIND	None	None	This monster swoops down and attacks with a rain of knives stored in its wings.	
26	Skull Servant	300	200	1	Zombie	DARK	None	None	A skeletal ghost that isn't strong but can mean trouble in large numbers.	
213	Skull Stalker	900	800	3	Warrior	DARK	None	None	Swift and deadly, this monsters grabs victims with its claws and attacks with a poison stinger.	
1505	Skull Zoma	0	0	0	Trap	Trap	Trap	Continuous	When this card is activated it turns into a Monster Card (Zombie-Type/DARK/4 Star/ATK 1800/DEF 500) and is Special Summoned onto your Monster Card Zone in Defense Position. If this card is destroyed in battle, it reduces your opponent's Life Points by the same amount as the ATK of the monster by which it was destroyed. (This card is also treated as a Trap Card).	
626	Skull-Mark Ladybug	500	1500	4	Insect	EARTH	Effect	None	When this card is sent to the Graveyard, increase your Life Points by 1000 points.	
434	Skullbird	1900	1700	6	Winged Beast	WIND	Fusion	None	@5"Takuhee"@7 + @5"Temple of Skulls"@7	
1888	Skyscraper	0	0	0	Spell	Spell	Spell	Field	When a monster that includes @5"Elemental Hero"@7 in its card name attacks, if its ATK is lower than the ATK of the attack target, increase the ATK of the attacking monster by 1000 points during damage calculation only.	
830	Slate Warrior	1900	400	4	Fiend	WIND	Effect	None	FLIP: Increase the ATK and DEF of this monster by 500 points. The ATK and DEF of a monster that destroys this monster as a result of battle is decreased by 500 points.	
124	Sleeping Lion	700	1700	4	Beast	EARTH	None	None	A ferocious animal that sleeps all day. Sometimes it's better to let Sleeping Lions lie.	
2085	Slime Token	500	500	1	Aqua	WATER	Token	None	Special Summon with the effect of @5"Jam Breeding Machine"@7.	
586	Slot Machine	2000	2300	7	Machine	DARK	None	None	The machine's ability is said to vary according to its slot results.	
1080	Smoke Grenade of the Thief	0	0	0	Spell	Spell	Spell	Equip	When this Equip Spell Card is active and is destroyed by a card effect, look at your opponent's hand. Select 1 card from his/her hand and discard it to the Graveyard.	
727	Snake Fang	0	0	0	Trap	Trap	Trap	None	Decrease 1 selected monster's DEF by 500 points during the turn this card is activated.	
512	Snakeyashi	1000	1200	4	Plant	EARTH	None	None	This monster is formed by several serpents that break off to individually attack nearby enemies.	
295	Sogen	0	0	0	Spell	Spell	Spell	Field	Increases the ATK and DEF of all Beast-Warrior and Warrior-Type monsters by 200 points.	
1896	Soitsu	0	0	3	Fairy	WIND	None	None	Apparently totally unreliable, he wonders if he has incredible potential.	
1537	Solar Flare Dragon	1500	1000	4	Pyro	FIRE	Effect	None	While there is another Pyro-Type monster on your side of the field, this card cannot be attacked. This card inflicts 500 points of damage to your opponent's Life Points during the End Phase of your turn.	
1551	Solar Ray	0	0	0	Trap	Trap	Trap	None	Inflict 600 points of damage to your opponent's Life Points for each face-up LIGHT monster on your side of the field.	
880	Solemn Wishes	0	0	0	Trap	Trap	Trap	Continuous	Increase your Life Points by 500 points each time you draw a card (or cards).	
207	Solitude	1050	1000	3	Beast-Warrior	EARTH	None	None	This beast-warrior swings a massive scythe that feeds on the souls of the slain.	
794	Solomon's Lawbook	0	0	0	Trap	Trap	Trap	None	Skip your own Standby Phase.	
742	Sonic Bird	1400	1000	4	Winged Beast	WIND	Effect	None	When this card is Normal Summoned or Flip Summoned, you can select 1 Ritual Spell Card from your Deck and add it to your hand. Then shuffle your Deck.	
1264	Sonic Duck	1700	700	3	Winged Beast	WIND	None	None	A duck which can walk at a sonic speed. Sometimes, he cannot deal with his incredible pace and loses control.	
838	Sonic Jammer	350	650	2	Machine	WIND	Effect	None	FLIP: Your opponent cannot activate any Spell Cards until the end of the End Phase of the next turn.	
281	Sonic Maid	1200	900	3	Warrior	EARTH	None	None	A maiden that uses sound to her advantage, she wields a scythe that's shaped like a musical note.	
1621	Sorcerer of Dark Magic	3200	2800	9	Spellcaster	DARK	Effect	None	This card cannot be Normal Summoned or Set. This card cannot be Special Summoned except by offering 2 Level 6 or higher Spellcaster-Type monsters on your side of the field as Tributes. As long as this card remains face-up on the field, you can negate the activation of Trap Cards and destroy them.	
702	Sorcerer of the Doomed	1450	1200	4	Spellcaster	DARK	None	None	A slave of the dark arts, this sorcerer is a master of life-extinguishing spells.	
1435	Soul Absorption	0	0	0	Spell	Spell	Spell	Continuous	Each time a card(s) is removed from play, increase your Life Points by 500 points for each card removed from play.	
859	Soul Exchange	0	0	0	Spell	Spell	Spell	None	Select 1 monster on your opponent's side of the field. When you offer your monster as a Tribute, offer the selected monster in place of 1 of your monsters. During this turn, you cannot conduct your Battle Phase.	
397	Soul Hunter	2200	1800	6	Fiend	DARK	Fusion	None	@5"Lord of the Lamp"@7 + @5"Invader from Another Dimension"@7	
961	Soul of Purity and Light	2000	1800	6	Fairy	LIGHT	Effect	None	This card cannot be Normal Summoned or Set. This card can only be Special Summoned by removing 2 LIGHT monsters in your Graveyard from play. As long as this card remains face-up on the field, decrease the ATK of all monsters on your opponent's side of the field by 300 points during his/her Battle Phase.	
303	Soul of the Pure	0	0	0	Spell	Spell	Spell	None	Increase your Life Points by 800 points.	
680	Soul Release	0	0	0	Spell	Spell	Spell	None	Select up to 5 cards from either your or your opponent's Graveyard(s) and remove them from play.	
1611	Soul Resurrection	0	0	0	Trap	Trap	Trap	Continuous	Special Summon 1 Normal Monster from your Graveyard in Defense Position. When this card is removed from the field, the monster is destroyed. When the monster is destroyed, destroy this card.	
1593	Soul Reversal	0	0	0	Spell	Spell	Spell	Quick-Play	Return 1 Flip Effect Monster from your Graveyard to the top of your Deck.	
1348	Soul Taker	0	0	0	Spell	Spell	Spell	None	Destroys 1 face-up Monster on your opponent's Field. Your opponent receives 1000 Life Points when a Monster is destroyed by this effect.	
1401	Soul Tiger	0	2100	4	Beast	EARTH	None	None	The soul of a tiger that is said to devour human souls. He is a famous soul that you wouldn't want to run into in a dark alley.	
1519	Soul-Absorbing Bone Tower	400	1500	3	Zombie	DARK	Effect	None	While there is another Zombie-Type monster on your side of the field, your opponent cannot select this card as an attack target. Each time a Zombie-Type monster(s) is Special Summoned, send 2 cards from the top of your opponent's Deck to the Graveyard.	
829	Souleater	1200	0	4	Fish	EARTH	None	None	A living wonder of mystery.	
904	Souls of the Forgotten	900	200	2	Fiend	DARK	None	None	A wicked spirit created by the hateful souls of those who fell in battle. It grows by assimilating the souls of its enemies.	
1753	Space Mambo	1700	1000	4	Fish	WATER	None	None	A Space Mambo floating in the vast universe. This living relic was found in the ruins of a super civilization on Alphard 4.	
1894	Spark Blaster	0	0	0	Spell	Spell	Spell	Equip	You can only equip this card to @5"Elemental Hero Sparkman"@7. During the Main Phase of your turn, you can change the battle position of 1 face-up monster. After you use this effect 3 times, destroy this card.	
305	Sparks	0	0	0	Spell	Spell	Spell	None	Inflicts 200 points of Direct Damage to your opponent's Life Points.	
1440	Spatial Collapse	0	0	0	Trap	Trap	Trap	Continuous	You can only activate this card if both you and your opponent each have 5 or less cards on the field. The maximum number of cards that each player can have on the field is 5.	
737	Spear Cretin	500	500	2	Fiend	DARK	Effect	None	FLIP: After this card is flipped, when it is sent to the Graveyard, both you and your opponent select 1 monster from your respective Graveyards and Special Summon it on the field in face-up Attack Position or face-down Defense Position (no Tribute is required for monsters of Level 5 or more).	
1030	Spear Dragon	1900	0	4	Dragon	WIND	Effect	None	If this card attacks with an ATK that is higher than the DEF of a Defense Position monster, inflict the difference as Battle Damage to your opponent's Life Points. If this card attacks, it is changed to Defense Position at the end of the Damage Step.	
1589	Special Hurricane	0	0	0	Spell	Spell	Spell	None	Discard 1 card from your hand. Destroy all Special Summoned monsters on the field.	
1259	Spell Absorption	0	0	0	Spell	Spell	Spell	Continuous	Each time a Spell Card is activated, increase the Life Points of this card's controller by 500 points.	
1229	Spell Canceller	1800	1600	5	Machine	WIND	Effect	None	As long as this card remains face-up on the field, Spell Cards cannot be activated. The effects of all Spell Cards are also negated.	
1594	Spell Economics	0	0	0	Spell	Spell	Spell	Continuous	You do not have to pay any Life Points to activate a Spell Card.	
1748	Spell Purification	0	0	0	Trap	Trap	Trap	None	Discard 1 card from your hand. Destroy all face-up Continuous Spell Cards on the field.	
1050	Spell Reproduction	0	0	0	Spell	Spell	Spell	None	Send 2 Spell Cards from your hand to the Graveyard. Select 1 Spell Card from your Graveyard and add it to your hand.	
1247	Spell Shield Type-8	0	0	0	Trap	Trap	Trap	Counter	Select and activate 1 of the following effects: @4 @7Negate the activation and the effect of a Spell Card that targets 1 monster on the field and destroy the Spell Card. @4 @7Send 1 Spell Card from your hand to the Graveyard to negate the activation and the effect of a Spell Card and destroy it.	
1393	Spell Vanishing	0	0	0	Trap	Trap	Trap	Counter	Discard 2 cards from your hand. Negate the activation of a Spell Card and destroy it. Also, look at your opponent's hand and Deck and if you find any Spell Cards of the same name as the destroyed Spell Card, send all of them to the Graveyard.	
1868	Spell-Stopping Statute	0	0	0	Trap	Trap	Trap	Counter	You can only activate this card when your opponent activates a Continuous Spell Card. Negate the activation and the effect of the card and destroy it.	
309	Spellbinding Circle	0	0	0	Trap	Trap	Trap	Continuous	Select 1 monster. As long as this card remains face-up on the field, the selected monster cannot attack or change its battle position. When the selected monster is destroyed, this card is also destroyed.	
851	Spherous Lady	400	1400	3	Rock	EARTH	None	None	Many have been deceived by the beauty of this vampire.	
1623	Sphinx Teleia	2500	3000	10	Beast	LIGHT	Effect	None	You can pay 500 Life Points to Special Summon this card when @5"Pyramid of Light"@7 is on the field. This card cannot attack during the turn that it is Normal Summoned or Special Summoned. This card cannot be Special Summoned from the Graveyard. If this card destroys a Defense Position monster as a result of battle, inflict damage to your opponent's Life Points equal to half of the DEF of the destroyed monster.	
137	Spiked Snail	700	1300	3	Insect	DARK	None	None	A very fast, bipedal snail with a pair of lethal arms.	
1790	Spiral Spear Strike	0	0	0	Spell	Spell	Spell	Continuous	When @5"Gaia The Fierce Knight"@7, @5"Swift Gaia the Fierce Knight"@7 or @5"Gaia the Dragon Champion"@7 on your side of the field attacks a Defense Position monster, if the ATK of that card is higher than the DEF of the Defense Position monster, inflict the difference as Battle Damage to your opponent's Life Points. If @5"Gaia the Dragon Champion"@7 inflicts Battle Damage with this effect, draw 2 cards from your Deck and discard 1 card from your hand.	
1675	Spirit Barrier	0	0	0	Trap	Trap	Trap	Continuous	As long as a monster(s) remain(s) on your side of the field, battle damage to the controller of this card becomes 0.	
1581	Spirit Caller	1000	1000	3	Spellcaster	LIGHT	Effect	None	FLIP: You can Special Summon 1 Level 3 or lower Normal Monster from your Graveyard to your side of the field.	
983	Spirit Message "A	0	0	0	Spell	Spell	Spell	Continuous	This card can only be placed on the field by the effect of @5"Destiny Board"@7.	
981	Spirit Message "I	0	0	0	Spell	Spell	Spell	Continuous	This card can only be placed on the field by the effect of @5"Destiny Board"@7.	
984	Spirit Message "L	0	0	0	Spell	Spell	Spell	Continuous	This card can only be placed on the field by the effect of @5"Destiny Board"@7.	
982	Spirit Message "N	0	0	0	Spell	Spell	Spell	Continuous	This card can only be placed on the field by the effect of @5"Destiny Board"@7.	
962	Spirit of Flames	1700	1000	4	Pyro	FIRE	Effect	None	This card can only be Special Summoned by removing 1 FIRE monster in your Graveyard from play. Increase the ATK of this monster by 300 points during your Battle Phase.	
120	Spirit of the Books	1400	1200	4	Winged Beast	WIND	None	None	This wise spirit dwells in books, using its accumulated knowledge to defeat enemies.	
917	Spirit of the Breeze	0	1800	3	Fairy	WIND	Effect	None	As long as this card remains in face-up Attack Position on your side of the field, increase your Life Points by 1000 points during each of your Standby Phases.	
163	Spirit of the Harp	800	2000	4	Fairy	LIGHT	None	None	A spirit that soothes the soul with the music of its heavenly harp.	
1570	Spirit of the Pharaoh	2500	2000	6	Zombie	LIGHT	Effect	None	This card cannot be Normal Summoned or Set. This card cannot be Special Summoned except by the effect of @5"The First Sarcophagus"@7. When this card is Special Summoned, you can Special Summon up to 4 Level 2 or lower Zombie-Type Normal Monsters from your Graveyard.	
1031	Spirit Ryu	1000	1000	4	Dragon	WIND	Effect	None	You can only activate this effect during your Battle Step if this card battles during your turn. Discard 1 Dragon-Type monster from your hand to the Graveyard to increase the ATK and DEF of this card by 1000 points until the End Step.	
1924	Spiritual Earth Art - Kurogane	0	0	0	Trap	Trap	Trap	None	Tribute 1 EARTH monster on your side of the field. Special Summon 1 Level 4 or lower EARTH monster from your Graveyard, except the Tributed monster.	
1081	Spiritual Energy Settle Machine	0	0	0	Spell	Spell	Spell	Continuous	As long as this card remains face-up on the field, all Spirit monsters remain face-up on the field and do not return to their owners' hands during the End Phase even if they are Normal Summoned or flipped face-up. Discard 1 card from your hand during each of your End Phases. If you do not, destroy this card. When this card is removed from the field, all face-up Spirit monsters return to the owners' hands.	
1926	Spiritual Fire Art - Kurenai	0	0	0	Trap	Trap	Trap	None	Tribute 1 FIRE monster on your side of the field. Inflict damage to your opponent's Life Points equal to the original ATK of the Tributed monster.	
1925	Spiritual Water Art - Aoi	0	0	0	Trap	Trap	Trap	None	Tribute 1 WATER monster on your side of the field. Look at your opponent's hand, select 1 card from it, and send that card to the Graveyard.	
1927	Spiritual Wind Art - Miyabi	0	0	0	Trap	Trap	Trap	None	Tribute 1 WIND monster on your side of the field. Select 1 card on your opponent's side of the field, and return it to the bottom of the owner's Deck.	
956	Spiritualism	0	0	0	Spell	Spell	Spell	None	Return 1 Spell or Trap Card on your opponent's side of the field to the owner's hand. This card's activation and effect cannot be negated by any other card.	
924	St. Joan	2800	2000	7	Fairy	LIGHT	Fusion	None	@5"The Forgiving Maiden"@7 + @5"Marie the Fallen One"@7	
1041	Stamping Destruction	0	0	0	Spell	Spell	Spell	None	You can only activate this card when you have a face-up Dragon-Type monster on your side of the field. Destroy 1 Spell or Trap Card on the field and inflict 500 points of damage to the controller of that card.	
437	Star Boy	550	500	2	Aqua	WATER	Effect	None	As long as this card remains face-up on the field, increase the ATK of all WATER monsters by 500 points and decrease the ATK of all FIRE monsters by 400 points.	
1127	Statue of the Wicked	0	0	0	Trap	Trap	Trap	None	When this face-down card is destroyed and sent to the Graveyard, Special Summon 1 @5"Wicked Token"@7 (Fiend-Type/DARK/4 Stars/ATK 1000/DEF 1000) in Attack or Defense Position on your side of the field.	
1343	Staunch Defender	0	0	0	Trap	Trap	Trap	None	You can only activate this card when your opponent declares an attack. Select 1 face-up monster on your side of the field. During this turn, your opponent can only designate the selected monster as an attack target and your opponent must attack the selected monster with all face-up monsters.	
1459	Stealth Bird	700	1700	3	Winged Beast	DARK	Effect	None	You can flip this card into face-down Defense Position once per turn during your Main Phase. When this card is Flip Summoned, inflict 1000 points of damage to your opponent's Life Points.	
1883	Steam Gyroid	2200	1600	6	Machine	EARTH	Fusion	None	@5"Gyroid"@7 + @5"Steamroid"@7	
1876	Steamroid	1800	1800	4	Machine	EARTH	Effect	None	If this card attacks your opponent's monster, increase the ATK of this card by 500 points during the Damage Step only. If this card is attacked by your opponent's monster, decrease the ATK of this card by 500 points during the Damage Step only.	
462	Steel Ogre Grotto	1400	1800	5	Machine	EARTH	None	None	A steel idol worshipped in the Land of Machines.	
595	Steel Ogre Grotto~2	1900	2200	6	Machine	EARTH	None	None	A mechanized iron doll with tremendous strength.	
708	Stim-Pack	0	0	0	Spell	Spell	Spell	Equip	A monster equipped with this card increases its ATK by 700 points. Its ATK is then decreased by 200 points at each of its Standby Phases.	
242	Stone Armadiller	800	1200	3	Rock	EARTH	None	None	With a body armored by rock-hard fur, this monster features excellent defense capabilities.	
386	Stone Ghost	1200	1000	4	Rock	EARTH	None	None	With a head that erupts when angered, this monster launches a dangerous shower of boulders.	
608	Stone Statue of the Aztecs	300	2000	4	Rock	EARTH	Effect	None	Any Battle Damage your opponent takes when they attack this monster is doubled.	
289	Stop Defense	0	0	0	Spell	Spell	Spell	None	Select 1 Defense Position monster on your opponent's side of the field and change it to Attack Position.	
1480	Stray Lambs	0	0	0	Spell	Spell	Spell	None	If you activate this card, you cannot Normal Summon, Flip Summon or Special Summon during this turn. Special Summon 2 @5"Lamb Tokens"@7 (Beast-Type/EARTH/Level 1/ATK 0/DEF 0) in Defense Position on your side of the field.	
1405	Strike Ninja	1700	1200	4	Warrior	DARK	Effect	None	You can remove this card from play until the End Phase of this turn by removing from play 2 DARK monsters in your Graveyard. You can use this effect during either player's turn. You can only use this effect once per turn.	
1684	Stronghold	0	0	0	Trap	Trap	Trap	None	After activating this card, it becomes a Monster Card (Machine-Type/EARTH/4 Star/ATK 0/DEF 2000) and is Special Summoned into your Monster Card Zone in Defense Position. This card will have 3000 ATK Points if the cards @5"Green Gadget,"@7 @5"Red Gadget,"@7 and @5"Yellow Gadget"@7 are all face up on your Field. (This card is also treated as a Trap Card).	
1685	Stronghold	0	0	0	Trap	Trap	Trap	None	After activating this card, it becomes a Monster Card (Machine-Type/EARTH/4 Star/ATK 0/DEF 2000) and is Special Summoned into your Monster Card Zone in Defense Position. This card will have 3000 ATK Points if the cards @5"Green Gadget,"@7 @5"Red Gadget,"@7 and @5"Yellow Gadget"@7 are all face up on your Field. (This card is also treated as a Trap Card).	
314	Stuffed Animal	1200	900	3	Warrior	EARTH	None	None	It may look like a harmless stuffed animal, but its zipper mouth deals a deadly bite.	
1426	Stumbling	0	0	0	Spell	Spell	Spell	Continuous	Any monster that is Normal Summoned, Flip Summoned or Special Summoned is changed to Defense Position.	
2066	Success Probability 0%	0	0	0	Trap	Trap	Trap	None	Send 2 random Fusion Monsters from your opponent's Fusion Deck to the Graveyard.	
331	Suijin	2500	2400	7	Aqua	WATER	Effect	None	You can only activate this card's effect during your opponent's damage calculation. Make the ATK of a monster attacking this card 0 during damage calculation. This effect can only be used once as long as this card remains face-up on the field.	
1889	Summon Priest	800	1600	4	Spellcaster	DARK	Effect	None	This card cannot be given as a Tribute. When this card is successfully Summoned or Flip Summoned, it appears on the Field in Defense Position. By discarding one Spell Card from your Hand you can Special Summon one Level 4 Monster Card from your Deck. The Monster Card Special Summoned using this effect cannot attack for the duration of the turn. You can only activate the effect of this card once each turn, during your Main Phase.	
22	Summoned Skull	2500	1200	6	Fiend	DARK	None	None	A fiend with dark powers for confusing the enemy. Among the Fiend-Type monsters, this monster boasts considerable force.	
23	Summoned Skull	2500	1200	6	Fiend	DARK	None	None	A fiend with dark powers for confusing the enemy. Among the Fiend-Type monsters, this monster boasts considerable force.	
24	Summoned Skull	2500	1200	6	Fiend	DARK	None	None	A fiend with dark powers for confusing the enemy. Among the Fiend-Type monsters, this monster boasts considerable force.	
959	Summoner of Illusions	800	900	3	Spellcaster	LIGHT	Effect	None	FLIP: Offer 1 monster on your side of the field as a Tribute (excluding this monster). Special Summon 1 Fusion Monster Card from your Fusion Deck. The Fusion Monster is destroyed at the end of the turn this card is activated.	
1042	Super Rejuvenation	0	0	0	Spell	Spell	Spell	Quick-Play	During the End Phase of the turn this card is activated, draw 1 card from your Deck for each Dragon-Type monster discarded from your hand and/or Tributed during this turn.	
1074	Super Robolady	1200	500	6	Machine	EARTH	Fusion/Effect	None	@5"Robolady"@7 + @5"Roboyarou"@7 You can Special Summon @5"Super Roboyarou"@7 by returning this card from the field to the Fusion Deck. You cannot use this effect during the same turn this monster is Special Summoned. In addition, increase the ATK of this monster by 1000 points during the Damage Step when this monster inflicts Direct Damage to your opponent's Life Points.	
1075	Super Roboyarou	1200	500	6	Machine	EARTH	Fusion/Effect	None	@5"Roboyarou"@7 + @5"Robolady"@7 You can Special Summon @5"Super Robolady"@7 by returning this card from the field to the Fusion Deck. You cannot use this effect during the same turn this monster is Special Summoned. In addition, increase the ATK of this monster by 1000 points during the Damage Step when this monster battles with a monster.	
315	Super War-Lion	2300	2100	7	Beast	EARTH	Ritual	None	This monster can only be Ritual Summoned with the Ritual Spell Card, @5"War-Lion Ritual"@7. You must also offer monsters whose total Level Stars equal 7 or more as a Tribute from the field or your hand.	
969	Supply	1300	800	4	Warrior	EARTH	Effect	None	FLIP: Return 2 Fusion-Material monsters that were sent to the Graveyard as a result of a Fusion Summon to your hand.	
121	Supporter in the Shadows	1000	1000	3	Warrior	EARTH	None	None	A cute little elf that hides in the shadows and provides spiritual support.	
1067	Susa Soldier	2000	1600	4	Thunder	EARTH	Spirit	None	This card cannot be Special Summoned. This card returns to the owner's hand during the End Phase of the turn that this card is Normal Summoned or flipped face-up. The Battle Damage this card inflicts to your opponent's Life Points is halved.	
1105	Swarm of Locusts	1000	500	3	Insect	DARK	Effect	None	You can flip this card into face-down Defense Position once per turn during your Main Phase. When this card is Flip Summoned successfully, destroy 1 Spell or Trap Card on your opponent's side of the field.	
1104	Swarm of Scarabs	500	1000	3	Insect	DARK	Effect	None	You can flip this card into face-down Defense Position once per turn during your Main Phase. When this card is Flip Summoned successfully, destroy 1 monster on your opponent's side of the field.	
953	Swift Gaia the Fierce Knight	2300	2100	7	Warrior	DARK	Effect	None	If this is the only card in your hand, you can Summon this card in face-up Attack Position without Tributing monsters. This is treated as a Normal Summon.	
630	Sword Hunter	2450	1700	7	Warrior	EARTH	Effect	None	A monster destroyed by this card as a result of battle becomes an Equip Spell Card at the end of the Battle Phase that increases the ATK of this card by 200 points.	
693	Sword of Deep-Seated	0	0	0	Spell	Spell	Spell	Equip	A Monster Card equipped with this card increases its ATK and DEF by 500 points. When this card is sent to the Graveyard, place it on top of your Deck.	
807	Sword of Dragon's Soul	0	0	0	Spell	Spell	Spell	Equip	This card can only be equipped to a Warrior-Type monster. A monster equipped with this card increases its ATK by 700 points. A Dragon-Type monster that battles with the monster equipped with this card is destroyed at the end of the Battle Phase. (Damage Calculation is applied normally.)	
1591	Sword of the Soul-Eater	0	0	0	Spell	Spell	Spell	Equip	You can only equip this card to a Level 3 or lower Normal Monster on your side of the field. When you activate this card, Tribute all Normal Monsters (except Tokens) on your side of the field, except the equipped monster. Increase the ATK of the equipped monster by 1000 points for each Normal Monster that you Tributed.	
1789	Swords of Concealing Light	0	0	0	Spell	Spell	Spell	Continuous	When you activate this card, change all monsters on your opponent's side of the field to face-down Defense Position. While this card is face-up on the field, monsters on your opponent's side of the field cannot change their battle positions, except with a card effect. Destroy this card during your 2nd Standby Phase after activation.	
613	Swordsman of Landstar	500	1200	3	Warrior	EARTH	None	None	An amateur with a sword, this fairy warrior relies on its mysterious powers.	
334	Swordstalker	2000	1600	6	Warrior	DARK	None	None	A monster formed by the vengeful souls of those who passed away in battle.	
2058	Symbol of Heritage	0	0	0	Spell	Spell	Spell	Equip	You can only activate this card while there are 3 monster cards with the same name in your Graveyard. Select 1 of those monsters, Special Summon it to your side of the field, and equip it with this card. When this card is destroyed, destroy the equipped monster.	
179	Synchar	800	900	3	Beast	EARTH	None	None	This two-headed creature spits laser blasts at its enemies.	
1919	System Down	0	0	0	Spell	Spell	Spell	None	Pay 1000 Life Points. Remove from play all Machine-Type monsters on your opponent's side of the field and in their Graveyard.	
1910	T.A.D.P.O.L.E.	0	0	1	Aqua	WATER	Effect	None	When this card on your side of the field is destroyed as a result of battle and sent to your Graveyard, you can add any @5"T.A.D.P.O.L.E."@7(s) from your Deck to your hand. Then shuffle your Deck.	
1716	Tactical Espionage Expert	1300	1200	3	Warrior	EARTH	Effect	None	When this card is Normal Summoned successfully, no Trap Cards can be activated.	
719	Tailor of the Fickle	0	0	0	Spell	Spell	Spell	Quick-Play	Switch 1 Equip Spell Card equipped to a monster to another correct target.	
313	Takriminos	1500	1200	4	Sea Serpent	WATER	None	None	A member of a race of sea serpents that freely travels through the sea.	
480	Takuhee	1450	1000	4	Winged Beast	WIND	None	None	This bird is known far and wide as a harbinger of doom.	
269	Tao the Chanter	1200	900	3	Spellcaster	EARTH	None	None	Master of Yin and Yang, this wizard handles a delicate balance of spells and counterspells.	
1673	Taunt	0	0	0	Trap	Trap	Trap	None	During your opponent's Main Phase 1, select 1 monster on your side of the field to activate this card. As long as the selected card remains on the field, if your opponent attacks with a monster(s) this turn, he/she must select the selected monster as the attack target.	
142	Temple of Skulls	900	1300	4	Zombie	DARK	None	None	A mysterious temple of skulls and bones that sucks in unwary enemies.	
497	Tenderness	700	1400	3	Fairy	LIGHT	None	None	An adorable fairy that celebrates the gift of love.	
2038	Tenkabito Shien	1500	1000	4	Pyro	FIRE	Effect	None	This card is unaffected by the effects of Trap Cards.	
486	Tentacle Plant	500	600	2	Plant	WATER	None	None	This monster reaches out with a long blue tendril and grabs anything that wanders nearby.	
184	Terra the Terrible	1200	1300	4	Fiend	DARK	None	None	Known as a swamp dweller, this creature is a minion of the dark forces.	
1189	Terraforming	0	0	0	Spell	Spell	Spell	None	Add 1 Field Spell Card from your Deck to your hand.	
1373	Terrorking Archfiend	2000	1500	4	Fiend	DARK	Effect	None	This card cannot be Normal Summoned or Flip Summoned unless you have an Archfiend Monster Card on your side of the field. The controller of this card pays 800 Life Points during each of his/her Standby Phases (this is not optional). When this card is targeted by the effect of a card controlled by your opponent, when resolving the effect, roll a six-sided die. If the result is 2 or 5, negate the effect and destroy the opponent's card. The effects of an Effect Monster that this card destroyed as a result of battle are negated.	
1452	Terrorking Salmon	2400	1000	5	Fish	WATER	None	None	A feared salmon, master of the Sea of Darkness. Its roe is the best delicacy in the World of Darkness.	
1504	Teva	2000	1500	5	Warrior	LIGHT	Effect	None	When this card is Tribute Summoned successfully, your opponent cannot declare an attack during his/her next turn.	
115	That Which Feeds on Life	1200	1000	4	Fiend	DARK	None	None	A monster that feeds on the energy of other creatures.	
129	The 13th Grave	1200	900	3	Zombie	DARK	None	None	A zombie that suddenly appeared from plot #13 - an empty grave.	
1023	The A. Forces	0	0	0	Spell	Spell	Spell	Continuous	Increase the ATK of all Warrior-Type monsters on your side of the field by 200 points for each face-up Warrior-Type and Spellcaster-Type monster on your side of the field.	
1516	The Agent of Creation - Venus	1600	0	3	Fairy	LIGHT	Effect	None	By paying 500 Life Points, select 1 @5"Mystical Shine Ball"@7 from your hand or Deck, and Special Summon it to your side of the field.	
1517	The Agent of Force - Mars	0	0	3	Fairy	LIGHT	Effect	None	This card is unaffected by any Spell Cards. While @5"The Sanctuary in the Sky"@7 is on your side of the field, and your Life Points are higher than your opponent's Life Points, increase the ATK and DEF of this card by the difference between your and your opponent's Life Points.	
1514	The Agent of Judgment - Saturn	2400	0	6	Fairy	LIGHT	Effect	None	If your Life Points are higher than your opponent's Life Points, activate this card's effect by Tributing this card from your side of the field. Inflict damage to your opponent's Life Points equal to the difference between your and your opponent's Life Points. If @5"The Sanctuary in the Sky"@7 is not on your side of the field, this effect is not applied. When you activate this effect, you cannot conduct your Battle Phase this turn.	
1515	The Agent of Wisdom - Mercury	0	1700	4	Fairy	LIGHT	Effect	None	If you have no cards in your hand at the end of your opponent's End Phase, draw 1 card from your Deck during your next Standby Phase.	
899	The All-Seeing White Tiger	1300	500	3	Beast	WIND	None	None	A proud ruler of the jungle that some fear and others respect.	
2076	The Ancient Sun Helios	65535	65535	4	Pyro	LIGHT	Effect	None	The ATK and DEF of this card increase by the total of the number of Monster Cards removed from the game x 100.	
141	The Bewitching Phantom Thief	700	700	2	Spellcaster	DARK	None	None	An elegant thief with a black cloak that charms its enemies.	
1795	The Big March of Animals	0	0	0	Spell	Spell	Spell	Quick-Play	Until the End Phase, increase the ATK of all face-up Beast-Type monsters on your side of the field by 200 points for each Beast-Type monster on your side of the field.	
436	The Bistro Butcher	1800	1000	4	Fiend	DARK	Effect	None	When this card inflicts Battle Damage to your opponent's Life Points, your opponent draws 2 cards from his/her Deck.	
1689	The Blockman	1000	1500	4	Rock	EARTH	Effect	None	This card is given as a Tribute. This card is used to Special Summon the @5"Block Token"@7 (Rock-Type/EARTH/4 Star/ATK 1000/DEF 1500) in Defense Position for the same number of turns as this card existed on your Field in face-up position before the Summon. This Token cannot declare an attack.	
681	The Cheerful Coffin	0	0	0	Spell	Spell	Spell	None	Discard up to 3 Monster Cards from your hand to the Graveyard.	
1701	The Creator	2300	3000	8	Thunder	LIGHT	Effect	None	Select 1 monster from your Graveyard. Send 1 card from your hand to the Graveyard and Special Summon the selected monster. You can only use this effect once per turn. This card cannot be Special Summoned from the Graveyard.	
1702	The Creator Incarnate	1600	1500	4	Warrior	LIGHT	Effect	None	Tribute this card to Special Summon 1 @5"The Creator"@7 from your hand.	
1778	The Dark - Hex-Sealed Fusion	1000	1600	3	Rock	DARK	Effect	None	You can substitute this card for any 1 Fusion-Material Monster. When you do this, the other Fusion-Material Monster(s) must be the correct one(s). Tribute Fusion-Material Monsters on the field, including this card, to Special Summon 1 DARK Fusion Monster from your Fusion Deck.	
940	The Dark Door	0	0	0	Spell	Spell	Spell	Continuous	Both players can only attack with 1 monster during their respective Battle Phases.	
1032	The Dragon dwelling in the Cave	1300	2000	4	Dragon	WIND	None	None	A huge dragon dwelling in a cave. It is horrible when it gets angry, although it is usually quiet. It is said to preserve certain treasures.	
1038	The Dragon's Bead	0	0	0	Trap	Trap	Trap	Continuous	Discard 1 card from your hand. Negate the effect of a Trap Card that targets 1 face-up Dragon-Type monster and destroy the Trap Card.	
225	The Drdek	700	800	3	Fiend	DARK	None	None	A bipedal eyeball that seldom misses an enemy with its lethal talons.	
943	The Earl of Demise	2000	700	5	Fiend	DARK	None	None	This gentlemanly creature is extremely wicked, feared by man and fiend alike.	
1779	The Earth - Hex-Sealed Fusion	1000	1600	3	Rock	EARTH	Effect	None	You can substitute this card for any 1 Fusion-Material Monster. When you do this, the other Fusion-Material Monster(s) must be the correct one(s). Tribute Fusion-Material Monsters on the field, including this card, to Special Summon 1 EARTH Fusion Monster from your Fusion Deck.	
979	The Emperor's Holiday	0	0	0	Trap	Trap	Trap	Continuous	Negate the effects of all Equip Cards.	
1613	The End of Anubis	2500	0	6	Fiend	DARK	Effect	None	While this card is face-up on the field, all effects of Spell, Trap, and Monster Cards that target a card(s) in the Graveyard or that activate in the Graveyard are negated.	
791	The Eye of Truth	0	0	0	Trap	Trap	Trap	Continuous	As long as this card remains face-up on the field, your opponent must show his/her hand. Your opponent increases his/her Life Points by 1000 points during each of his/her Standby Phases if he/she has a Spell Card in his/her hand.	
615	The Fiend Megacyber	2200	1200	6	Warrior	DARK	Effect	None	You can Special Summon this card from your hand if your opponent has at least 2 more monsters on the field than you do.	
1605	The First Sarcophagus	0	0	0	Trap	Trap	Trap	Continuous	During each of your opponent's End Phases, place 1 card face-up on your side of the field from your hand or Deck in this order: @5"The Second Sarcophagus"@7, @5"The Third Sarcophagus"@7. If 1 Sarcophagus card is removed from your side of the field, all of them on your side of the field are sent to the Graveyard. When you have all 3 Sarcophagus cards on your side of the field, send all Sarcophagus cards on your side of the field to the Graveyard to Special Summon 1 @5"Spirit of the Pharaoh"@7 from your hand or Deck.	
651	The Flute of Summoning Dragon	0	0	0	Spell	Spell	Spell	None	You can only activate this card when @5"Lord of D."@7 is face-up on the field. Special Summon up to 2 Dragon-Type monsters from your hand to your side of the field.	
2070	The Flute of Summoning Kuriboh	0	0	0	Spell	Spell	Spell	Quick-Play	You can add one @5"Kuriboh"@7 or @5"Winged Kuriboh"@7 to your Hand or Special Summon them to your Field from your Deck.	
722	The Forceful Sentry	0	0	0	Spell	Spell	Spell	None	Look at your opponent's hand. Select 1 card among them and return it to his/her Deck. The Deck is then shuffled.	
1985	The Forces of Darkness	0	0	0	Trap	Trap	Trap	None	Return 2 monsters from your Graveyard to your hand that include @5"Dark World"@7 in their card names.	
923	The Forgiving Maiden	850	2000	4	Fairy	LIGHT	Effect	None	Offer this face-up card as a Tribute to return to your hand 1 of your monsters destroyed as a result of battle during this turn.	
250	The Furious Sea King	800	700	3	Aqua	WATER	None	None	Grand King of the Seven Seas, he's able to summon massive tidal waves to drown the enemy.	
1668	The Graveyard in the Fourth Dimension	0	0	0	Spell	Spell	Spell	None	Add 2 monsters in your Graveyard that have @5"LV"@7 in their card name to your Deck and shuffle it.	
935	The Gross Ghost of Fled Dreams	1300	1800	4	Fiend	DARK	None	None	This monster feeds on the dreams of an unwary sleeper, dragging the victim into eternal slumber.	
1020	The Hunter with 7 Weapons	1000	600	3	Warrior	EARTH	Effect	None	When this card is Normal Summoned, declare 1 Type of monster. When battling that Type of monster, increase the ATK of this card by 1000 points during Damage Calculation.	
812	The Illusory Gentleman	1500	1600	4	Spellcaster	DARK	None	None	Wearing odd fashions, this gentleman is very fickle. He sometimes saves people and at other times commits crimes.	
390	The Immortal of Thunder	1500	1300	4	Thunder	LIGHT	Effect	None	FLIP: Increase 3000 Life Points. When this card is sent from the field to the Graveyard, you lose 5000 Life Points.	
159	The Judgement Hand	1400	700	3	Warrior	EARTH	None	None	An all-powerful hand that delivers ruthless attacks.	
1520	The Kick Man	1300	300	3	Zombie	DARK	Effect	None	When this card is Special Summoned, you can equip 1 appropriate Equip Spell Card from your Graveyard to this card.	
634	The Last Warrior from Another Planet	2350	2300	7	Warrior	EARTH	Fusion/Effect	None	@5"Zombyra the Dark"@7 + @5"Maryokutai"@7 When this card is Special Summoned, destroy all monsters on your side of the field except this card. As long as this card remains face-up on the field, neither player can Normal Summon, Flip Summon or Special Summon any monster.	
1598	The Law of the Normal	0	0	0	Spell	Spell	Spell	None	You can only activate this card while there are 5 face-up Level 2 or lower Normal Monsters on your side of the field. Both players discard all cards in their hands, and destroy all cards on the field except Level 2 or lower Normal Monsters.	
1989	The League of Uniform Nomenclature	0	0	0	Trap	Trap	Trap	None	Select 1 face-up Level 2 or lower Normal Monster on your side of the field to activate this card. Special Summon from your Deck to your side of the field as many cards as possible with the same name as the selected monster.	
847	The Legendary Fisherman	1850	1600	5	Warrior	WATER	Effect	None	As long as @5"Umi"@7 is face-up on the field, this card is unaffected by any Spell Cards. Monsters on your opponent's side of the field cannot select this card as an attack target.	
1777	The Light - Hex-Sealed Fusion	1000	1600	3	Rock	LIGHT	Effect	None	You can substitute this card for any 1 Fusion-Material Monster. When you do this, the other Fusion-Material Monster(s) must be the correct one(s). Tribute Fusion-Material Monsters on the field, including this card, to Special Summon 1 LIGHT Fusion Monster from your Fusion Deck.	
247	The Little Swordsman of Aile	800	1300	3	Warrior	WATER	Effect	None	Offer 1 monster on your side of the field as a Tribute to increase this monster's ATK by 700 points until the end of the turn.	
856	The Masked Beast	3200	1800	8	Fiend	DARK	Ritual	None	This monster can only be Ritual Summoned with the Ritual Spell Card, @5"Curse of the Masked Beast"@7. You must also offer monsters whose total Level Stars equal 8 or more as a Tribute from the field or your hand.	
147	The Melting Red Shadow	500	700	2	Aqua	WATER	None	None	This monster melts away to materialize under its enemies, taking them by surprise.	
934	The Portrait's Secret	1200	1500	4	Fiend	EARTH	None	None	A portrait cursed by the artist, it is said to bring ill fortune to anyone who owns it.	
761	The Regulation of Tribe	0	0	0	Trap	Trap	Trap	Continuous	Select 1 Type of monster. Any monster of the selected Type cannot attack. To keep this card in effect, you must offer 1 monster from the field as a Tribute at each of your Standby Phases. If you cannot, this card is destroyed.	
721	The Reliable Guardian	0	0	0	Spell	Spell	Spell	Quick-Play	Increase 1 face-up monster's DEF by 700 points until the end of this turn.	
964	The Rock Spirit	1700	1000	4	Rock	EARTH	Effect	None	This card cannot be Normal Summoned or Set. This monster can only be Special Summoned by removing 1 EARTH monster in your Graveyard from play. Increase the ATK of this monster by 300 points during your opponent's Battle Phase.	
1544	The Sanctuary in the Sky	0	0	0	Spell	Spell	Spell	Field	Battle Damage to the controller of a Fairy-Type monster from a battle involving that Fairy-Type monster becomes 0.	
1604	The Second Sarcophagus	0	0	0	Spell	Spell	Spell	Continuous	This card can only be placed on the field by the effect of @5"The First Sarcophagus"@7.	
1084	The Secret of the Bandit	0	0	0	Spell	Spell	Spell	None	This card can only be activated during Main Phase 1. Select 1 face-up monster on the field. Each time the selected monster inflicts Battle Damage to your opponent's Life Points this turn, your opponent randomly discards 1 card.	
144	The Shadow Who Controls the Dark	800	700	3	Fiend	DARK	None	None	A shadow that dwells in the dark, paralyzing its opponents and rendering them harmless.	
772	The Shallow Grave	0	0	0	Spell	Spell	Spell	None	Both players select 1 monster from their respective Graveyards and Special Summon them to the field in face-down Defense Position.	
40	The Snake Hair	1500	1200	4	Zombie	DARK	None	None	A monster with a head of poison snakes. One look from this monster can turn an opponent to stone.	
1301	The Spell Absorbing Life	0	0	0	Trap	Trap	Trap	None	Flip all face-down Defense Position Monster Cards on the field face-up. Flip Effects are not activated at this time. Increase your Life Points by 400 points for each Effect Monster Card on the field.	
429	The Statue of Easter Island	1100	1400	4	Rock	EARTH	None	None	A stone monument from Easter Island that launches laser blasts from its rock-hewn lips.	
1455	The Thing in the Crater	1000	1200	4	Pyro	FIRE	Effect	None	When this card is destroyed and sent from the field to the Graveyard, you can Special Summon 1 Pyro-Type Monster from your hand.	
513	The Thing That Hides in the Mud	1200	1300	4	Rock	EARTH	None	None	This monster melts its way underground to attack enemies from below.	
1603	The Third Sarcophagus	0	0	0	Spell	Spell	Spell	Continuous	This card can only be placed on the field by the effect of @5"The First Sarcophagus"@7.	
1682	The Tricky	2000	1200	5	Spellcaster	WIND	Effect	None	This card can be Special Summoned from your Hand by discarding one other card from your Hand.	
1654	The Trojan Horse	1600	1200	4	Beast	EARTH	Effect	None	If you Tribute Summon an EARTH monster, you can treat this 1 monster as 2 Tribute Monsters for the Tribute Summon.	
1518	The Unhappy Girl	400	300	2	Spellcaster	LIGHT	Effect	None	While this card is in face-up Attack Position on the field, this card is not destroyed as a result of battle. (Damage calculation is applied normally.) A monster that battled with this card cannot change its battle position, except with a card effect, or attack while this card is in face-up Attack Position on the field.	
695	The Unhappy Maiden	0	100	1	Spellcaster	LIGHT	Effect	None	When this card is sent to the Graveyard as a result of battle, the Battle Phase for that turn ends immediately.	
461	The Wandering Doomed	800	600	2	Zombie	DARK	None	None	A monster that wanders the edges of the netherworld.	
1026	The Warrior Returning Alive	0	0	0	Spell	Spell	Spell	None	Select 1 Warrior-Type monster in your Graveyard and add it to your hand.	
25	The Wicked Worm Beast	1400	700	3	Beast	EARTH	Effect	None	This face-up card on the field is returned to the owner's hand during the End Phase of your turn.	
1571	Theban Nightmare	1500	500	4	Fiend	LIGHT	Effect	None	While there are no cards in the hand and in the Spell & Trap Card Zones of this card's controller, increase the ATK of this card by 1500 points.	
1624	Theinen the Great Sphinx	3500	3000	10	Beast	LIGHT	Effect	None	This card cannot be Normal Summoned or Set. This card cannot be Special Summoned except by paying 500 Life Points when both @5"Andro Sphinx"@7 and @5"Sphinx Teleia"@7 on your side of the field are destroyed at the same time; then you can Special Summon this monster from your hand or Deck. When this card is Special Summoned successfully, pay 500 Life Points to increase the ATK of this card by 3000 points until the end of the End Phase.	
75	Thousand Dragon	2400	2000	7	Dragon	WIND	Fusion	None	@5"Time Wizard"@7 + @5"Baby Dragon"@7	
76	Thousand Dragon	2400	2000	7	Dragon	WIND	Fusion	None	@5"Time Wizard"@7 + @5"Baby Dragon"@7	
1601	Thousand Energy	0	0	0	Spell	Spell	Spell	None	Increase the original ATK and DEF of all face-up Level 2 Normal Monsters (except Tokens) on your side of the field by 1000 points until the End Phase. Destroy all Level 2 Normal Monsters on your side of the field during the End Phase.	
912	Thousand Knives	0	0	0	Spell	Spell	Spell	None	You can only activate this card when you have a face-up @5"Dark Magician"@7 on your side of the field. Destroy 1 monster on your opponent's side of the field.	
1328	Thousand Needles	1000	1800	4	Beast	EARTH	Effect	None	When this Defense Position card is attacked and if the DEF of this card is higher than the ATK of the attacking monster, destroy the attacking monster at the end of the Damage Step.	
593	Thousand-Eyes Idol	0	0	1	Spellcaster	DARK	None	None	A wicked entity that controls the hearts of men, its thousand eyes are able to see and expand the negative influences in an individual's soul.	
594	Thousand-Eyes Restrict	0	0	1	Spellcaster	DARK	Fusion/Effect	None	@5"Relinquished"@7 + @5"Thousand-Eyes Idol"@7 As long as this card remains face-up on the field, other monsters cannot change their Battle Positions or attack. Select 1 monster on your opponent's side of the field and equip it to this card (this effect can only be used once per turn and you can only equip 1 monster at a time to this card). The ATK and DEF of this card become the same amounts as the monster equipped to this card. If this card is destroyed as a result of battle, the equipped monster is destroyed instead.	
606	Three-Headed Geedo	1200	1400	4	Fiend	DARK	None	None	A three-headed nocturnal monster that is absolutely ruthless when fighting.	
316	Three-Legged Zombies	1100	800	3	Zombie	DARK	None	None	A pair of friendly skeletons, lean and fat, that travel with extreme difficulty.	
1014	Throwstone Unit	900	2000	4	Warrior	EARTH	Effect	None	Offer 1 Warrior-Type monster on your side of the field as a Tribute to destroy 1 face-up monster on the field whose DEF is equal to or lower than the ATK of this monster.	
1432	Thunder Crash	0	0	0	Spell	Spell	Spell	None	Destroy all monsters on your side of the field. Inflict damage to your opponent's Life Points equal to the number of monsters destroyed x 300 points.	
364	Thunder Dragon	1600	1500	5	Thunder	LIGHT	Effect	None	Discard this card from your hand to the Graveyard to add up to 2 @5"Thunder Dragon"@7 cards from your Deck to your hand. Then shuffle your Deck. You can only use this effect during your Main Phase.	
821	Thunder Nyan Nyan	1900	800	4	Thunder	LIGHT	Effect	None	If there is a non-LIGHT monster on your side of the field, destroy this face-up card.	
1246	Thunder of Ruler	0	0	0	Trap	Trap	Trap	None	You can only activate this card during your opponent's Standby Phase. Your opponent cannot conduct his/her Battle Phase this turn.	
70	Tiger Axe	1300	1100	4	Beast-Warrior	EARTH	None	None	A fast and powerful axe-wielding beast-warrior.	
71	Tiger Axe	1300	1100	4	Beast-Warrior	EARTH	None	None	A fast and powerful axe-wielding beast-warrior.	
641	Time Machine	0	0	0	Trap	Trap	Trap	None	When 1 monster is sent to the Graveyard as a result of battle, you can return it to the field in the same battle position as a Special Summon.	
788	Time Seal	0	0	0	Trap	Trap	Trap	None	Skip the Draw Phase of your opponent's next turn.	
16	Time Wizard	500	400	2	Spellcaster	LIGHT	Effect	None	Toss a coin and call it. If you call it right, destroy all monsters on your opponent's side of the field. If you call it wrong, destroy all monsters on your side of the field. In addition, you lose Life Points equal to half the total ATK of the destroyed monsters. You can only use this effect once per turn, during your Main Phase.	
831	Timeater	1900	1700	6	Machine	DARK	Effect	None	If this monster destroys a monster on your opponent's side of the field in battle, your opponent skips his/her next Main Phase 1.	
1120	Timidity	0	0	0	Spell	Spell	Spell	None	Both players cannot destroy Set Spell and/or Trap Cards on the field until your opponent's next End Phase.	
136	Toad Master	1000	1000	3	Aqua	WATER	None	None	A hermit frog that has been in existence for thousands of years, it attacks with tadpoles.	
1867	Token Feastevil	0	0	0	Trap	Trap	Trap	None	You can only activate this card when a Token(s) is Special Summoned. Destroy all Tokens on the field, and inflict 300 points of damage to your opponent's Life Points for each destroyed Token.	
1341	Token Thanksgiving	0	0	0	Spell	Spell	Spell	None	Destroy all tokens on the field. Increase your Life Points by the number of tokens destroyed x 800 points.	
712	Toll	0	0	0	Spell	Spell	Spell	Continuous	Each player must pay 500 Life Points to declare an attack.	
452	Tongyo	1350	800	4	Fish	WATER	None	None	This monster captures other fish with its long tongue and sucks the energy out of them.	
339	Toon Alligator	800	1600	4	Reptile	WATER	None	None	An alligator monster straight from the cartoons.	
1141	Toon Cannon Soldier	1400	1300	4	Machine	DARK	Toon	None	This card cannot attack during the turn that it is Normal Summoned, Flip Summoned, or Special Summoned. When @5"Toon World"@7 on the field is destroyed, destroy this card. If @5"Toon World"@7 is on your side of the field and your opponent does not control a Toon Monster, this card can attack your opponent's Life Points directly. Tribute 1 monster on your side of the field to inflict 500 points of damage to your opponent's Life Points.	
1132	Toon Dark Magician Girl	2000	1700	6	Spellcaster	DARK	Toon	None	This card cannot be Special Summoned unless @5"Toon World"@7 is on your Field. If @5"Toon World"@7 is destroyed, this card is also destroyed. If your opponent controls no Toon Monsters then this card can directly attack your opponent; if your opponent controls one or more Toon Monsters then choose a Toon Monster to attack. Also, this card receives 300 extra ATK for each @5"Dark Magician"@7 and/or @5"Magician of Black Chaos"@7 in your Graveyard and your opponent's Graveyard.	
1137	Toon Defense	0	0	0	Trap	Trap	Trap	Continuous	When your opponent's monster attacks a Level 4 or lower Toon Monster on your side of the field, you can make the attack a direct attack to your Life Points.	
1140	Toon Gemini Elf	1900	900	4	Spellcaster	EARTH	Toon	None	This card cannot attack during the turn that it is Normal Summoned, Flip Summoned, or Special Summoned. When @5"Toon World"@7 on the field is destroyed, destroy this card. If @5"Toon World"@7 is on your side of the field and your opponent does not control a Toon Monster, this card can attack your opponent's Life Points directly. When this card inflicts Battle Damage to your opponent's Life Points, your opponent discards 1 card randomly from his/her hand.	
1142	Toon Goblin Attack Force	2300	0	4	Warrior	EARTH	Toon	None	This card cannot attack during the turn that it is Normal Summoned, Flip Summoned, or Special Summoned. When @5"Toon World"@7 on the field is destroyed, destroy this card. If @5"Toon World"@7 is on your side of the field and your opponent does not control a Toon Monster, this card can attack your opponent's Life Points directly. If this card attacks, it is changed to Defense Position at the end of the Battle Phase, and you cannot change this Battle Position until the end of your next turn.	
1139	Toon Masked Sorcerer	900	1400	4	Spellcaster	DARK	Toon	None	This card cannot attack during the turn that it is Normal Summoned, Flip Summoned, or Special Summoned. When @5"Toon World"@7 on the field is destroyed, destroy this card. If @5"Toon World"@7 is on your side of the field and your opponent does not control a Toon Monster, this card can attack your opponent's Life Points directly. When this card inflicts Battle Damage to your opponent's Life Points, draw 1 card from your Deck.	
590	Toon Mermaid	1400	1500	4	Aqua	WATER	Toon	None	This card cannot be Normal Summoned or Set. This card can only be Special Summoned while @5"Toon World"@7 is on your side the field. You can Special Summon this monster from your hand, but Tributes are required for monsters Level 5 or more. This card cannot attack in the turn that it is Summoned. Unless you pay 500 Life Points, this monster cannot attack. When @5"Toon World"@7 on the field is destroyed, this card is also destroyed. If your opponent doesn't control a Toon Monster, this card can attack your opponent's Life Points directly. If a face-up Toon Monster is on your opponent's side of the field, your must select the Toon Monster as an attack target.	
591	Toon Summoned Skull	2500	1200	6	Fiend	DARK	Toon	None	This card cannot be Normal Summoned or Set. This card can only be Special Summoned while @5"Toon World"@7 is on your side the field. You can Special Summon this monster from your hand, but Tributes are required for monsters Level 5 or more. This card cannot attack in the turn that it is Summoned. Unless you pay 500 Life Points, this monster cannot attack. When @5"Toon World"@7 on the field is destroyed, this card is also destroyed. If your opponent doesn't control a Toon Monster, this card can attack your opponent's Life Points directly. If a face-up Toon Monster is on your opponent's side of the field, your must select the Toon Monster as an attack target.	
1138	Toon Table of Contents	0	0	0	Spell	Spell	Spell	None	Add 1 card from your Deck to your hand that includes @5"Toon"@7 in its card name, or is named @5"Manga Ryu-Ran"@7.	
643	Toon World	0	0	0	Spell	Spell	Spell	Continuous	Pay 1000 Life Points to activate this card.	
644	Toon World	0	0	0	Spell	Spell	Spell	Continuous	Pay 1000 Life Points to activate this card.	
52	Torike	1200	600	3	Beast	EARTH	None	None	Although a poor defender, this monster's sharp horn gives it an edge when attacking.	
967	Tornado Bird	1100	1000	4	Winged Beast	WIND	Effect	None	FLIP: Return 2 Spell or Trap Cards on the field to the hands of their owner.	
868	Tornado Wall	0	0	0	Trap	Trap	Trap	Continuous	This card can only be activated when @5"Umi"@7 is active on the field. As long as @5"Umi"@7 remains face-up on the field, any damage from attacking monsters to your Life Points becomes 0. When @5"Umi"@7 is removed from the field, this card is also destroyed.	
1470	Torpedo Fish	1000	1000	3	Fish	WATER	Effect	None	While @5"Umi"@7 is face-up on the field, this card is unaffected by any Spell Cards.	
637	Total Defense Shogun	1550	2500	6	Warrior	DARK	Effect	None	This card is changed to Defense Position when it is Normal Summoned or Flip Summoned successfully. This card can attack while it is in Defense Position. If this card attacks while in Defense Position, apply the ATK of this card for damage calculation.	
1439	Tower of Babel	0	0	0	Trap	Trap	Trap	Continuous	Each time you or your opponent activates a Spell Card, put 1 Spell Counter on this card. When the 4th Spell Counter is put on this card, destroy this card and inflict 3000 points of damage to the player that activated the Spell Card at that time.	
662	Tragedy	0	0	0	Trap	Trap	Trap	None	You can only activate this card when a monster on your opponent's side of the field in face-up Attack Position is changed to face-up Defense Position. Destroy all Defense Position monsters on your opponent's side of the field.	
474	Trakadon	1300	800	3	Dinosaur	EARTH	None	None	A tiger-striped dragon that is often seen racing across the wasteland at tremendous speeds.	
1892	Transcendent Wings	0	0	0	Spell	Spell	Spell	Quick-Play	Send to the Graveyard 1 @5"Winged Kuriboh"@7 from your side of the field and 2 cards from your hand. Special Summon 1 @5"Winged Kuriboh LV10"@7 from your hand or Deck.	
1130	Trap Dustshoot	0	0	0	Trap	Trap	Trap	None	You can activate this card only when your opponent has 4 or more cards in his/her hand. Look at your opponent's hand, then select 1 Monster Card and return it to its owner's Deck. Then shuffle the Deck.	
668	Trap Hole	0	0	0	Trap	Trap	Trap	None	When your opponent Normal Summons or Flip Summons a monster with an ATK of 1000 points or more, destroy the monster.	
1497	Trap Jammer	0	0	0	Trap	Trap	Trap	Counter	You can only activate this card when your opponent activates a Trap Card during the Battle Phase. Negate the activation of the Trap Card and destroy it.	
211	Trap Master	500	1100	3	Warrior	EARTH	Effect	None	FLIP: Select 1 Trap Card on the field and destroy it. If the selected card is Set, pick up and see the card. If it is a Trap Card, it is destroyed. If it is a Spell Card, return it to its original position.	
307	Tremendous Fire	0	0	0	Spell	Spell	Spell	None	Inflict 1000 points of damage to your opponent's Life Points and 500 points of damage to your Life Points.	
571	Tri-Horned Dragon	2850	2350	8	Dragon	DARK	None	None	An unworthy dragon with three sharp horns sprouting from its head.	
1935	Triage	0	0	0	Trap	Trap	Trap	Counter	By paying 1000 Life Points you can destroy all Monster cards in face-up position on the Field and prevent any cards of the same type from being Summoned, Flip Summoned, or Special Summoned.	
122	Trial of Nightmare	1300	900	4	Fiend	DARK	None	None	This fiend passes judgment on enemies that are locked in coffins.	
2059	Trial of the Princesses	0	0	0	Spell	Spell	Spell	Equip	You can only equip this card to @5"White Magician Pikeru"@7 or @5"Ebon Magician Curran"@7. Increase the ATK of the equipped monster by 800 points. During a turn that the equipped monster destroyed a Level 5 or higher monster as a result of battle, by Tributing the equipped monster and this card, Special Summon from your hand or Deck: 1 @5"Princess Pikeru"@7 if you Tributed @5"White Magician Pikeru"@7, or 1 @5"Princess Curran"@7 if you Tributed @5"Ebon Magician Curran"@7.	
1732	Triangle Ecstasy Spark	0	0	0	Spell	Spell	Spell	None	Until the End Phase of this turn, the ATK of all @5"Harpie Lady Sisters"@7 becomes 2700, your opponent cannot activate any Trap Cards, and the effect of every Trap Card on your opponent's side of the field is negated.	
1602	Triangle Power	0	0	0	Spell	Spell	Spell	None	Increase the original ATK and DEF of all face-up Level 1 Normal Monsters (except Tokens) on your side of the field by 2000 points until the End Phase. Destroy all Level 1 Normal Monsters on your side of the field during the End Phase.	
1280	Tribe-Infecting Virus	1600	1000	4	Aqua	WATER	Effect	None	Discard 1 card from your hand and declare 1 Type of monster. Destroy all face-up monsters of the declared Type on the field.	
1243	Tribute Doll	0	0	0	Spell	Spell	Spell	None	Tribute 1 monster on your side of the field to activate this card. Special Summon 1 Level 7 monster that can be Normal Summoned from your hand. That monster cannot attack this turn.	
679	Tribute to The Doomed	0	0	0	Spell	Spell	Spell	None	Discard 1 card from your hand. Select 1 monster on the field and destroy it.	
2093	Tricky Token	2000	1200	5	Spellcaster	WIND	Token	None	Special Summon with the effect of @5"Tricky's Magic 4"@7. This Token cannot declare an attack.	
1688	Tricky's Magic 4	0	0	0	Spell	Spell	Spell	Quick-Play	Activate by sending one @5"The Tricky"@7 card that is face up on your field to the Graveyard. When activating this card, only the monsters that are in your opponent's field are Special Summoned in Defensive Position as @5"Tricky Tokens"@7 (Spellcaster-Type/WIND/5 Star/ATK 2000/DEF 1200). These Tokens cannot declare an attack.	
388	Tripwire Beast	1200	1300	4	Thunder	EARTH	None	None	This creature attacks with electromagnetic waves.	
1037	Troop Dragon	700	800	2	Dragon	WIND	Effect	None	If this card is destroyed and sent to the Graveyard as a result of battle, select and Special Summon 1 @5"Troop Dragon"@7 from your Deck to your side of the field. Then shuffle your Deck.	
433	Turtle Bird	1900	1700	6	Aqua	WATER	None	None	An unusual turtle that not only swims at tremendous speeds, but can also sail across the skies.	
561	Turtle Oath	0	0	0	Spell	Spell	Spell	Ritual	This card is used to Ritual Summon @5"Crab Turtle"@7. You must also offer monsters whose total Level Stars equal 8 or more as a Tribute from the field or your hand.	
420	Turtle Raccoon	700	900	3	Aqua	WATER	None	None	A cunning raccoon protected by a solid turtle shell, it attacks with deception.	
183	Turtle Tiger	1000	1500	4	Aqua	WATER	None	None	A tiger encased in a protective shell that attacks with razor-sharp fangs.	
1122	Tutan Mask	0	0	0	Trap	Trap	Trap	Counter	Negate the activation and the effect of a Spell or Trap Card that targets 1 face-up Zombie-Type monster and destroy it.	
194	Twin Long Rods	900	700	3	Aqua	WATER	None	None	With whip-like arms, this creature can attack enemies from a distance.	
502	Twin Long Rods~2	850	700	3	Aqua	WATER	None	None	An amphibious creature with two whip-like tails.	
1337	Twin Swords of Flashing Light - Tryce	0	0	0	Spell	Spell	Spell	Equip	Send 1 card from your hand to your Graveyard to equip this card. Decrease the ATK of a monster equipped with this card by 500 points. A monster equipped with this card can attack twice during the same Battle Phase.	
823	Twin-Headed Behemoth	1500	1200	3	Dragon	WIND	Effect	None	If this card is destroyed and sent from the field to the Graveyard, it will be Special Summoned during the End Phase with ATK and DEF of 1000. You can only use this effect once in the Duel.	
776	Twin-Headed Fire Dragon	2200	1700	6	Pyro	FIRE	None	None	Two dragons fused as one from the effects of the Big Bang.	
508	Twin-Headed Thunder Dragon	2800	2100	7	Thunder	LIGHT	Fusion	None	@5"Thunder Dragon"@7 + @5"Thunder Dragon"@7	
1007	Twin-Headed Wolf	1500	1000	4	Fiend	DARK	Effect	None	When there is another face-up Fiend-Type monster on your side of the field, negate the effect of Flip Effect Monsters destroyed by this card as a result of battle.	
1499	Twinheaded Beast	1700	1900	6	Beast	FIRE	Effect	None	This card can attack twice during the same Battle Phase.	
1532	Two Thousand Needles	2000	1800	5	Beast	EARTH	Effect	None	When this Defense Position card is attacked and the ATK of the attacking monster is lower than the DEF of this card, destroy the attacking monster at the end of the Damage Step.	
34	Two-Headed King Rex	1600	1200	4	Dinosaur	EARTH	None	None	A powerful monster whose two heads attack as one.	
1669	Two-Man Cell Battle	0	0	0	Spell	Spell	Spell	Continuous	During each player's End Phase, each player can Special Summon 1 Level 4 Normal Monster from his/her hand.	
206	Two-Mouth Darkruler	900	700	3	Dinosaur	EARTH	None	None	A dinosaur with two deadly jaws, it stores electricity in its horn and releases high voltage bolts from the mouth on its back.	
671	Two-Pronged Attack	0	0	0	Trap	Trap	Trap	None	Select and destroy 2 of your monsters and 1 of your opponent's monsters.	
13	Tyhone	1200	1400	4	Winged Beast	WIND	None	None	Capable of firing cannonballs from its mouth for long-range attacks, this creature is particularly effective in mountain battles.	
908	Type Zero Magic Crusher	0	0	0	Trap	Trap	Trap	Continuous	Discard 1 Spell Card from your hand to inflict 500 points of damage to your opponent's Life Points.	
1912	Tyranno Infinity	65535	0	4	Dinosaur	EARTH	Effect	None	The original ATK of this card becomes the number of your Dinosaur-Type monsters that are removed from play x 1000 points.	
1029	Tyrant Dragon	2900	2500	8	Dragon	FIRE	Effect	None	When there is a monster on your opponent's side of the field after this monster's first attack of your Battle Phase, this monster can attack once again during the same Battle Phase. In addition, negate the effect of a Trap Card that targets this card and destroy it. If this card is Special Summoned from the Graveyard by another card's effect, you must Tribute 1 Dragon-Type monster on your side of the field.	
732	UFO Turtle	1400	1200	4	Machine	FIRE	Effect	None	When this card is sent to the Graveyard as a result of battle, you can Special Summon 1 FIRE monster with an ATK of 1500 or less in face-up Attack Position from your Deck. Then shuffle your Deck.	
1878	UFOroid	1200	1200	6	Machine	LIGHT	Effect	None	When this card is destroyed as a result of battle and sent to the Graveyard, you can Special Summon from your Deck 1 Machine-Type monster with an ATK of 1500 or less in face-up Attack Position. Then shuffle your Deck.	
1884	UFOroid Fighter	65535	65535	10	Machine	LIGHT	Fusion/Effect	None	@5"UFOroid"@7 + @51 Warrior-Type monster@7 A Fusion Summon of this card can only be conducted with the above Fusion Material Monsters. The original ATK and DEF of this card become equal to the combined original ATK of the 2 Fusion Material monsters you used for the Fusion Summon of this card.	
1646	Ultimate Baseball Kid	500	1000	3	Warrior	FIRE	Effect	None	Increase the ATK of this card by 1000 points for each FIRE monster on the field other than this card. Send a FIRE monster other than this card to the Graveyard to inflict 500 points of damage to your opponent's Life Points.	
1631	Ultimate Insect LV1	0	0	1	Insect	WIND	Effect	None	As long as this card remains face-up on your side of the field, it is unaffected by any Spell Cards. During your Standby Phase, send this face-up card to the Graveyard to Special Summon 1 @5"Ultimate Insect LV3"@7 from your hand or Deck. (You cannot activate this effect the turn this card is Normal Summoned, Special Summoned, or flipped face-up.)	
1703	Ultimate Insect LV3	1400	900	3	Insect	WIND	Effect	None	If this card was Special Summoned by the effect of @5"Ultimate Insect LV1"@7, as long as this card remains on the field, decrease the ATK of all your opponent's monsters by 300 points. During your Standby Phase, send this face-up card to the Graveyard to Special Summon 1 @5"Ultimate Insect LV5"@7 from your hand or Deck. (You cannot activate this effect the turn this card is Normal Summoned, Special Summoned, or flipped face-up.)	
1759	Ultimate Insect LV5	2300	900	5	Insect	WIND	Effect	None	If this card was Special Summoned by the effect of @5"Ultimate Insect LV3"@7, as long as this card remains on the field, decrease the ATK of all your opponent's monsters by 500 points. During your Standby Phase, send this face-up card to the Graveyard to Special Summon 1 @5"Ultimate Insect LV7"@7 from your hand or Deck. (You cannot activate this effect the turn this card is Normal Summoned, Special Summoned, or flipped face-up.)	
1823	Ultimate Insect LV7	2600	1200	7	Insect	WIND	Effect	None	If this card was Special Summoned by the effect of @5"Ultimate Insect LV5"@7, as long as this card remains face-up on your side of the field, decrease the ATK and DEF of all your opponent's monsters by 700 points.	
1286	Ultimate Obedient Fiend	3500	3000	10	Fiend	FIRE	Effect	None	This card can only attack if this card is the only card on your side of the field and if you also have no cards in your hand. The effects of Effect Monsters that this card destroys are negated.	
678	Ultimate Offering	0	0	0	Trap	Trap	Trap	Continuous	At the cost of 500 Life Points per monster, a player is allowed an extra Normal Summon or Set.	
1485	Ultra Evolution Pill	0	0	0	Spell	Spell	Spell	None	Tribute 1 Reptile-Type monster on your side of the field. Special Summon 1 Dinosaur-Type Monster from your hand.	
296	Umi	0	0	0	Spell	Spell	Spell	Field	Increase the ATK and DEF of all Fish, Sea Serpent, Thunder, and Aqua-Type monsters by 200 points. Decrease the ATK and DEF of all Machine and Pyro-Type monsters by 200 points.	
746	Umiiruka	0	0	0	Spell	Spell	Spell	Field	Increase the ATK of all WATER monsters by 500 points and decrease their DEF by 400 points.	
1807	Union Attack	0	0	0	Spell	Spell	Spell	None	Activate by selecting 1 Monster face-up on your Field. During the Battle Phase of this turn, the selected Monster's ATK is increased in an amount equal to the total ATK of every other Monster face-up in Attack Position on your Field. This monster cannot inflict battle damage against your opponent. Additionally, other Monsters in face-up Attack Position cannot attack.	
1216	United Resistance	1000	400	3	Thunder	WIND	None	None	The people that gather to swear to fight their oppressors. A revolution is coming.	
928	United We Stand	0	0	0	Spell	Spell	Spell	Equip	Increase the ATK and DEF of the equipped monster by 800 points for each face-up monster you control.	
1352	Unity	0	0	0	Spell	Spell	Spell	Quick-Play	Select one Monster on your Field. The selected Monster's DEF becomes the sum of the original DEF of all face-up Monsters on your Field until your End Phase.	
252	Unknown Warrior of Fiend	1000	500	3	Warrior	DARK	None	None	The speed of this warrior creates an intense vacuum that can slice through a monster's hide.	
1653	Unshaven Angler	1500	1600	4	Fish	WATER	Effect	None	If you Tribute Summon a WATER monster, you can treat this 1 monster as 2 Tribute Monsters for the Tribute Summon.	
711	Upstart Goblin	0	0	0	Spell	Spell	Spell	None	Draw 1 card from your Deck. Increase your opponent's Life Points by 1000 Life Points.	
86	Uraby	1500	800	4	Dinosaur	EARTH	None	None	Fast on its feet, this dinosaur rips enemies to shreds with its sharp claws.	
2012	Uria, Lord of Searing Flames	0	0	10	Pyro	FIRE	Effect	None	This card cannot be Normal Summoned or Set. This card cannot be Special Summoned except by sending 3 face-up Trap Cards from your side of the field to the Graveyard. Increase the ATK of this card by 1000 points for each Continuous Trap Card in your Graveyard. Once per turn, you can destroy 1 Set Spell or Trap Card on your opponent's side of the field. Spell and Trap Cards cannot be activated in response to this effect's activation.	
1944	V-Tiger Jet	1600	1800	4	Machine	LIGHT	None	None	This ace fighter is unbeatable in a dogfight. It combines with other monsters to launch an array of encircling attacks.	
798	Valkyrion the Magna Warrior	3500	3850	8	Rock	EARTH	Effect	None	This card can only be Special Summoned by offering @5"Alpha The Magnet Warrior"@7, @5"Beta The Magnet Warrior"@7, and @5"Gamma The Magnet Warrior"@7 from your hand or the field as a Tribute. If @5"Alpha The Magnet Warrior"@7, @5"Beta The Magnet Warrior"@7, and @5"Gamma The Magnet Warrior"@7 exist in the Graveyard, you can offer this card as a Tribute to Special Summon these 3 cards to the field.	
1811	Vampire Genesis	3000	2100	8	Zombie	DARK	Effect	None	This card cannot be Normal Summoned or Set. This card cannot be Special Summoned except by removing 1 @5"Vampire Lord"@7 on your side of the field from play. Discard 1 Zombie-Type monster from your hand to the Graveyard to select and Special Summon 1 Zombie-Type monster from your Graveyard with a Level less than the discarded Zombie-Type monster. You can only use this effect once per turn.	
1521	Vampire Lady	1550	1550	4	Zombie	DARK	Effect	None	Each time this card inflicts Battle Damage to your opponent's Life Points, declare 1 card type (Monster, Spell, or Trap). Your opponent selects 1 card of that type from their Deck and sends it to the Graveyard.	
1096	Vampire Lord	2000	1500	5	Zombie	DARK	Effect	None	Each time this card inflicts Battle Damage to your opponent's Life Points, declare 1 card type (Monster, Spell, or Trap). Your opponent selects 1 card of that type from his/her Deck and sends it to the Graveyard. Also, if this card is destroyed and sent to your Graveyard by your opponent's card effect, it is Special Summoned to the field during your next Standby Phase.	
1224	Vampire Orchis	1700	1000	4	Plant	EARTH	Effect	None	When this monster is Normal Summoned successfully, you can Special Summon 1 @5"Des Dendle"@7 from your hand.	
989	Vengeful Bog Spirit	0	0	0	Spell	Spell	Spell	Continuous	All monsters on the field cannot attack during the same turn that they are Normal Summoned, Flip Summoned or Special Summoned.	
398	Vermillion Sparrow	1900	1500	5	Pyro	FIRE	Fusion	None	@5"Rhaimundos of the Red Sword"@7 + @5"Fireyarou"@7	
254	Versago the Destroyer	1100	900	3	Fiend	DARK	Effect	None	You can substitute this card for any 1 Fusion-Material Monster. When you do this, the other Fusion-Material Monster(s) must be the correct one(s).	
1446	Victory D.	2400	3000	8	Dragon	DARK	Effect	None	This card cannot be Special Summoned. You must sacrifice 3 Dragon Monster Cards from your Field and Tribute Summon it. If you use this card to reduce your opponent's Life Points to 0 in a direct attack, the controller of this card wins the match.	
1368	Vilepawn Archfiend	1200	200	2	Fiend	EARTH	Effect	None	The controller of this card pays 500 Life Points during each of his/her Standby Phases (this is not optional). When this card is targeted by the effect of a card controlled by your opponent, when resolving the effect, roll a six-sided die. If the result is 3, negate the effect and destroy the opponent's card. As long as this card remains on the field, your opponent cannot attack any Archfiend Monster Card on your side of the field except @5"Vilepawn Archfiend"@7.	
495	Violent Rain	1550	800	4	Aqua	WATER	None	None	This monster can call up sudden torrents of battering rain.	
996	Viser Des	500	1200	4	Fiend	DARK	Effect	None	On your third Standby Phase after successfully summoning this card, you may destroy one of your opponent's monsters. This card cannot be destroyed in battle until this effect has been carried out (damage calculation is applied normally).	
997	Viser Des	500	1200	4	Fiend	DARK	Effect	None	On your third Standby Phase after successfully summoning this card, you may destroy one of your opponent's monsters. This card cannot be destroyed in battle until this effect has been carried out (damage calculation is applied normally).	
224	Vishwar Randi	900	700	3	Warrior	DARK	None	None	This lady warrior with unquenchable bloodlust serves the forces of darkness.	
800	Vorse Raider	1900	1200	4	Beast-Warrior	DARK	None	None	The axe in the hand of this evil animal has tasted the blood of many monsters.	
801	Vorse Raider	1900	1200	4	Beast-Warrior	DARK	None	None	The axe in the hand of this evil animal has tasted the blood of many monsters.	
1954	VW-Tiger Catapult	2000	2100	6	Machine	LIGHT	Fusion/Effect	None	@5"V-Tiger Jet"@7 + @5"W-Wing Catapult"@7 This card can only be Special Summoned from your Fusion Deck by removing from play the above cards on your side of the field. (You do not use @5"Polymerization"@7). By discarding 1 card from your hand, change the battle position of 1 monster on your opponent's side of the field. (Flip Effects are not activated at this time.)	
1955	VWXYZ-Dragon Catapult Cannon	3000	2800	8	Machine	LIGHT	Fusion/Effect	None	@5"VW-Tiger Catapult"@7 + @5"XYZ-Dragon Cannon"@7 This card can only be Special Summoned from your Fusion Deck by removing from play the above cards on your side of the field. (You do not use @5"Polymerization"@7). Once per turn, remove from play 1 card on your opponent's side of the field. When this card attacks, you can change the battle position of the attack-target monster. (Flip Effects are not activated at this time.)	
1947	W-Wing Catapult	1300	1500	4	Machine	LIGHT	Union	None	Once per turn, during your Main Phase, if you control this card on the field, you can equip it to your @5"V-Tiger Jet"@7 as an Equip Card, OR unequip the Union equipment and Special Summon this card in face-up Attack Position. While equipped to a monster by this card's effect, increase the ATK and DEF of the equipped monster by 400 points. (1 monster can only be equipped with 1 Union Monster at a time. If the equipped monster is destroyed as a result of battle, destroy this card instead.)	
704	Waboku	0	0	0	Trap	Trap	Trap	None	Make all Battle Damage inflicted by monsters on your opponent's side of the field 0 during this turn.	
698	Wall of Illusion	1000	1850	4	Fiend	DARK	Effect	None	The monster attacking this monster is returned to its owner's hand. The damage calculation is applied normally.	
1550	Wall of Revealing Light	0	0	0	Trap	Trap	Trap	Continuous	When you activate this card, pay any multiple of 1000 Life Points. None of your opponent's monsters with ATK equal to or less than the Life Points you paid can attack.	
327	Wall Shadow	1600	3000	7	Warrior	DARK	Effect	None	You cannot Normal Summon this monster. This card can only be Special Summoned by offering @5"Labyrinth Wall"@7 equipped with @5"Magical Labyrinth"@7 as a Tribute. No other Tribute Monsters are necessary.	
1102	Wandering Mummy	1500	1500	4	Zombie	EARTH	Effect	None	You can flip this card into face-down Defense Position once per turn during your Main Phase. After you use this effect, rearrange the face-down Defense Position monsters on your side of the field, then return them in face-down Defense Position.	
549	War-Lion Ritual	0	0	0	Spell	Spell	Spell	Ritual	This card is used to Ritual Summon @5"Super War-Lion"@7. You must also offer monsters whose total Level Stars equal 7 or more as a Tribute from the field or your hand.	
1017	Warrior Dai Grepher	1700	1600	4	Warrior	EARTH	None	None	The warrior who can manipulate dragons. Nobody knows his mysterious past.	
1938	Warrior Lady of the Wasteland	1100	1200	4	Warrior	EARTH	Effect	None	When this card is destroyed as a result of battle and sent to the Graveyard, you can Special Summon 1 EARTH Warrior-Type monster with an ATK of 1500 or less in face-up Attack Position from your Deck to your side of the field. Then shuffle your Deck.	
511	Warrior of Tradition	1900	1700	6	Warrior	EARTH	Fusion	None	@5"Sonic Maid"@7 + @5"Beautiful Headhuntress"@7	
1510	Warrior of Zera	1600	1600	4	Warrior	EARTH	None	None	A wandering warrior who seeks the sanctuary where he can gain the power of the Archlords. To escape the temptation of evil fiends, he fights solo day by day.	
293	Wasteland	0	0	0	Spell	Spell	Spell	Field	Increases the ATK and DEF of all Dinosaur, Zombie, and Rock-Type monsters by 200 points.	
1626	Watapon	200	300	1	Fairy	LIGHT	Effect	None	If this card is added to your hand from your Deck by the effect of a Spell, Trap, or Monster Card, you can Special Summon this card on your side of the field.	
1952	Water Dragon	2800	2600	8	Sea Serpent	WATER	Effect	None	This card cannot be Normal Summoned or Set. This card cannot be Special Summoned except by the effect of @5"Bonding - H2O"@7. While this card is face-up on the field, the ATK of FIRE monsters and Pyro-Type monsters become 0. When this card is destroyed and sent to the Graveyard, you can Special Summon 2 @5"Hydrogeddon"@7s and 1 @5"Oxygeddon"@7 from your Graveyard.	
228	Water Element	900	700	3	Aqua	WATER	None	None	A sea-dwelling spirit that takes away sight by clouding the area in fog.	
372	Water Girl	1250	1000	4	Aqua	WATER	None	None	A lovely lady who can launch water projectiles that turn into lethal ice spikes before they reach an opponent.	
368	Water Magician	1400	1000	4	Aqua	WATER	None	None	This monster swamps an opponent with an almost endless supply of water.	
234	Water Omotics	1400	1200	4	Aqua	WATER	None	None	Transforms the water overflowing from a jar into attacking dragons.	
370	Waterdragon Fairy	1100	700	3	Aqua	WATER	None	None	A water fairy that is said to be able to summon a giant sea serpent.	
1244	Wave-Motion Cannon	0	0	0	Spell	Spell	Spell	Continuous	Send this card on the field to the Graveyard during your Main Phase. Inflict damage to your opponent's Life Points equal to the number of your Standby Phases that have passed after this card's activation x 1000 points.	
128	Weather Control	600	400	2	Fairy	LIGHT	None	None	This creature controls weather and is often the cause of mountain storms.	
1988	Weed Out	0	0	0	Trap	Trap	Trap	None	Pay 500 Life Points. Destroy all Level 3 monsters in face-up Attack Position on the field.	
255	Wetha	1000	900	3	Aqua	WATER	None	None	A spirit that controls rain and is capable of summoning hurricanes to blow the enemy away.	
532	Whiptail Crow	1650	1600	4	Fiend	DARK	None	None	Attacks from the skies with a whip-like tail.	
1780	Whirlwind Prodigy	1500	1600	4	Fairy	WIND	Effect	None	If you Tribute Summon a WIND monster, you can treat this 1 monster as 2 Tribute Monsters for the Tribute Summon.	
1234	White Dragon Ritual	0	0	0	Spell	Spell	Spell	Ritual	This card is used to Ritual Summon @5"Paladin of White Dragon"@7. You must also Tribute monsters whose total Levels equal 4 or more from the field or your hand.	
2011	White Horns D.	2200	1400	6	Dragon	DARK	Effect	None	When this card is Summoned or Special Summoned successfully, you can choose up to 5 Spell Cards from your opponent's Graveyard and remove them from the game. For each card removed using this effect, the ATK of this card increases by 300 points.	
117	White Magical Hat	1000	700	3	Spellcaster	LIGHT	Effect	None	When this card inflicts Battle Damage to your opponent's Life Points, your opponent discards 1 card randomly from his/her hand.	
1538	White Magician Pikeru	1200	0	2	Spellcaster	LIGHT	Effect	None	During your Standby Phase, increase your Life Points by 400 points for each monster on your side of the field.	
1838	White Ninja	1500	800	4	Warrior	LIGHT	Effect	None	FLIP: Destroy 1 Defense Position monster on the field.	
280	Wicked Dragon with the Ersatz Head	900	900	3	Dragon	WIND	None	None	A two-headed dragon with a pair of jaws that can tear an enemy to shreds.	
246	Wicked Mirror	700	600	2	Fiend	DARK	None	None	A wicked mirror that hypnotizes enemies, diverting attacks from their intended targets.	
2089	Wicked Plant Token	800	800	1	Plant	EARTH	Token	None	Special Summon with the effect of @5"Des Dendle"@7.	
2086	Wicked Token	1000	1000	4	Fiend	DARK	Token	None	Special Summon with the effect of @5"Statue of the Wicked"@7.	
1335	Wicked-Breaking Flamberge - Baou	0	0	0	Spell	Spell	Spell	Equip	Send 1 card from your hand to the Graveyard to equip this card. Increase the ATK of the equipped monster by 500 points. If a monster equipped with this card destroys a monster as a result of battle, the effect of that monster is negated.	
1424	Wild Nature's Release	0	0	0	Spell	Spell	Spell	None	Increase the ATK of 1 face-up Beast-Type or Beast-Warrior-Type monster on the field by an amount equal to its DEF until the end of the turn. Destroy the monster during the End Phase.	
416	Wilmee	1000	1200	4	Beast	EARTH	None	None	A rabid rabbit that tears its way through opposition with its sharp claws.	
797	Windstorm of Etaqua	0	0	0	Trap	Trap	Trap	None	Change the battle positions of all face-up monsters on your opponent's side of the field.	
249	Wing Egg Elf	500	1300	3	Fairy	LIGHT	None	None	This fairy in an eggshell uses massive wings to blow back almost any projectile attack.	
197	Winged Cleaver	700	700	2	Insect	EARTH	None	None	Few can withstand the scythe-like arms of this dangerous creature.	
10	Winged Dragon, Guardian of the Fortress	1400	1200	4	Dragon	WIND	None	None	A dragon commonly found guarding mountain fortresses. Its signature attack is a sweeping dive from out of the blue.	
460	Winged Dragon, Guardian of the Fortress~2	1200	1000	4	Winged Beast	WIND	None	None	This monster's wings are capable of generating tornadoes.	
1817	Winged Kuriboh	300	200	1	Fairy	LIGHT	Effect	None	When this card on the field is destroyed and sent to the Graveyard, its effect is activated. After activation, during this turn, any Battle Damage that the controller of this card takes becomes 0.	
1818	Winged Kuriboh	300	200	1	Fairy	LIGHT	Effect	None	When this card on the field is destroyed and sent to the Graveyard, its effect is activated. After activation, during this turn, any Battle Damage that the controller of this card takes becomes 0.	
1891	Winged Kuriboh LV10	300	200	10	Fairy	LIGHT	Effect	None	This card cannot be Normal Summoned or Set. This card cannot be Special Summoned except by the effect of @5"Transcendent Wings"@7. By Tributing this face-up card on your side of the field, destroy all face-up Attack Position monsters on your opponent's side of the field and inflict damage to your opponent's Life Points equal to the combined original ATK of those destroyed monster(s). You can only activate this effect during your opponent's Battle Phase.	
1005	Winged Minion	700	700	2	Fiend	DARK	Effect	None	Tribute this face-up card. Select 1 face-up Fiend-Type monster on the field. Increase the ATK and DEF of the monster by 700 points as long as it remains face-up on the field.	
1174	Winged Sage Falcos	1700	1200	4	Winged Beast	WIND	Effect	None	You can return your opponent's face-up Attack Position monster that is sent to the Graveyard by this monster as a result of battle to the top of his/her Deck.	
107	Wings of Wicked Flame	700	600	2	Pyro	FIRE	None	None	Crimson wings of fire make this a very lethal creature.	
902	Wingweaver	2750	2400	7	Fairy	LIGHT	None	None	A six-winged fairy who prays for peace and hope.	
1412	Witch Doctor of Chaos	500	500	2	Spellcaster	DARK	Effect	None	FLIP: Select 1 Monster Card from you or your opponent's Graveyard. Remove it from play.	
477	Witch of the Black Forest	1100	1200	4	Spellcaster	DARK	Effect	None	When this card is sent from the field to the Graveyard, select 1 monster with a DEF of 1500 or less from your Deck, show it to your opponent, and add it to your hand. Then shuffle your Deck.	
518	Witch's Apprentice	550	500	2	Spellcaster	DARK	Effect	None	As long as this card remains face-up on the field, increase the ATK of all DARK monsters by 500 points and decrease the ATK of all LIGHT monsters by 400 points.	
133	Witty Phantom	1400	1300	4	Fiend	DARK	None	None	Dressed in a night-black tuxedo, this creature presides over the darkness.	
67	Wolf	1200	800	3	Beast	EARTH	None	None	A rare wolf that can follow the slightest scent of an enemy.	
811	Wolf Axwielder	1650	1000	4	Beast-Warrior	EARTH	None	None	Once it has started battle, this monster attacks fiercely and cannot stop.	
218	Wood Clown	800	1200	3	Warrior	EARTH	None	None	A creature with a wicked smile and a lethal sickle.	
215	Wood Remains	1000	900	3	Zombie	DARK	None	None	A living corpse of wood re-animated by the powers of darkness.	
1697	Woodborg Inpachi	500	2500	5	Machine	FIRE	None	None	The new form of the enigmatic Inpachi, remodeled by cutting-edge Dark World technology. Maneuverability has been sacrificed for strong armor, which was considered more important.	
825	Woodland Sprite	900	400	3	Plant	EARTH	Effect	None	Send 1 Equip Card equipped to this card to the Graveyard. Inflict 500 points of damage for each Equip Card to your opponent's Life Points.	
841	Worm Drake	1400	1500	4	Reptile	EARTH	None	None	Once this monster wraps itself around a victim, there is no escape.	
455	Wow Warrior	1250	900	4	Fish	WATER	None	None	A fish with arms, legs, and some very sharp teeth.	
467	Wretched Ghost of the Attic	550	400	2	Fiend	DARK	None	None	A harmless monster found in just about any attic.	
1881	Wroughtweiler	800	1200	3	Machine	EARTH	Effect	None	When this card is destroyed as a result of battle and sent to the Graveyard, add from your Graveyard to your hand 1 card that includes @5"Elemental Hero"@7 in its card name, and 1 @5"Polymerization"@7.	
1842	Wynn the Wind Charmer	500	1500	3	Spellcaster	WIND	Effect	None	FLIP: Take control of 1 WIND monster on your opponent's side of the field, for as long as this card remains face-up on the field.	
1159	X-Head Cannon	1800	1500	4	Machine	LIGHT	None	None	A monster with a mighty cannon barrel, it is able to integrate its attacks. It attacks in many ways by combining and separating with other monsters.	
1742	Xing Zhen Hu	0	0	0	Trap	Trap	Trap	Continuous	Select 2 Set Spell or Trap Cards on the field and activate this card. As long as this card remains on the field, the selected Spell or Trap Cards cannot be activated.	
1201	XY-Dragon Cannon	2200	1900	6	Machine	LIGHT	Fusion/Effect	None	@5"X-Head Cannon"@7 + @5"Y-Dragon Head"@7 This card cannot be Special Summoned except by removing from play the above cards on your side of the field; then you can Special Summon this card from your Fusion Deck (You do not use @5"Polymerization"@7). Discard 1 card from your hand to destroy 1 face-up Spell or Trap Card on your opponent's side of the field.	
1203	XYZ-Dragon Cannon	2800	2600	8	Machine	LIGHT	Fusion/Effect	None	@5"X-Head Cannon"@7 + @5"Y-Dragon Head"@7 + @5"Z-Metal Tank"@7 This card can only be Special Summoned from your Fusion Deck by removing from play the above cards on your side of the field. (You do not use @5"Polymerization"@7). This card cannot be Special Summoned from the Graveyard. By discarding 1 card from your hand, destroy 1 card on your opponent's side of the field.	
1204	XYZ-Dragon Cannon	2800	2600	8	Machine	LIGHT	Fusion/Effect	None	@5"X-Head Cannon"@7 + @5"Y-Dragon Head"@7 + @5"Z-Metal Tank"@7 This card can only be Special Summoned from your Fusion Deck by removing from play the above cards on your side of the field. (You do not use @5"Polymerization"@7). This card cannot be Special Summoned from the Graveyard. By discarding 1 card from your hand, destroy 1 card on your opponent's side of the field.	
1205	XYZ-Dragon Cannon	2800	2600	8	Machine	LIGHT	Fusion/Effect	None	@5"X-Head Cannon"@7 + @5"Y-Dragon Head"@7 + @5"Z-Metal Tank"@7 This card can only be Special Summoned from your Fusion Deck by removing from play the above cards on your side of the field. (You do not use @5"Polymerization"@7). This card cannot be Special Summoned from the Graveyard. By discarding 1 card from your hand, destroy 1 card on your opponent's side of the field.	
1253	XZ-Tank Cannon	2400	2100	6	Machine	LIGHT	Fusion/Effect	None	@5"X-Head Cannon"@7 + @5"Z-Metal Tank"@7 This card cannot be Special Summoned except by removing from play the above cards on your side of the field; then you can Special Summon this card from your Fusion Deck (You do not use @5"Polymerization"@7). Discard 1 card from your hand to destroy 1 face-down Spell or Trap Card on your opponent's side of the field.	
1200	Y-Dragon Head	1500	1600	4	Machine	LIGHT	Union	None	Once per turn, during your Main Phase, if you control this card on the field, you can equip it to your @5"X-Head Cannon"@7 as an Equip Card, OR unequip the Union equipment and Special Summon this card in face-up Attack Position. While equipped to a monster by this card's effect, increase the ATK and DEF of the equipped monster by 400 points. (1 monster can only be equipped with 1 Union Monster at a time. If the equipped monster is destroyed as a result of battle, destroy this card instead.)	
353	Yaiba Robo	1000	1300	4	Machine	DARK	None	None	A cubical machine equipped with cutting blades for shredding an opponent to mincemeat.	
1068	Yamata Dragon	2600	3100	7	Dragon	FIRE	Spirit	None	This card cannot be Special Summoned. This card returns to the owner's hand during the End Phase of the turn that this card is Normal Summoned or flipped face-up. When this card inflicts Battle Damage to your opponent's Life Points, draw cards from your Deck until you have 5 cards in your hand.	
125	Yamatano Dragon Scroll	900	300	2	Dragon	WIND	None	None	A dragon conjured from the very scroll in which it was depicted.	
297	Yami	0	0	0	Spell	Spell	Spell	Field	Increases the ATK and DEF of all Fiend and Spellcaster-Type monsters by 200 points. Also decreases the ATK and DEF of all Fairy-Type monsters by 200 points.	
311	Yaranzo	1300	1500	4	Zombie	DARK	None	None	A treasure box containing a monster that attacks any unwary bandit.	
223	Yashinoki	800	600	2	Plant	EARTH	None	None	An intelligent palm tree that drops a hail of rock-hard coconuts on its enemies.	
1066	Yata-Garasu	200	100	2	Fiend	WIND	Spirit	None	This card cannot be Special Summoned. This card returns to the owner's hand during the End Phase of the turn that this card is Normal Summoned or flipped face-up. When this card inflicts Battle Damage to your opponent's Life Points, your opponent skips his/her next Draw Phase.	
1687	Yellow Gadget	1200	1200	4	Machine	EARTH	Effect	None	When this card is Summoned or Special Summoned successfully, you may add one @5"Green Gadget"@7 card from your Deck to your Hand.	
909	Yellow Luster Shield	0	0	0	Spell	Spell	Spell	Continuous	Increase the DEF of all monsters on your side of the field by 300 points.	
1173	Yomi Ship	800	1400	3	Aqua	WATER	Effect	None	When this card is destroyed and sent to the Graveyard as a result of battle, destroy the monster that destroyed this card.	
470	Yormungarde	1200	900	3	Reptile	EARTH	None	None	An extremely long snake that dwells in the world of myth.	
1254	YZ-Tank Dragon	2100	2200	6	Machine	LIGHT	Fusion/Effect	None	@5"Y-Dragon Head"@7 + @5"Z-Metal Tank"@7 This card cannot be Special Summoned except by removing from play the above cards on your side of the field; then you can Special Summon this card from your Fusion Deck (You do not use @5"Polymerization"@7). Discard 1 card from your hand to destroy 1 face-down Monster Card on your opponent's side of the field.	
1202	Z-Metal Tank	1500	1300	4	Machine	LIGHT	Union	None	Once per turn, during your Main Phase, if you control this card on the field, you can equip it to your @5"X-Head Cannon"@7 or @5"Y-Dragon Head"@7 as an Equip Card, OR unequip the Union equipment and Special Summon this card in face-up Attack Position. While equipped to a monster by this card's effect, increase the ATK and DEF of the equipped monster by 600 points. (1 monster can only be equipped with 1 Union Monster at a time. If the equipped monster is destroyed as a result of battle, destroy this card instead.)	
381	Zarigun	600	700	2	Aqua	WATER	None	None	A lethal crawfish with extremely dangerous claws.	
546	Zera Ritual	0	0	0	Spell	Spell	Spell	Ritual	This card is used to Ritual Summon @5"Zera The Mant"@7. You must also offer monsters whose total Level Stars equal 8 or more as a Tribute from the field or your hand.	
317	Zera The Mant	2800	2300	8	Fiend	DARK	Ritual	None	This monster can only be Ritual Summoned with the Ritual Spell Card, @5"Zera Ritual"@7. You must also offer monsters whose total Level Stars equal 8 or more as a Tribute from the field or your hand.	
1442	Zero Gravity	0	0	0	Trap	Trap	Trap	None	Change the battle positions of all face-up monsters on the field.	
349	Zoa	2600	1900	7	Fiend	DARK	None	None	A monster whose full potential can be achieved when outfitted with "Metalmorph".	
1058	Zolga	1700	1200	4	Fairy	EARTH	Effect	None	When you Tribute Summon a monster by Tributing this card, increase the Life Points of the player who controlled this card on the field by 2000 points.	
1221	Zombie Tiger	1400	1600	3	Zombie	EARTH	Union	None	Once per turn, during your Main Phase, if you control this card on the field, you can equip it to your @5"Decayed Commander"@7 as an Equip Spell Card, OR unequip the Union equipment and Special Summon this card in face-up Attack Position. While equipped to a monster by this card's effect, increase the ATK/DEF of the equipped monster by 500 points, and each time it destroys 1 of your opponent's monsters, your opponent discards 1 card randomly from his/her hand. (1 monster can only be equipped with 1 Union Monster at a time. If the equipped monster is destroyed as a result of battle, destroy this card instead.)	
32	Zombie Warrior	1200	900	3	Zombie	DARK	Fusion	None	@5"Skull Servant"@7 + @5"Battle Warrior"@7	
955	Zombyra the Dark	2100	500	4	Warrior	DARK	Effect	None	This card cannot attack a player directly. Each time this card destroys 1 monster as a result of battle, decrease the ATK of this card by 200 points.	
1967	Zure, Knight of Dark World	1800	1500	4	Fiend	DARK	None	None	The name of this illustrious knight is known by all residents of Dark World. He never oppresses the commoners.	
