	.include "asm/macros.inc"
	.include "constants/constants.inc"

	.syntax unified

	.text

_08000238:
	.byte 0x00, 0x00, 0x00, 0x00, 0x00, 0x00, 0x00, 0x00

	.global gUnk_08000240
gUnk_08000240: @ 0x08000240
	.2byte 0x0673
	.byte 0x00, 0x00, 0x00, 0x00, 0x00, 0x00, 0x00, 0x00, 0x00, 0x00, 0x00, 0x00, 0x00, 0x00

	.global gUnk_08000250
gUnk_08000250: @ 0x08000250
	.2byte 0x0000, 0x0001, 0x0002, 0x0003, 0x0004, 0x0005, 0x0006, 0x0007
	.2byte 0x0008, 0x0009, 0x000A, 0x000B, 0x000C, 0x000D, 0x000E, 0x000F
	.2byte 0x0010, 0x0011, 0x0012, 0x0013, 0x0014, 0x0015, 0x0016, 0x0017
	.2byte 0x0018, 0x0019, 0x001A, 0x001B, 0x001C, 0x001D, 0x001E, 0x001F
	.2byte 0x0020, 0x0021, 0x0022, 0x0023, 0x0024, 0x0025, 0x0026, 0x0027
	.2byte 0x0028, 0x0029, 0x002A, 0x002B, 0x002C, 0x002D, 0x002E, 0x002F
	.2byte 0x0030, 0x0031, 0x0032, 0x0033, 0x0034, 0x0035, 0x0036, 0x0037
	.2byte 0x0038, 0x0039, 0x003A, 0x003B, 0x003C, 0x003D, 0x003E, 0x003F
	.2byte 0x0040, 0x0041, 0x0042, 0x0043, 0x0044, 0x0045, 0x0046, 0x0047
	.2byte 0x0048, 0x0049, 0x004A, 0x004B, 0x004C, 0x004D, 0x004E, 0x004F
	.2byte 0x0050, 0x0051, 0x0052, 0x0053, 0x0054, 0x0055, 0x0056, 0x0057
	.2byte 0x0058, 0x0059, 0x005A, 0x005B, 0x005C, 0x005D, 0x005E, 0x005F
	.2byte 0x0060, 0x0061, 0x0062, 0x0063, 0x0064, 0x0065, 0x0066, 0x0067
	.2byte 0x0068, 0x0069, 0x006A, 0x006B, 0x006C, 0x006D, 0x006E, 0x006F
	.2byte 0x0070, 0x0071, 0x0072, 0x0073, 0x0074, 0x0075, 0x0076, 0x0077
	.2byte 0x0078, 0x0079, 0x007A, 0x007B, 0x007C, 0x007D, 0x007E, 0x007F
	.2byte 0x0080, 0x0081, 0x0082, 0x0083, 0x0084, 0x0085, 0x0086, 0x0087
	.2byte 0x0088, 0x0089, 0x008A, 0x008B, 0x008C, 0x008D, 0x008E, 0x008F
	.2byte 0x0090, 0x0091, 0x0092, 0x0093, 0x0094, 0x0095, 0x0096, 0x0097
	.2byte 0x0098, 0x0099, 0x009A, 0x009B, 0x009C, 0x009D, 0x009E, 0x009F
	.2byte 0x00A0, 0x00A1, 0x00A2, 0x00A3, 0x00A4, 0x00A5, 0x00A6, 0x00A7
	.2byte 0x00A8, 0x00A9, 0x00AA, 0x00AB, 0x00AC, 0x00AD, 0x00AE, 0x00AF
	.2byte 0x00B0, 0x00B1, 0x00B2, 0x00B3, 0x00B4, 0x00B5, 0x00B6, 0x00B7
	.2byte 0x00B8, 0x00B9, 0x00BA, 0x00BB, 0x00BC, 0x00BD, 0x00BE, 0x00BF
	.2byte 0x00C0, 0x00C1, 0x00C2, 0x00C3, 0x00C4, 0x00C5, 0x00C6, 0x00C7
	.2byte 0x00C8, 0x00C9, 0x00CA, 0x00CB, 0x00CC, 0x00CD, 0x00CE, 0x00CF
	.2byte 0x00D0, 0x00D1, 0x00D2, 0x00D3, 0x00D4, 0x00D5, 0x00D6, 0x00D7
	.2byte 0x00D8, 0x00D9, 0x00DA, 0x00DB, 0x00DC, 0x00DD, 0x00DE, 0x00DF
	.2byte 0x00E0, 0x00E1, 0x00E2, 0x00E3, 0x00E4, 0x00E5, 0x00E6, 0x00E7
	.2byte 0x00E8, 0x00E9, 0x00EA, 0x00EB, 0x00EC, 0x00ED, 0x00EE, 0x00EF
	.2byte 0x00F0, 0x00F1, 0x00F2, 0x00F3, 0x00F4, 0x00F5, 0x00F6, 0x00F7
	.2byte 0x00F8, 0x00F9, 0x00FA, 0x00FB, 0x00FC, 0x00FD, 0x00FE, 0x00FF
	.2byte 0x0100, 0x0101, 0x0102, 0x0103, 0x0104, 0x0105, 0x0106, 0x0107
	.2byte 0x0108, 0x0109, 0x010A, 0x010B, 0x010C, 0x010D, 0x010E, 0x010F
	.2byte 0x0110, 0x0111, 0x0112, 0x0113, 0x0114, 0x0115, 0x0116, 0x0117
	.2byte 0x0118, 0x0119, 0x011A, 0x011B, 0x011C, 0x011D, 0x011E, 0x011F
	.2byte 0x0120, 0x0121, 0x0122, 0x0123, 0x0124, 0x0125, 0x0126, 0x0127
	.2byte 0x0128, 0x0129, 0x012A, 0x012B, 0x012C, 0x012D, 0x012E, 0x012F
	.2byte 0x0130, 0x0131, 0x0132, 0x0133, 0x0134, 0x0135, 0x0136, 0x0137
	.2byte 0x0138, 0x0139, 0x013A, 0x013B, 0x013C, 0x013D, 0x013E, 0x013F
	.2byte 0x0140, 0x0141, 0x0190, 0x0191, 0x0192, 0x0193, 0x0194, 0x0195
	.2byte 0x0196, 0x0197, 0x0198, 0x0199, 0x019A, 0x019B, 0x019C, 0x019D
	.2byte 0x019E, 0x019F, 0x01A0, 0x01A1, 0x01A2, 0x01A3, 0x01A4, 0x01A5
	.2byte 0x01A6, 0x01A7, 0x01A8, 0x01A9, 0x01AA, 0x01AB, 0x01AC, 0x01AD
	.2byte 0x01AE, 0x01AF, 0x01B0, 0x01B1, 0x01B2, 0x01B3, 0x01B4, 0x01B5
	.2byte 0x01B6, 0x01B7, 0x01B8, 0x01B9, 0x01BA, 0x01BB, 0x01BC, 0x01BD
	.2byte 0x01BE, 0x01BF, 0x01C0, 0x01C1, 0x01C2, 0x01C3, 0x01C4, 0x01C5
	.2byte 0x01C6, 0x01C7, 0x01C8, 0x01C9, 0x01CA, 0x01CB, 0x01CC, 0x01CD
	.2byte 0x01CE, 0x01CF, 0x01D0, 0x01F4, 0x01F5, 0x01F6, 0x01F7, 0x01F8
	.2byte 0x01F9, 0x01FA, 0x01FB, 0x01FC, 0x01FD, 0x01FE, 0x01FF, 0x0200
	.2byte 0x0201, 0x0202, 0x0203, 0x0204, 0x0205, 0x0206, 0x0207, 0x0208
	.2byte 0x0209, 0x020A, 0x020B, 0x020C, 0x020D, 0x020E, 0x0212, 0x0213
	.2byte 0x0214, 0x0215, 0x0216, 0x0217, 0x0218, 0x0219, 0x021A, 0x021B
	.2byte 0x021C, 0x0226, 0x0227, 0x0228, 0x0229, 0x022A, 0x022B, 0x022C
	.2byte 0x022D, 0x022E, 0x022F, 0x0230, 0x0231, 0x0232, 0x023A, 0x023B
	.2byte 0x023C, 0x023D, 0x023E, 0x023F, 0x0240, 0x0244, 0x0245, 0x0246
	.2byte 0x0247, 0x0248, 0x0249, 0x024A, 0x024B, 0x024C, 0x024D, 0x024E
	.2byte 0x024F, 0x0250, 0x0251, 0x0259, 0x025A, 0x025B, 0x025C, 0x025D
	.2byte 0x025E, 0x0262, 0x0263, 0x02BC, 0x02BD, 0x02BE, 0x02BF, 0x02C0
	.2byte 0x02C1, 0x02C2, 0x02C3, 0x02C4, 0x0321, 0x0322, 0x0323, 0x0324
	.2byte 0x0325, 0x0326, 0x0327, 0x0328, 0x0329, 0x032A, 0x032B, 0x032C
	.2byte 0x032D, 0x032E, 0x032F, 0x0330, 0x0334, 0x0335, 0x0336, 0x0337
	.2byte 0x033B, 0x033C, 0x033D, 0x03E8, 0x03E9, 0x03EA, 0x03EB, 0x03EC
	.2byte 0x03ED, 0x03EE, 0x03EF, 0x03F0, 0x03F1, 0x03F2, 0x03F3, 0x03F4
	.2byte 0x03F5, 0x03FC, 0x03FD, 0x03FE, 0x03FF, 0x0400, 0x0401, 0x0402
	.2byte 0x0406, 0x0407, 0x0410, 0x0411, 0x0412, 0x0413, 0x0414, 0x0415
	.2byte 0x0416, 0x0417, 0x0418, 0x0419, 0x044C, 0x044D, 0x04B0, 0x04B1
	.2byte 0x04B2, 0x04B3, 0x04B4, 0x04B5, 0x04B6, 0x04B7, 0x04B8, 0x04B9
	.2byte 0x04BA, 0x04BB, 0x04BC, 0x04BD, 0x04BE, 0x04BF, 0x04C0, 0x04C2
	.2byte 0x04C3, 0x04C4, 0x04C5, 0x04C6, 0x04C7, 0x04C8, 0x04CB, 0x0514
	.2byte 0x0515, 0x0516, 0x0517, 0x0518, 0x0519, 0x051A, 0x051B, 0x051C
	.2byte 0x051D, 0x051E, 0x051F, 0x0520, 0x0521, 0x0522, 0x0523, 0x0524
	.2byte 0x0525, 0x0526, 0x0527, 0x0528, 0x0529, 0x052A, 0x052B, 0x052C
	.2byte 0x052D, 0x052E, 0x052F, 0x0530, 0x0531, 0x0532, 0x0533, 0x0534
	.2byte 0x0535, 0x0536, 0x0537, 0x0538, 0x0539, 0x053A, 0x053B, 0x053C
	.2byte 0x053D, 0x053E, 0x053F, 0x0540, 0x0541, 0x0542, 0x0543, 0x0544
	.2byte 0x0545, 0x0546, 0x0547, 0x0548, 0x0549, 0x054A, 0x054B, 0x054C
	.2byte 0x054D, 0x054E, 0x054F, 0x0550, 0x0551, 0x0552, 0x0553, 0x0554
	.2byte 0x0555, 0x0556, 0x0557, 0x0558, 0x0559, 0x055A, 0x055B, 0x055C
	.2byte 0x055D, 0x055E, 0x055F, 0x0560, 0x0561, 0x0562, 0x0563, 0x0564
	.2byte 0x0565, 0x0566, 0x0567, 0x0568, 0x0569, 0x056A, 0x056B, 0x056C
	.2byte 0x056D, 0x05DC, 0x05DD, 0x05DE, 0x05DF, 0x05E0, 0x05E1, 0x05E6
	.2byte 0x05E7, 0x05E8, 0x05E9, 0x05EA, 0x05EB, 0x05EC, 0x05ED, 0x0640
	.2byte 0x0641, 0x0642, 0x0643, 0x0644, 0x0645, 0x0646, 0x0647, 0x0648
	.2byte 0x0649, 0x064A, 0x064B, 0x064C, 0x064D, 0x064E, 0x064F, 0x0650
	.2byte 0x0651, 0x0652, 0x0653, 0x0654, 0x0655, 0x0656, 0x0657, 0x0658
	.2byte 0x0659, 0x065A, 0x065B, 0x065C, 0x065D, 0x065E, 0x065F, 0x0660
	.2byte 0x0661, 0x0662, 0x0663, 0x0664, 0x0665, 0x0666, 0x0667, 0x0668
	.2byte 0x0669, 0x066A, 0x066B, 0x066C, 0x066D, 0x066E, 0x066F, 0x0670
	.2byte 0x0671, 0x0672, 0x0673, 0x0674, 0x0675, 0x0676, 0x0677, 0x0678
	.2byte 0x0679, 0x067A, 0x067B, 0x067C, 0x067D, 0x067E, 0x067F, 0x0680
	.2byte 0x0681, 0x0682, 0x0683, 0x0684, 0x0685, 0x0686, 0x0687, 0x0688
	.2byte 0x0689, 0x068A, 0x068B, 0x068C, 0x068D, 0x068E, 0x068F, 0x0690
	.2byte 0x0691, 0x0692, 0x0693, 0x0694, 0x0695, 0x0696, 0x0697, 0x0698
	.2byte 0x0699, 0x069A, 0x069B, 0x069C, 0x069D, 0x069E, 0x069F, 0x06A0
	.2byte 0x06A1, 0x06A2, 0x06A3, 0x06A4, 0x06A5, 0x06A6, 0x06A7, 0x06A8
	.2byte 0x06A9, 0x06AA, 0x06AB, 0x06AC, 0x06AD, 0x06AE, 0x06AF, 0x06B0
	.2byte 0x06B1, 0x06B2, 0x06B3, 0x06B4, 0x06B5, 0x06B6, 0x06B7, 0x06B8
	.2byte 0x06B9, 0x06BA, 0x06BB, 0x06BC, 0x06BD, 0x06BE, 0x06BF, 0x06C0
	.2byte 0x06C1, 0x06C2, 0x06C3, 0x06C4, 0x06C5, 0x06C6, 0x06C7, 0x06C8
	.2byte 0x06C9, 0x06CA, 0x06CB, 0x06CC, 0x06CD, 0x06CE, 0x06CF, 0x06D0
	.2byte 0x06D1, 0x06D2, 0x06D3, 0x06D4, 0x06D5, 0x06D6, 0x06D7, 0x07D0
	.2byte 0x07D1, 0x07D2, 0x07D3, 0x07D8, 0x07DA, 0x07DB, 0x07E4, 0x07E5
	.2byte 0x07E6, 0x07EE, 0x07EF, 0x07F0, 0x07F1, 0x07F2, 0x07F3, 0x0834
	.2byte 0x0960, 0x0961, 0x0962, 0x0963, 0x0964, 0x0965, 0x0966, 0x0967
	.2byte 0x0968, 0x0969, 0x096A, 0x096B, 0x096C, 0x096D, 0x09C4, 0x09C5
	.2byte 0x09C6, 0x09C7, 0x09C8, 0x09C9, 0x09CA, 0x09CB, 0x09CC, 0x09CD
	.2byte 0x09CE, 0x0A28, 0x0A29, 0x0A2A, 0x0A2B, 0x0A2C, 0x0A2D, 0x0A8C
	.2byte 0x0A8D, 0x0A8E, 0x0A8F, 0x0BB8, 0x0BB9, 0x0BBA, 0x0BBB, 0x0BBC
	.2byte 0x0BBD, 0x0BC2, 0x0BC3, 0x0BC4, 0x0BC5, 0x0BC6, 0x0BCC, 0x0BCD
	.2byte 0x0BD6, 0x0BD7, 0x0BD8, 0x0BD9, 0x0BDA, 0x0BDB, 0x0BDC, 0x0BE0
	.2byte 0x0BE1, 0x0BE2, 0x0BE3, 0x0BE4, 0x0BE5, 0x0BEA, 0x0BEB, 0x0BEC
	.2byte 0x0BED, 0x0BEE, 0x0BEF, 0x0BF0, 0x0BF1, 0x0BF2, 0x0BF3, 0x0BF4
	.2byte 0x0BF5, 0x0BF6, 0x0BF7, 0x0BF8, 0x0BF9, 0x0BFA, 0x0BFB, 0x0BFC
	.2byte 0x0BFD, 0x0BFE, 0x0BFF, 0x0C00, 0x0C01, 0x0C02, 0x0C1C, 0x0C1D
	.2byte 0x0C1E, 0x0C1F, 0x0C20, 0x0C21, 0x0C22, 0x0C23, 0x0C24, 0x0C25
	.2byte 0x0C80, 0x0DAC, 0x0DAD, 0x0DAE, 0x0DAF, 0x0DB0, 0x0DB1, 0x0DB2
	.2byte 0x0DB3, 0x0DB4, 0x0DB5, 0x0DB6, 0x0DB7, 0x0DB8, 0x0DB9, 0x0DBA
	.2byte 0x0DBB, 0x0DBC, 0x0DBD, 0x0DBE, 0x0DBF, 0x0DC0, 0x0FA0, 0x0FA1
	.2byte 0x0FA2, 0x0FA3, 0x0FA4, 0x0FA5, 0x0FA9, 0x1004, 0x1005, 0x1006
	.2byte 0x1007, 0x1008, 0x1009, 0x100A, 0x100B, 0x100C, 0x1036, 0x1037
	.2byte 0x1038, 0x1039, 0x103A, 0x103B, 0x103C, 0x1068, 0x1069, 0x106A
	.2byte 0x106B, 0x106C, 0x106D, 0x106E, 0x106F, 0x1070, 0x1071, 0x1072
	.2byte 0x1073, 0x1074, 0x1075, 0x1076, 0x1077, 0x1078, 0x1079, 0x107A
	.2byte 0x107B, 0x107C, 0x107D, 0x107E, 0x107F, 0x1080, 0x1081, 0x1082
	.2byte 0x1083, 0x1084, 0x1085, 0x1086, 0x1087, 0x1088, 0x1089, 0x108A
	.2byte 0x108B, 0x108C, 0x108D, 0x108E, 0x108F, 0x1090, 0x1091, 0x1092
	.2byte 0x1093, 0x1094, 0x1095, 0x1096, 0x1097, 0x1098, 0x1099, 0x109A
	.2byte 0x109B, 0x109C, 0x109D, 0x109E, 0x109F, 0x10A0, 0x10A1, 0x10A2
	.2byte 0x10A3, 0x10A4, 0x10A5, 0x10A6, 0x10A7, 0x10A8, 0x10A9, 0x10AA
	.2byte 0x10AB, 0x10AC, 0x10AD, 0x10AE, 0x10AF, 0x10B0, 0x10B1, 0x10B2
	.2byte 0x10B3, 0x10B4, 0x10B5, 0x10B6, 0x10B7, 0x10B8, 0x10B9, 0x10BA
	.2byte 0x10BB, 0x10BC, 0x10BD, 0x10BE, 0x10BF, 0x10C0, 0x10C1, 0x10C2
	.2byte 0x10C3, 0x10C4, 0x1388, 0x1389, 0x138A, 0x138B, 0x138C, 0x138D
	.2byte 0x138E, 0x138F, 0x1390, 0x13EC, 0x13ED, 0x13EE, 0x13EF, 0x13F0
	.2byte 0x13F1, 0x13F2, 0x13F3, 0x13F4, 0x13F5, 0x13F6, 0x13F7, 0x13F8
	.2byte 0x13F9, 0x13FA, 0x13FB, 0x1B59, 0x1B5A, 0x1B5B, 0x1B5C, 0x1B5D
	.2byte 0x1B5E, 0x1B5F, 0x1B60, 0x1B61, 0x1B62, 0x1B63, 0x1B64, 0x1B65
	.2byte 0x1B66, 0x1B67, 0x1B68, 0x1B69, 0x1B6A, 0x1B6B, 0x1B6C, 0x1B6D
	.2byte 0x1B6E, 0x1B6F, 0x1B70, 0x1B71, 0x1B72, 0x1B73, 0x1B74, 0x1B75
	.2byte 0x1B76, 0x1B77, 0x1B78, 0x1B79, 0x1B7A, 0x1B7B, 0x1B7C, 0x1B7D
	.2byte 0x1B7E, 0x1B7F, 0x1B80, 0x1B81, 0x1B82, 0x1B83, 0x1B84, 0x1B85
	.2byte 0x1B86, 0x1B87, 0x1B88, 0x1B89, 0x1B8A, 0x1B8B, 0x1B8C, 0x1B8D
	.2byte 0x1B8E, 0x1B8F, 0x1B90, 0x1B91, 0x1B92, 0x1B93, 0x1B94, 0x1B95
	.2byte 0x1B96, 0x1B97, 0x1BBD, 0x1BBE, 0x1BBF, 0x1BC0, 0x1BC1, 0x1BC2
	.2byte 0x1BC3, 0x1BC4, 0x1BC5, 0x1BC6, 0x1BC7, 0x1BC8, 0x1BC9, 0x1BCA
	.2byte 0x1BCB, 0x1BCC, 0x1BCD, 0x1BCE, 0x1BCF, 0x1BD0, 0x1BD1, 0x1BD2
	.2byte 0x1BD3, 0x1BD4, 0x1BD5, 0x1BD6, 0x1BD7, 0x1BD8, 0x1BD9, 0x1BDA
	.2byte 0x1BDB, 0x1BDC, 0x1BDD, 0x1BDE, 0x1BDF, 0x1BE0, 0x1BE1, 0x1BE2
	.2byte 0x1BE3, 0x1BE4, 0x1BE5, 0x1BE6, 0x1BE7, 0x1BE8, 0x1BE9, 0x1BEA
	.2byte 0x1BEB, 0x1BEC, 0x1BED, 0x1BEE, 0x1BEF, 0x1BF0, 0x1BF1, 0x1BF2
	.2byte 0x1BF3, 0x1BF4, 0x1BF5, 0x1BF6, 0x1BF7, 0x1BF8, 0x1BF9, 0x1BFA
	.2byte 0x1BFB, 0x1F40, 0x1F41, 0x1F42, 0x1F43, 0x1F44, 0x1F45, 0x1F46
	.2byte 0x1F47, 0x1F48, 0x1F49, 0x1F4A, 0x1F4B, 0x1F4C, 0x1F4D, 0x1F4E
	.2byte 0x1F4F, 0x1F50, 0x1F51, 0x1F52, 0x1F53, 0x1F54, 0x1F55, 0x1F56
	.2byte 0x1F57, 0x1F58, 0x1F59, 0x1F5A, 0x2711, 0x2712, 0x2713, 0x2714
	.2byte 0x2715, 0x2716, 0x2717, 0x2718, 0x2719, 0x271A, 0x271B, 0x271C
	.2byte 0x271D, 0x271E, 0x271F, 0x2720, 0x2721, 0x2722, 0x2723, 0x2724
	.2byte 0x2725, 0x2726, 0x2727, 0x2728, 0x2729, 0x272A, 0x272B, 0x272C
	.2byte 0x272D, 0x272E, 0x272F, 0x2730, 0x2731, 0x2732, 0x2733, 0x2734
	.2byte 0x2735, 0x2736, 0x2737, 0x2738, 0x2739, 0x273A, 0x273B, 0x273C
	.2byte 0x273D, 0x273E, 0x273F, 0x2740, 0x2741, 0x2742, 0x2743, 0x2744
	.2byte 0x2AF9, 0x2AFA, 0x2AFB, 0x2AFC, 0x2AFD, 0x2AFE, 0x2AFF, 0x2B00
	.2byte 0x2B01, 0x2B02, 0x2B03, 0x2B04, 0x2B05, 0x2B06, 0x2B07, 0x2B08
	.2byte 0x2B09, 0x2B0A, 0x2B0B, 0x2B0C, 0x2B0D, 0x2B0E, 0x2B0F, 0x2B10
	.2byte 0x2B11, 0x2B12, 0x2B13, 0x2B14, 0x2B15, 0x2B16, 0x2B17, 0x2B18
	.2byte 0x2B19, 0x2B1A, 0x2B1B, 0x2B1C, 0x2B1D, 0x2B1E, 0x2B1F, 0x2B20
	.2byte 0x2B21, 0x2B22, 0x2B23, 0x2B24, 0x2B25, 0x2B26, 0x2B27, 0x2B28
	.2byte 0x2B29, 0x2B2A, 0x2B2B, 0x2B2C, 0x2EE1, 0x2EE2, 0x2EE3, 0x2EE4
	.2byte 0x2EE5, 0x2EE6, 0x2EE7, 0x2EE8, 0x2EE9, 0x2EEA, 0x2EEB, 0x2EEC
	.2byte 0x2EED, 0x2EEE, 0x2EEF, 0x2EF0, 0x2EF1, 0x2EF2, 0x2EF3, 0x2EF4
	.2byte 0x2EF5, 0x2EF6, 0x2EF7, 0x2EF8, 0x2EF9, 0x2EFA, 0x2EFB, 0x2EFC
	.2byte 0x2EFD, 0x2EFE, 0x2EFF, 0x2F00, 0x2F01, 0x2F02, 0x2F03, 0x2F04
	.2byte 0x2F05, 0x2F06, 0x2F07, 0x2F08, 0x2F09, 0x2F0A, 0x2F0B, 0x2F0C
	.2byte 0x2F0D, 0x2F0E, 0x2F0F, 0x2F10, 0x2F11, 0x2F12, 0x2F13, 0x2F14
	.2byte 0x32C9, 0x32CA, 0x32CB, 0x32CC, 0x32CD, 0x32CE, 0x32CF, 0x32D0
	.2byte 0x32D1, 0x32D2, 0x32D3, 0x32D4, 0x32D5, 0x32D6, 0x32D7, 0x32D8
	.2byte 0x32D9, 0x32DA, 0x32DB, 0x32DC, 0x32DD, 0x32DE, 0x32DF, 0x32E0
	.2byte 0x32E1, 0x32E2, 0x32E3, 0x32E4, 0x32E5, 0x32E6, 0x32E7, 0x32E8
	.2byte 0x32E9, 0x32EA, 0x32EB, 0x32EC, 0x32ED, 0x32EE, 0x32EF, 0x32F0
	.2byte 0x32F1, 0x32F2, 0x32F3, 0x32F4, 0x32F5, 0x32F6, 0x32F7, 0x32F8
	.2byte 0x32F9, 0x32FA, 0x32FB, 0x32FC, 0x4E20, 0x4E21, 0x4E22, 0x4E23
	.2byte 0x4E24, 0x4E25, 0x4E26, 0x4E27, 0x4E28, 0x4E29, 0x4E2A, 0x4E2B
	.2byte 0x4E2C, 0x4E2D, 0x4E2E, 0x4E2F, 0x4E30, 0x4E31, 0x4E32, 0x4E33
	.2byte 0x4E34, 0x4E35, 0x4E36, 0x4E37, 0x4E38, 0x4E39, 0x4E3A, 0x4E3B
	.2byte 0x4E3C, 0x4E3D, 0x4E3E, 0x4E3F, 0x4E40, 0x4E41, 0x4E42, 0x4E43
	.2byte 0x4E44, 0x4E45, 0x4E46, 0x4E47, 0x4E48, 0x4E49, 0x4E4A, 0x4E4B
	.2byte 0x5208, 0x5209, 0x520A, 0x520B, 0x520C, 0x520D, 0x520E, 0x520F
	.2byte 0x5210, 0x5211, 0x5212, 0x5213, 0x5214, 0x5215, 0x5216, 0x5217
	.2byte 0x5218, 0x5219, 0x521A, 0x521B, 0x521C, 0x521D, 0x521E, 0x521F
	.2byte 0x5220, 0x5221, 0x5222, 0x5223, 0x5224, 0x5225, 0x5226, 0x5227
	.2byte 0x5228, 0x5229, 0x522A, 0x522B, 0x522C, 0x522D, 0x522E, 0x522F
	.2byte 0x5230, 0x5231, 0x5232, 0x5233, 0x59D8, 0x59D9, 0x59DA, 0x59DB
	.2byte 0x59DC, 0x59DD, 0x59DE, 0x59DF, 0x59E0, 0x59E1, 0x59E2, 0x59E3
	.2byte 0x59E4, 0x59E5, 0x59E6, 0x59E7, 0x59E8, 0x59E9, 0x59EA, 0x59EB
	.2byte 0x59EC, 0x59ED, 0x59EE, 0x59EF, 0x59F0, 0x59F1, 0x59F2, 0x59F3
	.2byte 0x59F4, 0x59F5, 0x59F6, 0x59F7, 0x59F8, 0x59F9, 0x59FA, 0x59FB
	.2byte 0x59FC, 0x59FD, 0x59FE, 0x59FF, 0x5A00, 0x5A01, 0x7530, 0x7531
	.2byte 0x7532, 0x7533, 0x7534, 0x7535, 0x7536, 0x7537, 0x7538, 0x7539
	.2byte 0x753A, 0x753B, 0x753C, 0x753D, 0x753E, 0x753F, 0x7540, 0x7541
	.2byte 0x7542, 0x7543, 0x7544, 0x7545, 0x7546, 0x7547, 0x7548, 0x7549
	.2byte 0x754A, 0x754B, 0x754C, 0x754D, 0x754E, 0x754F, 0x7550, 0x7551
	.2byte 0x7552, 0x7553, 0x7554, 0x7555, 0x7556, 0x7557, 0x7558, 0x7559
	.2byte 0x755A, 0x755B, 0x755C, 0x755D, 0x755E, 0x755F, 0x7560, 0x7561
	.2byte 0x7562, 0x7563, 0x7564, 0x7565, 0x7566, 0x7567, 0x7568, 0x7569
	.2byte 0x756A, 0x756B, 0xB0A8, 0xB0D7, 0xB0D8, 0xB0D9, 0xB0DA, 0xD7E7
	.2byte 0xD7E8, 0xD7E9, 0xD7EA
	.byte 0x00, 0x00, 0x00, 0x00, 0x00, 0x00, 0x00, 0x00, 0x00, 0x00

	.global gUnk_08000F40
gUnk_08000F40: @ 0x08000F40
	.byte 0x00, 0x00, 0x00, 0x00, 0x10, 0xAA, 0x00, 0x00, 0x74, 0x58, 0x01, 0x00, 0xE2, 0x1B, 0x02, 0x00
	.byte 0xBA, 0xE0, 0x02, 0x00, 0x6A, 0xA0, 0x03, 0x00, 0x02, 0x00, 0x00, 0x00, 0x12, 0xAA, 0x00, 0x00
	.byte 0x76, 0x58, 0x01, 0x00, 0xE4, 0x1B, 0x02, 0x00, 0xBC, 0xE0, 0x02, 0x00, 0x6C, 0xA0, 0x03, 0x00
	.byte 0x4A, 0x00, 0x00, 0x00, 0x5C, 0xAA, 0x00, 0x00, 0xD6, 0x58, 0x01, 0x00, 0x38, 0x1C, 0x02, 0x00
	.byte 0xFE, 0xE0, 0x02, 0x00, 0xB2, 0xA0, 0x03, 0x00, 0x92, 0x00, 0x00, 0x00, 0xA8, 0xAA, 0x00, 0x00
	.byte 0x3A, 0x59, 0x01, 0x00, 0x8E, 0x1C, 0x02, 0x00, 0x56, 0xE1, 0x02, 0x00, 0xFA, 0xA0, 0x03, 0x00
	.byte 0xBA, 0x00, 0x00, 0x00, 0xD2, 0xAA, 0x00, 0x00, 0x60, 0x59, 0x01, 0x00, 0xB6, 0x1C, 0x02, 0x00
	.byte 0x8A, 0xE1, 0x02, 0x00, 0x26, 0xA1, 0x03, 0x00, 0xE2, 0x00, 0x00, 0x00, 0xFC, 0xAA, 0x00, 0x00
	.byte 0x86, 0x59, 0x01, 0x00, 0xE0, 0x1C, 0x02, 0x00, 0xC0, 0xE1, 0x02, 0x00, 0x52, 0xA1, 0x03, 0x00
	.byte 0x04, 0x01, 0x00, 0x00, 0x0E, 0xAB, 0x00, 0x00, 0xA0, 0x59, 0x01, 0x00, 0xF2, 0x1C, 0x02, 0x00
	.byte 0xD8, 0xE1, 0x02, 0x00, 0x68, 0xA1, 0x03, 0x00, 0x26, 0x01, 0x00, 0x00, 0x20, 0xAB, 0x00, 0x00
	.byte 0xB2, 0x59, 0x01, 0x00, 0x06, 0x1D, 0x02, 0x00, 0xE4, 0xE1, 0x02, 0x00, 0x74, 0xA1, 0x03, 0x00
	.byte 0x60, 0x01, 0x00, 0x00, 0x56, 0xAB, 0x00, 0x00, 0x06, 0x5A, 0x01, 0x00, 0x46, 0x1D, 0x02, 0x00
	.byte 0x2C, 0xE2, 0x02, 0x00, 0xBE, 0xA1, 0x03, 0x00, 0x94, 0x01, 0x00, 0x00, 0x84, 0xAB, 0x00, 0x00
	.byte 0x4A, 0x5A, 0x01, 0x00, 0x7A, 0x1D, 0x02, 0x00, 0x68, 0xE2, 0x02, 0x00, 0xFA, 0xA1, 0x03, 0x00
	.byte 0xC2, 0x01, 0x00, 0x00, 0xC0, 0xAB, 0x00, 0x00, 0x84, 0x5A, 0x01, 0x00, 0xBE, 0x1D, 0x02, 0x00
	.byte 0xB0, 0xE2, 0x02, 0x00, 0x32, 0xA2, 0x03, 0x00, 0xFE, 0x01, 0x00, 0x00, 0x08, 0xAC, 0x00, 0x00
	.byte 0xCE, 0x5A, 0x01, 0x00, 0x08, 0x1E, 0x02, 0x00, 0xFC, 0xE2, 0x02, 0x00, 0x78, 0xA2, 0x03, 0x00
	.byte 0x20, 0x02, 0x00, 0x00, 0x3C, 0xAC, 0x00, 0x00, 0x04, 0x5B, 0x01, 0x00, 0x36, 0x1E, 0x02, 0x00
	.byte 0x2A, 0xE3, 0x02, 0x00, 0xA8, 0xA2, 0x03, 0x00, 0x5A, 0x02, 0x00, 0x00, 0x80, 0xAC, 0x00, 0x00
	.byte 0x4A, 0x5B, 0x01, 0x00, 0x8C, 0x1E, 0x02, 0x00, 0x76, 0xE3, 0x02, 0x00, 0xF2, 0xA2, 0x03, 0x00
	.byte 0x86, 0x02, 0x00, 0x00, 0xA6, 0xAC, 0x00, 0x00, 0x72, 0x5B, 0x01, 0x00, 0xB6, 0x1E, 0x02, 0x00
	.byte 0x9C, 0xE3, 0x02, 0x00, 0x24, 0xA3, 0x03, 0x00, 0xDA, 0x02, 0x00, 0x00, 0x1A, 0xAD, 0x00, 0x00
	.byte 0xDA, 0x5B, 0x01, 0x00, 0x3A, 0x1F, 0x02, 0x00, 0x22, 0xE4, 0x02, 0x00, 0x9A, 0xA3, 0x03, 0x00
	.byte 0x18, 0x03, 0x00, 0x00, 0x60, 0xAD, 0x00, 0x00, 0x12, 0x5C, 0x01, 0x00, 0x7C, 0x1F, 0x02, 0x00
	.byte 0x6C, 0xE4, 0x02, 0x00, 0xE8, 0xA3, 0x03, 0x00, 0x56, 0x03, 0x00, 0x00, 0xB2, 0xAD, 0x00, 0x00
	.byte 0x56, 0x5C, 0x01, 0x00, 0xCC, 0x1F, 0x02, 0x00, 0xC4, 0xE4, 0x02, 0x00, 0x44, 0xA4, 0x03, 0x00
	.byte 0x80, 0x03, 0x00, 0x00, 0xE4, 0xAD, 0x00, 0x00, 0x94, 0x5C, 0x01, 0x00, 0x14, 0x20, 0x02, 0x00
	.byte 0x00, 0xE5, 0x02, 0x00, 0x84, 0xA4, 0x03, 0x00, 0xAE, 0x03, 0x00, 0x00, 0x0C, 0xAE, 0x00, 0x00
	.byte 0xBA, 0x5C, 0x01, 0x00, 0x40, 0x20, 0x02, 0x00, 0x2A, 0xE5, 0x02, 0x00, 0xAA, 0xA4, 0x03, 0x00
	.byte 0xD8, 0x03, 0x00, 0x00, 0x32, 0xAE, 0x00, 0x00, 0xDC, 0x5C, 0x01, 0x00, 0x68, 0x20, 0x02, 0x00
	.byte 0x52, 0xE5, 0x02, 0x00, 0xCA, 0xA4, 0x03, 0x00, 0x08, 0x04, 0x00, 0x00, 0x6E, 0xAE, 0x00, 0x00
	.byte 0x08, 0x5D, 0x01, 0x00, 0x92, 0x20, 0x02, 0x00, 0x86, 0xE5, 0x02, 0x00, 0xFE, 0xA4, 0x03, 0x00
	.byte 0x30, 0x04, 0x00, 0x00, 0x9E, 0xAE, 0x00, 0x00, 0x46, 0x5D, 0x01, 0x00, 0xC0, 0x20, 0x02, 0x00
	.byte 0xB4, 0xE5, 0x02, 0x00, 0x28, 0xA5, 0x03, 0x00, 0x6E, 0x04, 0x00, 0x00, 0xEC, 0xAE, 0x00, 0x00
	.byte 0x9C, 0x5D, 0x01, 0x00, 0x08, 0x21, 0x02, 0x00, 0xFA, 0xE5, 0x02, 0x00, 0x74, 0xA5, 0x03, 0x00
	.byte 0xB8, 0x04, 0x00, 0x00, 0x4A, 0xAF, 0x00, 0x00, 0x16, 0x5E, 0x01, 0x00, 0x68, 0x21, 0x02, 0x00
	.byte 0x62, 0xE6, 0x02, 0x00, 0xD0, 0xA5, 0x03, 0x00, 0x08, 0x05, 0x00, 0x00, 0xAA, 0xAF, 0x00, 0x00
	.byte 0x80, 0x5E, 0x01, 0x00, 0xC8, 0x21, 0x02, 0x00, 0xC6, 0xE6, 0x02, 0x00, 0x2A, 0xA6, 0x03, 0x00
	.byte 0x56, 0x05, 0x00, 0x00, 0x12, 0xB0, 0x00, 0x00, 0x02, 0x5F, 0x01, 0x00, 0x38, 0x22, 0x02, 0x00
	.byte 0x28, 0xE7, 0x02, 0x00, 0x90, 0xA6, 0x03, 0x00, 0x9C, 0x05, 0x00, 0x00, 0x6C, 0xB0, 0x00, 0x00
	.byte 0x76, 0x5F, 0x01, 0x00, 0xA0, 0x22, 0x02, 0x00, 0x88, 0xE7, 0x02, 0x00, 0xF6, 0xA6, 0x03, 0x00
	.byte 0xE2, 0x05, 0x00, 0x00, 0xD2, 0xB0, 0x00, 0x00, 0xD6, 0x5F, 0x01, 0x00, 0x0E, 0x23, 0x02, 0x00
	.byte 0xD4, 0xE7, 0x02, 0x00, 0x52, 0xA7, 0x03, 0x00, 0x0E, 0x06, 0x00, 0x00, 0x06, 0xB1, 0x00, 0x00
	.byte 0x0C, 0x60, 0x01, 0x00, 0x3A, 0x23, 0x02, 0x00, 0x02, 0xE8, 0x02, 0x00, 0x84, 0xA7, 0x03, 0x00
	.byte 0x2E, 0x06, 0x00, 0x00, 0x26, 0xB1, 0x00, 0x00, 0x2A, 0x60, 0x01, 0x00, 0x5E, 0x23, 0x02, 0x00
	.byte 0x24, 0xE8, 0x02, 0x00, 0x9E, 0xA7, 0x03, 0x00, 0x62, 0x06, 0x00, 0x00, 0x6E, 0xB1, 0x00, 0x00
	.byte 0x70, 0x60, 0x01, 0x00, 0x9E, 0x23, 0x02, 0x00, 0x66, 0xE8, 0x02, 0x00, 0xE8, 0xA7, 0x03, 0x00
	.byte 0x98, 0x06, 0x00, 0x00, 0xB2, 0xB1, 0x00, 0x00, 0xC2, 0x60, 0x01, 0x00, 0xE8, 0x23, 0x02, 0x00
	.byte 0xAA, 0xE8, 0x02, 0x00, 0x26, 0xA8, 0x03, 0x00, 0xCA, 0x06, 0x00, 0x00, 0xEA, 0xB1, 0x00, 0x00
	.byte 0xFA, 0x60, 0x01, 0x00, 0x1A, 0x24, 0x02, 0x00, 0xE4, 0xE8, 0x02, 0x00, 0x5C, 0xA8, 0x03, 0x00
	.byte 0xF8, 0x06, 0x00, 0x00, 0x1C, 0xB2, 0x00, 0x00, 0x34, 0x61, 0x01, 0x00, 0x4E, 0x24, 0x02, 0x00
	.byte 0x16, 0xE9, 0x02, 0x00, 0x90, 0xA8, 0x03, 0x00, 0x28, 0x07, 0x00, 0x00, 0x50, 0xB2, 0x00, 0x00
	.byte 0x6E, 0x61, 0x01, 0x00, 0x98, 0x24, 0x02, 0x00, 0x5A, 0xE9, 0x02, 0x00, 0xD0, 0xA8, 0x03, 0x00
	.byte 0x52, 0x07, 0x00, 0x00, 0x84, 0xB2, 0x00, 0x00, 0x9E, 0x61, 0x01, 0x00, 0xE2, 0x24, 0x02, 0x00
	.byte 0x94, 0xE9, 0x02, 0x00, 0x08, 0xA9, 0x03, 0x00, 0x8E, 0x07, 0x00, 0x00, 0xC6, 0xB2, 0x00, 0x00
	.byte 0xE2, 0x61, 0x01, 0x00, 0x2C, 0x25, 0x02, 0x00, 0xCC, 0xE9, 0x02, 0x00, 0x40, 0xA9, 0x03, 0x00
	.byte 0xC4, 0x07, 0x00, 0x00, 0x02, 0xB3, 0x00, 0x00, 0x34, 0x62, 0x01, 0x00, 0x7C, 0x25, 0x02, 0x00
	.byte 0x1A, 0xEA, 0x02, 0x00, 0x9C, 0xA9, 0x03, 0x00, 0xF2, 0x07, 0x00, 0x00, 0x52, 0xB3, 0x00, 0x00
	.byte 0x88, 0x62, 0x01, 0x00, 0xD0, 0x25, 0x02, 0x00, 0x6C, 0xEA, 0x02, 0x00, 0xE2, 0xA9, 0x03, 0x00
	.byte 0x20, 0x08, 0x00, 0x00, 0x90, 0xB3, 0x00, 0x00, 0xCC, 0x62, 0x01, 0x00, 0x14, 0x26, 0x02, 0x00
	.byte 0x9E, 0xEA, 0x02, 0x00, 0x1C, 0xAA, 0x03, 0x00, 0x4E, 0x08, 0x00, 0x00, 0xE0, 0xB3, 0x00, 0x00
	.byte 0x14, 0x63, 0x01, 0x00, 0x5E, 0x26, 0x02, 0x00, 0xDA, 0xEA, 0x02, 0x00, 0x64, 0xAA, 0x03, 0x00
	.byte 0x80, 0x08, 0x00, 0x00, 0x12, 0xB4, 0x00, 0x00, 0x4A, 0x63, 0x01, 0x00, 0xA2, 0x26, 0x02, 0x00
	.byte 0x0E, 0xEB, 0x02, 0x00, 0xA2, 0xAA, 0x03, 0x00, 0xE6, 0x08, 0x00, 0x00, 0xA2, 0xB4, 0x00, 0x00
	.byte 0xF2, 0x63, 0x01, 0x00, 0x4C, 0x27, 0x02, 0x00, 0xA0, 0xEB, 0x02, 0x00, 0x3A, 0xAB, 0x03, 0x00
	.byte 0x0E, 0x09, 0x00, 0x00, 0xC2, 0xB4, 0x00, 0x00, 0x12, 0x64, 0x01, 0x00, 0x6E, 0x27, 0x02, 0x00
	.byte 0xBE, 0xEB, 0x02, 0x00, 0x5A, 0xAB, 0x03, 0x00, 0x22, 0x09, 0x00, 0x00, 0xE4, 0xB4, 0x00, 0x00
	.byte 0x38, 0x64, 0x01, 0x00, 0x8E, 0x27, 0x02, 0x00, 0xD4, 0xEB, 0x02, 0x00, 0x70, 0xAB, 0x03, 0x00
	.byte 0x50, 0x09, 0x00, 0x00, 0x16, 0xB5, 0x00, 0x00, 0x74, 0x64, 0x01, 0x00, 0xCA, 0x27, 0x02, 0x00
	.byte 0x0C, 0xEC, 0x02, 0x00, 0xA8, 0xAB, 0x03, 0x00, 0x90, 0x09, 0x00, 0x00, 0x56, 0xB5, 0x00, 0x00
	.byte 0xC2, 0x64, 0x01, 0x00, 0x14, 0x28, 0x02, 0x00, 0x56, 0xEC, 0x02, 0x00, 0xF2, 0xAB, 0x03, 0x00
	.byte 0xB8, 0x09, 0x00, 0x00, 0x94, 0xB5, 0x00, 0x00, 0xFA, 0x64, 0x01, 0x00, 0x70, 0x28, 0x02, 0x00
	.byte 0x94, 0xEC, 0x02, 0x00, 0x30, 0xAC, 0x03, 0x00, 0xFE, 0x09, 0x00, 0x00, 0x0E, 0xB6, 0x00, 0x00
	.byte 0x8E, 0x65, 0x01, 0x00, 0xEC, 0x28, 0x02, 0x00, 0xF8, 0xEC, 0x02, 0x00, 0xA6, 0xAC, 0x03, 0x00
	.byte 0x36, 0x0A, 0x00, 0x00, 0x58, 0xB6, 0x00, 0x00, 0xDA, 0x65, 0x01, 0x00, 0x36, 0x29, 0x02, 0x00
	.byte 0x3E, 0xED, 0x02, 0x00, 0xEA, 0xAC, 0x03, 0x00, 0x68, 0x0A, 0x00, 0x00, 0xA0, 0xB6, 0x00, 0x00
	.byte 0x24, 0x66, 0x01, 0x00, 0x80, 0x29, 0x02, 0x00, 0x80, 0xED, 0x02, 0x00, 0x2C, 0xAD, 0x03, 0x00
	.byte 0xA2, 0x0A, 0x00, 0x00, 0xEE, 0xB6, 0x00, 0x00, 0x80, 0x66, 0x01, 0x00, 0xD2, 0x29, 0x02, 0x00
	.byte 0xCC, 0xED, 0x02, 0x00, 0x76, 0xAD, 0x03, 0x00, 0xC4, 0x0A, 0x00, 0x00, 0x16, 0xB7, 0x00, 0x00
	.byte 0xB2, 0x66, 0x01, 0x00, 0xFC, 0x29, 0x02, 0x00, 0xEE, 0xED, 0x02, 0x00, 0x9A, 0xAD, 0x03, 0x00
	.byte 0xE8, 0x0A, 0x00, 0x00, 0x4A, 0xB7, 0x00, 0x00, 0xE6, 0x66, 0x01, 0x00, 0x3E, 0x2A, 0x02, 0x00
	.byte 0x28, 0xEE, 0x02, 0x00, 0xD2, 0xAD, 0x03, 0x00, 0x10, 0x0B, 0x00, 0x00, 0x8C, 0xB7, 0x00, 0x00
	.byte 0x26, 0x67, 0x01, 0x00, 0x7A, 0x2A, 0x02, 0x00, 0x68, 0xEE, 0x02, 0x00, 0x0E, 0xAE, 0x03, 0x00
	.byte 0x40, 0x0B, 0x00, 0x00, 0xC6, 0xB7, 0x00, 0x00, 0x6A, 0x67, 0x01, 0x00, 0xBC, 0x2A, 0x02, 0x00
	.byte 0xA2, 0xEE, 0x02, 0x00, 0x4C, 0xAE, 0x03, 0x00, 0x64, 0x0B, 0x00, 0x00, 0xDC, 0xB7, 0x00, 0x00
	.byte 0x7C, 0x67, 0x01, 0x00, 0xD8, 0x2A, 0x02, 0x00, 0xC2, 0xEE, 0x02, 0x00, 0x62, 0xAE, 0x03, 0x00
	.byte 0x98, 0x0B, 0x00, 0x00, 0x14, 0xB8, 0x00, 0x00, 0xC4, 0x67, 0x01, 0x00, 0x32, 0x2B, 0x02, 0x00
	.byte 0x12, 0xEF, 0x02, 0x00, 0x9E, 0xAE, 0x03, 0x00, 0xBE, 0x0B, 0x00, 0x00, 0x50, 0xB8, 0x00, 0x00
	.byte 0x04, 0x68, 0x01, 0x00, 0x6A, 0x2B, 0x02, 0x00, 0x40, 0xEF, 0x02, 0x00, 0xD2, 0xAE, 0x03, 0x00
	.byte 0xC0, 0x0B, 0x00, 0x00, 0x52, 0xB8, 0x00, 0x00, 0x06, 0x68, 0x01, 0x00, 0x6C, 0x2B, 0x02, 0x00
	.byte 0x42, 0xEF, 0x02, 0x00, 0xD4, 0xAE, 0x03, 0x00, 0x02, 0x0C, 0x00, 0x00, 0xA6, 0xB8, 0x00, 0x00
	.byte 0x68, 0x68, 0x01, 0x00, 0xCA, 0x2B, 0x02, 0x00, 0x94, 0xEF, 0x02, 0x00, 0x28, 0xAF, 0x03, 0x00
	.byte 0x28, 0x0C, 0x00, 0x00, 0xD2, 0xB8, 0x00, 0x00, 0x9E, 0x68, 0x01, 0x00, 0xFA, 0x2B, 0x02, 0x00
	.byte 0xCA, 0xEF, 0x02, 0x00, 0x52, 0xAF, 0x03, 0x00, 0x42, 0x0C, 0x00, 0x00, 0xEC, 0xB8, 0x00, 0x00
	.byte 0xBE, 0x68, 0x01, 0x00, 0x14, 0x2C, 0x02, 0x00, 0xEC, 0xEF, 0x02, 0x00, 0x6E, 0xAF, 0x03, 0x00
	.byte 0x60, 0x0C, 0x00, 0x00, 0x0A, 0xB9, 0x00, 0x00, 0xE0, 0x68, 0x01, 0x00, 0x30, 0x2C, 0x02, 0x00
	.byte 0x12, 0xF0, 0x02, 0x00, 0x8C, 0xAF, 0x03, 0x00, 0x80, 0x0C, 0x00, 0x00, 0x36, 0xB9, 0x00, 0x00
	.byte 0x08, 0x69, 0x01, 0x00, 0x5A, 0x2C, 0x02, 0x00, 0x3A, 0xF0, 0x02, 0x00, 0xBA, 0xAF, 0x03, 0x00
	.byte 0xAA, 0x0C, 0x00, 0x00, 0x6E, 0xB9, 0x00, 0x00, 0x3C, 0x69, 0x01, 0x00, 0x84, 0x2C, 0x02, 0x00
	.byte 0x6A, 0xF0, 0x02, 0x00, 0xEC, 0xAF, 0x03, 0x00, 0xF6, 0x0C, 0x00, 0x00, 0xD0, 0xB9, 0x00, 0x00
	.byte 0xA2, 0x69, 0x01, 0x00, 0xDA, 0x2C, 0x02, 0x00, 0xD6, 0xF0, 0x02, 0x00, 0x4E, 0xB0, 0x03, 0x00
	.byte 0x10, 0x0D, 0x00, 0x00, 0xEA, 0xB9, 0x00, 0x00, 0xC0, 0x69, 0x01, 0x00, 0xF2, 0x2C, 0x02, 0x00
	.byte 0xF8, 0xF0, 0x02, 0x00, 0x68, 0xB0, 0x03, 0x00, 0x4C, 0x0D, 0x00, 0x00, 0x3A, 0xBA, 0x00, 0x00
	.byte 0x12, 0x6A, 0x01, 0x00, 0x46, 0x2D, 0x02, 0x00, 0x44, 0xF1, 0x02, 0x00, 0xBE, 0xB0, 0x03, 0x00
	.byte 0x7A, 0x0D, 0x00, 0x00, 0x70, 0xBA, 0x00, 0x00, 0x4E, 0x6A, 0x01, 0x00, 0x84, 0x2D, 0x02, 0x00
	.byte 0x78, 0xF1, 0x02, 0x00, 0xF4, 0xB0, 0x03, 0x00, 0xA6, 0x0D, 0x00, 0x00, 0xA8, 0xBA, 0x00, 0x00
	.byte 0x8C, 0x6A, 0x01, 0x00, 0xB6, 0x2D, 0x02, 0x00, 0xA0, 0xF1, 0x02, 0x00, 0x28, 0xB1, 0x03, 0x00
	.byte 0xCA, 0x0D, 0x00, 0x00, 0xDC, 0xBA, 0x00, 0x00, 0xBA, 0x6A, 0x01, 0x00, 0xE8, 0x2D, 0x02, 0x00
	.byte 0xCC, 0xF1, 0x02, 0x00, 0x60, 0xB1, 0x03, 0x00, 0x20, 0x0E, 0x00, 0x00, 0x34, 0xBB, 0x00, 0x00
	.byte 0x2E, 0x6B, 0x01, 0x00, 0x52, 0x2E, 0x02, 0x00, 0x44, 0xF2, 0x02, 0x00, 0xBE, 0xB1, 0x03, 0x00
	.byte 0x54, 0x0E, 0x00, 0x00, 0x5E, 0xBB, 0x00, 0x00, 0x58, 0x6B, 0x01, 0x00, 0x80, 0x2E, 0x02, 0x00
	.byte 0x6C, 0xF2, 0x02, 0x00, 0xEC, 0xB1, 0x03, 0x00, 0x8A, 0x0E, 0x00, 0x00, 0x92, 0xBB, 0x00, 0x00
	.byte 0x8A, 0x6B, 0x01, 0x00, 0xB8, 0x2E, 0x02, 0x00, 0xA8, 0xF2, 0x02, 0x00, 0x1E, 0xB2, 0x03, 0x00
	.byte 0xC4, 0x0E, 0x00, 0x00, 0xC8, 0xBB, 0x00, 0x00, 0xC4, 0x6B, 0x01, 0x00, 0xF8, 0x2E, 0x02, 0x00
	.byte 0xE4, 0xF2, 0x02, 0x00, 0x58, 0xB2, 0x03, 0x00, 0xEE, 0x0E, 0x00, 0x00, 0xFE, 0xBB, 0x00, 0x00
	.byte 0x00, 0x6C, 0x01, 0x00, 0x28, 0x2F, 0x02, 0x00, 0x12, 0xF3, 0x02, 0x00, 0x8A, 0xB2, 0x03, 0x00
	.byte 0x16, 0x0F, 0x00, 0x00, 0x34, 0xBC, 0x00, 0x00, 0x3E, 0x6C, 0x01, 0x00, 0x58, 0x2F, 0x02, 0x00
	.byte 0x42, 0xF3, 0x02, 0x00, 0xBC, 0xB2, 0x03, 0x00, 0x3C, 0x0F, 0x00, 0x00, 0x60, 0xBC, 0x00, 0x00
	.byte 0x7A, 0x6C, 0x01, 0x00, 0x88, 0x2F, 0x02, 0x00, 0x70, 0xF3, 0x02, 0x00, 0xEC, 0xB2, 0x03, 0x00
	.byte 0x6A, 0x0F, 0x00, 0x00, 0xB2, 0xBC, 0x00, 0x00, 0xC6, 0x6C, 0x01, 0x00, 0xD8, 0x2F, 0x02, 0x00
	.byte 0xBE, 0xF3, 0x02, 0x00, 0x3A, 0xB3, 0x03, 0x00, 0xAA, 0x0F, 0x00, 0x00, 0xDE, 0xBC, 0x00, 0x00
	.byte 0x04, 0x6D, 0x01, 0x00, 0x0A, 0x30, 0x02, 0x00, 0xFA, 0xF3, 0x02, 0x00, 0x6E, 0xB3, 0x03, 0x00
	.byte 0xE2, 0x0F, 0x00, 0x00, 0x32, 0xBD, 0x00, 0x00, 0x58, 0x6D, 0x01, 0x00, 0x66, 0x30, 0x02, 0x00
	.byte 0x5E, 0xF4, 0x02, 0x00, 0xC8, 0xB3, 0x03, 0x00, 0x20, 0x10, 0x00, 0x00, 0x66, 0xBD, 0x00, 0x00
	.byte 0x8E, 0x6D, 0x01, 0x00, 0x94, 0x30, 0x02, 0x00, 0x8E, 0xF4, 0x02, 0x00, 0xF4, 0xB3, 0x03, 0x00
	.byte 0x42, 0x10, 0x00, 0x00, 0x9A, 0xBD, 0x00, 0x00, 0xC6, 0x6D, 0x01, 0x00, 0xC2, 0x30, 0x02, 0x00
	.byte 0xB8, 0xF4, 0x02, 0x00, 0x1E, 0xB4, 0x03, 0x00, 0x6A, 0x10, 0x00, 0x00, 0xD6, 0xBD, 0x00, 0x00
	.byte 0x02, 0x6E, 0x01, 0x00, 0x04, 0x31, 0x02, 0x00, 0xE4, 0xF4, 0x02, 0x00, 0x4A, 0xB4, 0x03, 0x00
	.byte 0x8C, 0x10, 0x00, 0x00, 0x0C, 0xBE, 0x00, 0x00, 0x36, 0x6E, 0x01, 0x00, 0x40, 0x31, 0x02, 0x00
	.byte 0x0C, 0xF5, 0x02, 0x00, 0x74, 0xB4, 0x03, 0x00, 0xBE, 0x10, 0x00, 0x00, 0x58, 0xBE, 0x00, 0x00
	.byte 0x7A, 0x6E, 0x01, 0x00, 0x8E, 0x31, 0x02, 0x00, 0x4A, 0xF5, 0x02, 0x00, 0xB8, 0xB4, 0x03, 0x00
	.byte 0x04, 0x11, 0x00, 0x00, 0xAE, 0xBE, 0x00, 0x00, 0xD0, 0x6E, 0x01, 0x00, 0xE2, 0x31, 0x02, 0x00
	.byte 0xA0, 0xF5, 0x02, 0x00, 0x22, 0xB5, 0x03, 0x00, 0x42, 0x11, 0x00, 0x00, 0x14, 0xBF, 0x00, 0x00
	.byte 0x38, 0x6F, 0x01, 0x00, 0x50, 0x32, 0x02, 0x00, 0x02, 0xF6, 0x02, 0x00, 0x84, 0xB5, 0x03, 0x00
	.byte 0x76, 0x11, 0x00, 0x00, 0x66, 0xBF, 0x00, 0x00, 0x80, 0x6F, 0x01, 0x00, 0xBA, 0x32, 0x02, 0x00
	.byte 0x56, 0xF6, 0x02, 0x00, 0xD6, 0xB5, 0x03, 0x00, 0xAC, 0x11, 0x00, 0x00, 0xBA, 0xBF, 0x00, 0x00
	.byte 0xDE, 0x6F, 0x01, 0x00, 0x0E, 0x33, 0x02, 0x00, 0xA4, 0xF6, 0x02, 0x00, 0x28, 0xB6, 0x03, 0x00
	.byte 0xEC, 0x11, 0x00, 0x00, 0x0A, 0xC0, 0x00, 0x00, 0x2E, 0x70, 0x01, 0x00, 0x6A, 0x33, 0x02, 0x00
	.byte 0x02, 0xF7, 0x02, 0x00, 0x82, 0xB6, 0x03, 0x00, 0x22, 0x12, 0x00, 0x00, 0x4E, 0xC0, 0x00, 0x00
	.byte 0x6E, 0x70, 0x01, 0x00, 0xBE, 0x33, 0x02, 0x00, 0x48, 0xF7, 0x02, 0x00, 0xC6, 0xB6, 0x03, 0x00
	.byte 0x58, 0x12, 0x00, 0x00, 0x92, 0xC0, 0x00, 0x00, 0xAE, 0x70, 0x01, 0x00, 0x12, 0x34, 0x02, 0x00
	.byte 0x8E, 0xF7, 0x02, 0x00, 0x0A, 0xB7, 0x03, 0x00, 0x8C, 0x12, 0x00, 0x00, 0xD6, 0xC0, 0x00, 0x00
	.byte 0xE6, 0x70, 0x01, 0x00, 0x5C, 0x34, 0x02, 0x00, 0xCE, 0xF7, 0x02, 0x00, 0x4E, 0xB7, 0x03, 0x00
	.byte 0xB6, 0x12, 0x00, 0x00, 0x08, 0xC1, 0x00, 0x00, 0x1A, 0x71, 0x01, 0x00, 0x8E, 0x34, 0x02, 0x00
	.byte 0xFE, 0xF7, 0x02, 0x00, 0x7E, 0xB7, 0x03, 0x00, 0xD8, 0x12, 0x00, 0x00, 0x24, 0xC1, 0x00, 0x00
	.byte 0x38, 0x71, 0x01, 0x00, 0xB0, 0x34, 0x02, 0x00, 0x20, 0xF8, 0x02, 0x00, 0x9C, 0xB7, 0x03, 0x00
	.byte 0x0C, 0x13, 0x00, 0x00, 0x7A, 0xC1, 0x00, 0x00, 0x8E, 0x71, 0x01, 0x00, 0x08, 0x35, 0x02, 0x00
	.byte 0x70, 0xF8, 0x02, 0x00, 0xF4, 0xB7, 0x03, 0x00, 0x42, 0x13, 0x00, 0x00, 0xBA, 0xC1, 0x00, 0x00
	.byte 0xCE, 0x71, 0x01, 0x00, 0x4C, 0x35, 0x02, 0x00, 0xB0, 0xF8, 0x02, 0x00, 0x34, 0xB8, 0x03, 0x00
	.byte 0x74, 0x13, 0x00, 0x00, 0xF4, 0xC1, 0x00, 0x00, 0x08, 0x72, 0x01, 0x00, 0x8A, 0x35, 0x02, 0x00
	.byte 0xE8, 0xF8, 0x02, 0x00, 0x70, 0xB8, 0x03, 0x00, 0xAC, 0x13, 0x00, 0x00, 0x3E, 0xC2, 0x00, 0x00
	.byte 0x42, 0x72, 0x01, 0x00, 0xD4, 0x35, 0x02, 0x00, 0x30, 0xF9, 0x02, 0x00, 0xB8, 0xB8, 0x03, 0x00
	.byte 0xDC, 0x13, 0x00, 0x00, 0x6C, 0xC2, 0x00, 0x00, 0x72, 0x72, 0x01, 0x00, 0x02, 0x36, 0x02, 0x00
	.byte 0x58, 0xF9, 0x02, 0x00, 0xE0, 0xB8, 0x03, 0x00, 0x18, 0x14, 0x00, 0x00, 0xB0, 0xC2, 0x00, 0x00
	.byte 0xC2, 0x72, 0x01, 0x00, 0x54, 0x36, 0x02, 0x00, 0x9E, 0xF9, 0x02, 0x00, 0x24, 0xB9, 0x03, 0x00
	.byte 0x3A, 0x14, 0x00, 0x00, 0xD2, 0xC2, 0x00, 0x00, 0xEE, 0x72, 0x01, 0x00, 0x84, 0x36, 0x02, 0x00
	.byte 0xD2, 0xF9, 0x02, 0x00, 0x40, 0xB9, 0x03, 0x00, 0x5C, 0x14, 0x00, 0x00, 0xF4, 0xC2, 0x00, 0x00
	.byte 0x10, 0x73, 0x01, 0x00, 0xA6, 0x36, 0x02, 0x00, 0xEE, 0xF9, 0x02, 0x00, 0x62, 0xB9, 0x03, 0x00
	.byte 0x9C, 0x14, 0x00, 0x00, 0x32, 0xC3, 0x00, 0x00, 0x64, 0x73, 0x01, 0x00, 0xE4, 0x36, 0x02, 0x00
	.byte 0x38, 0xFA, 0x02, 0x00, 0xA0, 0xB9, 0x03, 0x00, 0xCC, 0x14, 0x00, 0x00, 0x54, 0xC3, 0x00, 0x00
	.byte 0x94, 0x73, 0x01, 0x00, 0x0A, 0x37, 0x02, 0x00, 0x60, 0xFA, 0x02, 0x00, 0xC6, 0xB9, 0x03, 0x00
	.byte 0xF8, 0x14, 0x00, 0x00, 0x88, 0xC3, 0x00, 0x00, 0xC6, 0x73, 0x01, 0x00, 0x3C, 0x37, 0x02, 0x00
	.byte 0x8C, 0xFA, 0x02, 0x00, 0xF4, 0xB9, 0x03, 0x00, 0x26, 0x15, 0x00, 0x00, 0xC4, 0xC3, 0x00, 0x00
	.byte 0xFC, 0x73, 0x01, 0x00, 0x72, 0x37, 0x02, 0x00, 0xBA, 0xFA, 0x02, 0x00, 0x24, 0xBA, 0x03, 0x00
	.byte 0x52, 0x15, 0x00, 0x00, 0xF2, 0xC3, 0x00, 0x00, 0x2A, 0x74, 0x01, 0x00, 0xA0, 0x37, 0x02, 0x00
	.byte 0xE2, 0xFA, 0x02, 0x00, 0x4E, 0xBA, 0x03, 0x00, 0x80, 0x15, 0x00, 0x00, 0x3C, 0xC4, 0x00, 0x00
	.byte 0x7A, 0x74, 0x01, 0x00, 0xE2, 0x37, 0x02, 0x00, 0x18, 0xFB, 0x02, 0x00, 0x82, 0xBA, 0x03, 0x00
	.byte 0xA8, 0x15, 0x00, 0x00, 0x52, 0xC4, 0x00, 0x00, 0x8C, 0x74, 0x01, 0x00, 0xF6, 0x37, 0x02, 0x00
	.byte 0x2A, 0xFB, 0x02, 0x00, 0x96, 0xBA, 0x03, 0x00, 0xE2, 0x15, 0x00, 0x00, 0x9A, 0xC4, 0x00, 0x00
	.byte 0xC2, 0x74, 0x01, 0x00, 0x4E, 0x38, 0x02, 0x00, 0x68, 0xFB, 0x02, 0x00, 0xE2, 0xBA, 0x03, 0x00
	.byte 0x16, 0x16, 0x00, 0x00, 0xCC, 0xC4, 0x00, 0x00, 0x0A, 0x75, 0x01, 0x00, 0x8E, 0x38, 0x02, 0x00
	.byte 0xA8, 0xFB, 0x02, 0x00, 0x20, 0xBB, 0x03, 0x00, 0x3A, 0x16, 0x00, 0x00, 0xF0, 0xC4, 0x00, 0x00
	.byte 0x2A, 0x75, 0x01, 0x00, 0xB2, 0x38, 0x02, 0x00, 0xD8, 0xFB, 0x02, 0x00, 0x42, 0xBB, 0x03, 0x00
	.byte 0x5E, 0x16, 0x00, 0x00, 0x28, 0xC5, 0x00, 0x00, 0x6C, 0x75, 0x01, 0x00, 0xF2, 0x38, 0x02, 0x00
	.byte 0x12, 0xFC, 0x02, 0x00, 0x76, 0xBB, 0x03, 0x00, 0x90, 0x16, 0x00, 0x00, 0x4C, 0xC5, 0x00, 0x00
	.byte 0x98, 0x75, 0x01, 0x00, 0x18, 0x39, 0x02, 0x00, 0x3A, 0xFC, 0x02, 0x00, 0x9C, 0xBB, 0x03, 0x00
	.byte 0xBA, 0x16, 0x00, 0x00, 0x88, 0xC5, 0x00, 0x00, 0xE2, 0x75, 0x01, 0x00, 0x5E, 0x39, 0x02, 0x00
	.byte 0x7A, 0xFC, 0x02, 0x00, 0xD2, 0xBB, 0x03, 0x00, 0x06, 0x17, 0x00, 0x00, 0xDA, 0xC5, 0x00, 0x00
	.byte 0x36, 0x76, 0x01, 0x00, 0xB2, 0x39, 0x02, 0x00, 0xCE, 0xFC, 0x02, 0x00, 0x1E, 0xBC, 0x03, 0x00
	.byte 0x4E, 0x17, 0x00, 0x00, 0x1E, 0xC6, 0x00, 0x00, 0x7C, 0x76, 0x01, 0x00, 0xF4, 0x39, 0x02, 0x00
	.byte 0x1E, 0xFD, 0x02, 0x00, 0x5C, 0xBC, 0x03, 0x00, 0x9C, 0x17, 0x00, 0x00, 0x6A, 0xC6, 0x00, 0x00
	.byte 0xD0, 0x76, 0x01, 0x00, 0x40, 0x3A, 0x02, 0x00, 0x66, 0xFD, 0x02, 0x00, 0xAA, 0xBC, 0x03, 0x00
	.byte 0xD2, 0x17, 0x00, 0x00, 0xA6, 0xC6, 0x00, 0x00, 0x08, 0x77, 0x01, 0x00, 0x76, 0x3A, 0x02, 0x00
	.byte 0x92, 0xFD, 0x02, 0x00, 0xDA, 0xBC, 0x03, 0x00, 0x0C, 0x18, 0x00, 0x00, 0xF2, 0xC6, 0x00, 0x00
	.byte 0x5C, 0x77, 0x01, 0x00, 0xC6, 0x3A, 0x02, 0x00, 0xDC, 0xFD, 0x02, 0x00, 0x2E, 0xBD, 0x03, 0x00
	.byte 0x3E, 0x18, 0x00, 0x00, 0x30, 0xC7, 0x00, 0x00, 0x9C, 0x77, 0x01, 0x00, 0xFC, 0x3A, 0x02, 0x00
	.byte 0x0C, 0xFE, 0x02, 0x00, 0x62, 0xBD, 0x03, 0x00, 0x6C, 0x18, 0x00, 0x00, 0x50, 0xC7, 0x00, 0x00
	.byte 0xBA, 0x77, 0x01, 0x00, 0x18, 0x3B, 0x02, 0x00, 0x28, 0xFE, 0x02, 0x00, 0x82, 0xBD, 0x03, 0x00
	.byte 0xA2, 0x18, 0x00, 0x00, 0x88, 0xC7, 0x00, 0x00, 0xF4, 0x77, 0x01, 0x00, 0x4E, 0x3B, 0x02, 0x00
	.byte 0x66, 0xFE, 0x02, 0x00, 0xC6, 0xBD, 0x03, 0x00, 0xD8, 0x18, 0x00, 0x00, 0xCA, 0xC7, 0x00, 0x00
	.byte 0x3A, 0x78, 0x01, 0x00, 0x8A, 0x3B, 0x02, 0x00, 0x9E, 0xFE, 0x02, 0x00, 0x06, 0xBE, 0x03, 0x00
	.byte 0xF2, 0x18, 0x00, 0x00, 0xEA, 0xC7, 0x00, 0x00, 0x5C, 0x78, 0x01, 0x00, 0xB4, 0x3B, 0x02, 0x00
	.byte 0xB8, 0xFE, 0x02, 0x00, 0x1E, 0xBE, 0x03, 0x00, 0x32, 0x19, 0x00, 0x00, 0x3A, 0xC8, 0x00, 0x00
	.byte 0xB4, 0x78, 0x01, 0x00, 0x06, 0x3C, 0x02, 0x00, 0x0E, 0xFF, 0x02, 0x00, 0x76, 0xBE, 0x03, 0x00
	.byte 0x5A, 0x19, 0x00, 0x00, 0x4E, 0xC8, 0x00, 0x00, 0xCC, 0x78, 0x01, 0x00, 0x20, 0x3C, 0x02, 0x00
	.byte 0x26, 0xFF, 0x02, 0x00, 0x90, 0xBE, 0x03, 0x00, 0x8C, 0x19, 0x00, 0x00, 0x72, 0xC8, 0x00, 0x00
	.byte 0xEE, 0x78, 0x01, 0x00, 0x40, 0x3C, 0x02, 0x00, 0x48, 0xFF, 0x02, 0x00, 0xB6, 0xBE, 0x03, 0x00
	.byte 0xBE, 0x19, 0x00, 0x00, 0x96, 0xC8, 0x00, 0x00, 0x10, 0x79, 0x01, 0x00, 0x60, 0x3C, 0x02, 0x00
	.byte 0x6C, 0xFF, 0x02, 0x00, 0xDC, 0xBE, 0x03, 0x00, 0xF0, 0x19, 0x00, 0x00, 0xD2, 0xC8, 0x00, 0x00
	.byte 0x4C, 0x79, 0x01, 0x00, 0x96, 0x3C, 0x02, 0x00, 0xA6, 0xFF, 0x02, 0x00, 0x12, 0xBF, 0x03, 0x00
	.byte 0x26, 0x1A, 0x00, 0x00, 0x08, 0xC9, 0x00, 0x00, 0x8A, 0x79, 0x01, 0x00, 0xCC, 0x3C, 0x02, 0x00
	.byte 0xE0, 0xFF, 0x02, 0x00, 0x44, 0xBF, 0x03, 0x00, 0x5C, 0x1A, 0x00, 0x00, 0x3E, 0xC9, 0x00, 0x00
	.byte 0xC8, 0x79, 0x01, 0x00, 0x04, 0x3D, 0x02, 0x00, 0x1A, 0x00, 0x03, 0x00, 0x76, 0xBF, 0x03, 0x00
	.byte 0x96, 0x1A, 0x00, 0x00, 0x74, 0xC9, 0x00, 0x00, 0x0A, 0x7A, 0x01, 0x00, 0x3A, 0x3D, 0x02, 0x00
	.byte 0x54, 0x00, 0x03, 0x00, 0xAA, 0xBF, 0x03, 0x00, 0xD2, 0x1A, 0x00, 0x00, 0xCA, 0xC9, 0x00, 0x00
	.byte 0x68, 0x7A, 0x01, 0x00, 0x86, 0x3D, 0x02, 0x00, 0xA4, 0x00, 0x03, 0x00, 0xFC, 0xBF, 0x03, 0x00
	.byte 0x06, 0x1B, 0x00, 0x00, 0x04, 0xCA, 0x00, 0x00, 0x9C, 0x7A, 0x01, 0x00, 0xBE, 0x3D, 0x02, 0x00
	.byte 0xC8, 0x00, 0x03, 0x00, 0x3C, 0xC0, 0x03, 0x00, 0x3E, 0x1B, 0x00, 0x00, 0x3E, 0xCA, 0x00, 0x00
	.byte 0xE0, 0x7A, 0x01, 0x00, 0xFE, 0x3D, 0x02, 0x00, 0x0A, 0x01, 0x03, 0x00, 0x80, 0xC0, 0x03, 0x00
	.byte 0x6C, 0x1B, 0x00, 0x00, 0x76, 0xCA, 0x00, 0x00, 0x1A, 0x7B, 0x01, 0x00, 0x36, 0x3E, 0x02, 0x00
	.byte 0x3E, 0x01, 0x03, 0x00, 0xB0, 0xC0, 0x03, 0x00, 0x9C, 0x1B, 0x00, 0x00, 0xB2, 0xCA, 0x00, 0x00
	.byte 0x52, 0x7B, 0x01, 0x00, 0x70, 0x3E, 0x02, 0x00, 0x6E, 0x01, 0x03, 0x00, 0xE0, 0xC0, 0x03, 0x00
	.byte 0xCC, 0x1B, 0x00, 0x00, 0xEC, 0xCA, 0x00, 0x00, 0x92, 0x7B, 0x01, 0x00, 0xAC, 0x3E, 0x02, 0x00
	.byte 0xAE, 0x01, 0x03, 0x00, 0x1A, 0xC1, 0x03, 0x00, 0x02, 0x1C, 0x00, 0x00, 0x32, 0xCB, 0x00, 0x00
	.byte 0xDE, 0x7B, 0x01, 0x00, 0xF0, 0x3E, 0x02, 0x00, 0xFE, 0x01, 0x03, 0x00, 0x62, 0xC1, 0x03, 0x00
	.byte 0x3E, 0x1C, 0x00, 0x00, 0x74, 0xCB, 0x00, 0x00, 0x24, 0x7C, 0x01, 0x00, 0x36, 0x3F, 0x02, 0x00
	.byte 0x36, 0x02, 0x03, 0x00, 0xA4, 0xC1, 0x03, 0x00, 0x78, 0x1C, 0x00, 0x00, 0xC0, 0xCB, 0x00, 0x00
	.byte 0x7A, 0x7C, 0x01, 0x00, 0x88, 0x3F, 0x02, 0x00, 0x88, 0x02, 0x03, 0x00, 0xEC, 0xC1, 0x03, 0x00
	.byte 0x9A, 0x1C, 0x00, 0x00, 0xD6, 0xCB, 0x00, 0x00, 0x94, 0x7C, 0x01, 0x00, 0xA4, 0x3F, 0x02, 0x00
	.byte 0xA8, 0x02, 0x03, 0x00, 0x0A, 0xC2, 0x03, 0x00, 0xD0, 0x1C, 0x00, 0x00, 0x12, 0xCC, 0x00, 0x00
	.byte 0xD4, 0x7C, 0x01, 0x00, 0xE2, 0x3F, 0x02, 0x00, 0xE4, 0x02, 0x03, 0x00, 0x46, 0xC2, 0x03, 0x00
	.byte 0x06, 0x1D, 0x00, 0x00, 0x48, 0xCC, 0x00, 0x00, 0x12, 0x7D, 0x01, 0x00, 0x18, 0x40, 0x02, 0x00
	.byte 0x18, 0x03, 0x03, 0x00, 0x78, 0xC2, 0x03, 0x00, 0x3C, 0x1D, 0x00, 0x00, 0x84, 0xCC, 0x00, 0x00
	.byte 0x4E, 0x7D, 0x01, 0x00, 0x56, 0x40, 0x02, 0x00, 0x52, 0x03, 0x03, 0x00, 0xB2, 0xC2, 0x03, 0x00
	.byte 0x7E, 0x1D, 0x00, 0x00, 0xDE, 0xCC, 0x00, 0x00, 0xAA, 0x7D, 0x01, 0x00, 0xB4, 0x40, 0x02, 0x00
	.byte 0xA0, 0x03, 0x03, 0x00, 0xFE, 0xC2, 0x03, 0x00, 0xB6, 0x1D, 0x00, 0x00, 0x32, 0xCD, 0x00, 0x00
	.byte 0xF8, 0x7D, 0x01, 0x00, 0x04, 0x41, 0x02, 0x00, 0xE6, 0x03, 0x03, 0x00, 0x3C, 0xC3, 0x03, 0x00
	.byte 0x04, 0x1E, 0x00, 0x00, 0x70, 0xCD, 0x00, 0x00, 0x44, 0x7E, 0x01, 0x00, 0x44, 0x41, 0x02, 0x00
	.byte 0x2C, 0x04, 0x03, 0x00, 0x7C, 0xC3, 0x03, 0x00, 0x44, 0x1E, 0x00, 0x00, 0xAE, 0xCD, 0x00, 0x00
	.byte 0x8E, 0x7E, 0x01, 0x00, 0x8C, 0x41, 0x02, 0x00, 0x7C, 0x04, 0x03, 0x00, 0xC4, 0xC3, 0x03, 0x00
	.byte 0x7A, 0x1E, 0x00, 0x00, 0xF0, 0xCD, 0x00, 0x00, 0xD0, 0x7E, 0x01, 0x00, 0xD0, 0x41, 0x02, 0x00
	.byte 0xBC, 0x04, 0x03, 0x00, 0x06, 0xC4, 0x03, 0x00, 0x9A, 0x1E, 0x00, 0x00, 0x10, 0xCE, 0x00, 0x00
	.byte 0xF4, 0x7E, 0x01, 0x00, 0xF8, 0x41, 0x02, 0x00, 0xEC, 0x04, 0x03, 0x00, 0x2C, 0xC4, 0x03, 0x00
	.byte 0xD0, 0x1E, 0x00, 0x00, 0x3A, 0xCE, 0x00, 0x00, 0x34, 0x7F, 0x01, 0x00, 0x2E, 0x42, 0x02, 0x00
	.byte 0x20, 0x05, 0x03, 0x00, 0x68, 0xC4, 0x03, 0x00, 0xFE, 0x1E, 0x00, 0x00, 0x7E, 0xCE, 0x00, 0x00
	.byte 0x82, 0x7F, 0x01, 0x00, 0x78, 0x42, 0x02, 0x00, 0x60, 0x05, 0x03, 0x00, 0xB8, 0xC4, 0x03, 0x00
	.byte 0x34, 0x1F, 0x00, 0x00, 0xCC, 0xCE, 0x00, 0x00, 0xCA, 0x7F, 0x01, 0x00, 0xCA, 0x42, 0x02, 0x00
	.byte 0xA4, 0x05, 0x03, 0x00, 0x0E, 0xC5, 0x03, 0x00, 0x64, 0x1F, 0x00, 0x00, 0x0A, 0xCF, 0x00, 0x00
	.byte 0x0C, 0x80, 0x01, 0x00, 0x0E, 0x43, 0x02, 0x00, 0xDC, 0x05, 0x03, 0x00, 0x4C, 0xC5, 0x03, 0x00
	.byte 0x90, 0x1F, 0x00, 0x00, 0x2C, 0xCF, 0x00, 0x00, 0x38, 0x80, 0x01, 0x00, 0x36, 0x43, 0x02, 0x00
	.byte 0x16, 0x06, 0x03, 0x00, 0x7A, 0xC5, 0x03, 0x00, 0xBA, 0x1F, 0x00, 0x00, 0x58, 0xCF, 0x00, 0x00
	.byte 0x74, 0x80, 0x01, 0x00, 0x68, 0x43, 0x02, 0x00, 0x62, 0x06, 0x03, 0x00, 0xB0, 0xC5, 0x03, 0x00
	.byte 0xF0, 0x1F, 0x00, 0x00, 0x98, 0xCF, 0x00, 0x00, 0xC2, 0x80, 0x01, 0x00, 0xC0, 0x43, 0x02, 0x00
	.byte 0xAE, 0x06, 0x03, 0x00, 0xF8, 0xC5, 0x03, 0x00, 0x20, 0x20, 0x00, 0x00, 0xD6, 0xCF, 0x00, 0x00
	.byte 0x0C, 0x81, 0x01, 0x00, 0x06, 0x44, 0x02, 0x00, 0xEA, 0x06, 0x03, 0x00, 0x42, 0xC6, 0x03, 0x00
	.byte 0x5A, 0x20, 0x00, 0x00, 0x3C, 0xD0, 0x00, 0x00, 0x74, 0x81, 0x01, 0x00, 0x64, 0x44, 0x02, 0x00
	.byte 0x54, 0x07, 0x03, 0x00, 0x9C, 0xC6, 0x03, 0x00, 0x90, 0x20, 0x00, 0x00, 0x78, 0xD0, 0x00, 0x00
	.byte 0xBC, 0x81, 0x01, 0x00, 0x9E, 0x44, 0x02, 0x00, 0x94, 0x07, 0x03, 0x00, 0xD8, 0xC6, 0x03, 0x00
	.byte 0xA4, 0x20, 0x00, 0x00, 0x8A, 0xD0, 0x00, 0x00, 0xCA, 0x81, 0x01, 0x00, 0xAE, 0x44, 0x02, 0x00
	.byte 0xA6, 0x07, 0x03, 0x00, 0xEA, 0xC6, 0x03, 0x00, 0xDC, 0x20, 0x00, 0x00, 0xDC, 0xD0, 0x00, 0x00
	.byte 0x2C, 0x82, 0x01, 0x00, 0x08, 0x45, 0x02, 0x00, 0x04, 0x08, 0x03, 0x00, 0x3C, 0xC7, 0x03, 0x00
	.byte 0x04, 0x21, 0x00, 0x00, 0x10, 0xD1, 0x00, 0x00, 0x6A, 0x82, 0x01, 0x00, 0x46, 0x45, 0x02, 0x00
	.byte 0x38, 0x08, 0x03, 0x00, 0x74, 0xC7, 0x03, 0x00, 0x38, 0x21, 0x00, 0x00, 0x5A, 0xD1, 0x00, 0x00
	.byte 0xB4, 0x82, 0x01, 0x00, 0x82, 0x45, 0x02, 0x00, 0x74, 0x08, 0x03, 0x00, 0xB2, 0xC7, 0x03, 0x00
	.byte 0x64, 0x21, 0x00, 0x00, 0x76, 0xD1, 0x00, 0x00, 0xD4, 0x82, 0x01, 0x00, 0xA0, 0x45, 0x02, 0x00
	.byte 0x8C, 0x08, 0x03, 0x00, 0xCE, 0xC7, 0x03, 0x00, 0x8E, 0x21, 0x00, 0x00, 0x9C, 0xD1, 0x00, 0x00
	.byte 0xFC, 0x82, 0x01, 0x00, 0xCA, 0x45, 0x02, 0x00, 0xB4, 0x08, 0x03, 0x00, 0xF0, 0xC7, 0x03, 0x00
	.byte 0xBE, 0x21, 0x00, 0x00, 0xBE, 0xD1, 0x00, 0x00, 0x20, 0x83, 0x01, 0x00, 0x04, 0x46, 0x02, 0x00
	.byte 0xEC, 0x08, 0x03, 0x00, 0x22, 0xC8, 0x03, 0x00, 0xEC, 0x21, 0x00, 0x00, 0xEA, 0xD1, 0x00, 0x00
	.byte 0x4E, 0x83, 0x01, 0x00, 0x48, 0x46, 0x02, 0x00, 0x34, 0x09, 0x03, 0x00, 0x5C, 0xC8, 0x03, 0x00
	.byte 0x1C, 0x22, 0x00, 0x00, 0x0E, 0xD2, 0x00, 0x00, 0x76, 0x83, 0x01, 0x00, 0x7E, 0x46, 0x02, 0x00
	.byte 0x68, 0x09, 0x03, 0x00, 0x92, 0xC8, 0x03, 0x00, 0x4A, 0x22, 0x00, 0x00, 0x3C, 0xD2, 0x00, 0x00
	.byte 0xA6, 0x83, 0x01, 0x00, 0xBE, 0x46, 0x02, 0x00, 0xAC, 0x09, 0x03, 0x00, 0xD2, 0xC8, 0x03, 0x00
	.byte 0x78, 0x22, 0x00, 0x00, 0x54, 0xD2, 0x00, 0x00, 0xC4, 0x83, 0x01, 0x00, 0xDA, 0x46, 0x02, 0x00
	.byte 0xC8, 0x09, 0x03, 0x00, 0xEC, 0xC8, 0x03, 0x00, 0xA4, 0x22, 0x00, 0x00, 0x76, 0xD2, 0x00, 0x00
	.byte 0xEA, 0x83, 0x01, 0x00, 0x00, 0x47, 0x02, 0x00, 0xF4, 0x09, 0x03, 0x00, 0x0C, 0xC9, 0x03, 0x00
	.byte 0xC8, 0x22, 0x00, 0x00, 0x90, 0xD2, 0x00, 0x00, 0x08, 0x84, 0x01, 0x00, 0x1C, 0x47, 0x02, 0x00
	.byte 0x14, 0x0A, 0x03, 0x00, 0x2C, 0xC9, 0x03, 0x00, 0xF4, 0x22, 0x00, 0x00, 0xB8, 0xD2, 0x00, 0x00
	.byte 0x32, 0x84, 0x01, 0x00, 0x48, 0x47, 0x02, 0x00, 0x44, 0x0A, 0x03, 0x00, 0x58, 0xC9, 0x03, 0x00
	.byte 0x12, 0x23, 0x00, 0x00, 0xDC, 0xD2, 0x00, 0x00, 0x60, 0x84, 0x01, 0x00, 0x6E, 0x47, 0x02, 0x00
	.byte 0x60, 0x0A, 0x03, 0x00, 0x82, 0xC9, 0x03, 0x00, 0x3E, 0x23, 0x00, 0x00, 0x08, 0xD3, 0x00, 0x00
	.byte 0x90, 0x84, 0x01, 0x00, 0x9A, 0x47, 0x02, 0x00, 0x86, 0x0A, 0x03, 0x00, 0xAA, 0xC9, 0x03, 0x00
	.byte 0x58, 0x23, 0x00, 0x00, 0x24, 0xD3, 0x00, 0x00, 0xB0, 0x84, 0x01, 0x00, 0xB4, 0x47, 0x02, 0x00
	.byte 0xAA, 0x0A, 0x03, 0x00, 0xC6, 0xC9, 0x03, 0x00, 0x7E, 0x23, 0x00, 0x00, 0x3E, 0xD3, 0x00, 0x00
	.byte 0xCC, 0x84, 0x01, 0x00, 0xCC, 0x47, 0x02, 0x00, 0xC4, 0x0A, 0x03, 0x00, 0xE0, 0xC9, 0x03, 0x00
	.byte 0xA2, 0x23, 0x00, 0x00, 0x62, 0xD3, 0x00, 0x00, 0xF0, 0x84, 0x01, 0x00, 0xEE, 0x47, 0x02, 0x00
	.byte 0xF0, 0x0A, 0x03, 0x00, 0x06, 0xCA, 0x03, 0x00, 0xD4, 0x23, 0x00, 0x00, 0x8C, 0xD3, 0x00, 0x00
	.byte 0x1A, 0x85, 0x01, 0x00, 0x12, 0x48, 0x02, 0x00, 0x1C, 0x0B, 0x03, 0x00, 0x3A, 0xCA, 0x03, 0x00
	.byte 0x00, 0x24, 0x00, 0x00, 0xBC, 0xD3, 0x00, 0x00, 0x4E, 0x85, 0x01, 0x00, 0x3C, 0x48, 0x02, 0x00
	.byte 0x48, 0x0B, 0x03, 0x00, 0x6E, 0xCA, 0x03, 0x00, 0x2A, 0x24, 0x00, 0x00, 0xFE, 0xD3, 0x00, 0x00
	.byte 0x8E, 0x85, 0x01, 0x00, 0x7A, 0x48, 0x02, 0x00, 0x88, 0x0B, 0x03, 0x00, 0xB2, 0xCA, 0x03, 0x00
	.byte 0x62, 0x24, 0x00, 0x00, 0x38, 0xD4, 0x00, 0x00, 0xD0, 0x85, 0x01, 0x00, 0xAE, 0x48, 0x02, 0x00
	.byte 0xC0, 0x0B, 0x03, 0x00, 0xEE, 0xCA, 0x03, 0x00, 0x8C, 0x24, 0x00, 0x00, 0x7C, 0xD4, 0x00, 0x00
	.byte 0x1C, 0x86, 0x01, 0x00, 0xF0, 0x48, 0x02, 0x00, 0x0A, 0x0C, 0x03, 0x00, 0x34, 0xCB, 0x03, 0x00
	.byte 0xB4, 0x24, 0x00, 0x00, 0x96, 0xD4, 0x00, 0x00, 0x36, 0x86, 0x01, 0x00, 0x08, 0x49, 0x02, 0x00
	.byte 0x1C, 0x0C, 0x03, 0x00, 0x48, 0xCB, 0x03, 0x00, 0xDA, 0x24, 0x00, 0x00, 0xB6, 0xD4, 0x00, 0x00
	.byte 0x58, 0x86, 0x01, 0x00, 0x34, 0x49, 0x02, 0x00, 0x42, 0x0C, 0x03, 0x00, 0x62, 0xCB, 0x03, 0x00
	.byte 0x00, 0x25, 0x00, 0x00, 0xCC, 0xD4, 0x00, 0x00, 0x6E, 0x86, 0x01, 0x00, 0x4A, 0x49, 0x02, 0x00
	.byte 0x5A, 0x0C, 0x03, 0x00, 0x7A, 0xCB, 0x03, 0x00, 0x24, 0x25, 0x00, 0x00, 0xE2, 0xD4, 0x00, 0x00
	.byte 0x84, 0x86, 0x01, 0x00, 0x60, 0x49, 0x02, 0x00, 0x74, 0x0C, 0x03, 0x00, 0x96, 0xCB, 0x03, 0x00
	.byte 0x46, 0x25, 0x00, 0x00, 0x0A, 0xD5, 0x00, 0x00, 0xB0, 0x86, 0x01, 0x00, 0x86, 0x49, 0x02, 0x00
	.byte 0xA2, 0x0C, 0x03, 0x00, 0xC2, 0xCB, 0x03, 0x00, 0x6A, 0x25, 0x00, 0x00, 0x34, 0xD5, 0x00, 0x00
	.byte 0xDC, 0x86, 0x01, 0x00, 0xAC, 0x49, 0x02, 0x00, 0xD0, 0x0C, 0x03, 0x00, 0xEA, 0xCB, 0x03, 0x00
	.byte 0x94, 0x25, 0x00, 0x00, 0x54, 0xD5, 0x00, 0x00, 0xFC, 0x86, 0x01, 0x00, 0xCE, 0x49, 0x02, 0x00
	.byte 0xF6, 0x0C, 0x03, 0x00, 0x08, 0xCC, 0x03, 0x00, 0xC6, 0x25, 0x00, 0x00, 0x84, 0xD5, 0x00, 0x00
	.byte 0x36, 0x87, 0x01, 0x00, 0x04, 0x4A, 0x02, 0x00, 0x34, 0x0D, 0x03, 0x00, 0x3E, 0xCC, 0x03, 0x00
	.byte 0xE4, 0x25, 0x00, 0x00, 0x9A, 0xD5, 0x00, 0x00, 0x5A, 0x87, 0x01, 0x00, 0x20, 0x4A, 0x02, 0x00
	.byte 0x58, 0x0D, 0x03, 0x00, 0x5A, 0xCC, 0x03, 0x00, 0x02, 0x26, 0x00, 0x00, 0xB0, 0xD5, 0x00, 0x00
	.byte 0x7E, 0x87, 0x01, 0x00, 0x3C, 0x4A, 0x02, 0x00, 0x7C, 0x0D, 0x03, 0x00, 0x76, 0xCC, 0x03, 0x00
	.byte 0x24, 0x26, 0x00, 0x00, 0xE4, 0xD5, 0x00, 0x00, 0xBE, 0x87, 0x01, 0x00, 0x6C, 0x4A, 0x02, 0x00
	.byte 0xBA, 0x0D, 0x03, 0x00, 0xA8, 0xCC, 0x03, 0x00, 0x54, 0x26, 0x00, 0x00, 0x22, 0xD6, 0x00, 0x00
	.byte 0xF6, 0x87, 0x01, 0x00, 0xA2, 0x4A, 0x02, 0x00, 0xEA, 0x0D, 0x03, 0x00, 0xDE, 0xCC, 0x03, 0x00
	.byte 0x78, 0x26, 0x00, 0x00, 0x46, 0xD6, 0x00, 0x00, 0x08, 0x88, 0x01, 0x00, 0xB4, 0x4A, 0x02, 0x00
	.byte 0xF8, 0x0D, 0x03, 0x00, 0xEE, 0xCC, 0x03, 0x00, 0x9A, 0x26, 0x00, 0x00, 0x70, 0xD6, 0x00, 0x00
	.byte 0x22, 0x88, 0x01, 0x00, 0xD4, 0x4A, 0x02, 0x00, 0x18, 0x0E, 0x03, 0x00, 0x0A, 0xCD, 0x03, 0x00
	.byte 0xBC, 0x26, 0x00, 0x00, 0x98, 0xD6, 0x00, 0x00, 0x50, 0x88, 0x01, 0x00, 0xFA, 0x4A, 0x02, 0x00
	.byte 0x40, 0x0E, 0x03, 0x00, 0x2C, 0xCD, 0x03, 0x00, 0xEC, 0x26, 0x00, 0x00, 0xD4, 0xD6, 0x00, 0x00
	.byte 0x88, 0x88, 0x01, 0x00, 0x48, 0x4B, 0x02, 0x00, 0x80, 0x0E, 0x03, 0x00, 0x6C, 0xCD, 0x03, 0x00
	.byte 0x18, 0x27, 0x00, 0x00, 0x08, 0xD7, 0x00, 0x00, 0xCA, 0x88, 0x01, 0x00, 0x86, 0x4B, 0x02, 0x00
	.byte 0xBE, 0x0E, 0x03, 0x00, 0xA2, 0xCD, 0x03, 0x00, 0x2C, 0x27, 0x00, 0x00, 0x22, 0xD7, 0x00, 0x00
	.byte 0xE8, 0x88, 0x01, 0x00, 0xA2, 0x4B, 0x02, 0x00, 0xDA, 0x0E, 0x03, 0x00, 0xB8, 0xCD, 0x03, 0x00
	.byte 0x64, 0x27, 0x00, 0x00, 0x6E, 0xD7, 0x00, 0x00, 0x42, 0x89, 0x01, 0x00, 0xF0, 0x4B, 0x02, 0x00
	.byte 0x30, 0x0F, 0x03, 0x00, 0x0E, 0xCE, 0x03, 0x00, 0x8E, 0x27, 0x00, 0x00, 0xAE, 0xD7, 0x00, 0x00
	.byte 0x7E, 0x89, 0x01, 0x00, 0x26, 0x4C, 0x02, 0x00, 0x66, 0x0F, 0x03, 0x00, 0x48, 0xCE, 0x03, 0x00
	.byte 0xD6, 0x27, 0x00, 0x00, 0xEE, 0xD7, 0x00, 0x00, 0xBE, 0x89, 0x01, 0x00, 0x82, 0x4C, 0x02, 0x00
	.byte 0xC4, 0x0F, 0x03, 0x00, 0x90, 0xCE, 0x03, 0x00, 0xFE, 0x27, 0x00, 0x00, 0x10, 0xD8, 0x00, 0x00
	.byte 0xD8, 0x89, 0x01, 0x00, 0xB8, 0x4C, 0x02, 0x00, 0xE0, 0x0F, 0x03, 0x00, 0xB2, 0xCE, 0x03, 0x00
	.byte 0x2E, 0x28, 0x00, 0x00, 0x46, 0xD8, 0x00, 0x00, 0x08, 0x8A, 0x01, 0x00, 0xFC, 0x4C, 0x02, 0x00
	.byte 0x18, 0x10, 0x03, 0x00, 0xE4, 0xCE, 0x03, 0x00, 0x5A, 0x28, 0x00, 0x00, 0x68, 0xD8, 0x00, 0x00
	.byte 0x2A, 0x8A, 0x01, 0x00, 0x32, 0x4D, 0x02, 0x00, 0x44, 0x10, 0x03, 0x00, 0x04, 0xCF, 0x03, 0x00
	.byte 0x84, 0x28, 0x00, 0x00, 0x8A, 0xD8, 0x00, 0x00, 0x44, 0x8A, 0x01, 0x00, 0x68, 0x4D, 0x02, 0x00
	.byte 0x6C, 0x10, 0x03, 0x00, 0x26, 0xCF, 0x03, 0x00, 0xCC, 0x28, 0x00, 0x00, 0xD6, 0xD8, 0x00, 0x00
	.byte 0xA0, 0x8A, 0x01, 0x00, 0xB6, 0x4D, 0x02, 0x00, 0xB6, 0x10, 0x03, 0x00, 0x72, 0xCF, 0x03, 0x00
	.byte 0x10, 0x29, 0x00, 0x00, 0x1C, 0xD9, 0x00, 0x00, 0xF2, 0x8A, 0x01, 0x00, 0x00, 0x4E, 0x02, 0x00
	.byte 0xF8, 0x10, 0x03, 0x00, 0xC4, 0xCF, 0x03, 0x00, 0x50, 0x29, 0x00, 0x00, 0x5E, 0xD9, 0x00, 0x00
	.byte 0x48, 0x8B, 0x01, 0x00, 0x48, 0x4E, 0x02, 0x00, 0x40, 0x11, 0x03, 0x00, 0x0E, 0xD0, 0x03, 0x00
	.byte 0x8C, 0x29, 0x00, 0x00, 0x9A, 0xD9, 0x00, 0x00, 0x92, 0x8B, 0x01, 0x00, 0x8A, 0x4E, 0x02, 0x00
	.byte 0x7A, 0x11, 0x03, 0x00, 0x5C, 0xD0, 0x03, 0x00, 0xC4, 0x29, 0x00, 0x00, 0xD8, 0xD9, 0x00, 0x00
	.byte 0xC8, 0x8B, 0x01, 0x00, 0xC6, 0x4E, 0x02, 0x00, 0xBE, 0x11, 0x03, 0x00, 0x9A, 0xD0, 0x03, 0x00
	.byte 0xFE, 0x29, 0x00, 0x00, 0x0A, 0xDA, 0x00, 0x00, 0x12, 0x8C, 0x01, 0x00, 0x04, 0x4F, 0x02, 0x00
	.byte 0xFE, 0x11, 0x03, 0x00, 0xD8, 0xD0, 0x03, 0x00, 0x22, 0x2A, 0x00, 0x00, 0x26, 0xDA, 0x00, 0x00
	.byte 0x32, 0x8C, 0x01, 0x00, 0x22, 0x4F, 0x02, 0x00, 0x26, 0x12, 0x03, 0x00, 0xF8, 0xD0, 0x03, 0x00
	.byte 0x4E, 0x2A, 0x00, 0x00, 0x50, 0xDA, 0x00, 0x00, 0x60, 0x8C, 0x01, 0x00, 0x4C, 0x4F, 0x02, 0x00
	.byte 0x54, 0x12, 0x03, 0x00, 0x1C, 0xD1, 0x03, 0x00, 0x7A, 0x2A, 0x00, 0x00, 0x76, 0xDA, 0x00, 0x00
	.byte 0x88, 0x8C, 0x01, 0x00, 0x7A, 0x4F, 0x02, 0x00, 0x8C, 0x12, 0x03, 0x00, 0x50, 0xD1, 0x03, 0x00
	.byte 0xA6, 0x2A, 0x00, 0x00, 0x9A, 0xDA, 0x00, 0x00, 0xB2, 0x8C, 0x01, 0x00, 0xA4, 0x4F, 0x02, 0x00
	.byte 0xC4, 0x12, 0x03, 0x00, 0x7C, 0xD1, 0x03, 0x00, 0xEA, 0x2A, 0x00, 0x00, 0xCE, 0xDA, 0x00, 0x00
	.byte 0xEE, 0x8C, 0x01, 0x00, 0xE0, 0x4F, 0x02, 0x00, 0x02, 0x13, 0x03, 0x00, 0xB0, 0xD1, 0x03, 0x00
	.byte 0x0E, 0x2B, 0x00, 0x00, 0xF4, 0xDA, 0x00, 0x00, 0x18, 0x8D, 0x01, 0x00, 0x08, 0x50, 0x02, 0x00
	.byte 0x2C, 0x13, 0x03, 0x00, 0xD4, 0xD1, 0x03, 0x00, 0x56, 0x2B, 0x00, 0x00, 0x60, 0xDB, 0x00, 0x00
	.byte 0x76, 0x8D, 0x01, 0x00, 0x80, 0x50, 0x02, 0x00, 0x9C, 0x13, 0x03, 0x00, 0x50, 0xD2, 0x03, 0x00
	.byte 0xAC, 0x2B, 0x00, 0x00, 0xC0, 0xDB, 0x00, 0x00, 0xD8, 0x8D, 0x01, 0x00, 0xE4, 0x50, 0x02, 0x00
	.byte 0xF8, 0x13, 0x03, 0x00, 0x9E, 0xD2, 0x03, 0x00, 0xEC, 0x2B, 0x00, 0x00, 0x0E, 0xDC, 0x00, 0x00
	.byte 0x2A, 0x8E, 0x01, 0x00, 0x3C, 0x51, 0x02, 0x00, 0x4C, 0x14, 0x03, 0x00, 0xE8, 0xD2, 0x03, 0x00
	.byte 0x10, 0x2C, 0x00, 0x00, 0x28, 0xDC, 0x00, 0x00, 0x48, 0x8E, 0x01, 0x00, 0x58, 0x51, 0x02, 0x00
	.byte 0x72, 0x14, 0x03, 0x00, 0x06, 0xD3, 0x03, 0x00, 0x32, 0x2C, 0x00, 0x00, 0x38, 0xDC, 0x00, 0x00
	.byte 0x58, 0x8E, 0x01, 0x00, 0x6C, 0x51, 0x02, 0x00, 0x90, 0x14, 0x03, 0x00, 0x1A, 0xD3, 0x03, 0x00
	.byte 0x58, 0x2C, 0x00, 0x00, 0x50, 0xDC, 0x00, 0x00, 0x66, 0x8E, 0x01, 0x00, 0x8C, 0x51, 0x02, 0x00
	.byte 0xB4, 0x14, 0x03, 0x00, 0x40, 0xD3, 0x03, 0x00, 0xA2, 0x2C, 0x00, 0x00, 0xA2, 0xDC, 0x00, 0x00
	.byte 0xB8, 0x8E, 0x01, 0x00, 0xE0, 0x51, 0x02, 0x00, 0x12, 0x15, 0x03, 0x00, 0x98, 0xD3, 0x03, 0x00
	.byte 0xF4, 0x2C, 0x00, 0x00, 0x08, 0xDD, 0x00, 0x00, 0x20, 0x8F, 0x01, 0x00, 0x64, 0x52, 0x02, 0x00
	.byte 0x82, 0x15, 0x03, 0x00, 0xFA, 0xD3, 0x03, 0x00, 0x1E, 0x2D, 0x00, 0x00, 0x40, 0xDD, 0x00, 0x00
	.byte 0x4C, 0x8F, 0x01, 0x00, 0xA2, 0x52, 0x02, 0x00, 0xB4, 0x15, 0x03, 0x00, 0x30, 0xD4, 0x03, 0x00
	.byte 0x3A, 0x2D, 0x00, 0x00, 0x58, 0xDD, 0x00, 0x00, 0x66, 0x8F, 0x01, 0x00, 0xBE, 0x52, 0x02, 0x00
	.byte 0xCC, 0x15, 0x03, 0x00, 0x46, 0xD4, 0x03, 0x00, 0x5C, 0x2D, 0x00, 0x00, 0x6C, 0xDD, 0x00, 0x00
	.byte 0x86, 0x8F, 0x01, 0x00, 0xDC, 0x52, 0x02, 0x00, 0xF4, 0x15, 0x03, 0x00, 0x60, 0xD4, 0x03, 0x00
	.byte 0x9A, 0x2D, 0x00, 0x00, 0xA4, 0xDD, 0x00, 0x00, 0xD6, 0x8F, 0x01, 0x00, 0x20, 0x53, 0x02, 0x00
	.byte 0x38, 0x16, 0x03, 0x00, 0xA8, 0xD4, 0x03, 0x00, 0xCC, 0x2D, 0x00, 0x00, 0xEC, 0xDD, 0x00, 0x00
	.byte 0x26, 0x90, 0x01, 0x00, 0x72, 0x53, 0x02, 0x00, 0x7E, 0x16, 0x03, 0x00, 0xEC, 0xD4, 0x03, 0x00
	.byte 0x08, 0x2E, 0x00, 0x00, 0x42, 0xDE, 0x00, 0x00, 0x7C, 0x90, 0x01, 0x00, 0xD4, 0x53, 0x02, 0x00
	.byte 0xC8, 0x16, 0x03, 0x00, 0x44, 0xD5, 0x03, 0x00, 0x46, 0x2E, 0x00, 0x00, 0x9A, 0xDE, 0x00, 0x00
	.byte 0xE6, 0x90, 0x01, 0x00, 0x42, 0x54, 0x02, 0x00, 0x20, 0x17, 0x03, 0x00, 0xA8, 0xD5, 0x03, 0x00
	.byte 0x62, 0x2E, 0x00, 0x00, 0xAC, 0xDE, 0x00, 0x00, 0x00, 0x91, 0x01, 0x00, 0x58, 0x54, 0x02, 0x00
	.byte 0x32, 0x17, 0x03, 0x00, 0xBE, 0xD5, 0x03, 0x00, 0x7E, 0x2E, 0x00, 0x00, 0xC2, 0xDE, 0x00, 0x00
	.byte 0x1C, 0x91, 0x01, 0x00, 0x72, 0x54, 0x02, 0x00, 0x48, 0x17, 0x03, 0x00, 0xD8, 0xD5, 0x03, 0x00
	.byte 0xA0, 0x2E, 0x00, 0x00, 0xE0, 0xDE, 0x00, 0x00, 0x40, 0x91, 0x01, 0x00, 0x96, 0x54, 0x02, 0x00
	.byte 0x68, 0x17, 0x03, 0x00, 0xF6, 0xD5, 0x03, 0x00, 0xCC, 0x2E, 0x00, 0x00, 0x0A, 0xDF, 0x00, 0x00
	.byte 0x6C, 0x91, 0x01, 0x00, 0xC4, 0x54, 0x02, 0x00, 0x98, 0x17, 0x03, 0x00, 0x2A, 0xD6, 0x03, 0x00
	.byte 0xF0, 0x2E, 0x00, 0x00, 0x2A, 0xDF, 0x00, 0x00, 0x92, 0x91, 0x01, 0x00, 0xE2, 0x54, 0x02, 0x00
	.byte 0xBA, 0x17, 0x03, 0x00, 0x4A, 0xD6, 0x03, 0x00, 0x1C, 0x2F, 0x00, 0x00, 0x4A, 0xDF, 0x00, 0x00
	.byte 0xB2, 0x91, 0x01, 0x00, 0x06, 0x55, 0x02, 0x00, 0xDC, 0x17, 0x03, 0x00, 0x6C, 0xD6, 0x03, 0x00
	.byte 0x3C, 0x2F, 0x00, 0x00, 0x64, 0xDF, 0x00, 0x00, 0xDC, 0x91, 0x01, 0x00, 0x38, 0x55, 0x02, 0x00
	.byte 0x0C, 0x18, 0x03, 0x00, 0xA2, 0xD6, 0x03, 0x00, 0xA2, 0x2F, 0x00, 0x00, 0xE6, 0xDF, 0x00, 0x00
	.byte 0x66, 0x92, 0x01, 0x00, 0xC2, 0x55, 0x02, 0x00, 0x96, 0x18, 0x03, 0x00, 0x20, 0xD7, 0x03, 0x00
	.byte 0xCA, 0x2F, 0x00, 0x00, 0x12, 0xE0, 0x00, 0x00, 0xA4, 0x92, 0x01, 0x00, 0xF6, 0x55, 0x02, 0x00
	.byte 0xC0, 0x18, 0x03, 0x00, 0x52, 0xD7, 0x03, 0x00, 0xEE, 0x2F, 0x00, 0x00, 0x32, 0xE0, 0x00, 0x00
	.byte 0xC6, 0x92, 0x01, 0x00, 0x12, 0x56, 0x02, 0x00, 0xDE, 0x18, 0x03, 0x00, 0x70, 0xD7, 0x03, 0x00
	.byte 0x1A, 0x30, 0x00, 0x00, 0x5E, 0xE0, 0x00, 0x00, 0xFE, 0x92, 0x01, 0x00, 0x3E, 0x56, 0x02, 0x00
	.byte 0x0A, 0x19, 0x03, 0x00, 0xA4, 0xD7, 0x03, 0x00, 0x4C, 0x30, 0x00, 0x00, 0x88, 0xE0, 0x00, 0x00
	.byte 0x2E, 0x93, 0x01, 0x00, 0x66, 0x56, 0x02, 0x00, 0x26, 0x19, 0x03, 0x00, 0xDC, 0xD7, 0x03, 0x00
	.byte 0x7C, 0x30, 0x00, 0x00, 0xBC, 0xE0, 0x00, 0x00, 0x68, 0x93, 0x01, 0x00, 0x9A, 0x56, 0x02, 0x00
	.byte 0x60, 0x19, 0x03, 0x00, 0x1C, 0xD8, 0x03, 0x00, 0xB2, 0x30, 0x00, 0x00, 0xEC, 0xE0, 0x00, 0x00
	.byte 0x9E, 0x93, 0x01, 0x00, 0xDE, 0x56, 0x02, 0x00, 0x88, 0x19, 0x03, 0x00, 0x5E, 0xD8, 0x03, 0x00
	.byte 0xE6, 0x30, 0x00, 0x00, 0x26, 0xE1, 0x00, 0x00, 0xDE, 0x93, 0x01, 0x00, 0x2E, 0x57, 0x02, 0x00
	.byte 0xCA, 0x19, 0x03, 0x00, 0xA8, 0xD8, 0x03, 0x00, 0x1C, 0x31, 0x00, 0x00, 0x58, 0xE1, 0x00, 0x00
	.byte 0x16, 0x94, 0x01, 0x00, 0x6E, 0x57, 0x02, 0x00, 0xF0, 0x19, 0x03, 0x00, 0xE8, 0xD8, 0x03, 0x00
	.byte 0x50, 0x31, 0x00, 0x00, 0x94, 0xE1, 0x00, 0x00, 0x58, 0x94, 0x01, 0x00, 0xBA, 0x57, 0x02, 0x00
	.byte 0x32, 0x1A, 0x03, 0x00, 0x34, 0xD9, 0x03, 0x00, 0x70, 0x31, 0x00, 0x00, 0xB0, 0xE1, 0x00, 0x00
	.byte 0x76, 0x94, 0x01, 0x00, 0xDC, 0x57, 0x02, 0x00, 0x56, 0x1A, 0x03, 0x00, 0x50, 0xD9, 0x03, 0x00
	.byte 0x8A, 0x31, 0x00, 0x00, 0xC8, 0xE1, 0x00, 0x00, 0x9C, 0x94, 0x01, 0x00, 0xF0, 0x57, 0x02, 0x00
	.byte 0x74, 0x1A, 0x03, 0x00, 0x66, 0xD9, 0x03, 0x00, 0xAA, 0x31, 0x00, 0x00, 0xDA, 0xE1, 0x00, 0x00
	.byte 0xB4, 0x94, 0x01, 0x00, 0x0E, 0x58, 0x02, 0x00, 0x90, 0x1A, 0x03, 0x00, 0x84, 0xD9, 0x03, 0x00
	.byte 0xC6, 0x31, 0x00, 0x00, 0x00, 0xE2, 0x00, 0x00, 0xD8, 0x94, 0x01, 0x00, 0x34, 0x58, 0x02, 0x00
	.byte 0xB4, 0x1A, 0x03, 0x00, 0xAE, 0xD9, 0x03, 0x00, 0xEC, 0x31, 0x00, 0x00, 0x2C, 0xE2, 0x00, 0x00
	.byte 0x08, 0x95, 0x01, 0x00, 0x62, 0x58, 0x02, 0x00, 0xDE, 0x1A, 0x03, 0x00, 0xD4, 0xD9, 0x03, 0x00
	.byte 0x20, 0x32, 0x00, 0x00, 0x58, 0xE2, 0x00, 0x00, 0x4C, 0x95, 0x01, 0x00, 0x9C, 0x58, 0x02, 0x00
	.byte 0x1A, 0x1B, 0x03, 0x00, 0x0C, 0xDA, 0x03, 0x00, 0x42, 0x32, 0x00, 0x00, 0x7A, 0xE2, 0x00, 0x00
	.byte 0x6E, 0x95, 0x01, 0x00, 0xC4, 0x58, 0x02, 0x00, 0x46, 0x1B, 0x03, 0x00, 0x2E, 0xDA, 0x03, 0x00
	.byte 0x5E, 0x32, 0x00, 0x00, 0x98, 0xE2, 0x00, 0x00, 0x84, 0x95, 0x01, 0x00, 0xE4, 0x58, 0x02, 0x00
	.byte 0x70, 0x1B, 0x03, 0x00, 0x4E, 0xDA, 0x03, 0x00, 0x7A, 0x32, 0x00, 0x00, 0xBE, 0xE2, 0x00, 0x00
	.byte 0xAA, 0x95, 0x01, 0x00, 0x06, 0x59, 0x02, 0x00, 0x8E, 0x1B, 0x03, 0x00, 0x72, 0xDA, 0x03, 0x00
	.byte 0xA0, 0x32, 0x00, 0x00, 0xF0, 0xE2, 0x00, 0x00, 0xD2, 0x95, 0x01, 0x00, 0x2C, 0x59, 0x02, 0x00
	.byte 0xD6, 0x1B, 0x03, 0x00, 0xA8, 0xDA, 0x03, 0x00, 0xBE, 0x32, 0x00, 0x00, 0x22, 0xE3, 0x00, 0x00
	.byte 0x04, 0x96, 0x01, 0x00, 0x54, 0x59, 0x02, 0x00, 0x1C, 0x1C, 0x03, 0x00, 0xDE, 0xDA, 0x03, 0x00
	.byte 0xE2, 0x32, 0x00, 0x00, 0x42, 0xE3, 0x00, 0x00, 0x22, 0x96, 0x01, 0x00, 0x72, 0x59, 0x02, 0x00
	.byte 0x42, 0x1C, 0x03, 0x00, 0xFE, 0xDA, 0x03, 0x00, 0xFC, 0x32, 0x00, 0x00, 0x56, 0xE3, 0x00, 0x00
	.byte 0x3A, 0x96, 0x01, 0x00, 0x90, 0x59, 0x02, 0x00, 0x60, 0x1C, 0x03, 0x00, 0x16, 0xDB, 0x03, 0x00
	.byte 0x44, 0x33, 0x00, 0x00, 0xA6, 0xE3, 0x00, 0x00, 0x8E, 0x96, 0x01, 0x00, 0xEC, 0x59, 0x02, 0x00
	.byte 0xB4, 0x1C, 0x03, 0x00, 0x6E, 0xDB, 0x03, 0x00, 0x78, 0x33, 0x00, 0x00, 0xD6, 0xE3, 0x00, 0x00
	.byte 0xBE, 0x96, 0x01, 0x00, 0x2A, 0x5A, 0x02, 0x00, 0xEE, 0x1C, 0x03, 0x00, 0xA4, 0xDB, 0x03, 0x00
	.byte 0xA4, 0x33, 0x00, 0x00, 0xFE, 0xE3, 0x00, 0x00, 0xE8, 0x96, 0x01, 0x00, 0x56, 0x5A, 0x02, 0x00
	.byte 0x16, 0x1D, 0x03, 0x00, 0xD4, 0xDB, 0x03, 0x00, 0xDC, 0x33, 0x00, 0x00, 0x24, 0xE4, 0x00, 0x00
	.byte 0x16, 0x97, 0x01, 0x00, 0x8A, 0x5A, 0x02, 0x00, 0x46, 0x1D, 0x03, 0x00, 0x00, 0xDC, 0x03, 0x00
	.byte 0x1C, 0x34, 0x00, 0x00, 0x68, 0xE4, 0x00, 0x00, 0x74, 0x97, 0x01, 0x00, 0xDA, 0x5A, 0x02, 0x00
	.byte 0x9C, 0x1D, 0x03, 0x00, 0x50, 0xDC, 0x03, 0x00, 0x3E, 0x34, 0x00, 0x00, 0x84, 0xE4, 0x00, 0x00
	.byte 0xA4, 0x97, 0x01, 0x00, 0xF6, 0x5A, 0x02, 0x00, 0xBA, 0x1D, 0x03, 0x00, 0x74, 0xDC, 0x03, 0x00
	.byte 0xAA, 0x34, 0x00, 0x00, 0xE0, 0xE4, 0x00, 0x00, 0x12, 0x98, 0x01, 0x00, 0x58, 0x5B, 0x02, 0x00
	.byte 0x24, 0x1E, 0x03, 0x00, 0xD4, 0xDC, 0x03, 0x00, 0xD6, 0x34, 0x00, 0x00, 0x04, 0xE5, 0x00, 0x00
	.byte 0x3A, 0x98, 0x01, 0x00, 0x84, 0x5B, 0x02, 0x00, 0x5A, 0x1E, 0x03, 0x00, 0x00, 0xDD, 0x03, 0x00
	.byte 0xFE, 0x34, 0x00, 0x00, 0x1C, 0xE5, 0x00, 0x00, 0x5C, 0x98, 0x01, 0x00, 0xA2, 0x5B, 0x02, 0x00
	.byte 0x7C, 0x1E, 0x03, 0x00, 0x1E, 0xDD, 0x03, 0x00, 0x26, 0x35, 0x00, 0x00, 0x34, 0xE5, 0x00, 0x00
	.byte 0x7A, 0x98, 0x01, 0x00, 0xC0, 0x5B, 0x02, 0x00, 0x9C, 0x1E, 0x03, 0x00, 0x3C, 0xDD, 0x03, 0x00
	.byte 0x4E, 0x35, 0x00, 0x00, 0x50, 0xE5, 0x00, 0x00, 0x9E, 0x98, 0x01, 0x00, 0xDE, 0x5B, 0x02, 0x00
	.byte 0xC2, 0x1E, 0x03, 0x00, 0x5A, 0xDD, 0x03, 0x00, 0x7E, 0x35, 0x00, 0x00, 0x8C, 0xE5, 0x00, 0x00
	.byte 0xF6, 0x98, 0x01, 0x00, 0x20, 0x5C, 0x02, 0x00, 0x06, 0x1F, 0x03, 0x00, 0xA0, 0xDD, 0x03, 0x00
	.byte 0xCE, 0x35, 0x00, 0x00, 0xE2, 0xE5, 0x00, 0x00, 0x5A, 0x99, 0x01, 0x00, 0x7C, 0x5C, 0x02, 0x00
	.byte 0x72, 0x1F, 0x03, 0x00, 0x00, 0xDE, 0x03, 0x00, 0x0E, 0x36, 0x00, 0x00, 0x12, 0xE6, 0x00, 0x00
	.byte 0x8C, 0x99, 0x01, 0x00, 0xB0, 0x5C, 0x02, 0x00, 0x9C, 0x1F, 0x03, 0x00, 0x34, 0xDE, 0x03, 0x00
	.byte 0x44, 0x36, 0x00, 0x00, 0x46, 0xE6, 0x00, 0x00, 0xCA, 0x99, 0x01, 0x00, 0xFC, 0x5C, 0x02, 0x00
	.byte 0xF8, 0x1F, 0x03, 0x00, 0x74, 0xDE, 0x03, 0x00, 0x7A, 0x36, 0x00, 0x00, 0x7A, 0xE6, 0x00, 0x00
	.byte 0x06, 0x9A, 0x01, 0x00, 0x50, 0x5D, 0x02, 0x00, 0x54, 0x20, 0x03, 0x00, 0xB4, 0xDE, 0x03, 0x00
	.byte 0x98, 0x36, 0x00, 0x00, 0x94, 0xE6, 0x00, 0x00, 0x24, 0x9A, 0x01, 0x00, 0x8C, 0x5D, 0x02, 0x00
	.byte 0x86, 0x20, 0x03, 0x00, 0xD0, 0xDE, 0x03, 0x00, 0xB4, 0x36, 0x00, 0x00, 0xA6, 0xE6, 0x00, 0x00
	.byte 0x36, 0x9A, 0x01, 0x00, 0xA4, 0x5D, 0x02, 0x00, 0x96, 0x20, 0x03, 0x00, 0xE4, 0xDE, 0x03, 0x00
	.byte 0xEA, 0x36, 0x00, 0x00, 0xF6, 0xE6, 0x00, 0x00, 0x94, 0x9A, 0x01, 0x00, 0x06, 0x5E, 0x02, 0x00
	.byte 0x04, 0x21, 0x03, 0x00, 0x2C, 0xDF, 0x03, 0x00, 0x12, 0x37, 0x00, 0x00, 0x28, 0xE7, 0x00, 0x00
	.byte 0xCE, 0x9A, 0x01, 0x00, 0x48, 0x5E, 0x02, 0x00, 0x46, 0x21, 0x03, 0x00, 0x68, 0xDF, 0x03, 0x00
	.byte 0x46, 0x37, 0x00, 0x00, 0x5E, 0xE7, 0x00, 0x00, 0x14, 0x9B, 0x01, 0x00, 0x86, 0x5E, 0x02, 0x00
	.byte 0x74, 0x21, 0x03, 0x00, 0x9C, 0xDF, 0x03, 0x00, 0x72, 0x37, 0x00, 0x00, 0x9E, 0xE7, 0x00, 0x00
	.byte 0x62, 0x9B, 0x01, 0x00, 0xDE, 0x5E, 0x02, 0x00, 0xBC, 0x21, 0x03, 0x00, 0xE0, 0xDF, 0x03, 0x00
	.byte 0xAC, 0x37, 0x00, 0x00, 0xCA, 0xE7, 0x00, 0x00, 0xA0, 0x9B, 0x01, 0x00, 0x04, 0x5F, 0x02, 0x00
	.byte 0xE6, 0x21, 0x03, 0x00, 0x0E, 0xE0, 0x03, 0x00, 0xC8, 0x37, 0x00, 0x00, 0xEA, 0xE7, 0x00, 0x00
	.byte 0xCA, 0x9B, 0x01, 0x00, 0x20, 0x5F, 0x02, 0x00, 0x06, 0x22, 0x03, 0x00, 0x2C, 0xE0, 0x03, 0x00
	.byte 0xF2, 0x37, 0x00, 0x00, 0x08, 0xE8, 0x00, 0x00, 0xEC, 0x9B, 0x01, 0x00, 0x46, 0x5F, 0x02, 0x00
	.byte 0x2A, 0x22, 0x03, 0x00, 0x4E, 0xE0, 0x03, 0x00, 0x20, 0x38, 0x00, 0x00, 0x2E, 0xE8, 0x00, 0x00
	.byte 0x12, 0x9C, 0x01, 0x00, 0x62, 0x5F, 0x02, 0x00, 0x50, 0x22, 0x03, 0x00, 0x6C, 0xE0, 0x03, 0x00
	.byte 0x44, 0x38, 0x00, 0x00, 0x5C, 0xE8, 0x00, 0x00, 0x3E, 0x9C, 0x01, 0x00, 0x92, 0x5F, 0x02, 0x00
	.byte 0x78, 0x22, 0x03, 0x00, 0x9A, 0xE0, 0x03, 0x00, 0x60, 0x38, 0x00, 0x00, 0x86, 0xE8, 0x00, 0x00
	.byte 0x6C, 0x9C, 0x01, 0x00, 0xBC, 0x5F, 0x02, 0x00, 0xA2, 0x22, 0x03, 0x00, 0xC8, 0xE0, 0x03, 0x00
	.byte 0x8A, 0x38, 0x00, 0x00, 0xC6, 0xE8, 0x00, 0x00, 0xBC, 0x9C, 0x01, 0x00, 0x06, 0x60, 0x02, 0x00
	.byte 0xF2, 0x22, 0x03, 0x00, 0x0E, 0xE1, 0x03, 0x00, 0xA8, 0x38, 0x00, 0x00, 0xE8, 0xE8, 0x00, 0x00
	.byte 0xE8, 0x9C, 0x01, 0x00, 0x32, 0x60, 0x02, 0x00, 0x2A, 0x23, 0x03, 0x00, 0x38, 0xE1, 0x03, 0x00
	.byte 0xD4, 0x38, 0x00, 0x00, 0x0E, 0xE9, 0x00, 0x00, 0x20, 0x9D, 0x01, 0x00, 0x5A, 0x60, 0x02, 0x00
	.byte 0x48, 0x23, 0x03, 0x00, 0x5E, 0xE1, 0x03, 0x00, 0xE2, 0x38, 0x00, 0x00, 0x16, 0xE9, 0x00, 0x00
	.byte 0x28, 0x9D, 0x01, 0x00, 0x62, 0x60, 0x02, 0x00, 0x50, 0x23, 0x03, 0x00, 0x66, 0xE1, 0x03, 0x00
	.byte 0xEE, 0x38, 0x00, 0x00, 0x1E, 0xE9, 0x00, 0x00, 0x30, 0x9D, 0x01, 0x00, 0x6A, 0x60, 0x02, 0x00
	.byte 0x58, 0x23, 0x03, 0x00, 0x6E, 0xE1, 0x03, 0x00, 0xF8, 0x38, 0x00, 0x00, 0x28, 0xE9, 0x00, 0x00
	.byte 0x3A, 0x9D, 0x01, 0x00, 0x74, 0x60, 0x02, 0x00, 0x64, 0x23, 0x03, 0x00, 0x78, 0xE1, 0x03, 0x00
	.byte 0x1C, 0x39, 0x00, 0x00, 0x58, 0xE9, 0x00, 0x00, 0x76, 0x9D, 0x01, 0x00, 0xA6, 0x60, 0x02, 0x00
	.byte 0x96, 0x23, 0x03, 0x00, 0xA0, 0xE1, 0x03, 0x00, 0x4C, 0x39, 0x00, 0x00, 0x84, 0xE9, 0x00, 0x00
	.byte 0xB6, 0x9D, 0x01, 0x00, 0xD6, 0x60, 0x02, 0x00, 0xC6, 0x23, 0x03, 0x00, 0xD2, 0xE1, 0x03, 0x00
	.byte 0x84, 0x39, 0x00, 0x00, 0xBA, 0xE9, 0x00, 0x00, 0x00, 0x9E, 0x01, 0x00, 0x12, 0x61, 0x02, 0x00
	.byte 0x00, 0x24, 0x03, 0x00, 0x0C, 0xE2, 0x03, 0x00, 0xC0, 0x39, 0x00, 0x00, 0xF2, 0xE9, 0x00, 0x00
	.byte 0x4C, 0x9E, 0x01, 0x00, 0x50, 0x61, 0x02, 0x00, 0x3C, 0x24, 0x03, 0x00, 0x4A, 0xE2, 0x03, 0x00
	.byte 0xFA, 0x39, 0x00, 0x00, 0x2A, 0xEA, 0x00, 0x00, 0x98, 0x9E, 0x01, 0x00, 0x8E, 0x61, 0x02, 0x00
	.byte 0x78, 0x24, 0x03, 0x00, 0x86, 0xE2, 0x03, 0x00, 0x32, 0x3A, 0x00, 0x00, 0x62, 0xEA, 0x00, 0x00
	.byte 0xE4, 0x9E, 0x01, 0x00, 0xCC, 0x61, 0x02, 0x00, 0xB4, 0x24, 0x03, 0x00, 0xC2, 0xE2, 0x03, 0x00
	.byte 0x66, 0x3A, 0x00, 0x00, 0xA8, 0xEA, 0x00, 0x00, 0x2C, 0x9F, 0x01, 0x00, 0x0E, 0x62, 0x02, 0x00
	.byte 0x00, 0x25, 0x03, 0x00, 0x18, 0xE3, 0x03, 0x00, 0x90, 0x3A, 0x00, 0x00, 0xC8, 0xEA, 0x00, 0x00
	.byte 0x50, 0x9F, 0x01, 0x00, 0x32, 0x62, 0x02, 0x00, 0x2A, 0x25, 0x03, 0x00, 0x3E, 0xE3, 0x03, 0x00
	.byte 0xB4, 0x3A, 0x00, 0x00, 0xE8, 0xEA, 0x00, 0x00, 0x7E, 0x9F, 0x01, 0x00, 0x54, 0x62, 0x02, 0x00
	.byte 0x4C, 0x25, 0x03, 0x00, 0x66, 0xE3, 0x03, 0x00, 0xD2, 0x3A, 0x00, 0x00, 0x06, 0xEB, 0x00, 0x00
	.byte 0xA4, 0x9F, 0x01, 0x00, 0x7C, 0x62, 0x02, 0x00, 0x7A, 0x25, 0x03, 0x00, 0x8A, 0xE3, 0x03, 0x00
	.byte 0xF6, 0x3A, 0x00, 0x00, 0x30, 0xEB, 0x00, 0x00, 0xD2, 0x9F, 0x01, 0x00, 0xAA, 0x62, 0x02, 0x00
	.byte 0xAE, 0x25, 0x03, 0x00, 0xB8, 0xE3, 0x03, 0x00, 0x20, 0x3B, 0x00, 0x00, 0x5C, 0xEB, 0x00, 0x00
	.byte 0x04, 0xA0, 0x01, 0x00, 0xDE, 0x62, 0x02, 0x00, 0xDC, 0x25, 0x03, 0x00, 0xEA, 0xE3, 0x03, 0x00
	.byte 0x4C, 0x3B, 0x00, 0x00, 0x90, 0xEB, 0x00, 0x00, 0x48, 0xA0, 0x01, 0x00, 0x12, 0x63, 0x02, 0x00
	.byte 0x0E, 0x26, 0x03, 0x00, 0x28, 0xE4, 0x03, 0x00, 0x52, 0x3B, 0x00, 0x00, 0x9C, 0xEB, 0x00, 0x00
	.byte 0x54, 0xA0, 0x01, 0x00, 0x20, 0x63, 0x02, 0x00, 0x1C, 0x26, 0x03, 0x00, 0x38, 0xE4, 0x03, 0x00
	.byte 0x72, 0x3B, 0x00, 0x00, 0xCC, 0xEB, 0x00, 0x00, 0x88, 0xA0, 0x01, 0x00, 0x66, 0x63, 0x02, 0x00
	.byte 0x64, 0x26, 0x03, 0x00, 0x70, 0xE4, 0x03, 0x00, 0x96, 0x3B, 0x00, 0x00, 0xE8, 0xEB, 0x00, 0x00
	.byte 0xA6, 0xA0, 0x01, 0x00, 0x82, 0x63, 0x02, 0x00, 0x80, 0x26, 0x03, 0x00, 0x8E, 0xE4, 0x03, 0x00
	.byte 0xBC, 0x3B, 0x00, 0x00, 0x1A, 0xEC, 0x00, 0x00, 0xDC, 0xA0, 0x01, 0x00, 0xB8, 0x63, 0x02, 0x00
	.byte 0xB6, 0x26, 0x03, 0x00, 0xCC, 0xE4, 0x03, 0x00, 0xC4, 0x3B, 0x00, 0x00, 0x20, 0xEC, 0x00, 0x00
	.byte 0xE2, 0xA0, 0x01, 0x00, 0xBE, 0x63, 0x02, 0x00, 0xBC, 0x26, 0x03, 0x00, 0xD2, 0xE4, 0x03, 0x00
	.byte 0xCA, 0x3B, 0x00, 0x00, 0x26, 0xEC, 0x00, 0x00, 0xE8, 0xA0, 0x01, 0x00, 0xC4, 0x63, 0x02, 0x00
	.byte 0xC2, 0x26, 0x03, 0x00, 0xD8, 0xE4, 0x03, 0x00, 0xD0, 0x3B, 0x00, 0x00, 0x2C, 0xEC, 0x00, 0x00
	.byte 0xEE, 0xA0, 0x01, 0x00, 0xCA, 0x63, 0x02, 0x00, 0xC8, 0x26, 0x03, 0x00, 0xDE, 0xE4, 0x03, 0x00
	.byte 0xD8, 0x3B, 0x00, 0x00, 0x32, 0xEC, 0x00, 0x00, 0xF4, 0xA0, 0x01, 0x00, 0xD0, 0x63, 0x02, 0x00
	.byte 0xCE, 0x26, 0x03, 0x00, 0xE4, 0xE4, 0x03, 0x00, 0xE2, 0x3B, 0x00, 0x00, 0x3C, 0xEC, 0x00, 0x00
	.byte 0xFE, 0xA0, 0x01, 0x00, 0xDA, 0x63, 0x02, 0x00, 0xD6, 0x26, 0x03, 0x00, 0xF0, 0xE4, 0x03, 0x00
	.byte 0xEC, 0x3B, 0x00, 0x00, 0x42, 0xEC, 0x00, 0x00, 0x06, 0xA1, 0x01, 0x00, 0xE0, 0x63, 0x02, 0x00
	.byte 0xE2, 0x26, 0x03, 0x00, 0xF8, 0xE4, 0x03, 0x00, 0x04, 0x3C, 0x00, 0x00, 0x5C, 0xEC, 0x00, 0x00
	.byte 0x2C, 0xA1, 0x01, 0x00, 0xFA, 0x63, 0x02, 0x00, 0x00, 0x27, 0x03, 0x00, 0x14, 0xE5, 0x03, 0x00
	.byte 0x1C, 0x3C, 0x00, 0x00, 0x7C, 0xEC, 0x00, 0x00, 0x58, 0xA1, 0x01, 0x00, 0x22, 0x64, 0x02, 0x00
	.byte 0x2C, 0x27, 0x03, 0x00, 0x34, 0xE5, 0x03, 0x00, 0x24, 0x3C, 0x00, 0x00, 0x80, 0xEC, 0x00, 0x00
	.byte 0x5C, 0xA1, 0x01, 0x00, 0x26, 0x64, 0x02, 0x00, 0x30, 0x27, 0x03, 0x00, 0x38, 0xE5, 0x03, 0x00
	.byte 0x2C, 0x3C, 0x00, 0x00, 0x84, 0xEC, 0x00, 0x00, 0x60, 0xA1, 0x01, 0x00, 0x2A, 0x64, 0x02, 0x00
	.byte 0x34, 0x27, 0x03, 0x00, 0x3C, 0xE5, 0x03, 0x00, 0x44, 0x3C, 0x00, 0x00, 0x9C, 0xEC, 0x00, 0x00
	.byte 0x7E, 0xA1, 0x01, 0x00, 0x46, 0x64, 0x02, 0x00, 0x52, 0x27, 0x03, 0x00, 0x58, 0xE5, 0x03, 0x00
	.byte 0x64, 0x3C, 0x00, 0x00, 0xBA, 0xEC, 0x00, 0x00, 0x9E, 0xA1, 0x01, 0x00, 0x6E, 0x64, 0x02, 0x00
	.byte 0x80, 0x27, 0x03, 0x00, 0x82, 0xE5, 0x03, 0x00, 0x7E, 0x3C, 0x00, 0x00, 0xD4, 0xEC, 0x00, 0x00
	.byte 0xBA, 0xA1, 0x01, 0x00, 0x8C, 0x64, 0x02, 0x00, 0xA0, 0x27, 0x03, 0x00, 0x9E, 0xE5, 0x03, 0x00
	.byte 0x98, 0x3C, 0x00, 0x00, 0xEC, 0xEC, 0x00, 0x00, 0xD4, 0xA1, 0x01, 0x00, 0xA8, 0x64, 0x02, 0x00
	.byte 0xBE, 0x27, 0x03, 0x00, 0xB8, 0xE5, 0x03, 0x00, 0xB2, 0x3C, 0x00, 0x00, 0x08, 0xED, 0x00, 0x00
	.byte 0xF4, 0xA1, 0x01, 0x00, 0xC6, 0x64, 0x02, 0x00, 0xDE, 0x27, 0x03, 0x00, 0xD6, 0xE5, 0x03, 0x00
	.byte 0xCC, 0x3C, 0x00, 0x00, 0x16, 0xED, 0x00, 0x00, 0x10, 0xA2, 0x01, 0x00, 0xD6, 0x64, 0x02, 0x00
	.byte 0xF4, 0x27, 0x03, 0x00, 0xEA, 0xE5, 0x03, 0x00, 0xF0, 0x3C, 0x00, 0x00, 0x42, 0xED, 0x00, 0x00
	.byte 0x42, 0xA2, 0x01, 0x00, 0x06, 0x65, 0x02, 0x00, 0x26, 0x28, 0x03, 0x00, 0x1C, 0xE6, 0x03, 0x00
	.byte 0x08, 0x3D, 0x00, 0x00, 0x5A, 0xED, 0x00, 0x00, 0x66, 0xA2, 0x01, 0x00, 0x2A, 0x65, 0x02, 0x00
	.byte 0x56, 0x28, 0x03, 0x00, 0x3A, 0xE6, 0x03, 0x00, 0x14, 0x3D, 0x00, 0x00, 0x68, 0xED, 0x00, 0x00
	.byte 0x74, 0xA2, 0x01, 0x00, 0x36, 0x65, 0x02, 0x00, 0x6C, 0x28, 0x03, 0x00, 0x48, 0xE6, 0x03, 0x00
	.byte 0x16, 0x3D, 0x00, 0x00, 0x6A, 0xED, 0x00, 0x00, 0x76, 0xA2, 0x01, 0x00, 0x38, 0x65, 0x02, 0x00
	.byte 0x6E, 0x28, 0x03, 0x00, 0x4A, 0xE6, 0x03, 0x00, 0x30, 0x3D, 0x00, 0x00, 0x82, 0xED, 0x00, 0x00
	.byte 0x9A, 0xA2, 0x01, 0x00, 0x5A, 0x65, 0x02, 0x00, 0x8C, 0x28, 0x03, 0x00, 0x66, 0xE6, 0x03, 0x00
	.byte 0x5C, 0x3D, 0x00, 0x00, 0xD6, 0xED, 0x00, 0x00, 0xF6, 0xA2, 0x01, 0x00, 0xBA, 0x65, 0x02, 0x00
	.byte 0xD8, 0x28, 0x03, 0x00, 0xBC, 0xE6, 0x03, 0x00, 0x88, 0x3D, 0x00, 0x00, 0x28, 0xEE, 0x00, 0x00
	.byte 0x52, 0xA3, 0x01, 0x00, 0x08, 0x66, 0x02, 0x00, 0x26, 0x29, 0x03, 0x00, 0x10, 0xE7, 0x03, 0x00
	.byte 0xB0, 0x3D, 0x00, 0x00, 0x6E, 0xEE, 0x00, 0x00, 0x9E, 0xA3, 0x01, 0x00, 0x4E, 0x66, 0x02, 0x00
	.byte 0x70, 0x29, 0x03, 0x00, 0x5E, 0xE7, 0x03, 0x00, 0xBE, 0x3D, 0x00, 0x00, 0x76, 0xEE, 0x00, 0x00
	.byte 0xA8, 0xA3, 0x01, 0x00, 0x58, 0x66, 0x02, 0x00, 0x7C, 0x29, 0x03, 0x00, 0x66, 0xE7, 0x03, 0x00
	.byte 0xCC, 0x3D, 0x00, 0x00, 0x86, 0xEE, 0x00, 0x00, 0xBA, 0xA3, 0x01, 0x00, 0x70, 0x66, 0x02, 0x00
	.byte 0x94, 0x29, 0x03, 0x00, 0x78, 0xE7, 0x03, 0x00, 0xF0, 0x3D, 0x00, 0x00, 0xB2, 0xEE, 0x00, 0x00
	.byte 0xEA, 0xA3, 0x01, 0x00, 0xA2, 0x66, 0x02, 0x00, 0xBC, 0x29, 0x03, 0x00, 0xA0, 0xE7, 0x03, 0x00
	.byte 0x12, 0x3E, 0x00, 0x00, 0xCA, 0xEE, 0x00, 0x00, 0x06, 0xA4, 0x01, 0x00, 0xBE, 0x66, 0x02, 0x00
	.byte 0xDC, 0x29, 0x03, 0x00, 0xBE, 0xE7, 0x03, 0x00, 0x26, 0x3E, 0x00, 0x00, 0xE2, 0xEE, 0x00, 0x00
	.byte 0x20, 0xA4, 0x01, 0x00, 0xD4, 0x66, 0x02, 0x00, 0xF4, 0x29, 0x03, 0x00, 0xD4, 0xE7, 0x03, 0x00
	.byte 0x42, 0x3E, 0x00, 0x00, 0xF6, 0xEE, 0x00, 0x00, 0x34, 0xA4, 0x01, 0x00, 0xE8, 0x66, 0x02, 0x00
	.byte 0x0A, 0x2A, 0x03, 0x00, 0xEA, 0xE7, 0x03, 0x00, 0x6E, 0x3E, 0x00, 0x00, 0x16, 0xEF, 0x00, 0x00
	.byte 0x58, 0xA4, 0x01, 0x00, 0x0E, 0x67, 0x02, 0x00, 0x30, 0x2A, 0x03, 0x00, 0x0C, 0xE8, 0x03, 0x00
	.byte 0xA0, 0x3E, 0x00, 0x00, 0x42, 0xEF, 0x00, 0x00, 0x8A, 0xA4, 0x01, 0x00, 0x3E, 0x67, 0x02, 0x00
	.byte 0x7A, 0x2A, 0x03, 0x00, 0x3E, 0xE8, 0x03, 0x00, 0xD0, 0x3E, 0x00, 0x00, 0x6E, 0xEF, 0x00, 0x00
	.byte 0xC8, 0xA4, 0x01, 0x00, 0x80, 0x67, 0x02, 0x00, 0xC8, 0x2A, 0x03, 0x00, 0x70, 0xE8, 0x03, 0x00
	.byte 0x12, 0x3F, 0x00, 0x00, 0xD0, 0xEF, 0x00, 0x00, 0x2C, 0xA5, 0x01, 0x00, 0xE0, 0x67, 0x02, 0x00
	.byte 0x50, 0x2B, 0x03, 0x00, 0xD2, 0xE8, 0x03, 0x00, 0x46, 0x3F, 0x00, 0x00, 0x0C, 0xF0, 0x00, 0x00
	.byte 0x70, 0xA5, 0x01, 0x00, 0x24, 0x68, 0x02, 0x00, 0xA0, 0x2B, 0x03, 0x00, 0x1C, 0xE9, 0x03, 0x00
	.byte 0x76, 0x3F, 0x00, 0x00, 0x48, 0xF0, 0x00, 0x00, 0xB6, 0xA5, 0x01, 0x00, 0x6C, 0x68, 0x02, 0x00
	.byte 0xEC, 0x2B, 0x03, 0x00, 0x60, 0xE9, 0x03, 0x00, 0xB4, 0x3F, 0x00, 0x00, 0x9A, 0xF0, 0x00, 0x00
	.byte 0x0A, 0xA6, 0x01, 0x00, 0xBA, 0x68, 0x02, 0x00, 0x42, 0x2C, 0x03, 0x00, 0xB8, 0xE9, 0x03, 0x00
	.byte 0xF0, 0x3F, 0x00, 0x00, 0xF0, 0xF0, 0x00, 0x00, 0x5E, 0xA6, 0x01, 0x00, 0x12, 0x69, 0x02, 0x00
	.byte 0x9C, 0x2C, 0x03, 0x00, 0x16, 0xEA, 0x03, 0x00, 0x00, 0x40, 0x00, 0x00, 0x00, 0xF1, 0x00, 0x00
	.byte 0x6A, 0xA6, 0x01, 0x00, 0x22, 0x69, 0x02, 0x00, 0xAC, 0x2C, 0x03, 0x00, 0x2E, 0xEA, 0x03, 0x00
	.byte 0x10, 0x40, 0x00, 0x00, 0x14, 0xF1, 0x00, 0x00, 0x78, 0xA6, 0x01, 0x00, 0x30, 0x69, 0x02, 0x00
	.byte 0xBE, 0x2C, 0x03, 0x00, 0x46, 0xEA, 0x03, 0x00, 0x22, 0x40, 0x00, 0x00, 0x22, 0xF1, 0x00, 0x00
	.byte 0x86, 0xA6, 0x01, 0x00, 0x40, 0x69, 0x02, 0x00, 0xCC, 0x2C, 0x03, 0x00, 0x5A, 0xEA, 0x03, 0x00
	.byte 0x2E, 0x40, 0x00, 0x00, 0x2E, 0xF1, 0x00, 0x00, 0x94, 0xA6, 0x01, 0x00, 0x4E, 0x69, 0x02, 0x00
	.byte 0xD8, 0x2C, 0x03, 0x00, 0x6A, 0xEA, 0x03, 0x00, 0x38, 0x40, 0x00, 0x00, 0x3A, 0xF1, 0x00, 0x00
	.byte 0xA2, 0xA6, 0x01, 0x00, 0x5C, 0x69, 0x02, 0x00, 0xE8, 0x2C, 0x03, 0x00, 0x7C, 0xEA, 0x03, 0x00
	.byte 0x48, 0x40, 0x00, 0x00, 0x4A, 0xF1, 0x00, 0x00, 0xB2, 0xA6, 0x01, 0x00, 0x6E, 0x69, 0x02, 0x00
	.byte 0xF8, 0x2C, 0x03, 0x00, 0x90, 0xEA, 0x03, 0x00, 0x58, 0x40, 0x00, 0x00, 0x5A, 0xF1, 0x00, 0x00
	.byte 0xC0, 0xA6, 0x01, 0x00, 0x80, 0x69, 0x02, 0x00, 0x08, 0x2D, 0x03, 0x00, 0xA6, 0xEA, 0x03, 0x00
	.byte 0x6E, 0x40, 0x00, 0x00, 0x72, 0xF1, 0x00, 0x00, 0xD6, 0xA6, 0x01, 0x00, 0x98, 0x69, 0x02, 0x00
	.byte 0x20, 0x2D, 0x03, 0x00, 0xC2, 0xEA, 0x03, 0x00, 0x94, 0x40, 0x00, 0x00, 0xA2, 0xF1, 0x00, 0x00
	.byte 0x06, 0xA7, 0x01, 0x00, 0xC8, 0x69, 0x02, 0x00, 0x5A, 0x2D, 0x03, 0x00, 0xF2, 0xEA, 0x03, 0x00
	.byte 0xBA, 0x40, 0x00, 0x00, 0xCC, 0xF1, 0x00, 0x00, 0x3C, 0xA7, 0x01, 0x00, 0xFA, 0x69, 0x02, 0x00
	.byte 0x96, 0x2D, 0x03, 0x00, 0x20, 0xEB, 0x03, 0x00, 0xD4, 0x40, 0x00, 0x00, 0xDC, 0xF1, 0x00, 0x00
	.byte 0x4E, 0xA7, 0x01, 0x00, 0x0A, 0x6A, 0x02, 0x00, 0xA8, 0x2D, 0x03, 0x00, 0x30, 0xEB, 0x03, 0x00
	.byte 0xEE, 0x40, 0x00, 0x00, 0xEA, 0xF1, 0x00, 0x00, 0x60, 0xA7, 0x01, 0x00, 0x1C, 0x6A, 0x02, 0x00
	.byte 0xB8, 0x2D, 0x03, 0x00, 0x40, 0xEB, 0x03, 0x00, 0x20, 0x41, 0x00, 0x00, 0x10, 0xF2, 0x00, 0x00
	.byte 0x84, 0xA7, 0x01, 0x00, 0x42, 0x6A, 0x02, 0x00, 0xE6, 0x2D, 0x03, 0x00, 0x7A, 0xEB, 0x03, 0x00
	.byte 0x54, 0x41, 0x00, 0x00, 0x46, 0xF2, 0x00, 0x00, 0xC8, 0xA7, 0x01, 0x00, 0x7C, 0x6A, 0x02, 0x00
	.byte 0x22, 0x2E, 0x03, 0x00, 0xBA, 0xEB, 0x03, 0x00, 0x76, 0x41, 0x00, 0x00, 0x5C, 0xF2, 0x00, 0x00
	.byte 0xE6, 0xA7, 0x01, 0x00, 0x96, 0x6A, 0x02, 0x00, 0x42, 0x2E, 0x03, 0x00, 0xD6, 0xEB, 0x03, 0x00
	.byte 0xA4, 0x41, 0x00, 0x00, 0x90, 0xF2, 0x00, 0x00, 0x30, 0xA8, 0x01, 0x00, 0xC6, 0x6A, 0x02, 0x00
	.byte 0x70, 0x2E, 0x03, 0x00, 0x06, 0xEC, 0x03, 0x00, 0xCE, 0x41, 0x00, 0x00, 0xB4, 0xF2, 0x00, 0x00
	.byte 0x5E, 0xA8, 0x01, 0x00, 0xF4, 0x6A, 0x02, 0x00, 0xB4, 0x2E, 0x03, 0x00, 0x2E, 0xEC, 0x03, 0x00
	.byte 0x00, 0x42, 0x00, 0x00, 0xE4, 0xF2, 0x00, 0x00, 0x9E, 0xA8, 0x01, 0x00, 0x32, 0x6B, 0x02, 0x00
	.byte 0x04, 0x2F, 0x03, 0x00, 0x64, 0xEC, 0x03, 0x00, 0x1A, 0x42, 0x00, 0x00, 0xF4, 0xF2, 0x00, 0x00
	.byte 0xB6, 0xA8, 0x01, 0x00, 0x46, 0x6B, 0x02, 0x00, 0x14, 0x2F, 0x03, 0x00, 0x74, 0xEC, 0x03, 0x00
	.byte 0x32, 0x42, 0x00, 0x00, 0x08, 0xF3, 0x00, 0x00, 0xDA, 0xA8, 0x01, 0x00, 0x5E, 0x6B, 0x02, 0x00
	.byte 0x34, 0x2F, 0x03, 0x00, 0x88, 0xEC, 0x03, 0x00, 0x5E, 0x42, 0x00, 0x00, 0x38, 0xF3, 0x00, 0x00
	.byte 0x0C, 0xA9, 0x01, 0x00, 0x9A, 0x6B, 0x02, 0x00, 0x80, 0x2F, 0x03, 0x00, 0xC2, 0xEC, 0x03, 0x00
	.byte 0x90, 0x42, 0x00, 0x00, 0x70, 0xF3, 0x00, 0x00, 0x4E, 0xA9, 0x01, 0x00, 0xE4, 0x6B, 0x02, 0x00
	.byte 0xE6, 0x2F, 0x03, 0x00, 0x0A, 0xED, 0x03, 0x00, 0xB4, 0x42, 0x00, 0x00, 0x9E, 0xF3, 0x00, 0x00
	.byte 0x80, 0xA9, 0x01, 0x00, 0x0C, 0x6C, 0x02, 0x00, 0x14, 0x30, 0x03, 0x00, 0x34, 0xED, 0x03, 0x00
	.byte 0xEA, 0x42, 0x00, 0x00, 0xD6, 0xF3, 0x00, 0x00, 0xBE, 0xA9, 0x01, 0x00, 0x56, 0x6C, 0x02, 0x00
	.byte 0x5C, 0x30, 0x03, 0x00, 0x74, 0xED, 0x03, 0x00, 0x0A, 0x43, 0x00, 0x00, 0xEA, 0xF3, 0x00, 0x00
	.byte 0xD2, 0xA9, 0x01, 0x00, 0x76, 0x6C, 0x02, 0x00, 0x72, 0x30, 0x03, 0x00, 0x8C, 0xED, 0x03, 0x00
	.byte 0x40, 0x43, 0x00, 0x00, 0x18, 0xF4, 0x00, 0x00, 0x10, 0xAA, 0x01, 0x00, 0xAA, 0x6C, 0x02, 0x00
	.byte 0xAA, 0x30, 0x03, 0x00, 0xC2, 0xED, 0x03, 0x00, 0x7A, 0x43, 0x00, 0x00, 0x5A, 0xF4, 0x00, 0x00
	.byte 0x62, 0xAA, 0x01, 0x00, 0xF0, 0x6C, 0x02, 0x00, 0xF6, 0x30, 0x03, 0x00, 0x00, 0xEE, 0x03, 0x00
	.byte 0x84, 0x43, 0x00, 0x00, 0x5C, 0xF4, 0x00, 0x00, 0x64, 0xAA, 0x01, 0x00, 0xF2, 0x6C, 0x02, 0x00
	.byte 0xF8, 0x30, 0x03, 0x00, 0x02, 0xEE, 0x03, 0x00, 0x90, 0x43, 0x00, 0x00, 0x64, 0xF4, 0x00, 0x00
	.byte 0x6C, 0xAA, 0x01, 0x00, 0xFA, 0x6C, 0x02, 0x00, 0xFE, 0x30, 0x03, 0x00, 0x0A, 0xEE, 0x03, 0x00
	.byte 0x9E, 0x43, 0x00, 0x00, 0x6C, 0xF4, 0x00, 0x00, 0x74, 0xAA, 0x01, 0x00, 0x02, 0x6D, 0x02, 0x00
	.byte 0x06, 0x31, 0x03, 0x00, 0x10, 0xEE, 0x03, 0x00, 0xA6, 0x43, 0x00, 0x00, 0x72, 0xF4, 0x00, 0x00
	.byte 0x82, 0xAA, 0x01, 0x00, 0x08, 0x6D, 0x02, 0x00, 0x0E, 0x31, 0x03, 0x00, 0x18, 0xEE, 0x03, 0x00
	.byte 0xAC, 0x43, 0x00, 0x00, 0x78, 0xF4, 0x00, 0x00, 0x88, 0xAA, 0x01, 0x00, 0x0E, 0x6D, 0x02, 0x00
	.byte 0x14, 0x31, 0x03, 0x00, 0x1E, 0xEE, 0x03, 0x00, 0xB4, 0x43, 0x00, 0x00, 0x84, 0xF4, 0x00, 0x00
	.byte 0x94, 0xAA, 0x01, 0x00, 0x1E, 0x6D, 0x02, 0x00, 0x24, 0x31, 0x03, 0x00, 0x30, 0xEE, 0x03, 0x00
	.byte 0xBC, 0x43, 0x00, 0x00, 0x8A, 0xF4, 0x00, 0x00, 0x9A, 0xAA, 0x01, 0x00, 0x26, 0x6D, 0x02, 0x00
	.byte 0x2C, 0x31, 0x03, 0x00, 0x36, 0xEE, 0x03, 0x00, 0xC4, 0x43, 0x00, 0x00, 0x92, 0xF4, 0x00, 0x00
	.byte 0xA4, 0xAA, 0x01, 0x00, 0x2E, 0x6D, 0x02, 0x00, 0x36, 0x31, 0x03, 0x00, 0x3E, 0xEE, 0x03, 0x00
	.byte 0xCA, 0x43, 0x00, 0x00, 0x98, 0xF4, 0x00, 0x00, 0xAA, 0xAA, 0x01, 0x00, 0x36, 0x6D, 0x02, 0x00
	.byte 0x3C, 0x31, 0x03, 0x00, 0x42, 0xEE, 0x03, 0x00, 0xD2, 0x43, 0x00, 0x00, 0xA2, 0xF4, 0x00, 0x00
	.byte 0xB6, 0xAA, 0x01, 0x00, 0x40, 0x6D, 0x02, 0x00, 0x46, 0x31, 0x03, 0x00, 0x4E, 0xEE, 0x03, 0x00
	.byte 0xDA, 0x43, 0x00, 0x00, 0xAA, 0xF4, 0x00, 0x00, 0xBE, 0xAA, 0x01, 0x00, 0x48, 0x6D, 0x02, 0x00
	.byte 0x4E, 0x31, 0x03, 0x00, 0x56, 0xEE, 0x03, 0x00, 0xE0, 0x43, 0x00, 0x00, 0xB0, 0xF4, 0x00, 0x00
	.byte 0xC8, 0xAA, 0x01, 0x00, 0x4E, 0x6D, 0x02, 0x00, 0x56, 0x31, 0x03, 0x00, 0x5E, 0xEE, 0x03, 0x00
	.byte 0xEA, 0x43, 0x00, 0x00, 0xBE, 0xF4, 0x00, 0x00, 0xDA, 0xAA, 0x01, 0x00, 0x5C, 0x6D, 0x02, 0x00
	.byte 0x68, 0x31, 0x03, 0x00, 0x6E, 0xEE, 0x03, 0x00, 0xF2, 0x43, 0x00, 0x00, 0xC4, 0xF4, 0x00, 0x00
	.byte 0xE2, 0xAA, 0x01, 0x00, 0x64, 0x6D, 0x02, 0x00, 0x70, 0x31, 0x03, 0x00, 0x76, 0xEE, 0x03, 0x00
	.byte 0xF8, 0x43, 0x00, 0x00, 0xCA, 0xF4, 0x00, 0x00, 0xE8, 0xAA, 0x01, 0x00, 0x6A, 0x6D, 0x02, 0x00
	.byte 0x76, 0x31, 0x03, 0x00, 0x7C, 0xEE, 0x03, 0x00, 0x00, 0x44, 0x00, 0x00, 0xD2, 0xF4, 0x00, 0x00
	.byte 0xF0, 0xAA, 0x01, 0x00, 0x74, 0x6D, 0x02, 0x00, 0x80, 0x31, 0x03, 0x00, 0x86, 0xEE, 0x03, 0x00
	.byte 0x08, 0x44, 0x00, 0x00, 0xE0, 0xF4, 0x00, 0x00, 0x06, 0xAB, 0x01, 0x00, 0x80, 0x6D, 0x02, 0x00
	.byte 0x8E, 0x31, 0x03, 0x00, 0x94, 0xEE, 0x03, 0x00, 0x10, 0x44, 0x00, 0x00, 0xE6, 0xF4, 0x00, 0x00
	.byte 0x0A, 0xAB, 0x01, 0x00, 0x86, 0x6D, 0x02, 0x00, 0x94, 0x31, 0x03, 0x00, 0x9A, 0xEE, 0x03, 0x00
	.byte 0x1C, 0x44, 0x00, 0x00, 0xF2, 0xF4, 0x00, 0x00, 0x10, 0xAB, 0x01, 0x00, 0x90, 0x6D, 0x02, 0x00
	.byte 0xA0, 0x31, 0x03, 0x00, 0xB0, 0xEE, 0x03, 0x00, 0x22, 0x44, 0x00, 0x00, 0xFA, 0xF4, 0x00, 0x00
	.byte 0x18, 0xAB, 0x01, 0x00, 0x9A, 0x6D, 0x02, 0x00, 0xA6, 0x31, 0x03, 0x00, 0xB8, 0xEE, 0x03, 0x00
	.byte 0x2C, 0x44, 0x00, 0x00, 0x02, 0xF5, 0x00, 0x00, 0x20, 0xAB, 0x01, 0x00, 0xA2, 0x6D, 0x02, 0x00
	.byte 0xAE, 0x31, 0x03, 0x00, 0xC0, 0xEE, 0x03, 0x00, 0x36, 0x44, 0x00, 0x00, 0x10, 0xF5, 0x00, 0x00
	.byte 0x34, 0xAB, 0x01, 0x00, 0xAE, 0x6D, 0x02, 0x00, 0xBE, 0x31, 0x03, 0x00, 0xCE, 0xEE, 0x03, 0x00
	.byte 0x42, 0x44, 0x00, 0x00, 0x1C, 0xF5, 0x00, 0x00, 0x40, 0xAB, 0x01, 0x00, 0xBA, 0x6D, 0x02, 0x00
	.byte 0xCA, 0x31, 0x03, 0x00, 0xDC, 0xEE, 0x03, 0x00, 0x4C, 0x44, 0x00, 0x00, 0x26, 0xF5, 0x00, 0x00
	.byte 0x4C, 0xAB, 0x01, 0x00, 0xC6, 0x6D, 0x02, 0x00, 0xDA, 0x31, 0x03, 0x00, 0xEC, 0xEE, 0x03, 0x00
	.byte 0x5E, 0x44, 0x00, 0x00, 0x2E, 0xF5, 0x00, 0x00, 0x54, 0xAB, 0x01, 0x00, 0xCE, 0x6D, 0x02, 0x00
	.byte 0xE4, 0x31, 0x03, 0x00, 0xF4, 0xEE, 0x03, 0x00, 0x62, 0x44, 0x00, 0x00, 0x30, 0xF5, 0x00, 0x00
	.byte 0x56, 0xAB, 0x01, 0x00, 0xD0, 0x6D, 0x02, 0x00, 0xE6, 0x31, 0x03, 0x00, 0xF6, 0xEE, 0x03, 0x00
	.byte 0x66, 0x44, 0x00, 0x00, 0x32, 0xF5, 0x00, 0x00, 0x58, 0xAB, 0x01, 0x00, 0xD2, 0x6D, 0x02, 0x00
	.byte 0xE8, 0x31, 0x03, 0x00, 0xF8, 0xEE, 0x03, 0x00, 0x70, 0x44, 0x00, 0x00, 0x34, 0xF5, 0x00, 0x00
	.byte 0x5A, 0xAB, 0x01, 0x00, 0xD4, 0x6D, 0x02, 0x00, 0xEA, 0x31, 0x03, 0x00, 0xFA, 0xEE, 0x03, 0x00
	.byte 0x78, 0x44, 0x00, 0x00, 0x3A, 0xF5, 0x00, 0x00, 0x60, 0xAB, 0x01, 0x00, 0xDC, 0x6D, 0x02, 0x00
	.byte 0xF0, 0x31, 0x03, 0x00, 0xFE, 0xEE, 0x03, 0x00, 0x80, 0x44, 0x00, 0x00, 0x40, 0xF5, 0x00, 0x00
	.byte 0x6C, 0xAB, 0x01, 0x00, 0xE6, 0x6D, 0x02, 0x00, 0xFA, 0x31, 0x03, 0x00, 0x08, 0xEF, 0x03, 0x00
	.byte 0x88, 0x44, 0x00, 0x00, 0x46, 0xF5, 0x00, 0x00, 0x74, 0xAB, 0x01, 0x00, 0xEA, 0x6D, 0x02, 0x00
	.byte 0x00, 0x32, 0x03, 0x00, 0x0E, 0xEF, 0x03, 0x00, 0x90, 0x44, 0x00, 0x00, 0x4C, 0xF5, 0x00, 0x00
	.byte 0x7A, 0xAB, 0x01, 0x00, 0xEE, 0x6D, 0x02, 0x00, 0x06, 0x32, 0x03, 0x00, 0x14, 0xEF, 0x03, 0x00
	.byte 0x98, 0x44, 0x00, 0x00, 0x52, 0xF5, 0x00, 0x00, 0x80, 0xAB, 0x01, 0x00, 0xF4, 0x6D, 0x02, 0x00
	.byte 0x0C, 0x32, 0x03, 0x00, 0x1C, 0xEF, 0x03, 0x00, 0xA0, 0x44, 0x00, 0x00, 0x58, 0xF5, 0x00, 0x00
	.byte 0x86, 0xAB, 0x01, 0x00, 0xFA, 0x6D, 0x02, 0x00, 0x12, 0x32, 0x03, 0x00, 0x24, 0xEF, 0x03, 0x00
	.byte 0xA8, 0x44, 0x00, 0x00, 0x60, 0xF5, 0x00, 0x00, 0x90, 0xAB, 0x01, 0x00, 0x00, 0x6E, 0x02, 0x00
	.byte 0x1C, 0x32, 0x03, 0x00, 0x2C, 0xEF, 0x03, 0x00, 0xAE, 0x44, 0x00, 0x00, 0x66, 0xF5, 0x00, 0x00
	.byte 0x98, 0xAB, 0x01, 0x00, 0x06, 0x6E, 0x02, 0x00, 0x22, 0x32, 0x03, 0x00, 0x34, 0xEF, 0x03, 0x00
	.byte 0xB2, 0x44, 0x00, 0x00, 0x6C, 0xF5, 0x00, 0x00, 0x9E, 0xAB, 0x01, 0x00, 0x0C, 0x6E, 0x02, 0x00
	.byte 0x2C, 0x32, 0x03, 0x00, 0x3C, 0xEF, 0x03, 0x00, 0xB4, 0x44, 0x00, 0x00, 0x6E, 0xF5, 0x00, 0x00
	.byte 0xA0, 0xAB, 0x01, 0x00, 0x0E, 0x6E, 0x02, 0x00, 0x2E, 0x32, 0x03, 0x00, 0x3E, 0xEF, 0x03, 0x00
	.byte 0xC2, 0x44, 0x00, 0x00, 0x70, 0xF5, 0x00, 0x00, 0xA2, 0xAB, 0x01, 0x00, 0x10, 0x6E, 0x02, 0x00
	.byte 0x30, 0x32, 0x03, 0x00, 0x40, 0xEF, 0x03, 0x00, 0xCA, 0x44, 0x00, 0x00, 0x78, 0xF5, 0x00, 0x00
	.byte 0xAA, 0xAB, 0x01, 0x00, 0x18, 0x6E, 0x02, 0x00, 0x3A, 0x32, 0x03, 0x00, 0x48, 0xEF, 0x03, 0x00
	.byte 0xD2, 0x44, 0x00, 0x00, 0x80, 0xF5, 0x00, 0x00, 0xB2, 0xAB, 0x01, 0x00, 0x20, 0x6E, 0x02, 0x00
	.byte 0x44, 0x32, 0x03, 0x00, 0x50, 0xEF, 0x03, 0x00, 0xE0, 0x44, 0x00, 0x00, 0x90, 0xF5, 0x00, 0x00
	.byte 0xC2, 0xAB, 0x01, 0x00, 0x2E, 0x6E, 0x02, 0x00, 0x56, 0x32, 0x03, 0x00, 0x60, 0xEF, 0x03, 0x00
	.byte 0xE8, 0x44, 0x00, 0x00, 0x98, 0xF5, 0x00, 0x00, 0xCA, 0xAB, 0x01, 0x00, 0x36, 0x6E, 0x02, 0x00
	.byte 0x60, 0x32, 0x03, 0x00, 0x68, 0xEF, 0x03, 0x00, 0xF6, 0x44, 0x00, 0x00, 0xA8, 0xF5, 0x00, 0x00
	.byte 0xDA, 0xAB, 0x01, 0x00, 0x44, 0x6E, 0x02, 0x00, 0x72, 0x32, 0x03, 0x00, 0x78, 0xEF, 0x03, 0x00
	.byte 0x02, 0x45, 0x00, 0x00, 0xAE, 0xF5, 0x00, 0x00, 0xE0, 0xAB, 0x01, 0x00, 0x4A, 0x6E, 0x02, 0x00
	.byte 0x78, 0x32, 0x03, 0x00, 0x7E, 0xEF, 0x03, 0x00, 0x10, 0x45, 0x00, 0x00, 0xB6, 0xF5, 0x00, 0x00
	.byte 0xE8, 0xAB, 0x01, 0x00, 0x52, 0x6E, 0x02, 0x00, 0x80, 0x32, 0x03, 0x00, 0x86, 0xEF, 0x03, 0x00
	.byte 0x1C, 0x45, 0x00, 0x00, 0xBE, 0xF5, 0x00, 0x00, 0xF0, 0xAB, 0x01, 0x00, 0x5A, 0x6E, 0x02, 0x00
	.byte 0x88, 0x32, 0x03, 0x00, 0x8E, 0xEF, 0x03, 0x00, 0x28, 0x45, 0x00, 0x00, 0xC6, 0xF5, 0x00, 0x00
	.byte 0xFC, 0xAB, 0x01, 0x00, 0x62, 0x6E, 0x02, 0x00, 0x90, 0x32, 0x03, 0x00, 0x96, 0xEF, 0x03, 0x00
	.byte 0x30, 0x45, 0x00, 0x00, 0xCE, 0xF5, 0x00, 0x00, 0x04, 0xAC, 0x01, 0x00, 0x6A, 0x6E, 0x02, 0x00
	.byte 0x9A, 0x32, 0x03, 0x00, 0x9E, 0xEF, 0x03, 0x00, 0x38, 0x45, 0x00, 0x00, 0xD6, 0xF5, 0x00, 0x00
	.byte 0x0C, 0xAC, 0x01, 0x00, 0x72, 0x6E, 0x02, 0x00, 0xA4, 0x32, 0x03, 0x00, 0xA6, 0xEF, 0x03, 0x00
	.byte 0x40, 0x45, 0x00, 0x00, 0xDE, 0xF5, 0x00, 0x00, 0x14, 0xAC, 0x01, 0x00, 0x7A, 0x6E, 0x02, 0x00
	.byte 0xAE, 0x32, 0x03, 0x00, 0xAE, 0xEF, 0x03, 0x00, 0x4E, 0x45, 0x00, 0x00, 0xE0, 0xF5, 0x00, 0x00
	.byte 0x16, 0xAC, 0x01, 0x00, 0x7C, 0x6E, 0x02, 0x00, 0xB0, 0x32, 0x03, 0x00, 0xB0, 0xEF, 0x03, 0x00
	.byte 0x5A, 0x45, 0x00, 0x00, 0xE8, 0xF5, 0x00, 0x00, 0x1E, 0xAC, 0x01, 0x00, 0x84, 0x6E, 0x02, 0x00
	.byte 0xB8, 0x32, 0x03, 0x00, 0xBE, 0xEF, 0x03, 0x00, 0x66, 0x45, 0x00, 0x00, 0xEE, 0xF5, 0x00, 0x00
	.byte 0x28, 0xAC, 0x01, 0x00, 0x8C, 0x6E, 0x02, 0x00, 0xC0, 0x32, 0x03, 0x00, 0xC4, 0xEF, 0x03, 0x00
	.byte 0x6C, 0x45, 0x00, 0x00, 0xF4, 0xF5, 0x00, 0x00, 0x34, 0xAC, 0x01, 0x00, 0x98, 0x6E, 0x02, 0x00
	.byte 0xD0, 0x32, 0x03, 0x00, 0xCC, 0xEF, 0x03, 0x00, 0x72, 0x45, 0x00, 0x00, 0x00, 0xF6, 0x00, 0x00
	.byte 0x40, 0xAC, 0x01, 0x00, 0xA0, 0x6E, 0x02, 0x00, 0xDC, 0x32, 0x03, 0x00, 0xD6, 0xEF, 0x03, 0x00
	.byte 0x78, 0x45, 0x00, 0x00, 0x0C, 0xF6, 0x00, 0x00, 0x48, 0xAC, 0x01, 0x00, 0xAC, 0x6E, 0x02, 0x00
	.byte 0xE4, 0x32, 0x03, 0x00, 0xE4, 0xEF, 0x03, 0x00, 0x7E, 0x45, 0x00, 0x00, 0x14, 0xF6, 0x00, 0x00
	.byte 0x50, 0xAC, 0x01, 0x00, 0xB4, 0x6E, 0x02, 0x00, 0xEC, 0x32, 0x03, 0x00, 0xEC, 0xEF, 0x03, 0x00
	.byte 0x80, 0x45, 0x00, 0x00, 0x16, 0xF6, 0x00, 0x00, 0x52, 0xAC, 0x01, 0x00, 0xB6, 0x6E, 0x02, 0x00
	.byte 0xEE, 0x32, 0x03, 0x00, 0xEE, 0xEF, 0x03, 0x00, 0x82, 0x45, 0x00, 0x00, 0x18, 0xF6, 0x00, 0x00
	.byte 0x54, 0xAC, 0x01, 0x00, 0xB8, 0x6E, 0x02, 0x00, 0xF0, 0x32, 0x03, 0x00, 0xF0, 0xEF, 0x03, 0x00
	.byte 0x94, 0x45, 0x00, 0x00, 0x2A, 0xF6, 0x00, 0x00, 0x66, 0xAC, 0x01, 0x00, 0xC8, 0x6E, 0x02, 0x00
	.byte 0x04, 0x33, 0x03, 0x00, 0x02, 0xF0, 0x03, 0x00, 0xA6, 0x45, 0x00, 0x00, 0x42, 0xF6, 0x00, 0x00
	.byte 0x78, 0xAC, 0x01, 0x00, 0xE4, 0x6E, 0x02, 0x00, 0x24, 0x33, 0x03, 0x00, 0x1E, 0xF0, 0x03, 0x00
	.byte 0xB4, 0x45, 0x00, 0x00, 0x4C, 0xF6, 0x00, 0x00, 0x82, 0xAC, 0x01, 0x00, 0xEE, 0x6E, 0x02, 0x00
	.byte 0x30, 0x33, 0x03, 0x00, 0x26, 0xF0, 0x03, 0x00, 0xC2, 0x45, 0x00, 0x00, 0x5C, 0xF6, 0x00, 0x00
	.byte 0x8E, 0xAC, 0x01, 0x00, 0x04, 0x6F, 0x02, 0x00, 0x48, 0x33, 0x03, 0x00, 0x38, 0xF0, 0x03, 0x00
	.byte 0xCE, 0x45, 0x00, 0x00, 0x6C, 0xF6, 0x00, 0x00, 0x9C, 0xAC, 0x01, 0x00, 0x12, 0x6F, 0x02, 0x00
	.byte 0x58, 0x33, 0x03, 0x00, 0x46, 0xF0, 0x03, 0x00, 0xDA, 0x45, 0x00, 0x00, 0x82, 0xF6, 0x00, 0x00
	.byte 0xAC, 0xAC, 0x01, 0x00, 0x2C, 0x6F, 0x02, 0x00, 0x74, 0x33, 0x03, 0x00, 0x5E, 0xF0, 0x03, 0x00
	.byte 0xEC, 0x45, 0x00, 0x00, 0x96, 0xF6, 0x00, 0x00, 0xC4, 0xAC, 0x01, 0x00, 0x40, 0x6F, 0x02, 0x00
	.byte 0x8A, 0x33, 0x03, 0x00, 0x74, 0xF0, 0x03, 0x00, 0xFE, 0x45, 0x00, 0x00, 0xB0, 0xF6, 0x00, 0x00
	.byte 0xDC, 0xAC, 0x01, 0x00, 0x62, 0x6F, 0x02, 0x00, 0xA4, 0x33, 0x03, 0x00, 0x92, 0xF0, 0x03, 0x00
	.byte 0x12, 0x46, 0x00, 0x00, 0xB8, 0xF6, 0x00, 0x00, 0xE8, 0xAC, 0x01, 0x00, 0x6C, 0x6F, 0x02, 0x00
	.byte 0xAE, 0x33, 0x03, 0x00, 0x9C, 0xF0, 0x03, 0x00, 0x26, 0x46, 0x00, 0x00, 0xC8, 0xF6, 0x00, 0x00
	.byte 0xF6, 0xAC, 0x01, 0x00, 0x82, 0x6F, 0x02, 0x00, 0xC4, 0x33, 0x03, 0x00, 0xB2, 0xF0, 0x03, 0x00
	.byte 0x3E, 0x46, 0x00, 0x00, 0xDC, 0xF6, 0x00, 0x00, 0x0A, 0xAD, 0x01, 0x00, 0x9A, 0x6F, 0x02, 0x00
	.byte 0xD8, 0x33, 0x03, 0x00, 0xC8, 0xF0, 0x03, 0x00, 0x56, 0x46, 0x00, 0x00, 0xFC, 0xF6, 0x00, 0x00
	.byte 0x2A, 0xAD, 0x01, 0x00, 0xBA, 0x6F, 0x02, 0x00, 0xF4, 0x33, 0x03, 0x00, 0xE6, 0xF0, 0x03, 0x00
	.byte 0x58, 0x46, 0x00, 0x00, 0xFE, 0xF6, 0x00, 0x00, 0x2C, 0xAD, 0x01, 0x00, 0xBC, 0x6F, 0x02, 0x00
	.byte 0xF6, 0x33, 0x03, 0x00, 0xE8, 0xF0, 0x03, 0x00, 0x5A, 0x46, 0x00, 0x00, 0x00, 0xF7, 0x00, 0x00
	.byte 0x2E, 0xAD, 0x01, 0x00, 0xBE, 0x6F, 0x02, 0x00, 0xF8, 0x33, 0x03, 0x00, 0xEA, 0xF0, 0x03, 0x00
	.byte 0x5C, 0x46, 0x00, 0x00, 0x02, 0xF7, 0x00, 0x00, 0x30, 0xAD, 0x01, 0x00, 0xC0, 0x6F, 0x02, 0x00
	.byte 0xFA, 0x33, 0x03, 0x00, 0xEC, 0xF0, 0x03, 0x00, 0x5E, 0x46, 0x00, 0x00, 0x04, 0xF7, 0x00, 0x00
	.byte 0x32, 0xAD, 0x01, 0x00, 0xC2, 0x6F, 0x02, 0x00, 0xFC, 0x33, 0x03, 0x00, 0xEE, 0xF0, 0x03, 0x00
	.byte 0x60, 0x46, 0x00, 0x00, 0x06, 0xF7, 0x00, 0x00, 0x34, 0xAD, 0x01, 0x00, 0xC4, 0x6F, 0x02, 0x00
	.byte 0xFE, 0x33, 0x03, 0x00, 0xF0, 0xF0, 0x03, 0x00, 0x62, 0x46, 0x00, 0x00, 0x08, 0xF7, 0x00, 0x00
	.byte 0x36, 0xAD, 0x01, 0x00, 0xC6, 0x6F, 0x02, 0x00, 0x00, 0x34, 0x03, 0x00, 0xF2, 0xF0, 0x03, 0x00
	.byte 0x64, 0x46, 0x00, 0x00, 0x0A, 0xF7, 0x00, 0x00, 0x38, 0xAD, 0x01, 0x00, 0xC8, 0x6F, 0x02, 0x00
	.byte 0x02, 0x34, 0x03, 0x00, 0xF4, 0xF0, 0x03, 0x00, 0x66, 0x46, 0x00, 0x00, 0x0C, 0xF7, 0x00, 0x00
	.byte 0x3A, 0xAD, 0x01, 0x00, 0xCA, 0x6F, 0x02, 0x00, 0x04, 0x34, 0x03, 0x00, 0xF6, 0xF0, 0x03, 0x00
	.byte 0x6E, 0x46, 0x00, 0x00, 0x14, 0xF7, 0x00, 0x00, 0x44, 0xAD, 0x01, 0x00, 0xD4, 0x6F, 0x02, 0x00
	.byte 0x0E, 0x34, 0x03, 0x00, 0x00, 0xF1, 0x03, 0x00, 0x7A, 0x46, 0x00, 0x00, 0x24, 0xF7, 0x00, 0x00
	.byte 0x56, 0xAD, 0x01, 0x00, 0xE6, 0x6F, 0x02, 0x00, 0x20, 0x34, 0x03, 0x00, 0x12, 0xF1, 0x03, 0x00
	.byte 0x82, 0x46, 0x00, 0x00, 0x2E, 0xF7, 0x00, 0x00, 0x62, 0xAD, 0x01, 0x00, 0xF0, 0x6F, 0x02, 0x00
	.byte 0x2C, 0x34, 0x03, 0x00, 0x1E, 0xF1, 0x03, 0x00, 0x8E, 0x46, 0x00, 0x00, 0x3C, 0xF7, 0x00, 0x00
	.byte 0x76, 0xAD, 0x01, 0x00, 0x0A, 0x70, 0x02, 0x00, 0x42, 0x34, 0x03, 0x00, 0x34, 0xF1, 0x03, 0x00
	.byte 0x96, 0x46, 0x00, 0x00, 0x44, 0xF7, 0x00, 0x00, 0x7E, 0xAD, 0x01, 0x00, 0x12, 0x70, 0x02, 0x00
	.byte 0x50, 0x34, 0x03, 0x00, 0x3E, 0xF1, 0x03, 0x00, 0x9E, 0x46, 0x00, 0x00, 0x4E, 0xF7, 0x00, 0x00
	.byte 0x8C, 0xAD, 0x01, 0x00, 0x1C, 0x70, 0x02, 0x00, 0x5C, 0x34, 0x03, 0x00, 0x48, 0xF1, 0x03, 0x00
	.byte 0xAA, 0x46, 0x00, 0x00, 0x58, 0xF7, 0x00, 0x00, 0x98, 0xAD, 0x01, 0x00, 0x26, 0x70, 0x02, 0x00
	.byte 0x6A, 0x34, 0x03, 0x00, 0x52, 0xF1, 0x03, 0x00, 0xB6, 0x46, 0x00, 0x00, 0x62, 0xF7, 0x00, 0x00
	.byte 0xA0, 0xAD, 0x01, 0x00, 0x30, 0x70, 0x02, 0x00, 0x76, 0x34, 0x03, 0x00, 0x5E, 0xF1, 0x03, 0x00
	.byte 0xC0, 0x46, 0x00, 0x00, 0x70, 0xF7, 0x00, 0x00, 0xAA, 0xAD, 0x01, 0x00, 0x3A, 0x70, 0x02, 0x00
	.byte 0x84, 0x34, 0x03, 0x00, 0x68, 0xF1, 0x03, 0x00, 0xCA, 0x46, 0x00, 0x00, 0x7A, 0xF7, 0x00, 0x00
	.byte 0xB8, 0xAD, 0x01, 0x00, 0x46, 0x70, 0x02, 0x00, 0x92, 0x34, 0x03, 0x00, 0x72, 0xF1, 0x03, 0x00
	.byte 0xD4, 0x46, 0x00, 0x00, 0x84, 0xF7, 0x00, 0x00, 0xC6, 0xAD, 0x01, 0x00, 0x50, 0x70, 0x02, 0x00
	.byte 0x9E, 0x34, 0x03, 0x00, 0x80, 0xF1, 0x03, 0x00, 0xDE, 0x46, 0x00, 0x00, 0x8E, 0xF7, 0x00, 0x00
	.byte 0xD4, 0xAD, 0x01, 0x00, 0x5A, 0x70, 0x02, 0x00, 0xAA, 0x34, 0x03, 0x00, 0x8C, 0xF1, 0x03, 0x00
	.byte 0xE8, 0x46, 0x00, 0x00, 0x9A, 0xF7, 0x00, 0x00, 0xE2, 0xAD, 0x01, 0x00, 0x68, 0x70, 0x02, 0x00
	.byte 0xB8, 0x34, 0x03, 0x00, 0x9A, 0xF1, 0x03, 0x00, 0xF0, 0x46, 0x00, 0x00, 0x9E, 0xF7, 0x00, 0x00
	.byte 0xEA, 0xAD, 0x01, 0x00, 0x70, 0x70, 0x02, 0x00, 0xC4, 0x34, 0x03, 0x00, 0xA2, 0xF1, 0x03, 0x00
	.byte 0xF6, 0x46, 0x00, 0x00, 0xA6, 0xF7, 0x00, 0x00, 0xF6, 0xAD, 0x01, 0x00, 0x7A, 0x70, 0x02, 0x00
	.byte 0xD0, 0x34, 0x03, 0x00, 0xAA, 0xF1, 0x03, 0x00, 0x00, 0x47, 0x00, 0x00, 0xB0, 0xF7, 0x00, 0x00
	.byte 0x02, 0xAE, 0x01, 0x00, 0x82, 0x70, 0x02, 0x00, 0xDC, 0x34, 0x03, 0x00, 0xB2, 0xF1, 0x03, 0x00
	.byte 0x06, 0x47, 0x00, 0x00, 0xB8, 0xF7, 0x00, 0x00, 0x0C, 0xAE, 0x01, 0x00, 0x8C, 0x70, 0x02, 0x00
	.byte 0xE4, 0x34, 0x03, 0x00, 0xBA, 0xF1, 0x03, 0x00, 0x0E, 0x47, 0x00, 0x00, 0xBE, 0xF7, 0x00, 0x00
	.byte 0x14, 0xAE, 0x01, 0x00, 0x92, 0x70, 0x02, 0x00, 0xF0, 0x34, 0x03, 0x00, 0xC0, 0xF1, 0x03, 0x00
	.byte 0x14, 0x47, 0x00, 0x00, 0xC8, 0xF7, 0x00, 0x00, 0x1E, 0xAE, 0x01, 0x00, 0x9E, 0x70, 0x02, 0x00
	.byte 0xF6, 0x34, 0x03, 0x00, 0xCA, 0xF1, 0x03, 0x00, 0x1A, 0x47, 0x00, 0x00, 0xD0, 0xF7, 0x00, 0x00
	.byte 0x26, 0xAE, 0x01, 0x00, 0xA8, 0x70, 0x02, 0x00, 0xFE, 0x34, 0x03, 0x00, 0xD2, 0xF1, 0x03, 0x00
	.byte 0x24, 0x47, 0x00, 0x00, 0xDC, 0xF7, 0x00, 0x00, 0x34, 0xAE, 0x01, 0x00, 0xB6, 0x70, 0x02, 0x00
	.byte 0x0A, 0x35, 0x03, 0x00, 0xE0, 0xF1, 0x03, 0x00, 0x2E, 0x47, 0x00, 0x00, 0xE4, 0xF7, 0x00, 0x00
	.byte 0x3C, 0xAE, 0x01, 0x00, 0xCE, 0x70, 0x02, 0x00, 0x14, 0x35, 0x03, 0x00, 0xF2, 0xF1, 0x03, 0x00
	.byte 0x36, 0x47, 0x00, 0x00, 0xEA, 0xF7, 0x00, 0x00, 0x44, 0xAE, 0x01, 0x00, 0xDC, 0x70, 0x02, 0x00
	.byte 0x1C, 0x35, 0x03, 0x00, 0xFA, 0xF1, 0x03, 0x00, 0x3E, 0x47, 0x00, 0x00, 0xF2, 0xF7, 0x00, 0x00
	.byte 0x4C, 0xAE, 0x01, 0x00, 0xE6, 0x70, 0x02, 0x00, 0x24, 0x35, 0x03, 0x00, 0x02, 0xF2, 0x03, 0x00
	.byte 0x46, 0x47, 0x00, 0x00, 0xF8, 0xF7, 0x00, 0x00, 0x52, 0xAE, 0x01, 0x00, 0xEC, 0x70, 0x02, 0x00
	.byte 0x2C, 0x35, 0x03, 0x00, 0x08, 0xF2, 0x03, 0x00, 0x4C, 0x47, 0x00, 0x00, 0x00, 0xF8, 0x00, 0x00
	.byte 0x5A, 0xAE, 0x01, 0x00, 0xF4, 0x70, 0x02, 0x00, 0x34, 0x35, 0x03, 0x00, 0x12, 0xF2, 0x03, 0x00
	.byte 0x52, 0x47, 0x00, 0x00, 0x08, 0xF8, 0x00, 0x00, 0x62, 0xAE, 0x01, 0x00, 0xFA, 0x70, 0x02, 0x00
	.byte 0x3C, 0x35, 0x03, 0x00, 0x1A, 0xF2, 0x03, 0x00, 0x58, 0x47, 0x00, 0x00, 0x10, 0xF8, 0x00, 0x00
	.byte 0x6A, 0xAE, 0x01, 0x00, 0x02, 0x71, 0x02, 0x00, 0x44, 0x35, 0x03, 0x00, 0x22, 0xF2, 0x03, 0x00
	.byte 0x5E, 0x47, 0x00, 0x00, 0x18, 0xF8, 0x00, 0x00, 0x72, 0xAE, 0x01, 0x00, 0x0A, 0x71, 0x02, 0x00
	.byte 0x4C, 0x35, 0x03, 0x00, 0x2A, 0xF2, 0x03, 0x00, 0x64, 0x47, 0x00, 0x00, 0x1E, 0xF8, 0x00, 0x00
	.byte 0x7A, 0xAE, 0x01, 0x00, 0x10, 0x71, 0x02, 0x00, 0x52, 0x35, 0x03, 0x00, 0x32, 0xF2, 0x03, 0x00
	.byte 0x68, 0x47, 0x00, 0x00, 0x24, 0xF8, 0x00, 0x00, 0x82, 0xAE, 0x01, 0x00, 0x16, 0x71, 0x02, 0x00
	.byte 0x5C, 0x35, 0x03, 0x00, 0x3A, 0xF2, 0x03, 0x00, 0x74, 0x47, 0x00, 0x00, 0x2C, 0xF8, 0x00, 0x00
	.byte 0x8A, 0xAE, 0x01, 0x00, 0x1E, 0x71, 0x02, 0x00, 0x64, 0x35, 0x03, 0x00, 0x44, 0xF2, 0x03, 0x00
	.byte 0x80, 0x47, 0x00, 0x00, 0x32, 0xF8, 0x00, 0x00, 0x90, 0xAE, 0x01, 0x00, 0x24, 0x71, 0x02, 0x00
	.byte 0x6A, 0x35, 0x03, 0x00, 0x4A, 0xF2, 0x03, 0x00, 0x94, 0x47, 0x00, 0x00, 0x46, 0xF8, 0x00, 0x00
	.byte 0xA6, 0xAE, 0x01, 0x00, 0x3C, 0x71, 0x02, 0x00, 0x7E, 0x35, 0x03, 0x00, 0x58, 0xF2, 0x03, 0x00
	.byte 0xA2, 0x47, 0x00, 0x00, 0x54, 0xF8, 0x00, 0x00, 0xB4, 0xAE, 0x01, 0x00, 0x4A, 0x71, 0x02, 0x00
	.byte 0x8C, 0x35, 0x03, 0x00, 0x68, 0xF2, 0x03, 0x00, 0xB0, 0x47, 0x00, 0x00, 0x62, 0xF8, 0x00, 0x00
	.byte 0xC2, 0xAE, 0x01, 0x00, 0x58, 0x71, 0x02, 0x00, 0x9A, 0x35, 0x03, 0x00, 0x78, 0xF2, 0x03, 0x00
	.byte 0xBA, 0x47, 0x00, 0x00, 0x68, 0xF8, 0x00, 0x00, 0xC8, 0xAE, 0x01, 0x00, 0x5E, 0x71, 0x02, 0x00
	.byte 0xA0, 0x35, 0x03, 0x00, 0x7E, 0xF2, 0x03, 0x00, 0xC4, 0x47, 0x00, 0x00, 0x6E, 0xF8, 0x00, 0x00
	.byte 0xCE, 0xAE, 0x01, 0x00, 0x64, 0x71, 0x02, 0x00, 0xA6, 0x35, 0x03, 0x00, 0x84, 0xF2, 0x03, 0x00
	.byte 0xCC, 0x47, 0x00, 0x00, 0x7A, 0xF8, 0x00, 0x00, 0xD8, 0xAE, 0x01, 0x00, 0x70, 0x71, 0x02, 0x00
	.byte 0xB0, 0x35, 0x03, 0x00, 0x90, 0xF2, 0x03, 0x00, 0xD4, 0x47, 0x00, 0x00, 0x86, 0xF8, 0x00, 0x00
	.byte 0xE2, 0xAE, 0x01, 0x00, 0x7C, 0x71, 0x02, 0x00, 0xBA, 0x35, 0x03, 0x00, 0x9C, 0xF2, 0x03, 0x00
	.byte 0xE2, 0x47, 0x00, 0x00, 0x96, 0xF8, 0x00, 0x00, 0xF4, 0xAE, 0x01, 0x00, 0x8E, 0x71, 0x02, 0x00
	.byte 0xCA, 0x35, 0x03, 0x00, 0xB0, 0xF2, 0x03, 0x00, 0xF0, 0x47, 0x00, 0x00, 0xA6, 0xF8, 0x00, 0x00
	.byte 0x06, 0xAF, 0x01, 0x00, 0xA0, 0x71, 0x02, 0x00, 0xDA, 0x35, 0x03, 0x00, 0xC4, 0xF2, 0x03, 0x00
	.byte 0x02, 0x48, 0x00, 0x00, 0xB8, 0xF8, 0x00, 0x00, 0x18, 0xAF, 0x01, 0x00, 0xB2, 0x71, 0x02, 0x00
	.byte 0xEE, 0x35, 0x03, 0x00, 0xD6, 0xF2, 0x03, 0x00, 0x14, 0x48, 0x00, 0x00, 0xCA, 0xF8, 0x00, 0x00
	.byte 0x28, 0xAF, 0x01, 0x00, 0xC6, 0x71, 0x02, 0x00, 0xFE, 0x35, 0x03, 0x00, 0xEA, 0xF2, 0x03, 0x00
	.byte 0x20, 0x48, 0x00, 0x00, 0xD0, 0xF8, 0x00, 0x00, 0x2E, 0xAF, 0x01, 0x00, 0xCC, 0x71, 0x02, 0x00
	.byte 0x06, 0x36, 0x03, 0x00, 0xF0, 0xF2, 0x03, 0x00, 0x28, 0x48, 0x00, 0x00, 0xD6, 0xF8, 0x00, 0x00
	.byte 0x34, 0xAF, 0x01, 0x00, 0xD4, 0x71, 0x02, 0x00, 0x0C, 0x36, 0x03, 0x00, 0xF8, 0xF2, 0x03, 0x00
	.byte 0x2E, 0x48, 0x00, 0x00, 0xE2, 0xF8, 0x00, 0x00, 0x40, 0xAF, 0x01, 0x00, 0xDC, 0x71, 0x02, 0x00
	.byte 0x1C, 0x36, 0x03, 0x00, 0x00, 0xF3, 0x03, 0x00, 0x34, 0x48, 0x00, 0x00, 0xE6, 0xF8, 0x00, 0x00
	.byte 0x46, 0xAF, 0x01, 0x00, 0xE6, 0x71, 0x02, 0x00, 0x20, 0x36, 0x03, 0x00, 0x06, 0xF3, 0x03, 0x00
	.byte 0x3A, 0x48, 0x00, 0x00, 0xF0, 0xF8, 0x00, 0x00, 0x50, 0xAF, 0x01, 0x00, 0xEE, 0x71, 0x02, 0x00
	.byte 0x2A, 0x36, 0x03, 0x00, 0x10, 0xF3, 0x03, 0x00, 0x40, 0x48, 0x00, 0x00, 0xFC, 0xF8, 0x00, 0x00
	.byte 0x5A, 0xAF, 0x01, 0x00, 0xF8, 0x71, 0x02, 0x00, 0x3A, 0x36, 0x03, 0x00, 0x1C, 0xF3, 0x03, 0x00
	.byte 0x52, 0x48, 0x00, 0x00, 0x08, 0xF9, 0x00, 0x00, 0x66, 0xAF, 0x01, 0x00, 0x04, 0x72, 0x02, 0x00
	.byte 0x46, 0x36, 0x03, 0x00, 0x28, 0xF3, 0x03, 0x00, 0x5E, 0x48, 0x00, 0x00, 0x16, 0xF9, 0x00, 0x00
	.byte 0x74, 0xAF, 0x01, 0x00, 0x10, 0x72, 0x02, 0x00, 0x58, 0x36, 0x03, 0x00, 0x36, 0xF3, 0x03, 0x00
	.byte 0x72, 0x48, 0x00, 0x00, 0x22, 0xF9, 0x00, 0x00, 0x80, 0xAF, 0x01, 0x00, 0x1C, 0x72, 0x02, 0x00
	.byte 0x66, 0x36, 0x03, 0x00, 0x42, 0xF3, 0x03, 0x00, 0x7E, 0x48, 0x00, 0x00, 0x2C, 0xF9, 0x00, 0x00
	.byte 0x92, 0xAF, 0x01, 0x00, 0x28, 0x72, 0x02, 0x00, 0x78, 0x36, 0x03, 0x00, 0x54, 0xF3, 0x03, 0x00
	.byte 0x8A, 0x48, 0x00, 0x00, 0x38, 0xF9, 0x00, 0x00, 0xA4, 0xAF, 0x01, 0x00, 0x36, 0x72, 0x02, 0x00
	.byte 0x8A, 0x36, 0x03, 0x00, 0x68, 0xF3, 0x03, 0x00, 0x98, 0x48, 0x00, 0x00, 0x46, 0xF9, 0x00, 0x00
	.byte 0xB4, 0xAF, 0x01, 0x00, 0x48, 0x72, 0x02, 0x00, 0xA0, 0x36, 0x03, 0x00, 0x7E, 0xF3, 0x03, 0x00
	.byte 0xB2, 0x48, 0x00, 0x00, 0x6A, 0xF9, 0x00, 0x00, 0xCE, 0xAF, 0x01, 0x00, 0x6E, 0x72, 0x02, 0x00
	.byte 0xC8, 0x36, 0x03, 0x00, 0xA0, 0xF3, 0x03, 0x00, 0xCA, 0x48, 0x00, 0x00, 0x8C, 0xF9, 0x00, 0x00
	.byte 0xE6, 0xAF, 0x01, 0x00, 0x8E, 0x72, 0x02, 0x00, 0xEC, 0x36, 0x03, 0x00, 0xC2, 0xF3, 0x03, 0x00
	.byte 0xE6, 0x48, 0x00, 0x00, 0xB4, 0xF9, 0x00, 0x00, 0x12, 0xB0, 0x01, 0x00, 0xBA, 0x72, 0x02, 0x00
	.byte 0x1A, 0x37, 0x03, 0x00, 0xF0, 0xF3, 0x03, 0x00, 0x02, 0x49, 0x00, 0x00, 0xDC, 0xF9, 0x00, 0x00
	.byte 0x3A, 0xB0, 0x01, 0x00, 0xE0, 0x72, 0x02, 0x00, 0x42, 0x37, 0x03, 0x00, 0x1C, 0xF4, 0x03, 0x00
	.byte 0x16, 0x49, 0x00, 0x00, 0xF8, 0xF9, 0x00, 0x00, 0x5A, 0xB0, 0x01, 0x00, 0xF8, 0x72, 0x02, 0x00
	.byte 0x5E, 0x37, 0x03, 0x00, 0x3A, 0xF4, 0x03, 0x00, 0x20, 0x49, 0x00, 0x00, 0x08, 0xFA, 0x00, 0x00
	.byte 0x66, 0xB0, 0x01, 0x00, 0x08, 0x73, 0x02, 0x00, 0x6E, 0x37, 0x03, 0x00, 0x4E, 0xF4, 0x03, 0x00
	.byte 0x30, 0x49, 0x00, 0x00, 0x2E, 0xFA, 0x00, 0x00, 0x8E, 0xB0, 0x01, 0x00, 0x2C, 0x73, 0x02, 0x00
	.byte 0x9C, 0x37, 0x03, 0x00, 0x72, 0xF4, 0x03, 0x00, 0x48, 0x49, 0x00, 0x00, 0x4E, 0xFA, 0x00, 0x00
	.byte 0xB6, 0xB0, 0x01, 0x00, 0x54, 0x73, 0x02, 0x00, 0xC8, 0x37, 0x03, 0x00, 0x94, 0xF4, 0x03, 0x00
	.byte 0x62, 0x49, 0x00, 0x00, 0x6C, 0xFA, 0x00, 0x00, 0xD8, 0xB0, 0x01, 0x00, 0x74, 0x73, 0x02, 0x00
	.byte 0xF4, 0x37, 0x03, 0x00, 0xBA, 0xF4, 0x03, 0x00, 0x7E, 0x49, 0x00, 0x00, 0x84, 0xFA, 0x00, 0x00
	.byte 0xF4, 0xB0, 0x01, 0x00, 0x88, 0x73, 0x02, 0x00, 0x18, 0x38, 0x03, 0x00, 0xD2, 0xF4, 0x03, 0x00
	.byte 0x94, 0x49, 0x00, 0x00, 0x98, 0xFA, 0x00, 0x00, 0x0A, 0xB1, 0x01, 0x00, 0xA0, 0x73, 0x02, 0x00
	.byte 0x30, 0x38, 0x03, 0x00, 0xE8, 0xF4, 0x03, 0x00, 0xA0, 0x49, 0x00, 0x00, 0xA4, 0xFA, 0x00, 0x00
	.byte 0x18, 0xB1, 0x01, 0x00, 0xAC, 0x73, 0x02, 0x00, 0x3C, 0x38, 0x03, 0x00, 0xF4, 0xF4, 0x03, 0x00
	.byte 0xAC, 0x49, 0x00, 0x00, 0xAC, 0xFA, 0x00, 0x00, 0x22, 0xB1, 0x01, 0x00, 0xB4, 0x73, 0x02, 0x00
	.byte 0x44, 0x38, 0x03, 0x00, 0xFC, 0xF4, 0x03, 0x00, 0xB2, 0x49, 0x00, 0x00, 0xB2, 0xFA, 0x00, 0x00
	.byte 0x28, 0xB1, 0x01, 0x00, 0xB8, 0x73, 0x02, 0x00, 0x4A, 0x38, 0x03, 0x00, 0x04, 0xF5, 0x03, 0x00
	.byte 0xB8, 0x49, 0x00, 0x00, 0xBA, 0xFA, 0x00, 0x00, 0x30, 0xB1, 0x01, 0x00, 0xC0, 0x73, 0x02, 0x00
	.byte 0x52, 0x38, 0x03, 0x00, 0x0C, 0xF5, 0x03, 0x00, 0xC4, 0x49, 0x00, 0x00, 0xC4, 0xFA, 0x00, 0x00
	.byte 0x3A, 0xB1, 0x01, 0x00, 0xCA, 0x73, 0x02, 0x00, 0x5C, 0x38, 0x03, 0x00, 0x16, 0xF5, 0x03, 0x00
	.byte 0xCA, 0x49, 0x00, 0x00, 0xCA, 0xFA, 0x00, 0x00, 0x3E, 0xB1, 0x01, 0x00, 0xD0, 0x73, 0x02, 0x00
	.byte 0x62, 0x38, 0x03, 0x00, 0x1C, 0xF5, 0x03, 0x00, 0xD0, 0x49, 0x00, 0x00, 0xD4, 0xFA, 0x00, 0x00
	.byte 0x4A, 0xB1, 0x01, 0x00, 0xDA, 0x73, 0x02, 0x00, 0x6C, 0x38, 0x03, 0x00, 0x26, 0xF5, 0x03, 0x00
	.byte 0xD8, 0x49, 0x00, 0x00, 0xDA, 0xFA, 0x00, 0x00, 0x50, 0xB1, 0x01, 0x00, 0xE2, 0x73, 0x02, 0x00
	.byte 0x74, 0x38, 0x03, 0x00, 0x2C, 0xF5, 0x03, 0x00, 0xE2, 0x49, 0x00, 0x00, 0xE2, 0xFA, 0x00, 0x00
	.byte 0x5A, 0xB1, 0x01, 0x00, 0xEC, 0x73, 0x02, 0x00, 0x7C, 0x38, 0x03, 0x00, 0x36, 0xF5, 0x03, 0x00
	.byte 0xEA, 0x49, 0x00, 0x00, 0xEA, 0xFA, 0x00, 0x00, 0x64, 0xB1, 0x01, 0x00, 0xF6, 0x73, 0x02, 0x00
	.byte 0x84, 0x38, 0x03, 0x00, 0x40, 0xF5, 0x03, 0x00, 0xF0, 0x49, 0x00, 0x00, 0xF2, 0xFA, 0x00, 0x00
	.byte 0x6C, 0xB1, 0x01, 0x00, 0xFE, 0x73, 0x02, 0x00, 0x8C, 0x38, 0x03, 0x00, 0x48, 0xF5, 0x03, 0x00
	.byte 0xFA, 0x49, 0x00, 0x00, 0xFA, 0xFA, 0x00, 0x00, 0x74, 0xB1, 0x01, 0x00, 0x06, 0x74, 0x02, 0x00
	.byte 0x94, 0x38, 0x03, 0x00, 0x50, 0xF5, 0x03, 0x00, 0x04, 0x4A, 0x00, 0x00, 0x02, 0xFB, 0x00, 0x00
	.byte 0x7C, 0xB1, 0x01, 0x00, 0x0E, 0x74, 0x02, 0x00, 0x9C, 0x38, 0x03, 0x00, 0x58, 0xF5, 0x03, 0x00
	.byte 0x0E, 0x4A, 0x00, 0x00, 0x0A, 0xFB, 0x00, 0x00, 0x84, 0xB1, 0x01, 0x00, 0x16, 0x74, 0x02, 0x00
	.byte 0xA4, 0x38, 0x03, 0x00, 0x60, 0xF5, 0x03, 0x00, 0x38, 0x4A, 0x00, 0x00, 0x2A, 0xFB, 0x00, 0x00
	.byte 0xA8, 0xB1, 0x01, 0x00, 0x3C, 0x74, 0x02, 0x00, 0xD6, 0x38, 0x03, 0x00, 0x82, 0xF5, 0x03, 0x00
	.byte 0x40, 0x4A, 0x00, 0x00, 0x2E, 0xFB, 0x00, 0x00, 0xAC, 0xB1, 0x01, 0x00, 0x40, 0x74, 0x02, 0x00
	.byte 0xDA, 0x38, 0x03, 0x00, 0x86, 0xF5, 0x03, 0x00, 0x48, 0x4A, 0x00, 0x00, 0x32, 0xFB, 0x00, 0x00
	.byte 0xB0, 0xB1, 0x01, 0x00, 0x44, 0x74, 0x02, 0x00, 0xDE, 0x38, 0x03, 0x00, 0x8A, 0xF5, 0x03, 0x00
	.byte 0x74, 0x4A, 0x00, 0x00, 0x50, 0xFB, 0x00, 0x00, 0xD6, 0xB1, 0x01, 0x00, 0x6E, 0x74, 0x02, 0x00
	.byte 0x06, 0x39, 0x03, 0x00, 0xB0, 0xF5, 0x03, 0x00, 0x96, 0x4A, 0x00, 0x00, 0x76, 0xFB, 0x00, 0x00
	.byte 0x02, 0xB2, 0x01, 0x00, 0xA2, 0x74, 0x02, 0x00, 0x3A, 0x39, 0x03, 0x00, 0xE0, 0xF5, 0x03, 0x00
	.byte 0xB4, 0x4A, 0x00, 0x00, 0x96, 0xFB, 0x00, 0x00, 0x26, 0xB2, 0x01, 0x00, 0xC0, 0x74, 0x02, 0x00
	.byte 0x54, 0x39, 0x03, 0x00, 0xFA, 0xF5, 0x03, 0x00, 0xEA, 0x4A, 0x00, 0x00, 0xC6, 0xFB, 0x00, 0x00
	.byte 0x56, 0xB2, 0x01, 0x00, 0xEE, 0x74, 0x02, 0x00, 0x82, 0x39, 0x03, 0x00, 0x22, 0xF6, 0x03, 0x00
	.byte 0x16, 0x4B, 0x00, 0x00, 0xE6, 0xFB, 0x00, 0x00, 0x7A, 0xB2, 0x01, 0x00, 0x0E, 0x75, 0x02, 0x00
	.byte 0xA4, 0x39, 0x03, 0x00, 0x46, 0xF6, 0x03, 0x00, 0x24, 0x4B, 0x00, 0x00, 0xEC, 0xFB, 0x00, 0x00
	.byte 0x84, 0xB2, 0x01, 0x00, 0x16, 0x75, 0x02, 0x00, 0xAA, 0x39, 0x03, 0x00, 0x4E, 0xF6, 0x03, 0x00
	.byte 0x32, 0x4B, 0x00, 0x00, 0xF2, 0xFB, 0x00, 0x00, 0x8C, 0xB2, 0x01, 0x00, 0x1E, 0x75, 0x02, 0x00
	.byte 0xB2, 0x39, 0x03, 0x00, 0x58, 0xF6, 0x03, 0x00, 0x48, 0x4B, 0x00, 0x00, 0x00, 0xFC, 0x00, 0x00
	.byte 0x98, 0xB2, 0x01, 0x00, 0x2C, 0x75, 0x02, 0x00, 0xC6, 0x39, 0x03, 0x00, 0x64, 0xF6, 0x03, 0x00
	.byte 0x4E, 0x4B, 0x00, 0x00, 0x06, 0xFC, 0x00, 0x00, 0xA0, 0xB2, 0x01, 0x00, 0x32, 0x75, 0x02, 0x00
	.byte 0xCE, 0x39, 0x03, 0x00, 0x6A, 0xF6, 0x03, 0x00, 0x5E, 0x4B, 0x00, 0x00, 0x12, 0xFC, 0x00, 0x00
	.byte 0xB0, 0xB2, 0x01, 0x00, 0x42, 0x75, 0x02, 0x00, 0xE8, 0x39, 0x03, 0x00, 0x78, 0xF6, 0x03, 0x00
	.byte 0x70, 0x4B, 0x00, 0x00, 0x1E, 0xFC, 0x00, 0x00, 0xBC, 0xB2, 0x01, 0x00, 0x5A, 0x75, 0x02, 0x00
	.byte 0xFC, 0x39, 0x03, 0x00, 0x84, 0xF6, 0x03, 0x00, 0x82, 0x4B, 0x00, 0x00, 0x2E, 0xFC, 0x00, 0x00
	.byte 0xD0, 0xB2, 0x01, 0x00, 0x6C, 0x75, 0x02, 0x00, 0x18, 0x3A, 0x03, 0x00, 0x9A, 0xF6, 0x03, 0x00
	.byte 0x96, 0x4B, 0x00, 0x00, 0x40, 0xFC, 0x00, 0x00, 0xE2, 0xB2, 0x01, 0x00, 0x80, 0x75, 0x02, 0x00
	.byte 0x28, 0x3A, 0x03, 0x00, 0xA8, 0xF6, 0x03, 0x00, 0xAA, 0x4B, 0x00, 0x00, 0x52, 0xFC, 0x00, 0x00
	.byte 0xF6, 0xB2, 0x01, 0x00, 0x9A, 0x75, 0x02, 0x00, 0x42, 0x3A, 0x03, 0x00, 0xBC, 0xF6, 0x03, 0x00
	.byte 0xC0, 0x4B, 0x00, 0x00, 0x66, 0xFC, 0x00, 0x00, 0x0A, 0xB3, 0x01, 0x00, 0xB2, 0x75, 0x02, 0x00
	.byte 0x5C, 0x3A, 0x03, 0x00, 0xD0, 0xF6, 0x03, 0x00, 0xD6, 0x4B, 0x00, 0x00, 0x76, 0xFC, 0x00, 0x00
	.byte 0x1C, 0xB3, 0x01, 0x00, 0xCC, 0x75, 0x02, 0x00, 0x7A, 0x3A, 0x03, 0x00, 0xE4, 0xF6, 0x03, 0x00
	.byte 0xEC, 0x4B, 0x00, 0x00, 0x84, 0xFC, 0x00, 0x00, 0x2C, 0xB3, 0x01, 0x00, 0xDE, 0x75, 0x02, 0x00
	.byte 0x8E, 0x3A, 0x03, 0x00, 0xF4, 0xF6, 0x03, 0x00, 0xF4, 0x4B, 0x00, 0x00, 0x9E, 0xFC, 0x00, 0x00
	.byte 0x44, 0xB3, 0x01, 0x00, 0xF4, 0x75, 0x02, 0x00, 0xAC, 0x3A, 0x03, 0x00, 0x08, 0xF7, 0x03, 0x00
	.byte 0x06, 0x4C, 0x00, 0x00, 0xB2, 0xFC, 0x00, 0x00, 0x52, 0xB3, 0x01, 0x00, 0x04, 0x76, 0x02, 0x00
	.byte 0xCA, 0x3A, 0x03, 0x00, 0x22, 0xF7, 0x03, 0x00, 0x16, 0x4C, 0x00, 0x00, 0xCE, 0xFC, 0x00, 0x00
	.byte 0x68, 0xB3, 0x01, 0x00, 0x1E, 0x76, 0x02, 0x00, 0xE4, 0x3A, 0x03, 0x00, 0x3A, 0xF7, 0x03, 0x00
	.byte 0x26, 0x4C, 0x00, 0x00, 0xE2, 0xFC, 0x00, 0x00, 0x80, 0xB3, 0x01, 0x00, 0x38, 0x76, 0x02, 0x00
	.byte 0xFC, 0x3A, 0x03, 0x00, 0x4E, 0xF7, 0x03, 0x00, 0x3A, 0x4C, 0x00, 0x00, 0x00, 0xFD, 0x00, 0x00
	.byte 0x96, 0xB3, 0x01, 0x00, 0x52, 0x76, 0x02, 0x00, 0x18, 0x3B, 0x03, 0x00, 0x68, 0xF7, 0x03, 0x00
	.byte 0x4C, 0x4C, 0x00, 0x00, 0x18, 0xFD, 0x00, 0x00, 0xA8, 0xB3, 0x01, 0x00, 0x68, 0x76, 0x02, 0x00
	.byte 0x34, 0x3B, 0x03, 0x00, 0x7C, 0xF7, 0x03, 0x00, 0x5C, 0x4C, 0x00, 0x00, 0x32, 0xFD, 0x00, 0x00
	.byte 0xBA, 0xB3, 0x01, 0x00, 0x7C, 0x76, 0x02, 0x00, 0x50, 0x3B, 0x03, 0x00, 0x8E, 0xF7, 0x03, 0x00
	.byte 0x68, 0x4C, 0x00, 0x00, 0x4E, 0xFD, 0x00, 0x00, 0xD0, 0xB3, 0x01, 0x00, 0x94, 0x76, 0x02, 0x00
	.byte 0x6C, 0x3B, 0x03, 0x00, 0xA6, 0xF7, 0x03, 0x00, 0x7A, 0x4C, 0x00, 0x00, 0x62, 0xFD, 0x00, 0x00
	.byte 0xE6, 0xB3, 0x01, 0x00, 0xAC, 0x76, 0x02, 0x00, 0x86, 0x3B, 0x03, 0x00, 0xC0, 0xF7, 0x03, 0x00
	.byte 0x8C, 0x4C, 0x00, 0x00, 0x78, 0xFD, 0x00, 0x00, 0xFC, 0xB3, 0x01, 0x00, 0xCA, 0x76, 0x02, 0x00
	.byte 0xA2, 0x3B, 0x03, 0x00, 0xDA, 0xF7, 0x03, 0x00, 0xA4, 0x4C, 0x00, 0x00, 0x96, 0xFD, 0x00, 0x00
	.byte 0x16, 0xB4, 0x01, 0x00, 0xE6, 0x76, 0x02, 0x00, 0xC0, 0x3B, 0x03, 0x00, 0xF6, 0xF7, 0x03, 0x00
	.byte 0xBA, 0x4C, 0x00, 0x00, 0xA4, 0xFD, 0x00, 0x00, 0x2C, 0xB4, 0x01, 0x00, 0xFA, 0x76, 0x02, 0x00
	.byte 0xD4, 0x3B, 0x03, 0x00, 0x04, 0xF8, 0x03, 0x00, 0xD2, 0x4C, 0x00, 0x00, 0xBC, 0xFD, 0x00, 0x00
	.byte 0x48, 0xB4, 0x01, 0x00, 0x12, 0x77, 0x02, 0x00, 0xEC, 0x3B, 0x03, 0x00, 0x1C, 0xF8, 0x03, 0x00
	.byte 0xE8, 0x4C, 0x00, 0x00, 0xCC, 0xFD, 0x00, 0x00, 0x5C, 0xB4, 0x01, 0x00, 0x2C, 0x77, 0x02, 0x00
	.byte 0x0C, 0x3C, 0x03, 0x00, 0x2A, 0xF8, 0x03, 0x00, 0x00, 0x4D, 0x00, 0x00, 0xE0, 0xFD, 0x00, 0x00
	.byte 0x70, 0xB4, 0x01, 0x00, 0x46, 0x77, 0x02, 0x00, 0x26, 0x3C, 0x03, 0x00, 0x40, 0xF8, 0x03, 0x00
	.byte 0x12, 0x4D, 0x00, 0x00, 0xEE, 0xFD, 0x00, 0x00, 0x7E, 0xB4, 0x01, 0x00, 0x56, 0x77, 0x02, 0x00
	.byte 0x34, 0x3C, 0x03, 0x00, 0x4E, 0xF8, 0x03, 0x00, 0x2A, 0x4D, 0x00, 0x00, 0xFE, 0xFD, 0x00, 0x00
	.byte 0x98, 0xB4, 0x01, 0x00, 0x6A, 0x77, 0x02, 0x00, 0x4E, 0x3C, 0x03, 0x00, 0x5E, 0xF8, 0x03, 0x00
	.byte 0x44, 0x4D, 0x00, 0x00, 0x18, 0xFE, 0x00, 0x00, 0xB4, 0xB4, 0x01, 0x00, 0x84, 0x77, 0x02, 0x00
	.byte 0x6A, 0x3C, 0x03, 0x00, 0x78, 0xF8, 0x03, 0x00, 0x5C, 0x4D, 0x00, 0x00, 0x2A, 0xFE, 0x00, 0x00
	.byte 0xC6, 0xB4, 0x01, 0x00, 0x98, 0x77, 0x02, 0x00, 0x80, 0x3C, 0x03, 0x00, 0x8C, 0xF8, 0x03, 0x00
	.byte 0x72, 0x4D, 0x00, 0x00, 0x3A, 0xFE, 0x00, 0x00, 0xD8, 0xB4, 0x01, 0x00, 0xAC, 0x77, 0x02, 0x00
	.byte 0x9A, 0x3C, 0x03, 0x00, 0xA2, 0xF8, 0x03, 0x00, 0x8C, 0x4D, 0x00, 0x00, 0x50, 0xFE, 0x00, 0x00
	.byte 0xF2, 0xB4, 0x01, 0x00, 0xC8, 0x77, 0x02, 0x00, 0xB4, 0x3C, 0x03, 0x00, 0xBC, 0xF8, 0x03, 0x00
	.byte 0xA4, 0x4D, 0x00, 0x00, 0x64, 0xFE, 0x00, 0x00, 0x0C, 0xB5, 0x01, 0x00, 0xE4, 0x77, 0x02, 0x00
	.byte 0xD0, 0x3C, 0x03, 0x00, 0xD8, 0xF8, 0x03, 0x00, 0xB6, 0x4D, 0x00, 0x00, 0x78, 0xFE, 0x00, 0x00
	.byte 0x26, 0xB5, 0x01, 0x00, 0xFE, 0x77, 0x02, 0x00, 0xEA, 0x3C, 0x03, 0x00, 0xF4, 0xF8, 0x03, 0x00
	.byte 0xC8, 0x4D, 0x00, 0x00, 0x8C, 0xFE, 0x00, 0x00, 0x3E, 0xB5, 0x01, 0x00, 0x1A, 0x78, 0x02, 0x00
	.byte 0x04, 0x3D, 0x03, 0x00, 0x10, 0xF9, 0x03, 0x00, 0xDA, 0x4D, 0x00, 0x00, 0xA2, 0xFE, 0x00, 0x00
	.byte 0x56, 0xB5, 0x01, 0x00, 0x38, 0x78, 0x02, 0x00, 0x1E, 0x3D, 0x03, 0x00, 0x2C, 0xF9, 0x03, 0x00
	.byte 0xF2, 0x4D, 0x00, 0x00, 0xBA, 0xFE, 0x00, 0x00, 0x72, 0xB5, 0x01, 0x00, 0x54, 0x78, 0x02, 0x00
	.byte 0x3C, 0x3D, 0x03, 0x00, 0x46, 0xF9, 0x03, 0x00, 0x04, 0x4E, 0x00, 0x00, 0xC6, 0xFE, 0x00, 0x00
	.byte 0x7E, 0xB5, 0x01, 0x00, 0x64, 0x78, 0x02, 0x00, 0x4E, 0x3D, 0x03, 0x00, 0x54, 0xF9, 0x03, 0x00
	.byte 0x18, 0x4E, 0x00, 0x00, 0xD4, 0xFE, 0x00, 0x00, 0x92, 0xB5, 0x01, 0x00, 0x78, 0x78, 0x02, 0x00
	.byte 0x64, 0x3D, 0x03, 0x00, 0x62, 0xF9, 0x03, 0x00, 0x2E, 0x4E, 0x00, 0x00, 0xE6, 0xFE, 0x00, 0x00
	.byte 0xAA, 0xB5, 0x01, 0x00, 0x8E, 0x78, 0x02, 0x00, 0x7C, 0x3D, 0x03, 0x00, 0x72, 0xF9, 0x03, 0x00
	.byte 0x3E, 0x4E, 0x00, 0x00, 0xFC, 0xFE, 0x00, 0x00, 0xBE, 0xB5, 0x01, 0x00, 0xA8, 0x78, 0x02, 0x00
	.byte 0x94, 0x3D, 0x03, 0x00, 0x88, 0xF9, 0x03, 0x00, 0x58, 0x4E, 0x00, 0x00, 0x18, 0xFF, 0x00, 0x00
	.byte 0xDE, 0xB5, 0x01, 0x00, 0xC4, 0x78, 0x02, 0x00, 0xB0, 0x3D, 0x03, 0x00, 0xA2, 0xF9, 0x03, 0x00
	.byte 0x6E, 0x4E, 0x00, 0x00, 0x2C, 0xFF, 0x00, 0x00, 0xF4, 0xB5, 0x01, 0x00, 0xDC, 0x78, 0x02, 0x00
	.byte 0xC6, 0x3D, 0x03, 0x00, 0xBA, 0xF9, 0x03, 0x00, 0x88, 0x4E, 0x00, 0x00, 0x46, 0xFF, 0x00, 0x00
	.byte 0x10, 0xB6, 0x01, 0x00, 0xF4, 0x78, 0x02, 0x00, 0xE4, 0x3D, 0x03, 0x00, 0xD6, 0xF9, 0x03, 0x00
	.byte 0xA2, 0x4E, 0x00, 0x00, 0x60, 0xFF, 0x00, 0x00, 0x2C, 0xB6, 0x01, 0x00, 0x0E, 0x79, 0x02, 0x00
	.byte 0x00, 0x3E, 0x03, 0x00, 0xF0, 0xF9, 0x03, 0x00, 0xB4, 0x4E, 0x00, 0x00, 0x78, 0xFF, 0x00, 0x00
	.byte 0x46, 0xB6, 0x01, 0x00, 0x2A, 0x79, 0x02, 0x00, 0x20, 0x3E, 0x03, 0x00, 0x0C, 0xFA, 0x03, 0x00
	.byte 0xC6, 0x4E, 0x00, 0x00, 0x90, 0xFF, 0x00, 0x00, 0x62, 0xB6, 0x01, 0x00, 0x44, 0x79, 0x02, 0x00
	.byte 0x3E, 0x3E, 0x03, 0x00, 0x28, 0xFA, 0x03, 0x00, 0xD4, 0x4E, 0x00, 0x00, 0xA8, 0xFF, 0x00, 0x00
	.byte 0x76, 0xB6, 0x01, 0x00, 0x5C, 0x79, 0x02, 0x00, 0x58, 0x3E, 0x03, 0x00, 0x42, 0xFA, 0x03, 0x00
	.byte 0xE6, 0x4E, 0x00, 0x00, 0xC0, 0xFF, 0x00, 0x00, 0x8C, 0xB6, 0x01, 0x00, 0x76, 0x79, 0x02, 0x00
	.byte 0x76, 0x3E, 0x03, 0x00, 0x5C, 0xFA, 0x03, 0x00, 0xFA, 0x4E, 0x00, 0x00, 0xD8, 0xFF, 0x00, 0x00
	.byte 0xA2, 0xB6, 0x01, 0x00, 0x90, 0x79, 0x02, 0x00, 0x92, 0x3E, 0x03, 0x00, 0x76, 0xFA, 0x03, 0x00
	.byte 0x0C, 0x4F, 0x00, 0x00, 0xEE, 0xFF, 0x00, 0x00, 0xB8, 0xB6, 0x01, 0x00, 0xAA, 0x79, 0x02, 0x00
	.byte 0xAE, 0x3E, 0x03, 0x00, 0x90, 0xFA, 0x03, 0x00, 0x1E, 0x4F, 0x00, 0x00, 0xFA, 0xFF, 0x00, 0x00
	.byte 0xC4, 0xB6, 0x01, 0x00, 0xBA, 0x79, 0x02, 0x00, 0xBC, 0x3E, 0x03, 0x00, 0xA2, 0xFA, 0x03, 0x00
	.byte 0x36, 0x4F, 0x00, 0x00, 0x0E, 0x00, 0x01, 0x00, 0xD6, 0xB6, 0x01, 0x00, 0xD0, 0x79, 0x02, 0x00
	.byte 0xD4, 0x3E, 0x03, 0x00, 0xBC, 0xFA, 0x03, 0x00, 0x48, 0x4F, 0x00, 0x00, 0x1A, 0x00, 0x01, 0x00
	.byte 0xE2, 0xB6, 0x01, 0x00, 0xDE, 0x79, 0x02, 0x00, 0xE0, 0x3E, 0x03, 0x00, 0xC8, 0xFA, 0x03, 0x00
	.byte 0x5C, 0x4F, 0x00, 0x00, 0x2A, 0x00, 0x01, 0x00, 0xFC, 0xB6, 0x01, 0x00, 0xF6, 0x79, 0x02, 0x00
	.byte 0xF8, 0x3E, 0x03, 0x00, 0xDA, 0xFA, 0x03, 0x00, 0x7C, 0x4F, 0x00, 0x00, 0x46, 0x00, 0x01, 0x00
	.byte 0x18, 0xB7, 0x01, 0x00, 0x26, 0x7A, 0x02, 0x00, 0x10, 0x3F, 0x03, 0x00, 0xF4, 0xFA, 0x03, 0x00
	.byte 0x9C, 0x4F, 0x00, 0x00, 0x62, 0x00, 0x01, 0x00, 0x32, 0xB7, 0x01, 0x00, 0x52, 0x7A, 0x02, 0x00
	.byte 0x2C, 0x3F, 0x03, 0x00, 0x10, 0xFB, 0x03, 0x00, 0xBC, 0x4F, 0x00, 0x00, 0x6A, 0x00, 0x01, 0x00
	.byte 0x3A, 0xB7, 0x01, 0x00, 0x5A, 0x7A, 0x02, 0x00, 0x34, 0x3F, 0x03, 0x00, 0x18, 0xFB, 0x03, 0x00
	.byte 0xD4, 0x4F, 0x00, 0x00, 0x72, 0x00, 0x01, 0x00, 0x42, 0xB7, 0x01, 0x00, 0x62, 0x7A, 0x02, 0x00
	.byte 0x3C, 0x3F, 0x03, 0x00, 0x20, 0xFB, 0x03, 0x00, 0xEE, 0x4F, 0x00, 0x00, 0x7A, 0x00, 0x01, 0x00
	.byte 0x4A, 0xB7, 0x01, 0x00, 0x6A, 0x7A, 0x02, 0x00, 0x44, 0x3F, 0x03, 0x00, 0x28, 0xFB, 0x03, 0x00
	.byte 0x00, 0x50, 0x00, 0x00, 0x82, 0x00, 0x01, 0x00, 0x52, 0xB7, 0x01, 0x00, 0x72, 0x7A, 0x02, 0x00
	.byte 0x4C, 0x3F, 0x03, 0x00, 0x30, 0xFB, 0x03, 0x00, 0x18, 0x50, 0x00, 0x00, 0x8A, 0x00, 0x01, 0x00
	.byte 0x5A, 0xB7, 0x01, 0x00, 0x7A, 0x7A, 0x02, 0x00, 0x54, 0x3F, 0x03, 0x00, 0x38, 0xFB, 0x03, 0x00
	.byte 0x42, 0x50, 0x00, 0x00, 0x92, 0x00, 0x01, 0x00, 0x62, 0xB7, 0x01, 0x00, 0x82, 0x7A, 0x02, 0x00
	.byte 0x5C, 0x3F, 0x03, 0x00, 0x40, 0xFB, 0x03, 0x00, 0x5A, 0x50, 0x00, 0x00, 0x9A, 0x00, 0x01, 0x00
	.byte 0x6A, 0xB7, 0x01, 0x00, 0x8A, 0x7A, 0x02, 0x00, 0x64, 0x3F, 0x03, 0x00, 0x48, 0xFB, 0x03, 0x00
	.byte 0x70, 0x50, 0x00, 0x00, 0xA2, 0x00, 0x01, 0x00, 0x72, 0xB7, 0x01, 0x00, 0x92, 0x7A, 0x02, 0x00
	.byte 0x6C, 0x3F, 0x03, 0x00, 0x50, 0xFB, 0x03, 0x00, 0x82, 0x50, 0x00, 0x00, 0xAA, 0x00, 0x01, 0x00
	.byte 0x7A, 0xB7, 0x01, 0x00, 0x9A, 0x7A, 0x02, 0x00, 0x74, 0x3F, 0x03, 0x00, 0x58, 0xFB, 0x03, 0x00
	.byte 0xAA, 0x50, 0x00, 0x00, 0xB2, 0x00, 0x01, 0x00, 0x82, 0xB7, 0x01, 0x00, 0xA2, 0x7A, 0x02, 0x00
	.byte 0x7C, 0x3F, 0x03, 0x00, 0x60, 0xFB, 0x03, 0x00, 0xBC, 0x50, 0x00, 0x00, 0xBA, 0x00, 0x01, 0x00
	.byte 0x8A, 0xB7, 0x01, 0x00, 0xAA, 0x7A, 0x02, 0x00, 0x84, 0x3F, 0x03, 0x00, 0x68, 0xFB, 0x03, 0x00
	.byte 0xDC, 0x50, 0x00, 0x00, 0xC2, 0x00, 0x01, 0x00, 0x92, 0xB7, 0x01, 0x00, 0xB2, 0x7A, 0x02, 0x00
	.byte 0x8C, 0x3F, 0x03, 0x00, 0x70, 0xFB, 0x03, 0x00, 0xF8, 0x50, 0x00, 0x00, 0xCA, 0x00, 0x01, 0x00
	.byte 0x9A, 0xB7, 0x01, 0x00, 0xBA, 0x7A, 0x02, 0x00, 0x94, 0x3F, 0x03, 0x00, 0x78, 0xFB, 0x03, 0x00
	.byte 0x0E, 0x51, 0x00, 0x00, 0xD2, 0x00, 0x01, 0x00, 0xA2, 0xB7, 0x01, 0x00, 0xC2, 0x7A, 0x02, 0x00
	.byte 0x9C, 0x3F, 0x03, 0x00, 0x80, 0xFB, 0x03, 0x00, 0x24, 0x51, 0x00, 0x00, 0xDA, 0x00, 0x01, 0x00
	.byte 0xAA, 0xB7, 0x01, 0x00, 0xCA, 0x7A, 0x02, 0x00, 0xA4, 0x3F, 0x03, 0x00, 0x88, 0xFB, 0x03, 0x00
	.byte 0x42, 0x51, 0x00, 0x00, 0xE2, 0x00, 0x01, 0x00, 0xB2, 0xB7, 0x01, 0x00, 0xD2, 0x7A, 0x02, 0x00
	.byte 0xAC, 0x3F, 0x03, 0x00, 0x90, 0xFB, 0x03, 0x00, 0x54, 0x51, 0x00, 0x00, 0xEA, 0x00, 0x01, 0x00
	.byte 0xBA, 0xB7, 0x01, 0x00, 0xDA, 0x7A, 0x02, 0x00, 0xB4, 0x3F, 0x03, 0x00, 0x98, 0xFB, 0x03, 0x00
	.byte 0x68, 0x51, 0x00, 0x00, 0xF2, 0x00, 0x01, 0x00, 0xC2, 0xB7, 0x01, 0x00, 0xE2, 0x7A, 0x02, 0x00
	.byte 0xBC, 0x3F, 0x03, 0x00, 0xA0, 0xFB, 0x03, 0x00, 0x80, 0x51, 0x00, 0x00, 0xFA, 0x00, 0x01, 0x00
	.byte 0xCA, 0xB7, 0x01, 0x00, 0xEA, 0x7A, 0x02, 0x00, 0xC4, 0x3F, 0x03, 0x00, 0xA8, 0xFB, 0x03, 0x00
	.byte 0x92, 0x51, 0x00, 0x00, 0x02, 0x01, 0x01, 0x00, 0xD2, 0xB7, 0x01, 0x00, 0xF2, 0x7A, 0x02, 0x00
	.byte 0xCC, 0x3F, 0x03, 0x00, 0xB0, 0xFB, 0x03, 0x00, 0xA4, 0x51, 0x00, 0x00, 0x0A, 0x01, 0x01, 0x00
	.byte 0xDA, 0xB7, 0x01, 0x00, 0xFA, 0x7A, 0x02, 0x00, 0xD4, 0x3F, 0x03, 0x00, 0xB8, 0xFB, 0x03, 0x00
	.byte 0xBE, 0x51, 0x00, 0x00, 0x12, 0x01, 0x01, 0x00, 0xE2, 0xB7, 0x01, 0x00, 0x02, 0x7B, 0x02, 0x00
	.byte 0xDC, 0x3F, 0x03, 0x00, 0xC0, 0xFB, 0x03, 0x00, 0xD0, 0x51, 0x00, 0x00, 0x1A, 0x01, 0x01, 0x00
	.byte 0xEA, 0xB7, 0x01, 0x00, 0x0A, 0x7B, 0x02, 0x00, 0xE4, 0x3F, 0x03, 0x00, 0xC8, 0xFB, 0x03, 0x00
	.byte 0xEE, 0x51, 0x00, 0x00, 0x22, 0x01, 0x01, 0x00, 0xF2, 0xB7, 0x01, 0x00, 0x12, 0x7B, 0x02, 0x00
	.byte 0xEC, 0x3F, 0x03, 0x00, 0xD0, 0xFB, 0x03, 0x00, 0x04, 0x52, 0x00, 0x00, 0x34, 0x01, 0x01, 0x00
	.byte 0x04, 0xB8, 0x01, 0x00, 0x24, 0x7B, 0x02, 0x00, 0xFE, 0x3F, 0x03, 0x00, 0xE4, 0xFB, 0x03, 0x00
	.byte 0x1A, 0x52, 0x00, 0x00, 0x4C, 0x01, 0x01, 0x00, 0x20, 0xB8, 0x01, 0x00, 0x40, 0x7B, 0x02, 0x00
	.byte 0x18, 0x40, 0x03, 0x00, 0x00, 0xFC, 0x03, 0x00, 0x32, 0x52, 0x00, 0x00, 0x70, 0x01, 0x01, 0x00
	.byte 0x3E, 0xB8, 0x01, 0x00, 0x68, 0x7B, 0x02, 0x00, 0x34, 0x40, 0x03, 0x00, 0x2A, 0xFC, 0x03, 0x00
	.byte 0x48, 0x52, 0x00, 0x00, 0x86, 0x01, 0x01, 0x00, 0x5A, 0xB8, 0x01, 0x00, 0x80, 0x7B, 0x02, 0x00
	.byte 0x4E, 0x40, 0x03, 0x00, 0x48, 0xFC, 0x03, 0x00, 0x58, 0x52, 0x00, 0x00, 0x98, 0x01, 0x01, 0x00
	.byte 0x76, 0xB8, 0x01, 0x00, 0x94, 0x7B, 0x02, 0x00, 0x66, 0x40, 0x03, 0x00, 0x5C, 0xFC, 0x03, 0x00
	.byte 0x68, 0x52, 0x00, 0x00, 0xB0, 0x01, 0x01, 0x00, 0x90, 0xB8, 0x01, 0x00, 0xAC, 0x7B, 0x02, 0x00
	.byte 0x82, 0x40, 0x03, 0x00, 0x74, 0xFC, 0x03, 0x00, 0x82, 0x52, 0x00, 0x00, 0xC8, 0x01, 0x01, 0x00
	.byte 0xAE, 0xB8, 0x01, 0x00, 0xC6, 0x7B, 0x02, 0x00, 0xA2, 0x40, 0x03, 0x00, 0x8E, 0xFC, 0x03, 0x00
	.byte 0x9C, 0x52, 0x00, 0x00, 0xDE, 0x01, 0x01, 0x00, 0xC8, 0xB8, 0x01, 0x00, 0xE0, 0x7B, 0x02, 0x00
	.byte 0xC0, 0x40, 0x03, 0x00, 0xA8, 0xFC, 0x03, 0x00, 0xB6, 0x52, 0x00, 0x00, 0xF6, 0x01, 0x01, 0x00
	.byte 0xE0, 0xB8, 0x01, 0x00, 0xFC, 0x7B, 0x02, 0x00, 0xDA, 0x40, 0x03, 0x00, 0xC2, 0xFC, 0x03, 0x00
	.byte 0xCA, 0x52, 0x00, 0x00, 0x02, 0x02, 0x01, 0x00, 0xEC, 0xB8, 0x01, 0x00, 0x0C, 0x7C, 0x02, 0x00
	.byte 0xE8, 0x40, 0x03, 0x00, 0xD0, 0xFC, 0x03, 0x00, 0xDA, 0x52, 0x00, 0x00, 0x0C, 0x02, 0x01, 0x00
	.byte 0xF8, 0xB8, 0x01, 0x00, 0x1A, 0x7C, 0x02, 0x00, 0xF4, 0x40, 0x03, 0x00, 0xE4, 0xFC, 0x03, 0x00
	.byte 0x7E, 0x53, 0x00, 0x00, 0xC6, 0x02, 0x01, 0x00, 0xE6, 0xB9, 0x01, 0x00, 0x16, 0x7D, 0x02, 0x00
	.byte 0xD8, 0x41, 0x03, 0x00, 0xC6, 0xFD, 0x03, 0x00, 0x86, 0x53, 0x00, 0x00, 0xCE, 0x02, 0x01, 0x00
	.byte 0xF0, 0xB9, 0x01, 0x00, 0x20, 0x7D, 0x02, 0x00, 0xE4, 0x41, 0x03, 0x00, 0xD2, 0xFD, 0x03, 0x00
	.byte 0xB8, 0x53, 0x00, 0x00, 0x02, 0x03, 0x01, 0x00, 0x28, 0xBA, 0x01, 0x00, 0x54, 0x7D, 0x02, 0x00
	.byte 0x16, 0x42, 0x03, 0x00, 0x0A, 0xFE, 0x03, 0x00, 0xD0, 0x53, 0x00, 0x00, 0x14, 0x03, 0x01, 0x00
	.byte 0x3E, 0xBA, 0x01, 0x00, 0x66, 0x7D, 0x02, 0x00, 0x2E, 0x42, 0x03, 0x00, 0x20, 0xFE, 0x03, 0x00
	.byte 0xEC, 0x53, 0x00, 0x00, 0x24, 0x03, 0x01, 0x00, 0x50, 0xBA, 0x01, 0x00, 0x7E, 0x7D, 0x02, 0x00
	.byte 0x40, 0x42, 0x03, 0x00, 0x36, 0xFE, 0x03, 0x00, 0x0A, 0x54, 0x00, 0x00, 0x38, 0x03, 0x01, 0x00
	.byte 0x66, 0xBA, 0x01, 0x00, 0x9E, 0x7D, 0x02, 0x00, 0x56, 0x42, 0x03, 0x00, 0x4E, 0xFE, 0x03, 0x00
	.byte 0x1C, 0x54, 0x00, 0x00, 0x46, 0x03, 0x01, 0x00, 0x72, 0xBA, 0x01, 0x00, 0xAE, 0x7D, 0x02, 0x00
	.byte 0x64, 0x42, 0x03, 0x00, 0x5E, 0xFE, 0x03, 0x00, 0x2A, 0x54, 0x00, 0x00, 0x54, 0x03, 0x01, 0x00
	.byte 0x80, 0xBA, 0x01, 0x00, 0xC6, 0x7D, 0x02, 0x00, 0x76, 0x42, 0x03, 0x00, 0x70, 0xFE, 0x03, 0x00
	.byte 0x3C, 0x54, 0x00, 0x00, 0x64, 0x03, 0x01, 0x00, 0x90, 0xBA, 0x01, 0x00, 0xD4, 0x7D, 0x02, 0x00
	.byte 0x84, 0x42, 0x03, 0x00, 0x82, 0xFE, 0x03, 0x00, 0x48, 0x54, 0x00, 0x00, 0x78, 0x03, 0x01, 0x00
	.byte 0xA4, 0xBA, 0x01, 0x00, 0xEE, 0x7D, 0x02, 0x00, 0x9C, 0x42, 0x03, 0x00, 0x9C, 0xFE, 0x03, 0x00
	.byte 0x56, 0x54, 0x00, 0x00, 0x8C, 0x03, 0x01, 0x00, 0xB8, 0xBA, 0x01, 0x00, 0x08, 0x7E, 0x02, 0x00
	.byte 0xB0, 0x42, 0x03, 0x00, 0xB8, 0xFE, 0x03, 0x00, 0x62, 0x54, 0x00, 0x00, 0x9E, 0x03, 0x01, 0x00
	.byte 0xCA, 0xBA, 0x01, 0x00, 0x1E, 0x7E, 0x02, 0x00, 0xC6, 0x42, 0x03, 0x00, 0xCE, 0xFE, 0x03, 0x00
	.byte 0x72, 0x54, 0x00, 0x00, 0xB6, 0x03, 0x01, 0x00, 0xE2, 0xBA, 0x01, 0x00, 0x36, 0x7E, 0x02, 0x00
	.byte 0xE0, 0x42, 0x03, 0x00, 0xEE, 0xFE, 0x03, 0x00, 0x7E, 0x54, 0x00, 0x00, 0xB8, 0x03, 0x01, 0x00
	.byte 0xE4, 0xBA, 0x01, 0x00, 0x38, 0x7E, 0x02, 0x00, 0xE2, 0x42, 0x03, 0x00, 0xF0, 0xFE, 0x03, 0x00
	.byte 0x92, 0x54, 0x00, 0x00, 0xBA, 0x03, 0x01, 0x00, 0xE6, 0xBA, 0x01, 0x00, 0x3A, 0x7E, 0x02, 0x00
	.byte 0xE4, 0x42, 0x03, 0x00, 0xF2, 0xFE, 0x03, 0x00, 0x9C, 0x54, 0x00, 0x00, 0xBC, 0x03, 0x01, 0x00
	.byte 0xE8, 0xBA, 0x01, 0x00, 0x3C, 0x7E, 0x02, 0x00, 0xE6, 0x42, 0x03, 0x00, 0xF4, 0xFE, 0x03, 0x00
	.byte 0xA8, 0x54, 0x00, 0x00, 0xC4, 0x03, 0x01, 0x00, 0xF0, 0xBA, 0x01, 0x00, 0x44, 0x7E, 0x02, 0x00
	.byte 0xF0, 0x42, 0x03, 0x00, 0xFE, 0xFE, 0x03, 0x00, 0xB2, 0x54, 0x00, 0x00, 0xCE, 0x03, 0x01, 0x00
	.byte 0xFA, 0xBA, 0x01, 0x00, 0x4C, 0x7E, 0x02, 0x00, 0x00, 0x43, 0x03, 0x00, 0x08, 0xFF, 0x03, 0x00
	.byte 0xC2, 0x54, 0x00, 0x00, 0xDC, 0x03, 0x01, 0x00, 0x08, 0xBB, 0x01, 0x00, 0x5C, 0x7E, 0x02, 0x00
	.byte 0x18, 0x43, 0x03, 0x00, 0x1A, 0xFF, 0x03, 0x00, 0xD2, 0x54, 0x00, 0x00, 0xEA, 0x03, 0x01, 0x00
	.byte 0x16, 0xBB, 0x01, 0x00, 0x66, 0x7E, 0x02, 0x00, 0x2A, 0x43, 0x03, 0x00, 0x28, 0xFF, 0x03, 0x00
	.byte 0xE0, 0x54, 0x00, 0x00, 0xFA, 0x03, 0x01, 0x00, 0x26, 0xBB, 0x01, 0x00, 0x72, 0x7E, 0x02, 0x00
	.byte 0x3E, 0x43, 0x03, 0x00, 0x3A, 0xFF, 0x03, 0x00, 0xF4, 0x54, 0x00, 0x00, 0xFC, 0x03, 0x01, 0x00
	.byte 0x28, 0xBB, 0x01, 0x00, 0x74, 0x7E, 0x02, 0x00, 0x40, 0x43, 0x03, 0x00, 0x3C, 0xFF, 0x03, 0x00
	.byte 0x00, 0x55, 0x00, 0x00, 0x04, 0x04, 0x01, 0x00, 0x30, 0xBB, 0x01, 0x00, 0x7C, 0x7E, 0x02, 0x00
	.byte 0x4A, 0x43, 0x03, 0x00, 0x46, 0xFF, 0x03, 0x00, 0x0A, 0x55, 0x00, 0x00, 0x10, 0x04, 0x01, 0x00
	.byte 0x3E, 0xBB, 0x01, 0x00, 0x88, 0x7E, 0x02, 0x00, 0x5A, 0x43, 0x03, 0x00, 0x52, 0xFF, 0x03, 0x00
	.byte 0x14, 0x55, 0x00, 0x00, 0x1C, 0x04, 0x01, 0x00, 0x4C, 0xBB, 0x01, 0x00, 0x94, 0x7E, 0x02, 0x00
	.byte 0x6A, 0x43, 0x03, 0x00, 0x5E, 0xFF, 0x03, 0x00, 0x1E, 0x55, 0x00, 0x00, 0x28, 0x04, 0x01, 0x00
	.byte 0x5A, 0xBB, 0x01, 0x00, 0xA0, 0x7E, 0x02, 0x00, 0x7A, 0x43, 0x03, 0x00, 0x6A, 0xFF, 0x03, 0x00
	.byte 0x28, 0x55, 0x00, 0x00, 0x34, 0x04, 0x01, 0x00, 0x68, 0xBB, 0x01, 0x00, 0xAC, 0x7E, 0x02, 0x00
	.byte 0x8A, 0x43, 0x03, 0x00, 0x76, 0xFF, 0x03, 0x00, 0x32, 0x55, 0x00, 0x00, 0x40, 0x04, 0x01, 0x00
	.byte 0x76, 0xBB, 0x01, 0x00, 0xB8, 0x7E, 0x02, 0x00, 0x9A, 0x43, 0x03, 0x00, 0x82, 0xFF, 0x03, 0x00
	.byte 0x3E, 0x55, 0x00, 0x00, 0x42, 0x04, 0x01, 0x00, 0x78, 0xBB, 0x01, 0x00, 0xBA, 0x7E, 0x02, 0x00
	.byte 0x9C, 0x43, 0x03, 0x00, 0x84, 0xFF, 0x03, 0x00, 0x46, 0x55, 0x00, 0x00, 0x5A, 0x04, 0x01, 0x00
	.byte 0x90, 0xBB, 0x01, 0x00, 0xD2, 0x7E, 0x02, 0x00, 0xAE, 0x43, 0x03, 0x00, 0x98, 0xFF, 0x03, 0x00
	.byte 0x52, 0x55, 0x00, 0x00, 0x64, 0x04, 0x01, 0x00, 0x9A, 0xBB, 0x01, 0x00, 0xE0, 0x7E, 0x02, 0x00
	.byte 0xBE, 0x43, 0x03, 0x00, 0xA6, 0xFF, 0x03, 0x00, 0x5C, 0x55, 0x00, 0x00, 0x72, 0x04, 0x01, 0x00
	.byte 0xA8, 0xBB, 0x01, 0x00, 0xF0, 0x7E, 0x02, 0x00, 0xD0, 0x43, 0x03, 0x00, 0xB6, 0xFF, 0x03, 0x00
	.byte 0x64, 0x55, 0x00, 0x00, 0x84, 0x04, 0x01, 0x00, 0xBA, 0xBB, 0x01, 0x00, 0x02, 0x7F, 0x02, 0x00
	.byte 0xE4, 0x43, 0x03, 0x00, 0xC8, 0xFF, 0x03, 0x00, 0x6C, 0x55, 0x00, 0x00, 0x92, 0x04, 0x01, 0x00
	.byte 0xC6, 0xBB, 0x01, 0x00, 0x10, 0x7F, 0x02, 0x00, 0xF2, 0x43, 0x03, 0x00, 0xD6, 0xFF, 0x03, 0x00
	.byte 0x78, 0x55, 0x00, 0x00, 0x98, 0x04, 0x01, 0x00, 0xCE, 0xBB, 0x01, 0x00, 0x16, 0x7F, 0x02, 0x00
	.byte 0xF8, 0x43, 0x03, 0x00, 0xDC, 0xFF, 0x03, 0x00, 0x82, 0x55, 0x00, 0x00, 0x9C, 0x04, 0x01, 0x00
	.byte 0xD2, 0xBB, 0x01, 0x00, 0x1A, 0x7F, 0x02, 0x00, 0xFC, 0x43, 0x03, 0x00, 0xE0, 0xFF, 0x03, 0x00
	.byte 0x8C, 0x55, 0x00, 0x00, 0xA0, 0x04, 0x01, 0x00, 0xD6, 0xBB, 0x01, 0x00, 0x1E, 0x7F, 0x02, 0x00
	.byte 0x00, 0x44, 0x03, 0x00, 0xE4, 0xFF, 0x03, 0x00, 0x9A, 0x55, 0x00, 0x00, 0xB2, 0x04, 0x01, 0x00
	.byte 0xEA, 0xBB, 0x01, 0x00, 0x30, 0x7F, 0x02, 0x00, 0x14, 0x44, 0x03, 0x00, 0xF8, 0xFF, 0x03, 0x00
	.byte 0xA0, 0x55, 0x00, 0x00, 0xBC, 0x04, 0x01, 0x00, 0xF6, 0xBB, 0x01, 0x00, 0x42, 0x7F, 0x02, 0x00
	.byte 0x20, 0x44, 0x03, 0x00, 0x06, 0x00, 0x04, 0x00, 0xAE, 0x55, 0x00, 0x00, 0xC8, 0x04, 0x01, 0x00
	.byte 0x06, 0xBC, 0x01, 0x00, 0x4E, 0x7F, 0x02, 0x00, 0x38, 0x44, 0x03, 0x00, 0x14, 0x00, 0x04, 0x00
	.byte 0xC2, 0x55, 0x00, 0x00, 0xCA, 0x04, 0x01, 0x00, 0x08, 0xBC, 0x01, 0x00, 0x50, 0x7F, 0x02, 0x00
	.byte 0x3A, 0x44, 0x03, 0x00, 0x16, 0x00, 0x04, 0x00, 0xCA, 0x55, 0x00, 0x00, 0xCE, 0x04, 0x01, 0x00
	.byte 0x0E, 0xBC, 0x01, 0x00, 0x58, 0x7F, 0x02, 0x00, 0x40, 0x44, 0x03, 0x00, 0x1C, 0x00, 0x04, 0x00
	.byte 0xE4, 0x55, 0x00, 0x00, 0xD0, 0x04, 0x01, 0x00, 0x10, 0xBC, 0x01, 0x00, 0x5A, 0x7F, 0x02, 0x00
	.byte 0x42, 0x44, 0x03, 0x00, 0x1E, 0x00, 0x04, 0x00, 0xEC, 0x55, 0x00, 0x00, 0xDA, 0x04, 0x01, 0x00
	.byte 0x1C, 0xBC, 0x01, 0x00, 0x64, 0x7F, 0x02, 0x00, 0x4A, 0x44, 0x03, 0x00, 0x26, 0x00, 0x04, 0x00
	.byte 0xF4, 0x55, 0x00, 0x00, 0xE4, 0x04, 0x01, 0x00, 0x28, 0xBC, 0x01, 0x00, 0x6E, 0x7F, 0x02, 0x00
	.byte 0x52, 0x44, 0x03, 0x00, 0x2E, 0x00, 0x04, 0x00, 0xFC, 0x55, 0x00, 0x00, 0xEE, 0x04, 0x01, 0x00
	.byte 0x34, 0xBC, 0x01, 0x00, 0x78, 0x7F, 0x02, 0x00, 0x5A, 0x44, 0x03, 0x00, 0x36, 0x00, 0x04, 0x00
	.byte 0x04, 0x56, 0x00, 0x00, 0xF8, 0x04, 0x01, 0x00, 0x40, 0xBC, 0x01, 0x00, 0x82, 0x7F, 0x02, 0x00
	.byte 0x62, 0x44, 0x03, 0x00, 0x3E, 0x00, 0x04, 0x00, 0x0C, 0x56, 0x00, 0x00, 0x00, 0x05, 0x01, 0x00
	.byte 0x46, 0xBC, 0x01, 0x00, 0x90, 0x7F, 0x02, 0x00, 0x6A, 0x44, 0x03, 0x00, 0x4A, 0x00, 0x04, 0x00
	.byte 0x24, 0x56, 0x00, 0x00, 0x02, 0x05, 0x01, 0x00, 0x48, 0xBC, 0x01, 0x00, 0x92, 0x7F, 0x02, 0x00
	.byte 0x6C, 0x44, 0x03, 0x00, 0x4C, 0x00, 0x04, 0x00, 0x2A, 0x56, 0x00, 0x00, 0x0A, 0x05, 0x01, 0x00
	.byte 0x50, 0xBC, 0x01, 0x00, 0x9A, 0x7F, 0x02, 0x00, 0x74, 0x44, 0x03, 0x00, 0x54, 0x00, 0x04, 0x00
	.byte 0x30, 0x56, 0x00, 0x00, 0x12, 0x05, 0x01, 0x00, 0x58, 0xBC, 0x01, 0x00, 0xA0, 0x7F, 0x02, 0x00
	.byte 0x7C, 0x44, 0x03, 0x00, 0x5C, 0x00, 0x04, 0x00, 0x36, 0x56, 0x00, 0x00, 0x1A, 0x05, 0x01, 0x00
	.byte 0x60, 0xBC, 0x01, 0x00, 0xA8, 0x7F, 0x02, 0x00, 0x84, 0x44, 0x03, 0x00, 0x64, 0x00, 0x04, 0x00
	.byte 0x3C, 0x56, 0x00, 0x00, 0x22, 0x05, 0x01, 0x00, 0x68, 0xBC, 0x01, 0x00, 0xB0, 0x7F, 0x02, 0x00
	.byte 0x8C, 0x44, 0x03, 0x00, 0x6C, 0x00, 0x04, 0x00, 0x42, 0x56, 0x00, 0x00, 0x28, 0x05, 0x01, 0x00
	.byte 0x70, 0xBC, 0x01, 0x00, 0xB6, 0x7F, 0x02, 0x00, 0x92, 0x44, 0x03, 0x00, 0x74, 0x00, 0x04, 0x00
	.byte 0x46, 0x56, 0x00, 0x00, 0x2E, 0x05, 0x01, 0x00, 0x76, 0xBC, 0x01, 0x00, 0xBC, 0x7F, 0x02, 0x00
	.byte 0x9C, 0x44, 0x03, 0x00, 0x7C, 0x00, 0x04, 0x00, 0x52, 0x56, 0x00, 0x00, 0x3C, 0x05, 0x01, 0x00
	.byte 0x84, 0xBC, 0x01, 0x00, 0xCA, 0x7F, 0x02, 0x00, 0xAC, 0x44, 0x03, 0x00, 0x8A, 0x00, 0x04, 0x00
	.byte 0x5C, 0x56, 0x00, 0x00, 0x48, 0x05, 0x01, 0x00, 0x92, 0xBC, 0x01, 0x00, 0xD6, 0x7F, 0x02, 0x00
	.byte 0xBC, 0x44, 0x03, 0x00, 0x98, 0x00, 0x04, 0x00, 0x72, 0x56, 0x00, 0x00, 0x4A, 0x05, 0x01, 0x00
	.byte 0x94, 0xBC, 0x01, 0x00, 0xD8, 0x7F, 0x02, 0x00, 0xBE, 0x44, 0x03, 0x00, 0x9A, 0x00, 0x04, 0x00
	.byte 0x7A, 0x56, 0x00, 0x00, 0x4E, 0x05, 0x01, 0x00, 0x98, 0xBC, 0x01, 0x00, 0xDC, 0x7F, 0x02, 0x00
	.byte 0xC2, 0x44, 0x03, 0x00, 0x9E, 0x00, 0x04, 0x00, 0x82, 0x56, 0x00, 0x00, 0x52, 0x05, 0x01, 0x00
	.byte 0x9C, 0xBC, 0x01, 0x00, 0xE0, 0x7F, 0x02, 0x00, 0xC6, 0x44, 0x03, 0x00, 0xA2, 0x00, 0x04, 0x00
	.byte 0x88, 0x56, 0x00, 0x00, 0x56, 0x05, 0x01, 0x00, 0xA0, 0xBC, 0x01, 0x00, 0xE4, 0x7F, 0x02, 0x00
	.byte 0xCA, 0x44, 0x03, 0x00, 0xA6, 0x00, 0x04, 0x00, 0xA0, 0x56, 0x00, 0x00, 0x58, 0x05, 0x01, 0x00
	.byte 0xA2, 0xBC, 0x01, 0x00, 0xE6, 0x7F, 0x02, 0x00, 0xCC, 0x44, 0x03, 0x00, 0xA8, 0x00, 0x04, 0x00
	.byte 0xAC, 0x56, 0x00, 0x00, 0x60, 0x05, 0x01, 0x00, 0xAA, 0xBC, 0x01, 0x00, 0xEE, 0x7F, 0x02, 0x00
	.byte 0xD4, 0x44, 0x03, 0x00, 0xB6, 0x00, 0x04, 0x00, 0xB8, 0x56, 0x00, 0x00, 0x66, 0x05, 0x01, 0x00
	.byte 0xB4, 0xBC, 0x01, 0x00, 0xF6, 0x7F, 0x02, 0x00, 0xDC, 0x44, 0x03, 0x00, 0xBC, 0x00, 0x04, 0x00
	.byte 0xBE, 0x56, 0x00, 0x00, 0x6C, 0x05, 0x01, 0x00, 0xC0, 0xBC, 0x01, 0x00, 0x02, 0x80, 0x02, 0x00
	.byte 0xEC, 0x44, 0x03, 0x00, 0xC4, 0x00, 0x04, 0x00, 0xC4, 0x56, 0x00, 0x00, 0x78, 0x05, 0x01, 0x00
	.byte 0xCC, 0xBC, 0x01, 0x00, 0x0A, 0x80, 0x02, 0x00, 0xF8, 0x44, 0x03, 0x00, 0xCE, 0x00, 0x04, 0x00
	.byte 0xCA, 0x56, 0x00, 0x00, 0x84, 0x05, 0x01, 0x00, 0xD4, 0xBC, 0x01, 0x00, 0x16, 0x80, 0x02, 0x00
	.byte 0x00, 0x45, 0x03, 0x00, 0xDC, 0x00, 0x04, 0x00, 0xD0, 0x56, 0x00, 0x00, 0x8C, 0x05, 0x01, 0x00
	.byte 0xDC, 0xBC, 0x01, 0x00, 0x1E, 0x80, 0x02, 0x00, 0x08, 0x45, 0x03, 0x00, 0xE4, 0x00, 0x04, 0x00
	.byte 0xD6, 0x56, 0x00, 0x00, 0x94, 0x05, 0x01, 0x00, 0xE8, 0xBC, 0x01, 0x00, 0x2A, 0x80, 0x02, 0x00
	.byte 0x16, 0x45, 0x03, 0x00, 0xEE, 0x00, 0x04, 0x00, 0xEA, 0x56, 0x00, 0x00, 0x96, 0x05, 0x01, 0x00
	.byte 0xEA, 0xBC, 0x01, 0x00, 0x2C, 0x80, 0x02, 0x00, 0x18, 0x45, 0x03, 0x00, 0xF0, 0x00, 0x04, 0x00
	.byte 0xF6, 0x56, 0x00, 0x00, 0xAA, 0x05, 0x01, 0x00, 0x04, 0xBD, 0x01, 0x00, 0x46, 0x80, 0x02, 0x00
	.byte 0x2E, 0x45, 0x03, 0x00, 0x06, 0x01, 0x04, 0x00, 0x06, 0x57, 0x00, 0x00, 0xBE, 0x05, 0x01, 0x00
	.byte 0x1C, 0xBD, 0x01, 0x00, 0x62, 0x80, 0x02, 0x00, 0x42, 0x45, 0x03, 0x00, 0x1A, 0x01, 0x04, 0x00
	.byte 0x18, 0x57, 0x00, 0x00, 0xD8, 0x05, 0x01, 0x00, 0x36, 0xBD, 0x01, 0x00, 0x74, 0x80, 0x02, 0x00
	.byte 0x5A, 0x45, 0x03, 0x00, 0x36, 0x01, 0x04, 0x00, 0x26, 0x57, 0x00, 0x00, 0xE4, 0x05, 0x01, 0x00
	.byte 0x44, 0xBD, 0x01, 0x00, 0x80, 0x80, 0x02, 0x00, 0x6E, 0x45, 0x03, 0x00, 0x48, 0x01, 0x04, 0x00
	.byte 0x30, 0x57, 0x00, 0x00, 0xF4, 0x05, 0x01, 0x00, 0x58, 0xBD, 0x01, 0x00, 0x94, 0x80, 0x02, 0x00
	.byte 0x82, 0x45, 0x03, 0x00, 0x5C, 0x01, 0x04, 0x00, 0x42, 0x57, 0x00, 0x00, 0x12, 0x06, 0x01, 0x00
	.byte 0x76, 0xBD, 0x01, 0x00, 0xB2, 0x80, 0x02, 0x00, 0xA0, 0x45, 0x03, 0x00, 0x7A, 0x01, 0x04, 0x00
	.byte 0x50, 0x57, 0x00, 0x00, 0x1E, 0x06, 0x01, 0x00, 0x88, 0xBD, 0x01, 0x00, 0xC4, 0x80, 0x02, 0x00
	.byte 0xB0, 0x45, 0x03, 0x00, 0x86, 0x01, 0x04, 0x00, 0x5A, 0x57, 0x00, 0x00, 0x3C, 0x06, 0x01, 0x00
	.byte 0xA6, 0xBD, 0x01, 0x00, 0xE2, 0x80, 0x02, 0x00, 0xCC, 0x45, 0x03, 0x00, 0xA4, 0x01, 0x04, 0x00
	.byte 0x6C, 0x57, 0x00, 0x00, 0x4C, 0x06, 0x01, 0x00, 0xB8, 0xBD, 0x01, 0x00, 0xF6, 0x80, 0x02, 0x00
	.byte 0xE0, 0x45, 0x03, 0x00, 0xB6, 0x01, 0x04, 0x00, 0x7C, 0x57, 0x00, 0x00, 0x60, 0x06, 0x01, 0x00
	.byte 0xCE, 0xBD, 0x01, 0x00, 0x12, 0x81, 0x02, 0x00, 0xFA, 0x45, 0x03, 0x00, 0xCC, 0x01, 0x04, 0x00
	.byte 0x8A, 0x57, 0x00, 0x00, 0x76, 0x06, 0x01, 0x00, 0xEC, 0xBD, 0x01, 0x00, 0x2C, 0x81, 0x02, 0x00
	.byte 0x12, 0x46, 0x03, 0x00, 0xE8, 0x01, 0x04, 0x00, 0x98, 0x57, 0x00, 0x00, 0x82, 0x06, 0x01, 0x00
	.byte 0xFA, 0xBD, 0x01, 0x00, 0x40, 0x81, 0x02, 0x00, 0x28, 0x46, 0x03, 0x00, 0xF8, 0x01, 0x04, 0x00
	.byte 0xAC, 0x57, 0x00, 0x00, 0x8E, 0x06, 0x01, 0x00, 0x10, 0xBE, 0x01, 0x00, 0x4A, 0x81, 0x02, 0x00
	.byte 0x38, 0x46, 0x03, 0x00, 0x08, 0x02, 0x04, 0x00, 0xBC, 0x57, 0x00, 0x00, 0xA4, 0x06, 0x01, 0x00
	.byte 0x28, 0xBE, 0x01, 0x00, 0x62, 0x81, 0x02, 0x00, 0x52, 0x46, 0x03, 0x00, 0x26, 0x02, 0x04, 0x00
	.byte 0xC8, 0x57, 0x00, 0x00, 0xB4, 0x06, 0x01, 0x00, 0x3E, 0xBE, 0x01, 0x00, 0x74, 0x81, 0x02, 0x00
	.byte 0x64, 0x46, 0x03, 0x00, 0x36, 0x02, 0x04, 0x00, 0xD4, 0x57, 0x00, 0x00, 0xC4, 0x06, 0x01, 0x00
	.byte 0x5A, 0xBE, 0x01, 0x00, 0x88, 0x81, 0x02, 0x00, 0x74, 0x46, 0x03, 0x00, 0x48, 0x02, 0x04, 0x00
	.byte 0xDA, 0x57, 0x00, 0x00, 0xCC, 0x06, 0x01, 0x00, 0x68, 0xBE, 0x01, 0x00, 0x90, 0x81, 0x02, 0x00
	.byte 0x7C, 0x46, 0x03, 0x00, 0x52, 0x02, 0x04, 0x00, 0xE6, 0x57, 0x00, 0x00, 0xD4, 0x06, 0x01, 0x00
	.byte 0x74, 0xBE, 0x01, 0x00, 0x98, 0x81, 0x02, 0x00, 0x82, 0x46, 0x03, 0x00, 0x5A, 0x02, 0x04, 0x00
	.byte 0xF0, 0x57, 0x00, 0x00, 0xE4, 0x06, 0x01, 0x00, 0x84, 0xBE, 0x01, 0x00, 0xAC, 0x81, 0x02, 0x00
	.byte 0x98, 0x46, 0x03, 0x00, 0x6E, 0x02, 0x04, 0x00, 0x00, 0x58, 0x00, 0x00, 0xF2, 0x06, 0x01, 0x00
	.byte 0x96, 0xBE, 0x01, 0x00, 0xBC, 0x81, 0x02, 0x00, 0xA8, 0x46, 0x03, 0x00, 0x7E, 0x02, 0x04, 0x00
	.byte 0x0E, 0x58, 0x00, 0x00, 0x04, 0x07, 0x01, 0x00, 0xA8, 0xBE, 0x01, 0x00, 0xCE, 0x81, 0x02, 0x00
	.byte 0xB8, 0x46, 0x03, 0x00, 0x8E, 0x02, 0x04, 0x00, 0x22, 0x58, 0x00, 0x00, 0x0A, 0x07, 0x01, 0x00
	.byte 0xAE, 0xBE, 0x01, 0x00, 0xD4, 0x81, 0x02, 0x00, 0xBE, 0x46, 0x03, 0x00, 0x94, 0x02, 0x04, 0x00
	.byte 0x38, 0x58, 0x00, 0x00, 0x12, 0x07, 0x01, 0x00, 0xB6, 0xBE, 0x01, 0x00, 0xDC, 0x81, 0x02, 0x00
	.byte 0xC6, 0x46, 0x03, 0x00, 0x9C, 0x02, 0x04, 0x00, 0x4C, 0x58, 0x00, 0x00, 0x18, 0x07, 0x01, 0x00
	.byte 0xBC, 0xBE, 0x01, 0x00, 0xE2, 0x81, 0x02, 0x00, 0xCC, 0x46, 0x03, 0x00, 0xA2, 0x02, 0x04, 0x00
	.byte 0x5C, 0x58, 0x00, 0x00, 0x24, 0x07, 0x01, 0x00, 0xC8, 0xBE, 0x01, 0x00, 0xEE, 0x81, 0x02, 0x00
	.byte 0xDA, 0x46, 0x03, 0x00, 0xB2, 0x02, 0x04, 0x00, 0x66, 0x58, 0x00, 0x00, 0x2A, 0x07, 0x01, 0x00
	.byte 0xD4, 0xBE, 0x01, 0x00, 0xF4, 0x81, 0x02, 0x00, 0xE0, 0x46, 0x03, 0x00, 0xB8, 0x02, 0x04, 0x00
	.byte 0x74, 0x58, 0x00, 0x00, 0x3A, 0x07, 0x01, 0x00, 0xE2, 0xBE, 0x01, 0x00, 0x06, 0x82, 0x02, 0x00
	.byte 0xF0, 0x46, 0x03, 0x00, 0xC8, 0x02, 0x04, 0x00, 0x80, 0x58, 0x00, 0x00, 0x48, 0x07, 0x01, 0x00
	.byte 0xEE, 0xBE, 0x01, 0x00, 0x1A, 0x82, 0x02, 0x00, 0x04, 0x47, 0x03, 0x00, 0xD6, 0x02, 0x04, 0x00
	.byte 0x8A, 0x58, 0x00, 0x00, 0x5A, 0x07, 0x01, 0x00, 0xFE, 0xBE, 0x01, 0x00, 0x32, 0x82, 0x02, 0x00
	.byte 0x1C, 0x47, 0x03, 0x00, 0xEA, 0x02, 0x04, 0x00, 0x96, 0x58, 0x00, 0x00, 0x6C, 0x07, 0x01, 0x00
	.byte 0x0E, 0xBF, 0x01, 0x00, 0x46, 0x82, 0x02, 0x00, 0x32, 0x47, 0x03, 0x00, 0xFE, 0x02, 0x04, 0x00
	.byte 0x9C, 0x58, 0x00, 0x00, 0x76, 0x07, 0x01, 0x00, 0x1A, 0xBF, 0x01, 0x00, 0x50, 0x82, 0x02, 0x00
	.byte 0x3C, 0x47, 0x03, 0x00, 0x08, 0x03, 0x04, 0x00, 0xA2, 0x58, 0x00, 0x00, 0x7C, 0x07, 0x01, 0x00
	.byte 0x1E, 0xBF, 0x01, 0x00, 0x56, 0x82, 0x02, 0x00, 0x42, 0x47, 0x03, 0x00, 0x0E, 0x03, 0x04, 0x00
	.byte 0xB6, 0x58, 0x00, 0x00, 0x7E, 0x07, 0x01, 0x00, 0x20, 0xBF, 0x01, 0x00, 0x58, 0x82, 0x02, 0x00
	.byte 0x44, 0x47, 0x03, 0x00, 0x10, 0x03, 0x04, 0x00, 0xC6, 0x58, 0x00, 0x00, 0x88, 0x07, 0x01, 0x00
	.byte 0x2A, 0xBF, 0x01, 0x00, 0x66, 0x82, 0x02, 0x00, 0x52, 0x47, 0x03, 0x00, 0x1A, 0x03, 0x04, 0x00
	.byte 0xD2, 0x58, 0x00, 0x00, 0x94, 0x07, 0x01, 0x00, 0x3A, 0xBF, 0x01, 0x00, 0x74, 0x82, 0x02, 0x00
	.byte 0x60, 0x47, 0x03, 0x00, 0x26, 0x03, 0x04, 0x00, 0xE2, 0x58, 0x00, 0x00, 0xAA, 0x07, 0x01, 0x00
	.byte 0x52, 0xBF, 0x01, 0x00, 0x8C, 0x82, 0x02, 0x00, 0x7C, 0x47, 0x03, 0x00, 0x3C, 0x03, 0x04, 0x00
	.byte 0xF0, 0x58, 0x00, 0x00, 0xB6, 0x07, 0x01, 0x00, 0x64, 0xBF, 0x01, 0x00, 0xA4, 0x82, 0x02, 0x00
	.byte 0x8E, 0x47, 0x03, 0x00, 0x4C, 0x03, 0x04, 0x00, 0x02, 0x59, 0x00, 0x00, 0xC2, 0x07, 0x01, 0x00
	.byte 0x72, 0xBF, 0x01, 0x00, 0xB4, 0x82, 0x02, 0x00, 0xA0, 0x47, 0x03, 0x00, 0x58, 0x03, 0x04, 0x00
	.byte 0x12, 0x59, 0x00, 0x00, 0xD6, 0x07, 0x01, 0x00, 0x86, 0xBF, 0x01, 0x00, 0xD0, 0x82, 0x02, 0x00
	.byte 0xBC, 0x47, 0x03, 0x00, 0x74, 0x03, 0x04, 0x00, 0x24, 0x59, 0x00, 0x00, 0xE2, 0x07, 0x01, 0x00
	.byte 0x92, 0xBF, 0x01, 0x00, 0xDA, 0x82, 0x02, 0x00, 0xCC, 0x47, 0x03, 0x00, 0x80, 0x03, 0x04, 0x00
	.byte 0x36, 0x59, 0x00, 0x00, 0xEE, 0x07, 0x01, 0x00, 0xA4, 0xBF, 0x01, 0x00, 0xF0, 0x82, 0x02, 0x00
	.byte 0xDC, 0x47, 0x03, 0x00, 0x92, 0x03, 0x04, 0x00, 0x54, 0x59, 0x00, 0x00, 0x0C, 0x08, 0x01, 0x00
	.byte 0xC2, 0xBF, 0x01, 0x00, 0x0A, 0x83, 0x02, 0x00, 0xFA, 0x47, 0x03, 0x00, 0xB0, 0x03, 0x04, 0x00
	.byte 0x64, 0x59, 0x00, 0x00, 0x1E, 0x08, 0x01, 0x00, 0xD4, 0xBF, 0x01, 0x00, 0x22, 0x83, 0x02, 0x00
	.byte 0x12, 0x48, 0x03, 0x00, 0xC8, 0x03, 0x04, 0x00, 0x78, 0x59, 0x00, 0x00, 0x3A, 0x08, 0x01, 0x00
	.byte 0xF2, 0xBF, 0x01, 0x00, 0x3E, 0x83, 0x02, 0x00, 0x2C, 0x48, 0x03, 0x00, 0xE6, 0x03, 0x04, 0x00
	.byte 0x8E, 0x59, 0x00, 0x00, 0x56, 0x08, 0x01, 0x00, 0x10, 0xC0, 0x01, 0x00, 0x5C, 0x83, 0x02, 0x00
	.byte 0x4A, 0x48, 0x03, 0x00, 0x04, 0x04, 0x04, 0x00, 0xA2, 0x59, 0x00, 0x00, 0x58, 0x08, 0x01, 0x00
	.byte 0x12, 0xC0, 0x01, 0x00, 0x5E, 0x83, 0x02, 0x00, 0x4C, 0x48, 0x03, 0x00, 0x06, 0x04, 0x04, 0x00
	.byte 0xD8, 0x59, 0x00, 0x00, 0x90, 0x08, 0x01, 0x00, 0x56, 0xC0, 0x01, 0x00, 0xA0, 0x83, 0x02, 0x00
	.byte 0x8A, 0x48, 0x03, 0x00, 0x3C, 0x04, 0x04, 0x00, 0x16, 0x5A, 0x00, 0x00, 0xF8, 0x08, 0x01, 0x00
	.byte 0xD0, 0xC0, 0x01, 0x00, 0x16, 0x84, 0x02, 0x00, 0xF4, 0x48, 0x03, 0x00, 0xA8, 0x04, 0x04, 0x00
	.byte 0x40, 0x5A, 0x00, 0x00, 0x20, 0x09, 0x01, 0x00, 0xFA, 0xC0, 0x01, 0x00, 0x3E, 0x84, 0x02, 0x00
	.byte 0x1C, 0x49, 0x03, 0x00, 0xCA, 0x04, 0x04, 0x00, 0x6A, 0x5A, 0x00, 0x00, 0x46, 0x09, 0x01, 0x00
	.byte 0x26, 0xC1, 0x01, 0x00, 0x6A, 0x84, 0x02, 0x00, 0x48, 0x49, 0x03, 0x00, 0xF0, 0x04, 0x04, 0x00
	.byte 0x9A, 0x5A, 0x00, 0x00, 0x72, 0x09, 0x01, 0x00, 0x56, 0xC1, 0x01, 0x00, 0x9C, 0x84, 0x02, 0x00
	.byte 0x78, 0x49, 0x03, 0x00, 0x1A, 0x05, 0x04, 0x00, 0xC8, 0x5A, 0x00, 0x00, 0xA0, 0x09, 0x01, 0x00
	.byte 0x88, 0xC1, 0x01, 0x00, 0xD0, 0x84, 0x02, 0x00, 0xAA, 0x49, 0x03, 0x00, 0x4A, 0x05, 0x04, 0x00
	.byte 0xF4, 0x5A, 0x00, 0x00, 0xB6, 0x09, 0x01, 0x00, 0xA6, 0xC1, 0x01, 0x00, 0xF0, 0x84, 0x02, 0x00
	.byte 0xC8, 0x49, 0x03, 0x00, 0x6A, 0x05, 0x04, 0x00, 0x1A, 0x5B, 0x00, 0x00, 0xC8, 0x09, 0x01, 0x00
	.byte 0xC0, 0xC1, 0x01, 0x00, 0x12, 0x85, 0x02, 0x00, 0xDE, 0x49, 0x03, 0x00, 0x84, 0x05, 0x04, 0x00
	.byte 0x42, 0x5B, 0x00, 0x00, 0xDA, 0x09, 0x01, 0x00, 0xD6, 0xC1, 0x01, 0x00, 0x30, 0x85, 0x02, 0x00
	.byte 0xF4, 0x49, 0x03, 0x00, 0x9C, 0x05, 0x04, 0x00, 0x68, 0x5B, 0x00, 0x00, 0xEE, 0x09, 0x01, 0x00
	.byte 0xEE, 0xC1, 0x01, 0x00, 0x4E, 0x85, 0x02, 0x00, 0x0E, 0x4A, 0x03, 0x00, 0xB8, 0x05, 0x04, 0x00
	.byte 0x92, 0x5B, 0x00, 0x00, 0xFE, 0x09, 0x01, 0x00, 0x00, 0xC2, 0x01, 0x00, 0x68, 0x85, 0x02, 0x00
	.byte 0x22, 0x4A, 0x03, 0x00, 0xD0, 0x05, 0x04, 0x00, 0xBE, 0x5B, 0x00, 0x00, 0x0E, 0x0A, 0x01, 0x00
	.byte 0x18, 0xC2, 0x01, 0x00, 0x8A, 0x85, 0x02, 0x00, 0x36, 0x4A, 0x03, 0x00, 0xEE, 0x05, 0x04, 0x00
	.byte 0x16, 0x5C, 0x00, 0x00, 0x6A, 0x0A, 0x01, 0x00, 0x90, 0xC2, 0x01, 0x00, 0xF6, 0x85, 0x02, 0x00
	.byte 0xB6, 0x4A, 0x03, 0x00, 0x6C, 0x06, 0x04, 0x00, 0x58, 0x5C, 0x00, 0x00, 0xAA, 0x0A, 0x01, 0x00
	.byte 0xE2, 0xC2, 0x01, 0x00, 0x46, 0x86, 0x02, 0x00, 0x00, 0x4B, 0x03, 0x00, 0xC0, 0x06, 0x04, 0x00
	.byte 0x80, 0x5C, 0x00, 0x00, 0xCE, 0x0A, 0x01, 0x00, 0x0E, 0xC3, 0x01, 0x00, 0x82, 0x86, 0x02, 0x00
	.byte 0x38, 0x4B, 0x03, 0x00, 0xFC, 0x06, 0x04, 0x00, 0xB2, 0x5C, 0x00, 0x00, 0x04, 0x0B, 0x01, 0x00
	.byte 0x40, 0xC3, 0x01, 0x00, 0xC6, 0x86, 0x02, 0x00, 0x7A, 0x4B, 0x03, 0x00, 0x42, 0x07, 0x04, 0x00
	.byte 0xC2, 0x5C, 0x00, 0x00, 0x06, 0x0B, 0x01, 0x00, 0x42, 0xC3, 0x01, 0x00, 0xC8, 0x86, 0x02, 0x00
	.byte 0x7C, 0x4B, 0x03, 0x00, 0x44, 0x07, 0x04, 0x00, 0xCC, 0x5C, 0x00, 0x00, 0x10, 0x0B, 0x01, 0x00
	.byte 0x4E, 0xC3, 0x01, 0x00, 0xD8, 0x86, 0x02, 0x00, 0x8E, 0x4B, 0x03, 0x00, 0x54, 0x07, 0x04, 0x00
	.byte 0xD8, 0x5C, 0x00, 0x00, 0x20, 0x0B, 0x01, 0x00, 0x5E, 0xC3, 0x01, 0x00, 0xE6, 0x86, 0x02, 0x00
	.byte 0x9E, 0x4B, 0x03, 0x00, 0x62, 0x07, 0x04, 0x00, 0xE8, 0x5C, 0x00, 0x00, 0x32, 0x0B, 0x01, 0x00
	.byte 0x6E, 0xC3, 0x01, 0x00, 0xF8, 0x86, 0x02, 0x00, 0xAE, 0x4B, 0x03, 0x00, 0x74, 0x07, 0x04, 0x00
	.byte 0xEE, 0x5C, 0x00, 0x00, 0x36, 0x0B, 0x01, 0x00, 0x72, 0xC3, 0x01, 0x00, 0xFC, 0x86, 0x02, 0x00
	.byte 0xB2, 0x4B, 0x03, 0x00, 0x78, 0x07, 0x04, 0x00, 0xF6, 0x5C, 0x00, 0x00, 0x3A, 0x0B, 0x01, 0x00
	.byte 0x78, 0xC3, 0x01, 0x00, 0x00, 0x87, 0x02, 0x00, 0xB6, 0x4B, 0x03, 0x00, 0x7C, 0x07, 0x04, 0x00
	.byte 0xFC, 0x5C, 0x00, 0x00, 0x42, 0x0B, 0x01, 0x00, 0x80, 0xC3, 0x01, 0x00, 0x08, 0x87, 0x02, 0x00
	.byte 0xBE, 0x4B, 0x03, 0x00, 0x84, 0x07, 0x04, 0x00, 0x02, 0x5D, 0x00, 0x00, 0x48, 0x0B, 0x01, 0x00
	.byte 0x82, 0xC3, 0x01, 0x00, 0x0A, 0x87, 0x02, 0x00, 0xC0, 0x4B, 0x03, 0x00, 0x86, 0x07, 0x04, 0x00
	.byte 0x08, 0x5D, 0x00, 0x00, 0x4C, 0x0B, 0x01, 0x00, 0x86, 0xC3, 0x01, 0x00, 0x0E, 0x87, 0x02, 0x00
	.byte 0xC4, 0x4B, 0x03, 0x00, 0x8A, 0x07, 0x04, 0x00, 0x0E, 0x5D, 0x00, 0x00, 0x50, 0x0B, 0x01, 0x00
	.byte 0x8A, 0xC3, 0x01, 0x00, 0x12, 0x87, 0x02, 0x00, 0xC8, 0x4B, 0x03, 0x00, 0x8E, 0x07, 0x04, 0x00
	.byte 0x24, 0x5D, 0x00, 0x00, 0x52, 0x0B, 0x01, 0x00, 0x8C, 0xC3, 0x01, 0x00, 0x14, 0x87, 0x02, 0x00
	.byte 0xCA, 0x4B, 0x03, 0x00, 0x90, 0x07, 0x04, 0x00, 0x4C, 0x5D, 0x00, 0x00, 0x78, 0x0B, 0x01, 0x00
	.byte 0xAA, 0xC3, 0x01, 0x00, 0x32, 0x87, 0x02, 0x00, 0xE8, 0x4B, 0x03, 0x00, 0xB6, 0x07, 0x04, 0x00
	.byte 0x6C, 0x5D, 0x00, 0x00, 0x94, 0x0B, 0x01, 0x00, 0xC2, 0xC3, 0x01, 0x00, 0x56, 0x87, 0x02, 0x00
	.byte 0xFA, 0x4B, 0x03, 0x00, 0xC8, 0x07, 0x04, 0x00, 0x92, 0x5D, 0x00, 0x00, 0xB6, 0x0B, 0x01, 0x00
	.byte 0xE6, 0xC3, 0x01, 0x00, 0x76, 0x87, 0x02, 0x00, 0x1A, 0x4C, 0x03, 0x00, 0xE8, 0x07, 0x04, 0x00
	.byte 0xCE, 0x5D, 0x00, 0x00, 0xE6, 0x0B, 0x01, 0x00, 0x18, 0xC4, 0x01, 0x00, 0xA6, 0x87, 0x02, 0x00
	.byte 0x4E, 0x4C, 0x03, 0x00, 0x24, 0x08, 0x04, 0x00, 0x12, 0x5E, 0x00, 0x00, 0x48, 0x0C, 0x01, 0x00
	.byte 0x78, 0xC4, 0x01, 0x00, 0xE6, 0x87, 0x02, 0x00, 0xB8, 0x4C, 0x03, 0x00, 0x8A, 0x08, 0x04, 0x00
	.byte 0x46, 0x5E, 0x00, 0x00, 0x6E, 0x0C, 0x01, 0x00, 0x9E, 0xC4, 0x01, 0x00, 0x0C, 0x88, 0x02, 0x00
	.byte 0xDA, 0x4C, 0x03, 0x00, 0xB0, 0x08, 0x04, 0x00, 0x5C, 0x5E, 0x00, 0x00, 0x70, 0x0C, 0x01, 0x00
	.byte 0xA0, 0xC4, 0x01, 0x00, 0x0E, 0x88, 0x02, 0x00, 0xDC, 0x4C, 0x03, 0x00, 0xB2, 0x08, 0x04, 0x00
	.byte 0x76, 0x5E, 0x00, 0x00, 0x8C, 0x0C, 0x01, 0x00, 0xB8, 0xC4, 0x01, 0x00, 0x28, 0x88, 0x02, 0x00
	.byte 0xF4, 0x4C, 0x03, 0x00, 0xCC, 0x08, 0x04, 0x00, 0x82, 0x5E, 0x00, 0x00, 0x9C, 0x0C, 0x01, 0x00
	.byte 0xCA, 0xC4, 0x01, 0x00, 0x3A, 0x88, 0x02, 0x00, 0x04, 0x4D, 0x03, 0x00, 0xDE, 0x08, 0x04, 0x00
	.byte 0x8E, 0x5E, 0x00, 0x00, 0xAA, 0x0C, 0x01, 0x00, 0xDC, 0xC4, 0x01, 0x00, 0x4A, 0x88, 0x02, 0x00
	.byte 0x14, 0x4D, 0x03, 0x00, 0xF0, 0x08, 0x04, 0x00, 0x9C, 0x5E, 0x00, 0x00, 0xBE, 0x0C, 0x01, 0x00
	.byte 0xF2, 0xC4, 0x01, 0x00, 0x60, 0x88, 0x02, 0x00, 0x2A, 0x4D, 0x03, 0x00, 0x06, 0x09, 0x04, 0x00
	.byte 0xB8, 0x5E, 0x00, 0x00, 0xE2, 0x0C, 0x01, 0x00, 0x16, 0xC5, 0x01, 0x00, 0x84, 0x88, 0x02, 0x00
	.byte 0x4E, 0x4D, 0x03, 0x00, 0x26, 0x09, 0x04, 0x00, 0xD0, 0x5E, 0x00, 0x00, 0x04, 0x0D, 0x01, 0x00
	.byte 0x3C, 0xC5, 0x01, 0x00, 0xAC, 0x88, 0x02, 0x00, 0x72, 0x4D, 0x03, 0x00, 0x4A, 0x09, 0x04, 0x00
	.byte 0xEA, 0x5E, 0x00, 0x00, 0x2C, 0x0D, 0x01, 0x00, 0x74, 0xC5, 0x01, 0x00, 0xE6, 0x88, 0x02, 0x00
	.byte 0xAC, 0x4D, 0x03, 0x00, 0x84, 0x09, 0x04, 0x00, 0x1E, 0x5F, 0x00, 0x00, 0x54, 0x0D, 0x01, 0x00
	.byte 0xA8, 0xC5, 0x01, 0x00, 0x22, 0x89, 0x02, 0x00, 0xE0, 0x4D, 0x03, 0x00, 0xBC, 0x09, 0x04, 0x00
	.byte 0x4A, 0x5F, 0x00, 0x00, 0x86, 0x0D, 0x01, 0x00, 0xE8, 0xC5, 0x01, 0x00, 0x54, 0x89, 0x02, 0x00
	.byte 0x1A, 0x4E, 0x03, 0x00, 0xF4, 0x09, 0x04, 0x00, 0x82, 0x5F, 0x00, 0x00, 0xB2, 0x0D, 0x01, 0x00
	.byte 0x24, 0xC6, 0x01, 0x00, 0x9E, 0x89, 0x02, 0x00, 0x5A, 0x4E, 0x03, 0x00, 0x34, 0x0A, 0x04, 0x00
	.byte 0xB4, 0x5F, 0x00, 0x00, 0xD8, 0x0D, 0x01, 0x00, 0x5C, 0xC6, 0x01, 0x00, 0xDE, 0x89, 0x02, 0x00
	.byte 0x92, 0x4E, 0x03, 0x00, 0x70, 0x0A, 0x04, 0x00, 0xF0, 0x5F, 0x00, 0x00, 0x2A, 0x0E, 0x01, 0x00
	.byte 0xC0, 0xC6, 0x01, 0x00, 0x3C, 0x8A, 0x02, 0x00, 0xF2, 0x4E, 0x03, 0x00, 0xD0, 0x0A, 0x04, 0x00
	.byte 0x1A, 0x60, 0x00, 0x00, 0x4C, 0x0E, 0x01, 0x00, 0xEE, 0xC6, 0x01, 0x00, 0x62, 0x8A, 0x02, 0x00
	.byte 0x1A, 0x4F, 0x03, 0x00, 0xFC, 0x0A, 0x04, 0x00, 0x42, 0x60, 0x00, 0x00, 0x66, 0x0E, 0x01, 0x00
	.byte 0x14, 0xC7, 0x01, 0x00, 0x8C, 0x8A, 0x02, 0x00, 0x32, 0x4F, 0x03, 0x00, 0x1A, 0x0B, 0x04, 0x00
	.byte 0x74, 0x60, 0x00, 0x00, 0x8E, 0x0E, 0x01, 0x00, 0x4A, 0xC7, 0x01, 0x00, 0xC8, 0x8A, 0x02, 0x00
	.byte 0x6E, 0x4F, 0x03, 0x00, 0x56, 0x0B, 0x04, 0x00, 0xC2, 0x60, 0x00, 0x00, 0xFA, 0x0E, 0x01, 0x00
	.byte 0xCA, 0xC7, 0x01, 0x00, 0x48, 0x8B, 0x02, 0x00, 0xE2, 0x4F, 0x03, 0x00, 0xCC, 0x0B, 0x04, 0x00
	.byte 0xCC, 0x60, 0x00, 0x00, 0x04, 0x0F, 0x01, 0x00, 0xD6, 0xC7, 0x01, 0x00, 0x54, 0x8B, 0x02, 0x00
	.byte 0xF0, 0x4F, 0x03, 0x00, 0xDA, 0x0B, 0x04, 0x00, 0xD6, 0x60, 0x00, 0x00, 0x0E, 0x0F, 0x01, 0x00
	.byte 0xDE, 0xC7, 0x01, 0x00, 0x5E, 0x8B, 0x02, 0x00, 0xFA, 0x4F, 0x03, 0x00, 0xE4, 0x0B, 0x04, 0x00
	.byte 0xDC, 0x60, 0x00, 0x00, 0x12, 0x0F, 0x01, 0x00, 0xE2, 0xC7, 0x01, 0x00, 0x62, 0x8B, 0x02, 0x00
	.byte 0xFE, 0x4F, 0x03, 0x00, 0xE8, 0x0B, 0x04, 0x00, 0xE4, 0x60, 0x00, 0x00, 0x16, 0x0F, 0x01, 0x00
	.byte 0xE8, 0xC7, 0x01, 0x00, 0x66, 0x8B, 0x02, 0x00, 0x02, 0x50, 0x03, 0x00, 0xEC, 0x0B, 0x04, 0x00
	.byte 0xF0, 0x60, 0x00, 0x00, 0x22, 0x0F, 0x01, 0x00, 0xF6, 0xC7, 0x01, 0x00, 0x78, 0x8B, 0x02, 0x00
	.byte 0x1A, 0x50, 0x03, 0x00, 0xFC, 0x0B, 0x04, 0x00, 0xF4, 0x60, 0x00, 0x00, 0x26, 0x0F, 0x01, 0x00
	.byte 0xFA, 0xC7, 0x01, 0x00, 0x7C, 0x8B, 0x02, 0x00, 0x1E, 0x50, 0x03, 0x00, 0x00, 0x0C, 0x04, 0x00
	.byte 0xF8, 0x60, 0x00, 0x00, 0x2A, 0x0F, 0x01, 0x00, 0xFE, 0xC7, 0x01, 0x00, 0x80, 0x8B, 0x02, 0x00
	.byte 0x22, 0x50, 0x03, 0x00, 0x04, 0x0C, 0x04, 0x00, 0xFC, 0x60, 0x00, 0x00, 0x2E, 0x0F, 0x01, 0x00
	.byte 0x08, 0xC8, 0x01, 0x00, 0x8A, 0x8B, 0x02, 0x00, 0x2C, 0x50, 0x03, 0x00, 0x0E, 0x0C, 0x04, 0x00
	.byte 0x00, 0x61, 0x00, 0x00, 0x34, 0x0F, 0x01, 0x00, 0x12, 0xC8, 0x01, 0x00, 0x90, 0x8B, 0x02, 0x00
	.byte 0x36, 0x50, 0x03, 0x00, 0x16, 0x0C, 0x04, 0x00, 0x06, 0x61, 0x00, 0x00, 0x3A, 0x0F, 0x01, 0x00
	.byte 0x20, 0xC8, 0x01, 0x00, 0x98, 0x8B, 0x02, 0x00, 0x40, 0x50, 0x03, 0x00, 0x1E, 0x0C, 0x04, 0x00
	.byte 0x12, 0x61, 0x00, 0x00, 0x42, 0x0F, 0x01, 0x00, 0x28, 0xC8, 0x01, 0x00, 0xA0, 0x8B, 0x02, 0x00
	.byte 0x4A, 0x50, 0x03, 0x00, 0x28, 0x0C, 0x04, 0x00, 0x18, 0x61, 0x00, 0x00, 0x48, 0x0F, 0x01, 0x00
	.byte 0x30, 0xC8, 0x01, 0x00, 0xA8, 0x8B, 0x02, 0x00, 0x50, 0x50, 0x03, 0x00, 0x2E, 0x0C, 0x04, 0x00
	.byte 0x22, 0x61, 0x00, 0x00, 0x4E, 0x0F, 0x01, 0x00, 0x3A, 0xC8, 0x01, 0x00, 0xAC, 0x8B, 0x02, 0x00
	.byte 0x5A, 0x50, 0x03, 0x00, 0x36, 0x0C, 0x04, 0x00, 0x28, 0x61, 0x00, 0x00, 0x52, 0x0F, 0x01, 0x00
	.byte 0x3E, 0xC8, 0x01, 0x00, 0xB0, 0x8B, 0x02, 0x00, 0x5E, 0x50, 0x03, 0x00, 0x3E, 0x0C, 0x04, 0x00
	.byte 0x34, 0x61, 0x00, 0x00, 0x58, 0x0F, 0x01, 0x00, 0x4A, 0xC8, 0x01, 0x00, 0xB8, 0x8B, 0x02, 0x00
	.byte 0x68, 0x50, 0x03, 0x00, 0x46, 0x0C, 0x04, 0x00, 0x40, 0x61, 0x00, 0x00, 0x60, 0x0F, 0x01, 0x00
	.byte 0x52, 0xC8, 0x01, 0x00, 0xC6, 0x8B, 0x02, 0x00, 0x72, 0x50, 0x03, 0x00, 0x52, 0x0C, 0x04, 0x00
	.byte 0x56, 0x61, 0x00, 0x00, 0x76, 0x0F, 0x01, 0x00, 0x68, 0xC8, 0x01, 0x00, 0xDC, 0x8B, 0x02, 0x00
	.byte 0x90, 0x50, 0x03, 0x00, 0x6C, 0x0C, 0x04, 0x00, 0x72, 0x61, 0x00, 0x00, 0x88, 0x0F, 0x01, 0x00
	.byte 0x7E, 0xC8, 0x01, 0x00, 0xF2, 0x8B, 0x02, 0x00, 0xA2, 0x50, 0x03, 0x00, 0x80, 0x0C, 0x04, 0x00
	.byte 0x78, 0x61, 0x00, 0x00, 0x8E, 0x0F, 0x01, 0x00, 0x86, 0xC8, 0x01, 0x00, 0xFA, 0x8B, 0x02, 0x00
	.byte 0xA8, 0x50, 0x03, 0x00, 0x88, 0x0C, 0x04, 0x00, 0x7E, 0x61, 0x00, 0x00, 0x96, 0x0F, 0x01, 0x00
	.byte 0x8E, 0xC8, 0x01, 0x00, 0x04, 0x8C, 0x02, 0x00, 0xB0, 0x50, 0x03, 0x00, 0x90, 0x0C, 0x04, 0x00
	.byte 0x86, 0x61, 0x00, 0x00, 0x9A, 0x0F, 0x01, 0x00, 0x92, 0xC8, 0x01, 0x00, 0x0A, 0x8C, 0x02, 0x00
	.byte 0xB4, 0x50, 0x03, 0x00, 0x94, 0x0C, 0x04, 0x00, 0x8C, 0x61, 0x00, 0x00, 0xA4, 0x0F, 0x01, 0x00
	.byte 0x9A, 0xC8, 0x01, 0x00, 0x16, 0x8C, 0x02, 0x00, 0xC0, 0x50, 0x03, 0x00, 0xA0, 0x0C, 0x04, 0x00
	.byte 0x96, 0x61, 0x00, 0x00, 0xAA, 0x0F, 0x01, 0x00, 0xA2, 0xC8, 0x01, 0x00, 0x1C, 0x8C, 0x02, 0x00
	.byte 0xC8, 0x50, 0x03, 0x00, 0xAA, 0x0C, 0x04, 0x00, 0xA8, 0x61, 0x00, 0x00, 0xBA, 0x0F, 0x01, 0x00
	.byte 0xB4, 0xC8, 0x01, 0x00, 0x32, 0x8C, 0x02, 0x00, 0xDE, 0x50, 0x03, 0x00, 0xB4, 0x0C, 0x04, 0x00
	.byte 0xB2, 0x61, 0x00, 0x00, 0xC4, 0x0F, 0x01, 0x00, 0xBE, 0xC8, 0x01, 0x00, 0x40, 0x8C, 0x02, 0x00
	.byte 0xEE, 0x50, 0x03, 0x00, 0xC0, 0x0C, 0x04, 0x00, 0xBC, 0x61, 0x00, 0x00, 0xCC, 0x0F, 0x01, 0x00
	.byte 0xC6, 0xC8, 0x01, 0x00, 0x48, 0x8C, 0x02, 0x00, 0xF6, 0x50, 0x03, 0x00, 0xCC, 0x0C, 0x04, 0x00
	.byte 0xC4, 0x61, 0x00, 0x00, 0xD2, 0x0F, 0x01, 0x00, 0xCC, 0xC8, 0x01, 0x00, 0x4E, 0x8C, 0x02, 0x00
	.byte 0x00, 0x51, 0x03, 0x00, 0xD6, 0x0C, 0x04, 0x00, 0xCE, 0x61, 0x00, 0x00, 0xDE, 0x0F, 0x01, 0x00
	.byte 0xDC, 0xC8, 0x01, 0x00, 0x5E, 0x8C, 0x02, 0x00, 0x10, 0x51, 0x03, 0x00, 0xE8, 0x0C, 0x04, 0x00
	.byte 0xD4, 0x61, 0x00, 0x00, 0xE4, 0x0F, 0x01, 0x00, 0xE2, 0xC8, 0x01, 0x00, 0x64, 0x8C, 0x02, 0x00
	.byte 0x18, 0x51, 0x03, 0x00, 0xF0, 0x0C, 0x04, 0x00, 0xDA, 0x61, 0x00, 0x00, 0xF0, 0x0F, 0x01, 0x00
	.byte 0xEE, 0xC8, 0x01, 0x00, 0x70, 0x8C, 0x02, 0x00, 0x22, 0x51, 0x03, 0x00, 0xFC, 0x0C, 0x04, 0x00
	.byte 0xF2, 0x61, 0x00, 0x00, 0x04, 0x10, 0x01, 0x00, 0x00, 0xC9, 0x01, 0x00, 0x88, 0x8C, 0x02, 0x00
	.byte 0x38, 0x51, 0x03, 0x00, 0x12, 0x0D, 0x04, 0x00, 0x02, 0x62, 0x00, 0x00, 0x10, 0x10, 0x01, 0x00
	.byte 0x0E, 0xC9, 0x01, 0x00, 0x9A, 0x8C, 0x02, 0x00, 0x4A, 0x51, 0x03, 0x00, 0x28, 0x0D, 0x04, 0x00
	.byte 0x12, 0x62, 0x00, 0x00, 0x1E, 0x10, 0x01, 0x00, 0x20, 0xC9, 0x01, 0x00, 0xB2, 0x8C, 0x02, 0x00
	.byte 0x5E, 0x51, 0x03, 0x00, 0x3E, 0x0D, 0x04, 0x00, 0x20, 0x62, 0x00, 0x00, 0x2A, 0x10, 0x01, 0x00
	.byte 0x30, 0xC9, 0x01, 0x00, 0xC6, 0x8C, 0x02, 0x00, 0x72, 0x51, 0x03, 0x00, 0x52, 0x0D, 0x04, 0x00
	.byte 0x2E, 0x62, 0x00, 0x00, 0x3C, 0x10, 0x01, 0x00, 0x50, 0xC9, 0x01, 0x00, 0xDC, 0x8C, 0x02, 0x00
	.byte 0x8A, 0x51, 0x03, 0x00, 0x60, 0x0D, 0x04, 0x00, 0x3A, 0x62, 0x00, 0x00, 0x4E, 0x10, 0x01, 0x00
	.byte 0x6A, 0xC9, 0x01, 0x00, 0xF0, 0x8C, 0x02, 0x00, 0xA0, 0x51, 0x03, 0x00, 0x76, 0x0D, 0x04, 0x00
	.byte 0x60, 0x62, 0x00, 0x00, 0x82, 0x10, 0x01, 0x00, 0x8C, 0xC9, 0x01, 0x00, 0x0E, 0x8D, 0x02, 0x00
	.byte 0xC6, 0x51, 0x03, 0x00, 0x92, 0x0D, 0x04, 0x00, 0x84, 0x62, 0x00, 0x00, 0xA2, 0x10, 0x01, 0x00
	.byte 0xAE, 0xC9, 0x01, 0x00, 0x34, 0x8D, 0x02, 0x00, 0xEA, 0x51, 0x03, 0x00, 0xBA, 0x0D, 0x04, 0x00
	.byte 0xBA, 0x62, 0x00, 0x00, 0xC2, 0x10, 0x01, 0x00, 0xE6, 0xC9, 0x01, 0x00, 0x5E, 0x8D, 0x02, 0x00
	.byte 0x16, 0x52, 0x03, 0x00, 0xE2, 0x0D, 0x04, 0x00, 0xD6, 0x62, 0x00, 0x00, 0xD8, 0x10, 0x01, 0x00
	.byte 0x04, 0xCA, 0x01, 0x00, 0x78, 0x8D, 0x02, 0x00, 0x38, 0x52, 0x03, 0x00, 0xF8, 0x0D, 0x04, 0x00
	.byte 0xEA, 0x62, 0x00, 0x00, 0xE8, 0x10, 0x01, 0x00, 0x14, 0xCA, 0x01, 0x00, 0x8C, 0x8D, 0x02, 0x00
	.byte 0x44, 0x52, 0x03, 0x00, 0x0A, 0x0E, 0x04, 0x00, 0xFE, 0x62, 0x00, 0x00, 0xF8, 0x10, 0x01, 0x00
	.byte 0x26, 0xCA, 0x01, 0x00, 0x9E, 0x8D, 0x02, 0x00, 0x52, 0x52, 0x03, 0x00, 0x1C, 0x0E, 0x04, 0x00
	.byte 0x0A, 0x63, 0x00, 0x00, 0x02, 0x11, 0x01, 0x00, 0x30, 0xCA, 0x01, 0x00, 0xA8, 0x8D, 0x02, 0x00
	.byte 0x5C, 0x52, 0x03, 0x00, 0x24, 0x0E, 0x04, 0x00, 0x14, 0x63, 0x00, 0x00, 0x0C, 0x11, 0x01, 0x00
	.byte 0x3C, 0xCA, 0x01, 0x00, 0xB8, 0x8D, 0x02, 0x00, 0x6C, 0x52, 0x03, 0x00, 0x34, 0x0E, 0x04, 0x00
	.byte 0x20, 0x63, 0x00, 0x00, 0x16, 0x11, 0x01, 0x00, 0x4C, 0xCA, 0x01, 0x00, 0xC8, 0x8D, 0x02, 0x00
	.byte 0x7A, 0x52, 0x03, 0x00, 0x40, 0x0E, 0x04, 0x00, 0x2C, 0x63, 0x00, 0x00, 0x1E, 0x11, 0x01, 0x00
	.byte 0x56, 0xCA, 0x01, 0x00, 0xD0, 0x8D, 0x02, 0x00, 0x82, 0x52, 0x03, 0x00, 0x4A, 0x0E, 0x04, 0x00
	.byte 0x3C, 0x63, 0x00, 0x00, 0x28, 0x11, 0x01, 0x00, 0x60, 0xCA, 0x01, 0x00, 0xE0, 0x8D, 0x02, 0x00
	.byte 0x92, 0x52, 0x03, 0x00, 0x5A, 0x0E, 0x04, 0x00, 0x4A, 0x63, 0x00, 0x00, 0x32, 0x11, 0x01, 0x00
	.byte 0x6A, 0xCA, 0x01, 0x00, 0xE8, 0x8D, 0x02, 0x00, 0x9C, 0x52, 0x03, 0x00, 0x64, 0x0E, 0x04, 0x00
	.byte 0x5A, 0x63, 0x00, 0x00, 0x3E, 0x11, 0x01, 0x00, 0x70, 0xCA, 0x01, 0x00, 0xF4, 0x8D, 0x02, 0x00
	.byte 0xA8, 0x52, 0x03, 0x00, 0x74, 0x0E, 0x04, 0x00, 0x64, 0x63, 0x00, 0x00, 0x46, 0x11, 0x01, 0x00
	.byte 0x78, 0xCA, 0x01, 0x00, 0x02, 0x8E, 0x02, 0x00, 0xB8, 0x52, 0x03, 0x00, 0x82, 0x0E, 0x04, 0x00
	.byte 0x6A, 0x63, 0x00, 0x00, 0x50, 0x11, 0x01, 0x00, 0x82, 0xCA, 0x01, 0x00, 0x0C, 0x8E, 0x02, 0x00
	.byte 0xC2, 0x52, 0x03, 0x00, 0x8C, 0x0E, 0x04, 0x00, 0x74, 0x63, 0x00, 0x00, 0x64, 0x11, 0x01, 0x00
	.byte 0x90, 0xCA, 0x01, 0x00, 0x24, 0x8E, 0x02, 0x00, 0xD6, 0x52, 0x03, 0x00, 0xA0, 0x0E, 0x04, 0x00
	.byte 0x80, 0x63, 0x00, 0x00, 0x70, 0x11, 0x01, 0x00, 0xA2, 0xCA, 0x01, 0x00, 0x2C, 0x8E, 0x02, 0x00
	.byte 0xDE, 0x52, 0x03, 0x00, 0xAA, 0x0E, 0x04, 0x00, 0x90, 0x63, 0x00, 0x00, 0x7A, 0x11, 0x01, 0x00
	.byte 0xB0, 0xCA, 0x01, 0x00, 0x38, 0x8E, 0x02, 0x00, 0xEE, 0x52, 0x03, 0x00, 0xB6, 0x0E, 0x04, 0x00
	.byte 0x9C, 0x63, 0x00, 0x00, 0x84, 0x11, 0x01, 0x00, 0xC0, 0xCA, 0x01, 0x00, 0x4A, 0x8E, 0x02, 0x00
	.byte 0x00, 0x53, 0x03, 0x00, 0xC2, 0x0E, 0x04, 0x00, 0xA8, 0x63, 0x00, 0x00, 0x8E, 0x11, 0x01, 0x00
	.byte 0xD0, 0xCA, 0x01, 0x00, 0x5E, 0x8E, 0x02, 0x00, 0x0E, 0x53, 0x03, 0x00, 0xD4, 0x0E, 0x04, 0x00
	.byte 0xBA, 0x63, 0x00, 0x00, 0xA6, 0x11, 0x01, 0x00, 0xF2, 0xCA, 0x01, 0x00, 0x84, 0x8E, 0x02, 0x00
	.byte 0x28, 0x53, 0x03, 0x00, 0xF0, 0x0E, 0x04, 0x00, 0xCA, 0x63, 0x00, 0x00, 0xB2, 0x11, 0x01, 0x00
	.byte 0xFE, 0xCA, 0x01, 0x00, 0x92, 0x8E, 0x02, 0x00, 0x36, 0x53, 0x03, 0x00, 0xFA, 0x0E, 0x04, 0x00
	.byte 0xD8, 0x63, 0x00, 0x00, 0xBE, 0x11, 0x01, 0x00, 0x0A, 0xCB, 0x01, 0x00, 0x9E, 0x8E, 0x02, 0x00
	.byte 0x44, 0x53, 0x03, 0x00, 0x0A, 0x0F, 0x04, 0x00, 0xE6, 0x63, 0x00, 0x00, 0xCC, 0x11, 0x01, 0x00
	.byte 0x1C, 0xCB, 0x01, 0x00, 0xAA, 0x8E, 0x02, 0x00, 0x54, 0x53, 0x03, 0x00, 0x1A, 0x0F, 0x04, 0x00
	.byte 0xF6, 0x63, 0x00, 0x00, 0xD8, 0x11, 0x01, 0x00, 0x30, 0xCB, 0x01, 0x00, 0xB8, 0x8E, 0x02, 0x00
	.byte 0x60, 0x53, 0x03, 0x00, 0x28, 0x0F, 0x04, 0x00, 0x06, 0x64, 0x00, 0x00, 0xE6, 0x11, 0x01, 0x00
	.byte 0x40, 0xCB, 0x01, 0x00, 0xC6, 0x8E, 0x02, 0x00, 0x78, 0x53, 0x03, 0x00, 0x40, 0x0F, 0x04, 0x00
	.byte 0x10, 0x64, 0x00, 0x00, 0xF8, 0x11, 0x01, 0x00, 0x5E, 0xCB, 0x01, 0x00, 0xD6, 0x8E, 0x02, 0x00
	.byte 0x90, 0x53, 0x03, 0x00, 0x5A, 0x0F, 0x04, 0x00, 0x28, 0x64, 0x00, 0x00, 0x0C, 0x12, 0x01, 0x00
	.byte 0x76, 0xCB, 0x01, 0x00, 0xF0, 0x8E, 0x02, 0x00, 0xA6, 0x53, 0x03, 0x00, 0x76, 0x0F, 0x04, 0x00
	.byte 0x38, 0x64, 0x00, 0x00, 0x16, 0x12, 0x01, 0x00, 0x80, 0xCB, 0x01, 0x00, 0xFE, 0x8E, 0x02, 0x00
	.byte 0xB0, 0x53, 0x03, 0x00, 0x82, 0x0F, 0x04, 0x00, 0x48, 0x64, 0x00, 0x00, 0x2A, 0x12, 0x01, 0x00
	.byte 0x92, 0xCB, 0x01, 0x00, 0x0E, 0x8F, 0x02, 0x00, 0xC0, 0x53, 0x03, 0x00, 0x92, 0x0F, 0x04, 0x00
	.byte 0x58, 0x64, 0x00, 0x00, 0x40, 0x12, 0x01, 0x00, 0xB2, 0xCB, 0x01, 0x00, 0x2E, 0x8F, 0x02, 0x00
	.byte 0xD2, 0x53, 0x03, 0x00, 0xA8, 0x0F, 0x04, 0x00, 0x84, 0x64, 0x00, 0x00, 0x6A, 0x12, 0x01, 0x00
	.byte 0xF4, 0xCB, 0x01, 0x00, 0x64, 0x8F, 0x02, 0x00, 0x08, 0x54, 0x03, 0x00, 0xD2, 0x0F, 0x04, 0x00
	.byte 0xA0, 0x64, 0x00, 0x00, 0x8A, 0x12, 0x01, 0x00, 0x18, 0xCC, 0x01, 0x00, 0x86, 0x8F, 0x02, 0x00
	.byte 0x28, 0x54, 0x03, 0x00, 0xF0, 0x0F, 0x04, 0x00, 0xA8, 0x64, 0x00, 0x00, 0x90, 0x12, 0x01, 0x00
	.byte 0x22, 0xCC, 0x01, 0x00, 0x8E, 0x8F, 0x02, 0x00, 0x32, 0x54, 0x03, 0x00, 0xF8, 0x0F, 0x04, 0x00
	.byte 0xC2, 0x64, 0x00, 0x00, 0xA8, 0x12, 0x01, 0x00, 0x44, 0xCC, 0x01, 0x00, 0xB2, 0x8F, 0x02, 0x00
	.byte 0x54, 0x54, 0x03, 0x00, 0x1E, 0x10, 0x04, 0x00, 0xD2, 0x64, 0x00, 0x00, 0xAE, 0x12, 0x01, 0x00
	.byte 0x50, 0xCC, 0x01, 0x00, 0xC2, 0x8F, 0x02, 0x00, 0x5C, 0x54, 0x03, 0x00, 0x30, 0x10, 0x04, 0x00
	.byte 0xDC, 0x64, 0x00, 0x00, 0xB6, 0x12, 0x01, 0x00, 0x58, 0xCC, 0x01, 0x00, 0xCC, 0x8F, 0x02, 0x00
	.byte 0x66, 0x54, 0x03, 0x00, 0x38, 0x10, 0x04, 0x00, 0xE6, 0x64, 0x00, 0x00, 0xBE, 0x12, 0x01, 0x00
	.byte 0x60, 0xCC, 0x01, 0x00, 0xD6, 0x8F, 0x02, 0x00, 0x70, 0x54, 0x03, 0x00, 0x40, 0x10, 0x04, 0x00
	.byte 0xF0, 0x64, 0x00, 0x00, 0xC6, 0x12, 0x01, 0x00, 0x68, 0xCC, 0x01, 0x00, 0xE0, 0x8F, 0x02, 0x00
	.byte 0x7A, 0x54, 0x03, 0x00, 0x48, 0x10, 0x04, 0x00, 0xFA, 0x64, 0x00, 0x00, 0xCE, 0x12, 0x01, 0x00
	.byte 0x70, 0xCC, 0x01, 0x00, 0xEA, 0x8F, 0x02, 0x00, 0x84, 0x54, 0x03, 0x00, 0x50, 0x10, 0x04, 0x00
	.byte 0x04, 0x65, 0x00, 0x00, 0xD6, 0x12, 0x01, 0x00, 0x78, 0xCC, 0x01, 0x00, 0xF4, 0x8F, 0x02, 0x00
	.byte 0x8E, 0x54, 0x03, 0x00, 0x58, 0x10, 0x04, 0x00, 0x0C, 0x65, 0x00, 0x00, 0xE0, 0x12, 0x01, 0x00
	.byte 0x82, 0xCC, 0x01, 0x00, 0xFC, 0x8F, 0x02, 0x00, 0x98, 0x54, 0x03, 0x00, 0x64, 0x10, 0x04, 0x00
	.byte 0x20, 0x65, 0x00, 0x00, 0xEC, 0x12, 0x01, 0x00, 0x8E, 0xCC, 0x01, 0x00, 0x0A, 0x90, 0x02, 0x00
	.byte 0xA6, 0x54, 0x03, 0x00, 0x6E, 0x10, 0x04, 0x00, 0x30, 0x65, 0x00, 0x00, 0x02, 0x13, 0x01, 0x00
	.byte 0xAC, 0xCC, 0x01, 0x00, 0x2C, 0x90, 0x02, 0x00, 0xC2, 0x54, 0x03, 0x00, 0x8E, 0x10, 0x04, 0x00
	.byte 0x3A, 0x65, 0x00, 0x00, 0x0E, 0x13, 0x01, 0x00, 0xB8, 0xCC, 0x01, 0x00, 0x3C, 0x90, 0x02, 0x00
	.byte 0xCE, 0x54, 0x03, 0x00, 0x9E, 0x10, 0x04, 0x00, 0x48, 0x65, 0x00, 0x00, 0x1A, 0x13, 0x01, 0x00
	.byte 0xC6, 0xCC, 0x01, 0x00, 0x4C, 0x90, 0x02, 0x00, 0xDC, 0x54, 0x03, 0x00, 0xAC, 0x10, 0x04, 0x00
	.byte 0x4C, 0x65, 0x00, 0x00, 0x1C, 0x13, 0x01, 0x00, 0xC8, 0xCC, 0x01, 0x00, 0x4E, 0x90, 0x02, 0x00
	.byte 0xDE, 0x54, 0x03, 0x00, 0xAE, 0x10, 0x04, 0x00, 0x52, 0x65, 0x00, 0x00, 0x20, 0x13, 0x01, 0x00
	.byte 0xCC, 0xCC, 0x01, 0x00, 0x52, 0x90, 0x02, 0x00, 0xE2, 0x54, 0x03, 0x00, 0xB2, 0x10, 0x04, 0x00
	.byte 0x58, 0x65, 0x00, 0x00, 0x2A, 0x13, 0x01, 0x00, 0xD8, 0xCC, 0x01, 0x00, 0x62, 0x90, 0x02, 0x00
	.byte 0xF2, 0x54, 0x03, 0x00, 0xBE, 0x10, 0x04, 0x00, 0x60, 0x65, 0x00, 0x00, 0x30, 0x13, 0x01, 0x00
	.byte 0xDE, 0xCC, 0x01, 0x00, 0x6C, 0x90, 0x02, 0x00, 0xFC, 0x54, 0x03, 0x00, 0xC8, 0x10, 0x04, 0x00
	.byte 0x68, 0x65, 0x00, 0x00, 0x38, 0x13, 0x01, 0x00, 0xE8, 0xCC, 0x01, 0x00, 0x74, 0x90, 0x02, 0x00
	.byte 0x06, 0x55, 0x03, 0x00, 0xD2, 0x10, 0x04, 0x00, 0x70, 0x65, 0x00, 0x00, 0x42, 0x13, 0x01, 0x00
	.byte 0xF4, 0xCC, 0x01, 0x00, 0x7E, 0x90, 0x02, 0x00, 0x10, 0x55, 0x03, 0x00, 0xDC, 0x10, 0x04, 0x00
	.byte 0x78, 0x65, 0x00, 0x00, 0x4A, 0x13, 0x01, 0x00, 0x02, 0xCD, 0x01, 0x00, 0x84, 0x90, 0x02, 0x00
	.byte 0x18, 0x55, 0x03, 0x00, 0xE6, 0x10, 0x04, 0x00, 0x86, 0x65, 0x00, 0x00, 0x60, 0x13, 0x01, 0x00
	.byte 0x1E, 0xCD, 0x01, 0x00, 0xA6, 0x90, 0x02, 0x00, 0x38, 0x55, 0x03, 0x00, 0x02, 0x11, 0x04, 0x00
	.byte 0x96, 0x65, 0x00, 0x00, 0x72, 0x13, 0x01, 0x00, 0x32, 0xCD, 0x01, 0x00, 0xBE, 0x90, 0x02, 0x00
	.byte 0x4E, 0x55, 0x03, 0x00, 0x16, 0x11, 0x04, 0x00, 0x9C, 0x65, 0x00, 0x00, 0x76, 0x13, 0x01, 0x00
	.byte 0x3C, 0xCD, 0x01, 0x00, 0xC8, 0x90, 0x02, 0x00, 0x58, 0x55, 0x03, 0x00, 0x20, 0x11, 0x04, 0x00
	.byte 0xA2, 0x65, 0x00, 0x00, 0x7C, 0x13, 0x01, 0x00, 0x46, 0xCD, 0x01, 0x00, 0xD0, 0x90, 0x02, 0x00
	.byte 0x62, 0x55, 0x03, 0x00, 0x28, 0x11, 0x04, 0x00, 0xA8, 0x65, 0x00, 0x00, 0x82, 0x13, 0x01, 0x00
	.byte 0x54, 0xCD, 0x01, 0x00, 0xD8, 0x90, 0x02, 0x00, 0x6C, 0x55, 0x03, 0x00, 0x30, 0x11, 0x04, 0x00
	.byte 0xAC, 0x65, 0x00, 0x00, 0x84, 0x13, 0x01, 0x00, 0x56, 0xCD, 0x01, 0x00, 0xDA, 0x90, 0x02, 0x00
	.byte 0x6E, 0x55, 0x03, 0x00, 0x32, 0x11, 0x04, 0x00, 0xB0, 0x65, 0x00, 0x00, 0x86, 0x13, 0x01, 0x00
	.byte 0x58, 0xCD, 0x01, 0x00, 0xDC, 0x90, 0x02, 0x00, 0x70, 0x55, 0x03, 0x00, 0x34, 0x11, 0x04, 0x00
	.byte 0xB4, 0x65, 0x00, 0x00, 0x88, 0x13, 0x01, 0x00, 0x5A, 0xCD, 0x01, 0x00, 0xDE, 0x90, 0x02, 0x00
	.byte 0x72, 0x55, 0x03, 0x00, 0x36, 0x11, 0x04, 0x00, 0xB8, 0x65, 0x00, 0x00, 0x8A, 0x13, 0x01, 0x00
	.byte 0x5C, 0xCD, 0x01, 0x00, 0xE0, 0x90, 0x02, 0x00, 0x74, 0x55, 0x03, 0x00, 0x38, 0x11, 0x04, 0x00
	.byte 0xBC, 0x65, 0x00, 0x00, 0x8C, 0x13, 0x01, 0x00, 0x5E, 0xCD, 0x01, 0x00, 0xE2, 0x90, 0x02, 0x00
	.byte 0x76, 0x55, 0x03, 0x00, 0x3A, 0x11, 0x04, 0x00, 0xC2, 0x65, 0x00, 0x00, 0x94, 0x13, 0x01, 0x00
	.byte 0x66, 0xCD, 0x01, 0x00, 0xEA, 0x90, 0x02, 0x00, 0x80, 0x55, 0x03, 0x00, 0x40, 0x11, 0x04, 0x00
	.byte 0xC8, 0x65, 0x00, 0x00, 0x9C, 0x13, 0x01, 0x00, 0x72, 0xCD, 0x01, 0x00, 0xF0, 0x90, 0x02, 0x00
	.byte 0x8A, 0x55, 0x03, 0x00, 0x48, 0x11, 0x04, 0x00, 0xCE, 0x65, 0x00, 0x00, 0xA8, 0x13, 0x01, 0x00
	.byte 0x7C, 0xCD, 0x01, 0x00, 0xF8, 0x90, 0x02, 0x00, 0x96, 0x55, 0x03, 0x00, 0x54, 0x11, 0x04, 0x00
	.byte 0xD6, 0x65, 0x00, 0x00, 0xB6, 0x13, 0x01, 0x00, 0x8C, 0xCD, 0x01, 0x00, 0x02, 0x91, 0x02, 0x00
	.byte 0xA6, 0x55, 0x03, 0x00, 0x64, 0x11, 0x04, 0x00, 0xE4, 0x65, 0x00, 0x00, 0xC2, 0x13, 0x01, 0x00
	.byte 0x9E, 0xCD, 0x01, 0x00, 0x12, 0x91, 0x02, 0x00, 0xB6, 0x55, 0x03, 0x00, 0x72, 0x11, 0x04, 0x00
	.byte 0xEC, 0x65, 0x00, 0x00, 0xC8, 0x13, 0x01, 0x00, 0xA4, 0xCD, 0x01, 0x00, 0x18, 0x91, 0x02, 0x00
	.byte 0xBC, 0x55, 0x03, 0x00, 0x78, 0x11, 0x04, 0x00, 0xF2, 0x65, 0x00, 0x00, 0xD4, 0x13, 0x01, 0x00
	.byte 0xAE, 0xCD, 0x01, 0x00, 0x20, 0x91, 0x02, 0x00, 0xCE, 0x55, 0x03, 0x00, 0x86, 0x11, 0x04, 0x00
	.byte 0xF8, 0x65, 0x00, 0x00, 0xD8, 0x13, 0x01, 0x00, 0xB2, 0xCD, 0x01, 0x00, 0x24, 0x91, 0x02, 0x00
	.byte 0xD2, 0x55, 0x03, 0x00, 0x8A, 0x11, 0x04, 0x00, 0x02, 0x66, 0x00, 0x00, 0xE4, 0x13, 0x01, 0x00
	.byte 0xBE, 0xCD, 0x01, 0x00, 0x30, 0x91, 0x02, 0x00, 0xE4, 0x55, 0x03, 0x00, 0x96, 0x11, 0x04, 0x00
	.byte 0x08, 0x66, 0x00, 0x00, 0xE8, 0x13, 0x01, 0x00, 0xC2, 0xCD, 0x01, 0x00, 0x34, 0x91, 0x02, 0x00
	.byte 0xE8, 0x55, 0x03, 0x00, 0x9A, 0x11, 0x04, 0x00, 0x14, 0x66, 0x00, 0x00, 0xF0, 0x13, 0x01, 0x00
	.byte 0xCA, 0xCD, 0x01, 0x00, 0x3C, 0x91, 0x02, 0x00, 0xF0, 0x55, 0x03, 0x00, 0xA2, 0x11, 0x04, 0x00
	.byte 0x1E, 0x66, 0x00, 0x00, 0xFA, 0x13, 0x01, 0x00, 0xD4, 0xCD, 0x01, 0x00, 0x46, 0x91, 0x02, 0x00
	.byte 0xFA, 0x55, 0x03, 0x00, 0xAC, 0x11, 0x04, 0x00, 0x24, 0x66, 0x00, 0x00, 0xFE, 0x13, 0x01, 0x00
	.byte 0xD8, 0xCD, 0x01, 0x00, 0x4A, 0x91, 0x02, 0x00, 0xFE, 0x55, 0x03, 0x00, 0xB0, 0x11, 0x04, 0x00
	.byte 0x30, 0x66, 0x00, 0x00, 0x02, 0x14, 0x01, 0x00, 0xDC, 0xCD, 0x01, 0x00, 0x4E, 0x91, 0x02, 0x00
	.byte 0x02, 0x56, 0x03, 0x00, 0xB4, 0x11, 0x04, 0x00, 0x3C, 0x66, 0x00, 0x00, 0x12, 0x14, 0x01, 0x00
	.byte 0xEE, 0xCD, 0x01, 0x00, 0x5C, 0x91, 0x02, 0x00, 0x12, 0x56, 0x03, 0x00, 0xC2, 0x11, 0x04, 0x00
	.byte 0x4C, 0x66, 0x00, 0x00, 0x24, 0x14, 0x01, 0x00, 0x00, 0xCE, 0x01, 0x00, 0x70, 0x91, 0x02, 0x00
	.byte 0x2A, 0x56, 0x03, 0x00, 0xD8, 0x11, 0x04, 0x00, 0x60, 0x66, 0x00, 0x00, 0x38, 0x14, 0x01, 0x00
	.byte 0x12, 0xCE, 0x01, 0x00, 0x84, 0x91, 0x02, 0x00, 0x40, 0x56, 0x03, 0x00, 0xEA, 0x11, 0x04, 0x00
	.byte 0x72, 0x66, 0x00, 0x00, 0x48, 0x14, 0x01, 0x00, 0x24, 0xCE, 0x01, 0x00, 0x94, 0x91, 0x02, 0x00
	.byte 0x54, 0x56, 0x03, 0x00, 0xFA, 0x11, 0x04, 0x00, 0x88, 0x66, 0x00, 0x00, 0x58, 0x14, 0x01, 0x00
	.byte 0x36, 0xCE, 0x01, 0x00, 0xA6, 0x91, 0x02, 0x00, 0x66, 0x56, 0x03, 0x00, 0x0C, 0x12, 0x04, 0x00
	.byte 0x9A, 0x66, 0x00, 0x00, 0x6C, 0x14, 0x01, 0x00, 0x4C, 0xCE, 0x01, 0x00, 0xBA, 0x91, 0x02, 0x00
	.byte 0x7A, 0x56, 0x03, 0x00, 0x24, 0x12, 0x04, 0x00, 0xAC, 0x66, 0x00, 0x00, 0x7E, 0x14, 0x01, 0x00
	.byte 0x60, 0xCE, 0x01, 0x00, 0xCC, 0x91, 0x02, 0x00, 0x8E, 0x56, 0x03, 0x00, 0x36, 0x12, 0x04, 0x00
	.byte 0xC0, 0x66, 0x00, 0x00, 0x8E, 0x14, 0x01, 0x00, 0x7A, 0xCE, 0x01, 0x00, 0xDE, 0x91, 0x02, 0x00
	.byte 0xA2, 0x56, 0x03, 0x00, 0x4C, 0x12, 0x04, 0x00, 0xD2, 0x66, 0x00, 0x00, 0xA4, 0x14, 0x01, 0x00
	.byte 0x9E, 0xCE, 0x01, 0x00, 0xF6, 0x91, 0x02, 0x00, 0xB6, 0x56, 0x03, 0x00, 0x60, 0x12, 0x04, 0x00
	.byte 0xE6, 0x66, 0x00, 0x00, 0xB6, 0x14, 0x01, 0x00, 0xB4, 0xCE, 0x01, 0x00, 0x0A, 0x92, 0x02, 0x00
	.byte 0xC8, 0x56, 0x03, 0x00, 0x72, 0x12, 0x04, 0x00, 0xF8, 0x66, 0x00, 0x00, 0xCA, 0x14, 0x01, 0x00
	.byte 0xC6, 0xCE, 0x01, 0x00, 0x22, 0x92, 0x02, 0x00, 0xE0, 0x56, 0x03, 0x00, 0x8C, 0x12, 0x04, 0x00
	.byte 0x0A, 0x67, 0x00, 0x00, 0xDC, 0x14, 0x01, 0x00, 0xD8, 0xCE, 0x01, 0x00, 0x3A, 0x92, 0x02, 0x00
	.byte 0xF6, 0x56, 0x03, 0x00, 0xA0, 0x12, 0x04, 0x00, 0x1C, 0x67, 0x00, 0x00, 0xEE, 0x14, 0x01, 0x00
	.byte 0xF4, 0xCE, 0x01, 0x00, 0x4C, 0x92, 0x02, 0x00, 0x08, 0x57, 0x03, 0x00, 0xB2, 0x12, 0x04, 0x00
	.byte 0x32, 0x67, 0x00, 0x00, 0x02, 0x15, 0x01, 0x00, 0x0E, 0xCF, 0x01, 0x00, 0x64, 0x92, 0x02, 0x00
	.byte 0x1E, 0x57, 0x03, 0x00, 0xC8, 0x12, 0x04, 0x00, 0x44, 0x67, 0x00, 0x00, 0x16, 0x15, 0x01, 0x00
	.byte 0x24, 0xCF, 0x01, 0x00, 0x78, 0x92, 0x02, 0x00, 0x32, 0x57, 0x03, 0x00, 0xE0, 0x12, 0x04, 0x00
	.byte 0x56, 0x67, 0x00, 0x00, 0x28, 0x15, 0x01, 0x00, 0x38, 0xCF, 0x01, 0x00, 0x8A, 0x92, 0x02, 0x00
	.byte 0x46, 0x57, 0x03, 0x00, 0xF2, 0x12, 0x04, 0x00, 0x68, 0x67, 0x00, 0x00, 0x38, 0x15, 0x01, 0x00
	.byte 0x48, 0xCF, 0x01, 0x00, 0x9C, 0x92, 0x02, 0x00, 0x5A, 0x57, 0x03, 0x00, 0x04, 0x13, 0x04, 0x00
	.byte 0x76, 0x67, 0x00, 0x00, 0x48, 0x15, 0x01, 0x00, 0x5A, 0xCF, 0x01, 0x00, 0xAE, 0x92, 0x02, 0x00
	.byte 0x6E, 0x57, 0x03, 0x00, 0x16, 0x13, 0x04, 0x00, 0x86, 0x67, 0x00, 0x00, 0x54, 0x15, 0x01, 0x00
	.byte 0x66, 0xCF, 0x01, 0x00, 0xCC, 0x92, 0x02, 0x00, 0x86, 0x57, 0x03, 0x00, 0x24, 0x13, 0x04, 0x00
	.byte 0x9C, 0x67, 0x00, 0x00, 0x64, 0x15, 0x01, 0x00, 0x76, 0xCF, 0x01, 0x00, 0xDE, 0x92, 0x02, 0x00
	.byte 0xA0, 0x57, 0x03, 0x00, 0x3C, 0x13, 0x04, 0x00, 0xB2, 0x67, 0x00, 0x00, 0x74, 0x15, 0x01, 0x00
	.byte 0x82, 0xCF, 0x01, 0x00, 0xF0, 0x92, 0x02, 0x00, 0xB8, 0x57, 0x03, 0x00, 0x4C, 0x13, 0x04, 0x00
	.byte 0xC4, 0x67, 0x00, 0x00, 0x82, 0x15, 0x01, 0x00, 0x94, 0xCF, 0x01, 0x00, 0x02, 0x93, 0x02, 0x00
	.byte 0xCA, 0x57, 0x03, 0x00, 0x5C, 0x13, 0x04, 0x00, 0xCC, 0x67, 0x00, 0x00, 0x8C, 0x15, 0x01, 0x00
	.byte 0x9E, 0xCF, 0x01, 0x00, 0x0C, 0x93, 0x02, 0x00, 0xD6, 0x57, 0x03, 0x00, 0x64, 0x13, 0x04, 0x00
	.byte 0xD2, 0x67, 0x00, 0x00, 0x94, 0x15, 0x01, 0x00, 0xA8, 0xCF, 0x01, 0x00, 0x14, 0x93, 0x02, 0x00
	.byte 0xDE, 0x57, 0x03, 0x00, 0x6C, 0x13, 0x04, 0x00, 0xDC, 0x67, 0x00, 0x00, 0x9C, 0x15, 0x01, 0x00
	.byte 0xB0, 0xCF, 0x01, 0x00, 0x1E, 0x93, 0x02, 0x00, 0xE6, 0x57, 0x03, 0x00, 0x74, 0x13, 0x04, 0x00
	.byte 0xE8, 0x67, 0x00, 0x00, 0xA4, 0x15, 0x01, 0x00, 0xBC, 0xCF, 0x01, 0x00, 0x28, 0x93, 0x02, 0x00
	.byte 0xF0, 0x57, 0x03, 0x00, 0x7C, 0x13, 0x04, 0x00, 0xF4, 0x67, 0x00, 0x00, 0xAC, 0x15, 0x01, 0x00
	.byte 0xC8, 0xCF, 0x01, 0x00, 0x30, 0x93, 0x02, 0x00, 0xFA, 0x57, 0x03, 0x00, 0x86, 0x13, 0x04, 0x00
	.byte 0x00, 0x68, 0x00, 0x00, 0xB4, 0x15, 0x01, 0x00, 0xD2, 0xCF, 0x01, 0x00, 0x3A, 0x93, 0x02, 0x00
	.byte 0x04, 0x58, 0x03, 0x00, 0x8E, 0x13, 0x04, 0x00, 0xB8, 0x68, 0x00, 0x00, 0xB6, 0x15, 0x01, 0x00
	.byte 0xD4, 0xCF, 0x01, 0x00, 0x3C, 0x93, 0x02, 0x00, 0x06, 0x58, 0x03, 0x00, 0x90, 0x13, 0x04, 0x00
	.byte 0x5E, 0x69, 0x00, 0x00, 0x0A, 0x16, 0x01, 0x00, 0x28, 0xD0, 0x01, 0x00, 0x90, 0x93, 0x02, 0x00
	.byte 0x5A, 0x58, 0x03, 0x00, 0xE4, 0x13, 0x04, 0x00, 0x60, 0x69, 0x00, 0x00, 0x48, 0x16, 0x01, 0x00
	.byte 0x66, 0xD0, 0x01, 0x00, 0xCE, 0x93, 0x02, 0x00, 0x98, 0x58, 0x03, 0x00, 0x22, 0x14, 0x04, 0x00
	.byte 0xCC, 0x69, 0x00, 0x00, 0x70, 0x16, 0x01, 0x00, 0x8E, 0xD0, 0x01, 0x00, 0xF6, 0x93, 0x02, 0x00
	.byte 0xC0, 0x58, 0x03, 0x00, 0x4A, 0x14, 0x04, 0x00, 0xD2, 0x69, 0x00, 0x00, 0x74, 0x16, 0x01, 0x00
	.byte 0x92, 0xD0, 0x01, 0x00, 0xFA, 0x93, 0x02, 0x00, 0xC4, 0x58, 0x03, 0x00, 0x4E, 0x14, 0x04, 0x00
	.byte 0xD8, 0x69, 0x00, 0x00, 0x78, 0x16, 0x01, 0x00, 0x96, 0xD0, 0x01, 0x00, 0xFE, 0x93, 0x02, 0x00
	.byte 0xC8, 0x58, 0x03, 0x00, 0x52, 0x14, 0x04, 0x00, 0xEC, 0x69, 0x00, 0x00, 0x7C, 0x16, 0x01, 0x00
	.byte 0x9A, 0xD0, 0x01, 0x00, 0x08, 0x94, 0x02, 0x00, 0xCC, 0x58, 0x03, 0x00, 0x5C, 0x14, 0x04, 0x00
	.byte 0xF2, 0x69, 0x00, 0x00, 0x80, 0x16, 0x01, 0x00, 0x9E, 0xD0, 0x01, 0x00, 0x0C, 0x94, 0x02, 0x00
	.byte 0xD0, 0x58, 0x03, 0x00, 0x60, 0x14, 0x04, 0x00, 0xFA, 0x69, 0x00, 0x00, 0x84, 0x16, 0x01, 0x00
	.byte 0xA4, 0xD0, 0x01, 0x00, 0x10, 0x94, 0x02, 0x00, 0xD4, 0x58, 0x03, 0x00, 0x64, 0x14, 0x04, 0x00
	.byte 0x00, 0x6A, 0x00, 0x00, 0x88, 0x16, 0x01, 0x00, 0xA8, 0xD0, 0x01, 0x00, 0x14, 0x94, 0x02, 0x00
	.byte 0xD8, 0x58, 0x03, 0x00, 0x68, 0x14, 0x04, 0x00, 0x14, 0x6A, 0x00, 0x00, 0x8A, 0x16, 0x01, 0x00
	.byte 0xAA, 0xD0, 0x01, 0x00, 0x16, 0x94, 0x02, 0x00, 0xDA, 0x58, 0x03, 0x00, 0x6A, 0x14, 0x04, 0x00
	.byte 0x32, 0x6A, 0x00, 0x00, 0x9E, 0x16, 0x01, 0x00, 0xBE, 0xD0, 0x01, 0x00, 0x2E, 0x94, 0x02, 0x00
	.byte 0xF2, 0x58, 0x03, 0x00, 0x84, 0x14, 0x04, 0x00, 0x38, 0x6A, 0x00, 0x00, 0xA2, 0x16, 0x01, 0x00
	.byte 0xC2, 0xD0, 0x01, 0x00, 0x32, 0x94, 0x02, 0x00, 0xF6, 0x58, 0x03, 0x00, 0x88, 0x14, 0x04, 0x00
	.byte 0x3E, 0x6A, 0x00, 0x00, 0xA6, 0x16, 0x01, 0x00, 0xC6, 0xD0, 0x01, 0x00, 0x36, 0x94, 0x02, 0x00
	.byte 0xFA, 0x58, 0x03, 0x00, 0x8C, 0x14, 0x04, 0x00, 0x5C, 0x6A, 0x00, 0x00, 0xE6, 0x16, 0x01, 0x00
	.byte 0x20, 0xD1, 0x01, 0x00, 0x8A, 0x94, 0x02, 0x00, 0x48, 0x59, 0x03, 0x00, 0xD8, 0x14, 0x04, 0x00
	.byte 0x8A, 0x6A, 0x00, 0x00, 0x1E, 0x17, 0x01, 0x00, 0x60, 0xD1, 0x01, 0x00, 0xD4, 0x94, 0x02, 0x00
	.byte 0x8A, 0x59, 0x03, 0x00, 0x14, 0x15, 0x04, 0x00, 0xAE, 0x6A, 0x00, 0x00, 0x44, 0x17, 0x01, 0x00
	.byte 0x8A, 0xD1, 0x01, 0x00, 0xFC, 0x94, 0x02, 0x00, 0xAA, 0x59, 0x03, 0x00, 0x30, 0x15, 0x04, 0x00
	.byte 0xCA, 0x6A, 0x00, 0x00, 0x46, 0x17, 0x01, 0x00, 0x8C, 0xD1, 0x01, 0x00, 0xFE, 0x94, 0x02, 0x00
	.byte 0xAC, 0x59, 0x03, 0x00, 0x32, 0x15, 0x04, 0x00, 0xE0, 0x6A, 0x00, 0x00, 0x5A, 0x17, 0x01, 0x00
	.byte 0x9E, 0xD1, 0x01, 0x00, 0x0E, 0x95, 0x02, 0x00, 0xC0, 0x59, 0x03, 0x00, 0x46, 0x15, 0x04, 0x00
	.byte 0xF6, 0x6A, 0x00, 0x00, 0x6E, 0x17, 0x01, 0x00, 0xB0, 0xD1, 0x01, 0x00, 0x20, 0x95, 0x02, 0x00
	.byte 0xD4, 0x59, 0x03, 0x00, 0x58, 0x15, 0x04, 0x00, 0x0E, 0x6B, 0x00, 0x00, 0x84, 0x17, 0x01, 0x00
	.byte 0xC4, 0xD1, 0x01, 0x00, 0x34, 0x95, 0x02, 0x00, 0xEA, 0x59, 0x03, 0x00, 0x6E, 0x15, 0x04, 0x00
	.byte 0x24, 0x6B, 0x00, 0x00, 0x96, 0x17, 0x01, 0x00, 0xD4, 0xD1, 0x01, 0x00, 0x44, 0x95, 0x02, 0x00
	.byte 0xFE, 0x59, 0x03, 0x00, 0x80, 0x15, 0x04, 0x00, 0x3A, 0x6B, 0x00, 0x00, 0xAC, 0x17, 0x01, 0x00
	.byte 0xE6, 0xD1, 0x01, 0x00, 0x58, 0x95, 0x02, 0x00, 0x12, 0x5A, 0x03, 0x00, 0x92, 0x15, 0x04, 0x00
	.byte 0x50, 0x6B, 0x00, 0x00, 0xC4, 0x17, 0x01, 0x00, 0xFC, 0xD1, 0x01, 0x00, 0x6E, 0x95, 0x02, 0x00
	.byte 0x28, 0x5A, 0x03, 0x00, 0xAA, 0x15, 0x04, 0x00, 0x66, 0x6B, 0x00, 0x00, 0xD8, 0x17, 0x01, 0x00
	.byte 0x0C, 0xD2, 0x01, 0x00, 0x7E, 0x95, 0x02, 0x00, 0x3A, 0x5A, 0x03, 0x00, 0xBC, 0x15, 0x04, 0x00
	.byte 0x7C, 0x6B, 0x00, 0x00, 0xF0, 0x17, 0x01, 0x00, 0x22, 0xD2, 0x01, 0x00, 0x94, 0x95, 0x02, 0x00
	.byte 0x50, 0x5A, 0x03, 0x00, 0xD4, 0x15, 0x04, 0x00, 0x92, 0x6B, 0x00, 0x00, 0x04, 0x18, 0x01, 0x00
	.byte 0x32, 0xD2, 0x01, 0x00, 0xA4, 0x95, 0x02, 0x00, 0x62, 0x5A, 0x03, 0x00, 0xE6, 0x15, 0x04, 0x00
	.byte 0xA8, 0x6B, 0x00, 0x00, 0x1C, 0x18, 0x01, 0x00, 0x48, 0xD2, 0x01, 0x00, 0xBA, 0x95, 0x02, 0x00
	.byte 0x78, 0x5A, 0x03, 0x00, 0xFE, 0x15, 0x04, 0x00, 0xBE, 0x6B, 0x00, 0x00, 0x30, 0x18, 0x01, 0x00
	.byte 0x58, 0xD2, 0x01, 0x00, 0xCA, 0x95, 0x02, 0x00, 0x8A, 0x5A, 0x03, 0x00, 0x10, 0x16, 0x04, 0x00
	.byte 0xD4, 0x6B, 0x00, 0x00, 0x48, 0x18, 0x01, 0x00, 0x6E, 0xD2, 0x01, 0x00, 0xE0, 0x95, 0x02, 0x00
	.byte 0xA0, 0x5A, 0x03, 0x00, 0x28, 0x16, 0x04, 0x00, 0xEA, 0x6B, 0x00, 0x00, 0x5C, 0x18, 0x01, 0x00
	.byte 0x7E, 0xD2, 0x01, 0x00, 0xF0, 0x95, 0x02, 0x00, 0xB2, 0x5A, 0x03, 0x00, 0x3A, 0x16, 0x04, 0x00
	.byte 0x00, 0x6C, 0x00, 0x00, 0x74, 0x18, 0x01, 0x00, 0x94, 0xD2, 0x01, 0x00, 0x06, 0x96, 0x02, 0x00
	.byte 0xC8, 0x5A, 0x03, 0x00, 0x52, 0x16, 0x04, 0x00, 0x16, 0x6C, 0x00, 0x00, 0x88, 0x18, 0x01, 0x00
	.byte 0xA4, 0xD2, 0x01, 0x00, 0x16, 0x96, 0x02, 0x00, 0xDA, 0x5A, 0x03, 0x00, 0x64, 0x16, 0x04, 0x00
	.byte 0x2C, 0x6C, 0x00, 0x00, 0xA0, 0x18, 0x01, 0x00, 0xBA, 0xD2, 0x01, 0x00, 0x2C, 0x96, 0x02, 0x00
	.byte 0xF0, 0x5A, 0x03, 0x00, 0x7C, 0x16, 0x04, 0x00, 0x42, 0x6C, 0x00, 0x00, 0xB4, 0x18, 0x01, 0x00
	.byte 0xCA, 0xD2, 0x01, 0x00, 0x3C, 0x96, 0x02, 0x00, 0x02, 0x5B, 0x03, 0x00, 0x8E, 0x16, 0x04, 0x00
	.byte 0x58, 0x6C, 0x00, 0x00, 0xCC, 0x18, 0x01, 0x00, 0xE0, 0xD2, 0x01, 0x00, 0x52, 0x96, 0x02, 0x00
	.byte 0x18, 0x5B, 0x03, 0x00, 0xA6, 0x16, 0x04, 0x00, 0x6E, 0x6C, 0x00, 0x00, 0xE0, 0x18, 0x01, 0x00
	.byte 0xF0, 0xD2, 0x01, 0x00, 0x62, 0x96, 0x02, 0x00, 0x2A, 0x5B, 0x03, 0x00, 0xB8, 0x16, 0x04, 0x00
	.byte 0x84, 0x6C, 0x00, 0x00, 0xF8, 0x18, 0x01, 0x00, 0x06, 0xD3, 0x01, 0x00, 0x78, 0x96, 0x02, 0x00
	.byte 0x40, 0x5B, 0x03, 0x00, 0xD0, 0x16, 0x04, 0x00, 0x9A, 0x6C, 0x00, 0x00, 0x0C, 0x19, 0x01, 0x00
	.byte 0x16, 0xD3, 0x01, 0x00, 0x88, 0x96, 0x02, 0x00, 0x52, 0x5B, 0x03, 0x00, 0xE2, 0x16, 0x04, 0x00
	.byte 0xB0, 0x6C, 0x00, 0x00, 0x24, 0x19, 0x01, 0x00, 0x2C, 0xD3, 0x01, 0x00, 0x9E, 0x96, 0x02, 0x00
	.byte 0x68, 0x5B, 0x03, 0x00, 0xFA, 0x16, 0x04, 0x00, 0xC6, 0x6C, 0x00, 0x00, 0x38, 0x19, 0x01, 0x00
	.byte 0x3C, 0xD3, 0x01, 0x00, 0xAE, 0x96, 0x02, 0x00, 0x7A, 0x5B, 0x03, 0x00, 0x0C, 0x17, 0x04, 0x00
	.byte 0xDC, 0x6C, 0x00, 0x00, 0x50, 0x19, 0x01, 0x00, 0x52, 0xD3, 0x01, 0x00, 0xC4, 0x96, 0x02, 0x00
	.byte 0x90, 0x5B, 0x03, 0x00, 0x24, 0x17, 0x04, 0x00, 0xF2, 0x6C, 0x00, 0x00, 0x64, 0x19, 0x01, 0x00
	.byte 0x62, 0xD3, 0x01, 0x00, 0xD4, 0x96, 0x02, 0x00, 0xA2, 0x5B, 0x03, 0x00, 0x36, 0x17, 0x04, 0x00
	.byte 0x08, 0x6D, 0x00, 0x00, 0x7C, 0x19, 0x01, 0x00, 0x78, 0xD3, 0x01, 0x00, 0xEA, 0x96, 0x02, 0x00
	.byte 0xB8, 0x5B, 0x03, 0x00, 0x4E, 0x17, 0x04, 0x00, 0x1C, 0x6D, 0x00, 0x00, 0x92, 0x19, 0x01, 0x00
	.byte 0x8C, 0xD3, 0x01, 0x00, 0x00, 0x97, 0x02, 0x00, 0xCE, 0x5B, 0x03, 0x00, 0x64, 0x17, 0x04, 0x00
	.byte 0x30, 0x6D, 0x00, 0x00, 0xA8, 0x19, 0x01, 0x00, 0x9E, 0xD3, 0x01, 0x00, 0x10, 0x97, 0x02, 0x00
	.byte 0xE2, 0x5B, 0x03, 0x00, 0x7C, 0x17, 0x04, 0x00, 0x44, 0x6D, 0x00, 0x00, 0xBC, 0x19, 0x01, 0x00
	.byte 0xB0, 0xD3, 0x01, 0x00, 0x24, 0x97, 0x02, 0x00, 0xF6, 0x5B, 0x03, 0x00, 0x92, 0x17, 0x04, 0x00
	.byte 0x58, 0x6D, 0x00, 0x00, 0xD2, 0x19, 0x01, 0x00, 0xC2, 0xD3, 0x01, 0x00, 0x36, 0x97, 0x02, 0x00
	.byte 0x0A, 0x5C, 0x03, 0x00, 0xA6, 0x17, 0x04, 0x00, 0x6C, 0x6D, 0x00, 0x00, 0xE8, 0x19, 0x01, 0x00
	.byte 0xD6, 0xD3, 0x01, 0x00, 0x4C, 0x97, 0x02, 0x00, 0x20, 0x5C, 0x03, 0x00, 0xBC, 0x17, 0x04, 0x00
	.byte 0x80, 0x6D, 0x00, 0x00, 0xFE, 0x19, 0x01, 0x00, 0xE8, 0xD3, 0x01, 0x00, 0x5C, 0x97, 0x02, 0x00
	.byte 0x34, 0x5C, 0x03, 0x00, 0xD4, 0x17, 0x04, 0x00, 0x94, 0x6D, 0x00, 0x00, 0x12, 0x1A, 0x01, 0x00
	.byte 0xFA, 0xD3, 0x01, 0x00, 0x70, 0x97, 0x02, 0x00, 0x48, 0x5C, 0x03, 0x00, 0xEA, 0x17, 0x04, 0x00
	.byte 0xA8, 0x6D, 0x00, 0x00, 0x28, 0x1A, 0x01, 0x00, 0x0C, 0xD4, 0x01, 0x00, 0x82, 0x97, 0x02, 0x00
	.byte 0x5C, 0x5C, 0x03, 0x00, 0xFE, 0x17, 0x04, 0x00, 0xBC, 0x6D, 0x00, 0x00, 0x3E, 0x1A, 0x01, 0x00
	.byte 0x20, 0xD4, 0x01, 0x00, 0x98, 0x97, 0x02, 0x00, 0x72, 0x5C, 0x03, 0x00, 0x14, 0x18, 0x04, 0x00
	.byte 0xD0, 0x6D, 0x00, 0x00, 0x54, 0x1A, 0x01, 0x00, 0x32, 0xD4, 0x01, 0x00, 0xA8, 0x97, 0x02, 0x00
	.byte 0x86, 0x5C, 0x03, 0x00, 0x2C, 0x18, 0x04, 0x00, 0xE4, 0x6D, 0x00, 0x00, 0x68, 0x1A, 0x01, 0x00
	.byte 0x44, 0xD4, 0x01, 0x00, 0xBC, 0x97, 0x02, 0x00, 0x9A, 0x5C, 0x03, 0x00, 0x42, 0x18, 0x04, 0x00
	.byte 0xF8, 0x6D, 0x00, 0x00, 0x7E, 0x1A, 0x01, 0x00, 0x56, 0xD4, 0x01, 0x00, 0xCE, 0x97, 0x02, 0x00
	.byte 0xAE, 0x5C, 0x03, 0x00, 0x56, 0x18, 0x04, 0x00, 0x0C, 0x6E, 0x00, 0x00, 0x94, 0x1A, 0x01, 0x00
	.byte 0x6A, 0xD4, 0x01, 0x00, 0xE4, 0x97, 0x02, 0x00, 0xC4, 0x5C, 0x03, 0x00, 0x6C, 0x18, 0x04, 0x00
	.byte 0x20, 0x6E, 0x00, 0x00, 0xAA, 0x1A, 0x01, 0x00, 0x7C, 0xD4, 0x01, 0x00, 0xF4, 0x97, 0x02, 0x00
	.byte 0xD8, 0x5C, 0x03, 0x00, 0x84, 0x18, 0x04, 0x00, 0x34, 0x6E, 0x00, 0x00, 0xBE, 0x1A, 0x01, 0x00
	.byte 0x8E, 0xD4, 0x01, 0x00, 0x08, 0x98, 0x02, 0x00, 0xEC, 0x5C, 0x03, 0x00, 0x9A, 0x18, 0x04, 0x00
	.byte 0x48, 0x6E, 0x00, 0x00, 0xD4, 0x1A, 0x01, 0x00, 0xA0, 0xD4, 0x01, 0x00, 0x1A, 0x98, 0x02, 0x00
	.byte 0x00, 0x5D, 0x03, 0x00, 0xAE, 0x18, 0x04, 0x00, 0x5C, 0x6E, 0x00, 0x00, 0xEA, 0x1A, 0x01, 0x00
	.byte 0xB4, 0xD4, 0x01, 0x00, 0x30, 0x98, 0x02, 0x00, 0x16, 0x5D, 0x03, 0x00, 0xC4, 0x18, 0x04, 0x00
	.byte 0x70, 0x6E, 0x00, 0x00, 0x00, 0x1B, 0x01, 0x00, 0xC6, 0xD4, 0x01, 0x00, 0x40, 0x98, 0x02, 0x00
	.byte 0x2A, 0x5D, 0x03, 0x00, 0xDC, 0x18, 0x04, 0x00, 0x84, 0x6E, 0x00, 0x00, 0x14, 0x1B, 0x01, 0x00
	.byte 0xD8, 0xD4, 0x01, 0x00, 0x54, 0x98, 0x02, 0x00, 0x3E, 0x5D, 0x03, 0x00, 0xF2, 0x18, 0x04, 0x00
	.byte 0x98, 0x6E, 0x00, 0x00, 0x2A, 0x1B, 0x01, 0x00, 0xEA, 0xD4, 0x01, 0x00, 0x66, 0x98, 0x02, 0x00
	.byte 0x52, 0x5D, 0x03, 0x00, 0x06, 0x19, 0x04, 0x00, 0xAC, 0x6E, 0x00, 0x00, 0x40, 0x1B, 0x01, 0x00
	.byte 0xFE, 0xD4, 0x01, 0x00, 0x7C, 0x98, 0x02, 0x00, 0x68, 0x5D, 0x03, 0x00, 0x1C, 0x19, 0x04, 0x00
	.byte 0xC0, 0x6E, 0x00, 0x00, 0x56, 0x1B, 0x01, 0x00, 0x10, 0xD5, 0x01, 0x00, 0x8C, 0x98, 0x02, 0x00
	.byte 0x7C, 0x5D, 0x03, 0x00, 0x34, 0x19, 0x04, 0x00, 0xD4, 0x6E, 0x00, 0x00, 0x6A, 0x1B, 0x01, 0x00
	.byte 0x22, 0xD5, 0x01, 0x00, 0xA0, 0x98, 0x02, 0x00, 0x90, 0x5D, 0x03, 0x00, 0x4A, 0x19, 0x04, 0x00
	.byte 0xE8, 0x6E, 0x00, 0x00, 0x80, 0x1B, 0x01, 0x00, 0x34, 0xD5, 0x01, 0x00, 0xB2, 0x98, 0x02, 0x00
	.byte 0xA4, 0x5D, 0x03, 0x00, 0x5E, 0x19, 0x04, 0x00, 0xFC, 0x6E, 0x00, 0x00, 0x96, 0x1B, 0x01, 0x00
	.byte 0x48, 0xD5, 0x01, 0x00, 0xC8, 0x98, 0x02, 0x00, 0xBA, 0x5D, 0x03, 0x00, 0x74, 0x19, 0x04, 0x00
	.byte 0x10, 0x6F, 0x00, 0x00, 0xAC, 0x1B, 0x01, 0x00, 0x5A, 0xD5, 0x01, 0x00, 0xD8, 0x98, 0x02, 0x00
	.byte 0xCE, 0x5D, 0x03, 0x00, 0x8C, 0x19, 0x04, 0x00, 0x24, 0x6F, 0x00, 0x00, 0xC0, 0x1B, 0x01, 0x00
	.byte 0x6C, 0xD5, 0x01, 0x00, 0xEC, 0x98, 0x02, 0x00, 0xE2, 0x5D, 0x03, 0x00, 0xA2, 0x19, 0x04, 0x00
	.byte 0x38, 0x6F, 0x00, 0x00, 0xD6, 0x1B, 0x01, 0x00, 0x7E, 0xD5, 0x01, 0x00, 0xFE, 0x98, 0x02, 0x00
	.byte 0xF6, 0x5D, 0x03, 0x00, 0xB6, 0x19, 0x04, 0x00, 0x4C, 0x6F, 0x00, 0x00, 0xEC, 0x1B, 0x01, 0x00
	.byte 0x92, 0xD5, 0x01, 0x00, 0x14, 0x99, 0x02, 0x00, 0x0C, 0x5E, 0x03, 0x00, 0xCC, 0x19, 0x04, 0x00
	.byte 0x60, 0x6F, 0x00, 0x00, 0x02, 0x1C, 0x01, 0x00, 0xA4, 0xD5, 0x01, 0x00, 0x24, 0x99, 0x02, 0x00
	.byte 0x20, 0x5E, 0x03, 0x00, 0xE4, 0x19, 0x04, 0x00, 0x74, 0x6F, 0x00, 0x00, 0x16, 0x1C, 0x01, 0x00
	.byte 0xB6, 0xD5, 0x01, 0x00, 0x38, 0x99, 0x02, 0x00, 0x34, 0x5E, 0x03, 0x00, 0xFA, 0x19, 0x04, 0x00
	.byte 0x88, 0x6F, 0x00, 0x00, 0x2C, 0x1C, 0x01, 0x00, 0xC8, 0xD5, 0x01, 0x00, 0x4A, 0x99, 0x02, 0x00
	.byte 0x48, 0x5E, 0x03, 0x00, 0x0E, 0x1A, 0x04, 0x00, 0x98, 0x6F, 0x00, 0x00, 0x40, 0x1C, 0x01, 0x00
	.byte 0xDC, 0xD5, 0x01, 0x00, 0x62, 0x99, 0x02, 0x00, 0x5C, 0x5E, 0x03, 0x00, 0x24, 0x1A, 0x04, 0x00
	.byte 0xAA, 0x6F, 0x00, 0x00, 0x54, 0x1C, 0x01, 0x00, 0xF0, 0xD5, 0x01, 0x00, 0x78, 0x99, 0x02, 0x00
	.byte 0x72, 0x5E, 0x03, 0x00, 0x3C, 0x1A, 0x04, 0x00, 0xBC, 0x6F, 0x00, 0x00, 0x68, 0x1C, 0x01, 0x00
	.byte 0x04, 0xD6, 0x01, 0x00, 0x8E, 0x99, 0x02, 0x00, 0x88, 0x5E, 0x03, 0x00, 0x54, 0x1A, 0x04, 0x00
	.byte 0xCE, 0x6F, 0x00, 0x00, 0x7C, 0x1C, 0x01, 0x00, 0x18, 0xD6, 0x01, 0x00, 0xA4, 0x99, 0x02, 0x00
	.byte 0x9E, 0x5E, 0x03, 0x00, 0x6C, 0x1A, 0x04, 0x00, 0xE0, 0x6F, 0x00, 0x00, 0x90, 0x1C, 0x01, 0x00
	.byte 0x2C, 0xD6, 0x01, 0x00, 0xBA, 0x99, 0x02, 0x00, 0xB4, 0x5E, 0x03, 0x00, 0x84, 0x1A, 0x04, 0x00
	.byte 0xF4, 0x6F, 0x00, 0x00, 0xA6, 0x1C, 0x01, 0x00, 0x42, 0xD6, 0x01, 0x00, 0xD2, 0x99, 0x02, 0x00
	.byte 0xCA, 0x5E, 0x03, 0x00, 0x9C, 0x1A, 0x04, 0x00, 0x08, 0x70, 0x00, 0x00, 0xBE, 0x1C, 0x01, 0x00
	.byte 0x58, 0xD6, 0x01, 0x00, 0xEA, 0x99, 0x02, 0x00, 0xE0, 0x5E, 0x03, 0x00, 0xB4, 0x1A, 0x04, 0x00
	.byte 0x1C, 0x70, 0x00, 0x00, 0xD6, 0x1C, 0x01, 0x00, 0x6C, 0xD6, 0x01, 0x00, 0x00, 0x9A, 0x02, 0x00
	.byte 0xF6, 0x5E, 0x03, 0x00, 0xCC, 0x1A, 0x04, 0x00, 0x2C, 0x70, 0x00, 0x00, 0xEC, 0x1C, 0x01, 0x00
	.byte 0x80, 0xD6, 0x01, 0x00, 0x16, 0x9A, 0x02, 0x00, 0x0A, 0x5F, 0x03, 0x00, 0xE4, 0x1A, 0x04, 0x00
	.byte 0x3E, 0x70, 0x00, 0x00, 0x00, 0x1D, 0x01, 0x00, 0x92, 0xD6, 0x01, 0x00, 0x2C, 0x9A, 0x02, 0x00
	.byte 0x20, 0x5F, 0x03, 0x00, 0xFA, 0x1A, 0x04, 0x00, 0x52, 0x70, 0x00, 0x00, 0x16, 0x1D, 0x01, 0x00
	.byte 0xA6, 0xD6, 0x01, 0x00, 0x42, 0x9A, 0x02, 0x00, 0x38, 0x5F, 0x03, 0x00, 0x12, 0x1B, 0x04, 0x00
	.byte 0x66, 0x70, 0x00, 0x00, 0x2C, 0x1D, 0x01, 0x00, 0xBA, 0xD6, 0x01, 0x00, 0x58, 0x9A, 0x02, 0x00
	.byte 0x50, 0x5F, 0x03, 0x00, 0x2A, 0x1B, 0x04, 0x00, 0x7A, 0x70, 0x00, 0x00, 0x42, 0x1D, 0x01, 0x00
	.byte 0xCE, 0xD6, 0x01, 0x00, 0x6E, 0x9A, 0x02, 0x00, 0x68, 0x5F, 0x03, 0x00, 0x42, 0x1B, 0x04, 0x00
	.byte 0x8E, 0x70, 0x00, 0x00, 0x58, 0x1D, 0x01, 0x00, 0xE2, 0xD6, 0x01, 0x00, 0x84, 0x9A, 0x02, 0x00
	.byte 0x80, 0x5F, 0x03, 0x00, 0x5A, 0x1B, 0x04, 0x00, 0xA0, 0x70, 0x00, 0x00, 0x68, 0x1D, 0x01, 0x00
	.byte 0xF2, 0xD6, 0x01, 0x00, 0x98, 0x9A, 0x02, 0x00, 0x96, 0x5F, 0x03, 0x00, 0x70, 0x1B, 0x04, 0x00
	.byte 0xB4, 0x70, 0x00, 0x00, 0x78, 0x1D, 0x01, 0x00, 0x02, 0xD7, 0x01, 0x00, 0xAE, 0x9A, 0x02, 0x00
	.byte 0xAA, 0x5F, 0x03, 0x00, 0x88, 0x1B, 0x04, 0x00, 0xC8, 0x70, 0x00, 0x00, 0x88, 0x1D, 0x01, 0x00
	.byte 0x12, 0xD7, 0x01, 0x00, 0xC4, 0x9A, 0x02, 0x00, 0xBE, 0x5F, 0x03, 0x00, 0xA0, 0x1B, 0x04, 0x00
	.byte 0xDC, 0x70, 0x00, 0x00, 0x98, 0x1D, 0x01, 0x00, 0x22, 0xD7, 0x01, 0x00, 0xDA, 0x9A, 0x02, 0x00
	.byte 0xD2, 0x5F, 0x03, 0x00, 0xB8, 0x1B, 0x04, 0x00, 0xF0, 0x70, 0x00, 0x00, 0xA8, 0x1D, 0x01, 0x00
	.byte 0x32, 0xD7, 0x01, 0x00, 0xF0, 0x9A, 0x02, 0x00, 0xE6, 0x5F, 0x03, 0x00, 0xD0, 0x1B, 0x04, 0x00
	.byte 0x02, 0x71, 0x00, 0x00, 0xB6, 0x1D, 0x01, 0x00, 0x40, 0xD7, 0x01, 0x00, 0x02, 0x9B, 0x02, 0x00
	.byte 0xF8, 0x5F, 0x03, 0x00, 0xE2, 0x1B, 0x04, 0x00, 0x16, 0x71, 0x00, 0x00, 0xC6, 0x1D, 0x01, 0x00
	.byte 0x50, 0xD7, 0x01, 0x00, 0x14, 0x9B, 0x02, 0x00, 0x0C, 0x60, 0x03, 0x00, 0xF4, 0x1B, 0x04, 0x00
	.byte 0x2A, 0x71, 0x00, 0x00, 0xD6, 0x1D, 0x01, 0x00, 0x60, 0xD7, 0x01, 0x00, 0x26, 0x9B, 0x02, 0x00
	.byte 0x20, 0x60, 0x03, 0x00, 0x06, 0x1C, 0x04, 0x00, 0x3E, 0x71, 0x00, 0x00, 0xE6, 0x1D, 0x01, 0x00
	.byte 0x70, 0xD7, 0x01, 0x00, 0x38, 0x9B, 0x02, 0x00, 0x34, 0x60, 0x03, 0x00, 0x18, 0x1C, 0x04, 0x00
	.byte 0x52, 0x71, 0x00, 0x00, 0xF6, 0x1D, 0x01, 0x00, 0x80, 0xD7, 0x01, 0x00, 0x4A, 0x9B, 0x02, 0x00
	.byte 0x48, 0x60, 0x03, 0x00, 0x2A, 0x1C, 0x04, 0x00, 0x6A, 0x71, 0x00, 0x00, 0x0A, 0x1E, 0x01, 0x00
	.byte 0x96, 0xD7, 0x01, 0x00, 0x60, 0x9B, 0x02, 0x00, 0x60, 0x60, 0x03, 0x00, 0x42, 0x1C, 0x04, 0x00
	.byte 0x82, 0x71, 0x00, 0x00, 0x1E, 0x1E, 0x01, 0x00, 0xAE, 0xD7, 0x01, 0x00, 0x76, 0x9B, 0x02, 0x00
	.byte 0x76, 0x60, 0x03, 0x00, 0x58, 0x1C, 0x04, 0x00, 0x9A, 0x71, 0x00, 0x00, 0x32, 0x1E, 0x01, 0x00
	.byte 0xC4, 0xD7, 0x01, 0x00, 0x8C, 0x9B, 0x02, 0x00, 0x8C, 0x60, 0x03, 0x00, 0x70, 0x1C, 0x04, 0x00
	.byte 0xB2, 0x71, 0x00, 0x00, 0x46, 0x1E, 0x01, 0x00, 0xDC, 0xD7, 0x01, 0x00, 0xA2, 0x9B, 0x02, 0x00
	.byte 0xA2, 0x60, 0x03, 0x00, 0x86, 0x1C, 0x04, 0x00, 0xCA, 0x71, 0x00, 0x00, 0x5A, 0x1E, 0x01, 0x00
	.byte 0xF2, 0xD7, 0x01, 0x00, 0xB8, 0x9B, 0x02, 0x00, 0xBA, 0x60, 0x03, 0x00, 0x9E, 0x1C, 0x04, 0x00
	.byte 0xE2, 0x71, 0x00, 0x00, 0x6E, 0x1E, 0x01, 0x00, 0x0A, 0xD8, 0x01, 0x00, 0xCE, 0x9B, 0x02, 0x00
	.byte 0xD0, 0x60, 0x03, 0x00, 0xB6, 0x1C, 0x04, 0x00, 0xFA, 0x71, 0x00, 0x00, 0x7E, 0x1E, 0x01, 0x00
	.byte 0x1E, 0xD8, 0x01, 0x00, 0xE0, 0x9B, 0x02, 0x00, 0xE0, 0x60, 0x03, 0x00, 0xCE, 0x1C, 0x04, 0x00
	.byte 0x12, 0x72, 0x00, 0x00, 0x8E, 0x1E, 0x01, 0x00, 0x32, 0xD8, 0x01, 0x00, 0xF2, 0x9B, 0x02, 0x00
	.byte 0xF0, 0x60, 0x03, 0x00, 0xE6, 0x1C, 0x04, 0x00, 0x2A, 0x72, 0x00, 0x00, 0x9E, 0x1E, 0x01, 0x00
	.byte 0x46, 0xD8, 0x01, 0x00, 0x04, 0x9C, 0x02, 0x00, 0x00, 0x61, 0x03, 0x00, 0xFE, 0x1C, 0x04, 0x00
	.byte 0x42, 0x72, 0x00, 0x00, 0xAE, 0x1E, 0x01, 0x00, 0x5A, 0xD8, 0x01, 0x00, 0x16, 0x9C, 0x02, 0x00
	.byte 0x10, 0x61, 0x03, 0x00, 0x16, 0x1D, 0x04, 0x00, 0x66, 0x72, 0x00, 0x00, 0xB0, 0x1E, 0x01, 0x00
	.byte 0x5C, 0xD8, 0x01, 0x00, 0x18, 0x9C, 0x02, 0x00, 0x12, 0x61, 0x03, 0x00, 0x18, 0x1D, 0x04, 0x00
	.byte 0x84, 0x72, 0x00, 0x00, 0xC4, 0x1E, 0x01, 0x00, 0x70, 0xD8, 0x01, 0x00, 0x30, 0x9C, 0x02, 0x00
	.byte 0x2A, 0x61, 0x03, 0x00, 0x32, 0x1D, 0x04, 0x00, 0xCE, 0x72, 0x00, 0x00, 0x04, 0x1F, 0x01, 0x00
	.byte 0xCA, 0xD8, 0x01, 0x00, 0x84, 0x9C, 0x02, 0x00, 0x78, 0x61, 0x03, 0x00, 0x7E, 0x1D, 0x04, 0x00
	.byte 0xF2, 0x72, 0x00, 0x00, 0x2A, 0x1F, 0x01, 0x00, 0xF4, 0xD8, 0x01, 0x00, 0xAC, 0x9C, 0x02, 0x00
	.byte 0x98, 0x61, 0x03, 0x00, 0x9A, 0x1D, 0x04, 0x00, 0x2C, 0x73, 0x00, 0x00, 0x5E, 0x1F, 0x01, 0x00
	.byte 0x3A, 0xD9, 0x01, 0x00, 0xEA, 0x9C, 0x02, 0x00, 0xD8, 0x61, 0x03, 0x00, 0xD0, 0x1D, 0x04, 0x00
	.byte 0x68, 0x73, 0x00, 0x00, 0x98, 0x1F, 0x01, 0x00, 0x80, 0xD9, 0x01, 0x00, 0x2E, 0x9D, 0x02, 0x00
	.byte 0x22, 0x62, 0x03, 0x00, 0x10, 0x1E, 0x04, 0x00, 0x88, 0x73, 0x00, 0x00, 0xAE, 0x1F, 0x01, 0x00
	.byte 0x98, 0xD9, 0x01, 0x00, 0x44, 0x9D, 0x02, 0x00, 0x3C, 0x62, 0x03, 0x00, 0x28, 0x1E, 0x04, 0x00
	.byte 0x8C, 0x73, 0x00, 0x00, 0xB2, 0x1F, 0x01, 0x00, 0x9C, 0xD9, 0x01, 0x00, 0x48, 0x9D, 0x02, 0x00
	.byte 0x40, 0x62, 0x03, 0x00, 0x2C, 0x1E, 0x04, 0x00, 0x92, 0x73, 0x00, 0x00, 0xBA, 0x1F, 0x01, 0x00
	.byte 0xA4, 0xD9, 0x01, 0x00, 0x50, 0x9D, 0x02, 0x00, 0x4A, 0x62, 0x03, 0x00, 0x36, 0x1E, 0x04, 0x00
	.byte 0xB6, 0x73, 0x00, 0x00, 0xBC, 0x1F, 0x01, 0x00, 0xA6, 0xD9, 0x01, 0x00, 0x52, 0x9D, 0x02, 0x00
	.byte 0x4C, 0x62, 0x03, 0x00, 0x38, 0x1E, 0x04, 0x00, 0xC4, 0x73, 0x00, 0x00, 0xCA, 0x1F, 0x01, 0x00
	.byte 0xB6, 0xD9, 0x01, 0x00, 0x60, 0x9D, 0x02, 0x00, 0x5C, 0x62, 0x03, 0x00, 0x4A, 0x1E, 0x04, 0x00
	.byte 0xD0, 0x73, 0x00, 0x00, 0xD8, 0x1F, 0x01, 0x00, 0xC4, 0xD9, 0x01, 0x00, 0x6E, 0x9D, 0x02, 0x00
	.byte 0x6A, 0x62, 0x03, 0x00, 0x58, 0x1E, 0x04, 0x00, 0xD6, 0x73, 0x00, 0x00, 0xE0, 0x1F, 0x01, 0x00
	.byte 0xCE, 0xD9, 0x01, 0x00, 0x74, 0x9D, 0x02, 0x00, 0x72, 0x62, 0x03, 0x00, 0x60, 0x1E, 0x04, 0x00
	.byte 0xDE, 0x73, 0x00, 0x00, 0xE8, 0x1F, 0x01, 0x00, 0xD0, 0xD9, 0x01, 0x00, 0x76, 0x9D, 0x02, 0x00
	.byte 0x74, 0x62, 0x03, 0x00, 0x62, 0x1E, 0x04, 0x00, 0xE4, 0x73, 0x00, 0x00, 0xF2, 0x1F, 0x01, 0x00
	.byte 0xDA, 0xD9, 0x01, 0x00, 0x80, 0x9D, 0x02, 0x00, 0x7C, 0x62, 0x03, 0x00, 0x6E, 0x1E, 0x04, 0x00
	.byte 0xF6, 0x73, 0x00, 0x00, 0x06, 0x20, 0x01, 0x00, 0xF0, 0xD9, 0x01, 0x00, 0x90, 0x9D, 0x02, 0x00
	.byte 0x8E, 0x62, 0x03, 0x00, 0x82, 0x1E, 0x04, 0x00, 0x2A, 0x74, 0x00, 0x00, 0x2A, 0x20, 0x01, 0x00
	.byte 0x1C, 0xDA, 0x01, 0x00, 0xCE, 0x9D, 0x02, 0x00, 0xB0, 0x62, 0x03, 0x00, 0xB4, 0x1E, 0x04, 0x00
	.byte 0x48, 0x74, 0x00, 0x00, 0x3C, 0x20, 0x01, 0x00, 0x38, 0xDA, 0x01, 0x00, 0xE8, 0x9D, 0x02, 0x00
	.byte 0xCA, 0x62, 0x03, 0x00, 0xD2, 0x1E, 0x04, 0x00, 0x62, 0x74, 0x00, 0x00, 0x56, 0x20, 0x01, 0x00
	.byte 0x60, 0xDA, 0x01, 0x00, 0x00, 0x9E, 0x02, 0x00, 0xE8, 0x62, 0x03, 0x00, 0xF0, 0x1E, 0x04, 0x00
	.byte 0xAA, 0x74, 0x00, 0x00, 0x92, 0x20, 0x01, 0x00, 0xA4, 0xDA, 0x01, 0x00, 0x4C, 0x9E, 0x02, 0x00
	.byte 0x24, 0x63, 0x03, 0x00, 0x2A, 0x1F, 0x04, 0x00, 0xC6, 0x74, 0x00, 0x00, 0xA4, 0x20, 0x01, 0x00
	.byte 0xBA, 0xDA, 0x01, 0x00, 0x66, 0x9E, 0x02, 0x00, 0x3A, 0x63, 0x03, 0x00, 0x48, 0x1F, 0x04, 0x00
	.byte 0xD2, 0x74, 0x00, 0x00, 0xB2, 0x20, 0x01, 0x00, 0xC6, 0xDA, 0x01, 0x00, 0x78, 0x9E, 0x02, 0x00
	.byte 0x4E, 0x63, 0x03, 0x00, 0x5E, 0x1F, 0x04, 0x00, 0xDE, 0x74, 0x00, 0x00, 0xBC, 0x20, 0x01, 0x00
	.byte 0xD0, 0xDA, 0x01, 0x00, 0x82, 0x9E, 0x02, 0x00, 0x5A, 0x63, 0x03, 0x00, 0x6C, 0x1F, 0x04, 0x00
	.byte 0xE4, 0x74, 0x00, 0x00, 0xC2, 0x20, 0x01, 0x00, 0xD8, 0xDA, 0x01, 0x00, 0x8A, 0x9E, 0x02, 0x00
	.byte 0x60, 0x63, 0x03, 0x00, 0x74, 0x1F, 0x04, 0x00, 0xF0, 0x74, 0x00, 0x00, 0xCC, 0x20, 0x01, 0x00
	.byte 0xE4, 0xDA, 0x01, 0x00, 0x96, 0x9E, 0x02, 0x00, 0x6C, 0x63, 0x03, 0x00, 0x84, 0x1F, 0x04, 0x00
	.byte 0x12, 0x75, 0x00, 0x00, 0xE0, 0x20, 0x01, 0x00, 0xF8, 0xDA, 0x01, 0x00, 0xBE, 0x9E, 0x02, 0x00
	.byte 0x82, 0x63, 0x03, 0x00, 0x98, 0x1F, 0x04, 0x00, 0x20, 0x75, 0x00, 0x00, 0xEE, 0x20, 0x01, 0x00
	.byte 0x06, 0xDB, 0x01, 0x00, 0xD6, 0x9E, 0x02, 0x00, 0x98, 0x63, 0x03, 0x00, 0xAE, 0x1F, 0x04, 0x00
	.byte 0x32, 0x75, 0x00, 0x00, 0x00, 0x21, 0x01, 0x00, 0x18, 0xDB, 0x01, 0x00, 0xF0, 0x9E, 0x02, 0x00
	.byte 0xAA, 0x63, 0x03, 0x00, 0xC4, 0x1F, 0x04, 0x00, 0x46, 0x75, 0x00, 0x00, 0x14, 0x21, 0x01, 0x00
	.byte 0x2C, 0xDB, 0x01, 0x00, 0x0A, 0x9F, 0x02, 0x00, 0xBE, 0x63, 0x03, 0x00, 0xD8, 0x1F, 0x04, 0x00
	.byte 0x52, 0x75, 0x00, 0x00, 0x20, 0x21, 0x01, 0x00, 0x38, 0xDB, 0x01, 0x00, 0x22, 0x9F, 0x02, 0x00
	.byte 0xCE, 0x63, 0x03, 0x00, 0xF0, 0x1F, 0x04, 0x00, 0x6A, 0x75, 0x00, 0x00, 0x38, 0x21, 0x01, 0x00
	.byte 0x50, 0xDB, 0x01, 0x00, 0x3E, 0x9F, 0x02, 0x00, 0xE0, 0x63, 0x03, 0x00, 0x08, 0x20, 0x04, 0x00
	.byte 0x7E, 0x75, 0x00, 0x00, 0x4C, 0x21, 0x01, 0x00, 0x64, 0xDB, 0x01, 0x00, 0x58, 0x9F, 0x02, 0x00
	.byte 0xF4, 0x63, 0x03, 0x00, 0x1C, 0x20, 0x04, 0x00, 0x90, 0x75, 0x00, 0x00, 0x5E, 0x21, 0x01, 0x00
	.byte 0x76, 0xDB, 0x01, 0x00, 0x74, 0x9F, 0x02, 0x00, 0x04, 0x64, 0x03, 0x00, 0x2A, 0x20, 0x04, 0x00
	.byte 0x9C, 0x75, 0x00, 0x00, 0x6A, 0x21, 0x01, 0x00, 0x82, 0xDB, 0x01, 0x00, 0x86, 0x9F, 0x02, 0x00
	.byte 0x12, 0x64, 0x03, 0x00, 0x38, 0x20, 0x04, 0x00, 0xAE, 0x75, 0x00, 0x00, 0x7C, 0x21, 0x01, 0x00
	.byte 0x94, 0xDB, 0x01, 0x00, 0x9A, 0x9F, 0x02, 0x00, 0x26, 0x64, 0x03, 0x00, 0x4A, 0x20, 0x04, 0x00
	.byte 0xC0, 0x75, 0x00, 0x00, 0x8E, 0x21, 0x01, 0x00, 0xA6, 0xDB, 0x01, 0x00, 0xB0, 0x9F, 0x02, 0x00
	.byte 0x38, 0x64, 0x03, 0x00, 0x5C, 0x20, 0x04, 0x00, 0xD4, 0x75, 0x00, 0x00, 0xA2, 0x21, 0x01, 0x00
	.byte 0xBA, 0xDB, 0x01, 0x00, 0xC4, 0x9F, 0x02, 0x00, 0x4C, 0x64, 0x03, 0x00, 0x6E, 0x20, 0x04, 0x00
	.byte 0xE4, 0x75, 0x00, 0x00, 0xB2, 0x21, 0x01, 0x00, 0xCA, 0xDB, 0x01, 0x00, 0xD8, 0x9F, 0x02, 0x00
	.byte 0x60, 0x64, 0x03, 0x00, 0x80, 0x20, 0x04, 0x00, 0xF6, 0x75, 0x00, 0x00, 0xC4, 0x21, 0x01, 0x00
	.byte 0xDC, 0xDB, 0x01, 0x00, 0xEA, 0x9F, 0x02, 0x00, 0x78, 0x64, 0x03, 0x00, 0x94, 0x20, 0x04, 0x00
	.byte 0x0A, 0x76, 0x00, 0x00, 0xD8, 0x21, 0x01, 0x00, 0xF0, 0xDB, 0x01, 0x00, 0xFE, 0x9F, 0x02, 0x00
	.byte 0x8E, 0x64, 0x03, 0x00, 0xA8, 0x20, 0x04, 0x00, 0x20, 0x76, 0x00, 0x00, 0xEE, 0x21, 0x01, 0x00
	.byte 0x06, 0xDC, 0x01, 0x00, 0x16, 0xA0, 0x02, 0x00, 0xA6, 0x64, 0x03, 0x00, 0xC0, 0x20, 0x04, 0x00
	.byte 0x32, 0x76, 0x00, 0x00, 0x00, 0x22, 0x01, 0x00, 0x18, 0xDC, 0x01, 0x00, 0x2A, 0xA0, 0x02, 0x00
	.byte 0xBA, 0x64, 0x03, 0x00, 0xD2, 0x20, 0x04, 0x00, 0x46, 0x76, 0x00, 0x00, 0x14, 0x22, 0x01, 0x00
	.byte 0x2C, 0xDC, 0x01, 0x00, 0x3E, 0xA0, 0x02, 0x00, 0xD0, 0x64, 0x03, 0x00, 0xE6, 0x20, 0x04, 0x00
	.byte 0x5E, 0x76, 0x00, 0x00, 0x2A, 0x22, 0x01, 0x00, 0x42, 0xDC, 0x01, 0x00, 0x60, 0xA0, 0x02, 0x00
	.byte 0xE8, 0x64, 0x03, 0x00, 0x06, 0x21, 0x04, 0x00, 0x6E, 0x76, 0x00, 0x00, 0x42, 0x22, 0x01, 0x00
	.byte 0x5E, 0xDC, 0x01, 0x00, 0x7C, 0xA0, 0x02, 0x00, 0x04, 0x65, 0x03, 0x00, 0x24, 0x21, 0x04, 0x00
	.byte 0x70, 0x76, 0x00, 0x00, 0x44, 0x22, 0x01, 0x00, 0x60, 0xDC, 0x01, 0x00, 0x7E, 0xA0, 0x02, 0x00
	.byte 0x06, 0x65, 0x03, 0x00, 0x26, 0x21, 0x04, 0x00, 0x72, 0x76, 0x00, 0x00, 0x46, 0x22, 0x01, 0x00
	.byte 0x62, 0xDC, 0x01, 0x00, 0x80, 0xA0, 0x02, 0x00, 0x08, 0x65, 0x03, 0x00, 0x28, 0x21, 0x04, 0x00
	.byte 0x86, 0x76, 0x00, 0x00, 0x58, 0x22, 0x01, 0x00, 0x70, 0xDC, 0x01, 0x00, 0x90, 0xA0, 0x02, 0x00
	.byte 0x18, 0x65, 0x03, 0x00, 0x38, 0x21, 0x04, 0x00, 0x9E, 0x76, 0x00, 0x00, 0x6A, 0x22, 0x01, 0x00
	.byte 0x80, 0xDC, 0x01, 0x00, 0xA2, 0xA0, 0x02, 0x00, 0x2A, 0x65, 0x03, 0x00, 0x4A, 0x21, 0x04, 0x00
	.byte 0xB4, 0x76, 0x00, 0x00, 0x80, 0x22, 0x01, 0x00, 0x92, 0xDC, 0x01, 0x00, 0xB8, 0xA0, 0x02, 0x00
	.byte 0x42, 0x65, 0x03, 0x00, 0x60, 0x21, 0x04, 0x00, 0xCA, 0x76, 0x00, 0x00, 0x96, 0x22, 0x01, 0x00
	.byte 0xA4, 0xDC, 0x01, 0x00, 0xCE, 0xA0, 0x02, 0x00, 0x5A, 0x65, 0x03, 0x00, 0x76, 0x21, 0x04, 0x00
	.byte 0xE0, 0x76, 0x00, 0x00, 0xAA, 0x22, 0x01, 0x00, 0xBC, 0xDC, 0x01, 0x00, 0xE2, 0xA0, 0x02, 0x00
	.byte 0x6E, 0x65, 0x03, 0x00, 0x8A, 0x21, 0x04, 0x00, 0xF6, 0x76, 0x00, 0x00, 0xBE, 0x22, 0x01, 0x00
	.byte 0xD4, 0xDC, 0x01, 0x00, 0xF6, 0xA0, 0x02, 0x00, 0x82, 0x65, 0x03, 0x00, 0x9E, 0x21, 0x04, 0x00
	.byte 0x0C, 0x77, 0x00, 0x00, 0xD4, 0x22, 0x01, 0x00, 0xE8, 0xDC, 0x01, 0x00, 0x0C, 0xA1, 0x02, 0x00
	.byte 0x98, 0x65, 0x03, 0x00, 0xB2, 0x21, 0x04, 0x00, 0x22, 0x77, 0x00, 0x00, 0xEA, 0x22, 0x01, 0x00
	.byte 0xFC, 0xDC, 0x01, 0x00, 0x22, 0xA1, 0x02, 0x00, 0xAE, 0x65, 0x03, 0x00, 0xC6, 0x21, 0x04, 0x00
	.byte 0x3C, 0x77, 0x00, 0x00, 0x04, 0x23, 0x01, 0x00, 0x0C, 0xDD, 0x01, 0x00, 0x38, 0xA1, 0x02, 0x00
	.byte 0xC8, 0x65, 0x03, 0x00, 0xE8, 0x21, 0x04, 0x00, 0x56, 0x77, 0x00, 0x00, 0x1E, 0x23, 0x01, 0x00
	.byte 0x1C, 0xDD, 0x01, 0x00, 0x4E, 0xA1, 0x02, 0x00, 0xE2, 0x65, 0x03, 0x00, 0x0A, 0x22, 0x04, 0x00
	.byte 0x70, 0x77, 0x00, 0x00, 0x30, 0x23, 0x01, 0x00, 0x2C, 0xDD, 0x01, 0x00, 0x60, 0xA1, 0x02, 0x00
	.byte 0xF4, 0x65, 0x03, 0x00, 0x1A, 0x22, 0x04, 0x00, 0x72, 0x77, 0x00, 0x00, 0x32, 0x23, 0x01, 0x00
	.byte 0x2E, 0xDD, 0x01, 0x00, 0x62, 0xA1, 0x02, 0x00, 0xF6, 0x65, 0x03, 0x00, 0x1C, 0x22, 0x04, 0x00
	.byte 0x96, 0x77, 0x00, 0x00, 0x46, 0x23, 0x01, 0x00, 0x40, 0xDD, 0x01, 0x00, 0x76, 0xA1, 0x02, 0x00
	.byte 0x08, 0x66, 0x03, 0x00, 0x34, 0x22, 0x04, 0x00, 0xBA, 0x77, 0x00, 0x00, 0x5A, 0x23, 0x01, 0x00
	.byte 0x52, 0xDD, 0x01, 0x00, 0x8A, 0xA1, 0x02, 0x00, 0x1A, 0x66, 0x03, 0x00, 0x4C, 0x22, 0x04, 0x00
	.byte 0xD4, 0x77, 0x00, 0x00, 0x6E, 0x23, 0x01, 0x00, 0x66, 0xDD, 0x01, 0x00, 0xA8, 0xA1, 0x02, 0x00
	.byte 0x2E, 0x66, 0x03, 0x00, 0x5E, 0x22, 0x04, 0x00, 0xEA, 0x77, 0x00, 0x00, 0x86, 0x23, 0x01, 0x00
	.byte 0x7C, 0xDD, 0x01, 0x00, 0xC6, 0xA1, 0x02, 0x00, 0x46, 0x66, 0x03, 0x00, 0x78, 0x22, 0x04, 0x00
	.byte 0x06, 0x78, 0x00, 0x00, 0xA2, 0x23, 0x01, 0x00, 0x9A, 0xDD, 0x01, 0x00, 0xE8, 0xA1, 0x02, 0x00
	.byte 0x68, 0x66, 0x03, 0x00, 0x98, 0x22, 0x04, 0x00, 0x22, 0x78, 0x00, 0x00, 0xBE, 0x23, 0x01, 0x00
	.byte 0xB8, 0xDD, 0x01, 0x00, 0x0A, 0xA2, 0x02, 0x00, 0x8A, 0x66, 0x03, 0x00, 0xB8, 0x22, 0x04, 0x00
	.byte 0x3E, 0x78, 0x00, 0x00, 0xDA, 0x23, 0x01, 0x00, 0xD6, 0xDD, 0x01, 0x00, 0x2C, 0xA2, 0x02, 0x00
	.byte 0xAC, 0x66, 0x03, 0x00, 0xD8, 0x22, 0x04, 0x00, 0x54, 0x78, 0x00, 0x00, 0xF0, 0x23, 0x01, 0x00
	.byte 0xEA, 0xDD, 0x01, 0x00, 0x4A, 0xA2, 0x02, 0x00, 0xC8, 0x66, 0x03, 0x00, 0xF0, 0x22, 0x04, 0x00
	.byte 0x70, 0x78, 0x00, 0x00, 0x08, 0x24, 0x01, 0x00, 0x06, 0xDE, 0x01, 0x00, 0x6E, 0xA2, 0x02, 0x00
	.byte 0xE2, 0x66, 0x03, 0x00, 0x08, 0x23, 0x04, 0x00, 0x8C, 0x78, 0x00, 0x00, 0x20, 0x24, 0x01, 0x00
	.byte 0x22, 0xDE, 0x01, 0x00, 0x92, 0xA2, 0x02, 0x00, 0xFC, 0x66, 0x03, 0x00, 0x20, 0x23, 0x04, 0x00
	.byte 0xAA, 0x78, 0x00, 0x00, 0x3A, 0x24, 0x01, 0x00, 0x3A, 0xDE, 0x01, 0x00, 0xB0, 0xA2, 0x02, 0x00
	.byte 0x22, 0x67, 0x03, 0x00, 0x3E, 0x23, 0x04, 0x00, 0xC8, 0x78, 0x00, 0x00, 0x54, 0x24, 0x01, 0x00
	.byte 0x54, 0xDE, 0x01, 0x00, 0xCA, 0xA2, 0x02, 0x00, 0x3C, 0x67, 0x03, 0x00, 0x56, 0x23, 0x04, 0x00
	.byte 0xE2, 0x78, 0x00, 0x00, 0x6E, 0x24, 0x01, 0x00, 0x6E, 0xDE, 0x01, 0x00, 0xE6, 0xA2, 0x02, 0x00
	.byte 0x58, 0x67, 0x03, 0x00, 0x70, 0x23, 0x04, 0x00, 0xFE, 0x78, 0x00, 0x00, 0x8A, 0x24, 0x01, 0x00
	.byte 0x8A, 0xDE, 0x01, 0x00, 0x08, 0xA3, 0x02, 0x00, 0x74, 0x67, 0x03, 0x00, 0x8C, 0x23, 0x04, 0x00
	.byte 0x00, 0x79, 0x00, 0x00, 0x8C, 0x24, 0x01, 0x00, 0x8C, 0xDE, 0x01, 0x00, 0x0A, 0xA3, 0x02, 0x00
	.byte 0x76, 0x67, 0x03, 0x00, 0x8E, 0x23, 0x04, 0x00, 0x02, 0x79, 0x00, 0x00, 0x8E, 0x24, 0x01, 0x00
	.byte 0x8E, 0xDE, 0x01, 0x00, 0x0C, 0xA3, 0x02, 0x00, 0x78, 0x67, 0x03, 0x00, 0x90, 0x23, 0x04, 0x00
	.byte 0x04, 0x79, 0x00, 0x00, 0x90, 0x24, 0x01, 0x00, 0x90, 0xDE, 0x01, 0x00, 0x0E, 0xA3, 0x02, 0x00
	.byte 0x7A, 0x67, 0x03, 0x00, 0x92, 0x23, 0x04, 0x00, 0x06, 0x79, 0x00, 0x00, 0x92, 0x24, 0x01, 0x00
	.byte 0x92, 0xDE, 0x01, 0x00, 0x10, 0xA3, 0x02, 0x00, 0x7C, 0x67, 0x03, 0x00, 0x94, 0x23, 0x04, 0x00
	.byte 0x08, 0x79, 0x00, 0x00, 0x94, 0x24, 0x01, 0x00, 0x94, 0xDE, 0x01, 0x00, 0x12, 0xA3, 0x02, 0x00
	.byte 0x7E, 0x67, 0x03, 0x00, 0x96, 0x23, 0x04, 0x00, 0x0A, 0x79, 0x00, 0x00, 0x96, 0x24, 0x01, 0x00
	.byte 0x96, 0xDE, 0x01, 0x00, 0x14, 0xA3, 0x02, 0x00, 0x80, 0x67, 0x03, 0x00, 0x98, 0x23, 0x04, 0x00
	.byte 0x0C, 0x79, 0x00, 0x00, 0x98, 0x24, 0x01, 0x00, 0x98, 0xDE, 0x01, 0x00, 0x16, 0xA3, 0x02, 0x00
	.byte 0x82, 0x67, 0x03, 0x00, 0x9A, 0x23, 0x04, 0x00, 0x0E, 0x79, 0x00, 0x00, 0x9A, 0x24, 0x01, 0x00
	.byte 0x9A, 0xDE, 0x01, 0x00, 0x18, 0xA3, 0x02, 0x00, 0x84, 0x67, 0x03, 0x00, 0x9C, 0x23, 0x04, 0x00
	.byte 0x10, 0x79, 0x00, 0x00, 0x9C, 0x24, 0x01, 0x00, 0x9C, 0xDE, 0x01, 0x00, 0x1A, 0xA3, 0x02, 0x00
	.byte 0x86, 0x67, 0x03, 0x00, 0x9E, 0x23, 0x04, 0x00, 0x2E, 0x79, 0x00, 0x00, 0xB0, 0x24, 0x01, 0x00
	.byte 0xB2, 0xDE, 0x01, 0x00, 0x36, 0xA3, 0x02, 0x00, 0x9E, 0x67, 0x03, 0x00, 0xBC, 0x23, 0x04, 0x00
	.byte 0x48, 0x79, 0x00, 0x00, 0xC4, 0x24, 0x01, 0x00, 0xC6, 0xDE, 0x01, 0x00, 0x52, 0xA3, 0x02, 0x00
	.byte 0xBA, 0x67, 0x03, 0x00, 0xDA, 0x23, 0x04, 0x00, 0x58, 0x79, 0x00, 0x00, 0xD8, 0x24, 0x01, 0x00
	.byte 0xDC, 0xDE, 0x01, 0x00, 0x6E, 0xA3, 0x02, 0x00, 0xD4, 0x67, 0x03, 0x00, 0xF8, 0x23, 0x04, 0x00
	.byte 0x66, 0x79, 0x00, 0x00, 0xE2, 0x24, 0x01, 0x00, 0xEA, 0xDE, 0x01, 0x00, 0x80, 0xA3, 0x02, 0x00
	.byte 0xE6, 0x67, 0x03, 0x00, 0x0A, 0x24, 0x04, 0x00, 0x76, 0x79, 0x00, 0x00, 0xEE, 0x24, 0x01, 0x00
	.byte 0xF8, 0xDE, 0x01, 0x00, 0x92, 0xA3, 0x02, 0x00, 0xF6, 0x67, 0x03, 0x00, 0x1C, 0x24, 0x04, 0x00
	.byte 0x88, 0x79, 0x00, 0x00, 0xFC, 0x24, 0x01, 0x00, 0x0A, 0xDF, 0x01, 0x00, 0xA2, 0xA3, 0x02, 0x00
	.byte 0x06, 0x68, 0x03, 0x00, 0x2A, 0x24, 0x04, 0x00, 0xA4, 0x79, 0x00, 0x00, 0x10, 0x25, 0x01, 0x00
	.byte 0x1E, 0xDF, 0x01, 0x00, 0xCA, 0xA3, 0x02, 0x00, 0x1A, 0x68, 0x03, 0x00, 0x3E, 0x24, 0x04, 0x00
	.byte 0xD8, 0x79, 0x00, 0x00, 0x1E, 0x25, 0x01, 0x00, 0x2C, 0xDF, 0x01, 0x00, 0xE2, 0xA3, 0x02, 0x00
	.byte 0x30, 0x68, 0x03, 0x00, 0x54, 0x24, 0x04, 0x00, 0x00, 0x7A, 0x00, 0x00, 0x30, 0x25, 0x01, 0x00
	.byte 0x3E, 0xDF, 0x01, 0x00, 0xFC, 0xA3, 0x02, 0x00, 0x42, 0x68, 0x03, 0x00, 0x6A, 0x24, 0x04, 0x00
	.byte 0x2C, 0x7A, 0x00, 0x00, 0x44, 0x25, 0x01, 0x00, 0x52, 0xDF, 0x01, 0x00, 0x16, 0xA4, 0x02, 0x00
	.byte 0x56, 0x68, 0x03, 0x00, 0x7E, 0x24, 0x04, 0x00, 0x68, 0x7A, 0x00, 0x00, 0x50, 0x25, 0x01, 0x00
	.byte 0x5E, 0xDF, 0x01, 0x00, 0x2E, 0xA4, 0x02, 0x00, 0x66, 0x68, 0x03, 0x00, 0x96, 0x24, 0x04, 0x00
	.byte 0x9C, 0x7A, 0x00, 0x00, 0x68, 0x25, 0x01, 0x00, 0x76, 0xDF, 0x01, 0x00, 0x4A, 0xA4, 0x02, 0x00
	.byte 0x78, 0x68, 0x03, 0x00, 0xAE, 0x24, 0x04, 0x00, 0xD0, 0x7A, 0x00, 0x00, 0x7C, 0x25, 0x01, 0x00
	.byte 0x8A, 0xDF, 0x01, 0x00, 0x64, 0xA4, 0x02, 0x00, 0x8C, 0x68, 0x03, 0x00, 0xC2, 0x24, 0x04, 0x00
	.byte 0x10, 0x7B, 0x00, 0x00, 0x8E, 0x25, 0x01, 0x00, 0x9C, 0xDF, 0x01, 0x00, 0x80, 0xA4, 0x02, 0x00
	.byte 0x9C, 0x68, 0x03, 0x00, 0xD0, 0x24, 0x04, 0x00, 0x3E, 0x7B, 0x00, 0x00, 0x9A, 0x25, 0x01, 0x00
	.byte 0xA8, 0xDF, 0x01, 0x00, 0x92, 0xA4, 0x02, 0x00, 0xAA, 0x68, 0x03, 0x00, 0xDE, 0x24, 0x04, 0x00
	.byte 0x84, 0x7B, 0x00, 0x00, 0xAC, 0x25, 0x01, 0x00, 0xBA, 0xDF, 0x01, 0x00, 0xA6, 0xA4, 0x02, 0x00
	.byte 0xBE, 0x68, 0x03, 0x00, 0xF0, 0x24, 0x04, 0x00, 0xC2, 0x7B, 0x00, 0x00, 0xBE, 0x25, 0x01, 0x00
	.byte 0xCC, 0xDF, 0x01, 0x00, 0xBC, 0xA4, 0x02, 0x00, 0xD0, 0x68, 0x03, 0x00, 0x02, 0x25, 0x04, 0x00
	.byte 0xF2, 0x7B, 0x00, 0x00, 0xD2, 0x25, 0x01, 0x00, 0xE0, 0xDF, 0x01, 0x00, 0xD0, 0xA4, 0x02, 0x00
	.byte 0xE4, 0x68, 0x03, 0x00, 0x14, 0x25, 0x04, 0x00, 0x1E, 0x7C, 0x00, 0x00, 0xE2, 0x25, 0x01, 0x00
	.byte 0xF0, 0xDF, 0x01, 0x00, 0xE4, 0xA4, 0x02, 0x00, 0xF8, 0x68, 0x03, 0x00, 0x26, 0x25, 0x04, 0x00
	.byte 0x4C, 0x7C, 0x00, 0x00, 0xF4, 0x25, 0x01, 0x00, 0x02, 0xE0, 0x01, 0x00, 0xF6, 0xA4, 0x02, 0x00
	.byte 0x10, 0x69, 0x03, 0x00, 0x3A, 0x25, 0x04, 0x00, 0x74, 0x7C, 0x00, 0x00, 0x08, 0x26, 0x01, 0x00
	.byte 0x16, 0xE0, 0x01, 0x00, 0x0A, 0xA5, 0x02, 0x00, 0x22, 0x69, 0x03, 0x00, 0x4E, 0x25, 0x04, 0x00
	.byte 0x96, 0x7C, 0x00, 0x00, 0x1E, 0x26, 0x01, 0x00, 0x2C, 0xE0, 0x01, 0x00, 0x22, 0xA5, 0x02, 0x00
	.byte 0x3A, 0x69, 0x03, 0x00, 0x66, 0x25, 0x04, 0x00, 0xC8, 0x7C, 0x00, 0x00, 0x30, 0x26, 0x01, 0x00
	.byte 0x3E, 0xE0, 0x01, 0x00, 0x36, 0xA5, 0x02, 0x00, 0x4E, 0x69, 0x03, 0x00, 0x78, 0x25, 0x04, 0x00
	.byte 0x00, 0x7D, 0x00, 0x00, 0x44, 0x26, 0x01, 0x00, 0x52, 0xE0, 0x01, 0x00, 0x4A, 0xA5, 0x02, 0x00
	.byte 0x64, 0x69, 0x03, 0x00, 0x8C, 0x25, 0x04, 0x00, 0x3A, 0x7D, 0x00, 0x00, 0x5A, 0x26, 0x01, 0x00
	.byte 0x68, 0xE0, 0x01, 0x00, 0x6C, 0xA5, 0x02, 0x00, 0x7C, 0x69, 0x03, 0x00, 0xAC, 0x25, 0x04, 0x00
	.byte 0x74, 0x7D, 0x00, 0x00, 0x72, 0x26, 0x01, 0x00, 0x84, 0xE0, 0x01, 0x00, 0x88, 0xA5, 0x02, 0x00
	.byte 0x98, 0x69, 0x03, 0x00, 0xCA, 0x25, 0x04, 0x00, 0x76, 0x7D, 0x00, 0x00, 0x74, 0x26, 0x01, 0x00
	.byte 0x86, 0xE0, 0x01, 0x00, 0x8A, 0xA5, 0x02, 0x00, 0x9A, 0x69, 0x03, 0x00, 0xCC, 0x25, 0x04, 0x00
	.byte 0x78, 0x7D, 0x00, 0x00, 0x76, 0x26, 0x01, 0x00, 0x88, 0xE0, 0x01, 0x00, 0x8C, 0xA5, 0x02, 0x00
	.byte 0x9C, 0x69, 0x03, 0x00, 0xCE, 0x25, 0x04, 0x00, 0x90, 0x7D, 0x00, 0x00, 0x98, 0x26, 0x01, 0x00
	.byte 0xB0, 0xE0, 0x01, 0x00, 0xCA, 0xA5, 0x02, 0x00, 0xC0, 0x69, 0x03, 0x00, 0xF8, 0x25, 0x04, 0x00
	.byte 0xAC, 0x7D, 0x00, 0x00, 0xBA, 0x26, 0x01, 0x00, 0xDC, 0xE0, 0x01, 0x00, 0x0A, 0xA6, 0x02, 0x00
	.byte 0xE6, 0x69, 0x03, 0x00, 0x26, 0x26, 0x04, 0x00, 0xC4, 0x7D, 0x00, 0x00, 0xDE, 0x26, 0x01, 0x00
	.byte 0x08, 0xE1, 0x01, 0x00, 0x4C, 0xA6, 0x02, 0x00, 0x0E, 0x6A, 0x03, 0x00, 0x54, 0x26, 0x04, 0x00
	.byte 0xC6, 0x7D, 0x00, 0x00, 0xE0, 0x26, 0x01, 0x00, 0x0A, 0xE1, 0x01, 0x00, 0x4E, 0xA6, 0x02, 0x00
	.byte 0x10, 0x6A, 0x03, 0x00, 0x56, 0x26, 0x04, 0x00, 0xDE, 0x7D, 0x00, 0x00, 0x02, 0x27, 0x01, 0x00
	.byte 0x3A, 0xE1, 0x01, 0x00, 0x8C, 0xA6, 0x02, 0x00, 0x36, 0x6A, 0x03, 0x00, 0x84, 0x26, 0x04, 0x00
	.byte 0xE0, 0x7D, 0x00, 0x00, 0x04, 0x27, 0x01, 0x00, 0x3C, 0xE1, 0x01, 0x00, 0x8E, 0xA6, 0x02, 0x00
	.byte 0x38, 0x6A, 0x03, 0x00, 0x86, 0x26, 0x04, 0x00, 0xF8, 0x7D, 0x00, 0x00, 0x28, 0x27, 0x01, 0x00
	.byte 0x6A, 0xE1, 0x01, 0x00, 0xCE, 0xA6, 0x02, 0x00, 0x60, 0x6A, 0x03, 0x00, 0xB4, 0x26, 0x04, 0x00
	.byte 0xFA, 0x7D, 0x00, 0x00, 0x2A, 0x27, 0x01, 0x00, 0x6C, 0xE1, 0x01, 0x00, 0xD0, 0xA6, 0x02, 0x00
	.byte 0x62, 0x6A, 0x03, 0x00, 0xB6, 0x26, 0x04, 0x00, 0x16, 0x7E, 0x00, 0x00, 0x52, 0x27, 0x01, 0x00
	.byte 0x9C, 0xE1, 0x01, 0x00, 0x12, 0xA7, 0x02, 0x00, 0x8C, 0x6A, 0x03, 0x00, 0xF2, 0x26, 0x04, 0x00
	.byte 0x18, 0x7E, 0x00, 0x00, 0x54, 0x27, 0x01, 0x00, 0x9E, 0xE1, 0x01, 0x00, 0x14, 0xA7, 0x02, 0x00
	.byte 0x8E, 0x6A, 0x03, 0x00, 0xF4, 0x26, 0x04, 0x00, 0x36, 0x7E, 0x00, 0x00, 0x76, 0x27, 0x01, 0x00
	.byte 0xCA, 0xE1, 0x01, 0x00, 0x54, 0xA7, 0x02, 0x00, 0xB4, 0x6A, 0x03, 0x00, 0x20, 0x27, 0x04, 0x00
	.byte 0x38, 0x7E, 0x00, 0x00, 0x78, 0x27, 0x01, 0x00, 0xCC, 0xE1, 0x01, 0x00, 0x56, 0xA7, 0x02, 0x00
	.byte 0xB6, 0x6A, 0x03, 0x00, 0x22, 0x27, 0x04, 0x00, 0x80, 0x7E, 0x00, 0x00, 0x9C, 0x27, 0x01, 0x00
	.byte 0xEE, 0xE1, 0x01, 0x00, 0x7C, 0xA7, 0x02, 0x00, 0xD8, 0x6A, 0x03, 0x00, 0x4C, 0x27, 0x04, 0x00
	.byte 0xA8, 0x7E, 0x00, 0x00, 0xC8, 0x27, 0x01, 0x00, 0x18, 0xE2, 0x01, 0x00, 0x9E, 0xA7, 0x02, 0x00
	.byte 0x00, 0x6B, 0x03, 0x00, 0x7E, 0x27, 0x04, 0x00, 0xCA, 0x7E, 0x00, 0x00, 0xE8, 0x27, 0x01, 0x00
	.byte 0x36, 0xE2, 0x01, 0x00, 0xCA, 0xA7, 0x02, 0x00, 0x2A, 0x6B, 0x03, 0x00, 0xA6, 0x27, 0x04, 0x00
	.byte 0xEE, 0x7E, 0x00, 0x00, 0x04, 0x28, 0x01, 0x00, 0x58, 0xE2, 0x01, 0x00, 0xF2, 0xA7, 0x02, 0x00
	.byte 0x46, 0x6B, 0x03, 0x00, 0xCE, 0x27, 0x04, 0x00, 0x1A, 0x7F, 0x00, 0x00, 0x2E, 0x28, 0x01, 0x00
	.byte 0x96, 0xE2, 0x01, 0x00, 0x30, 0xA8, 0x02, 0x00, 0x74, 0x6B, 0x03, 0x00, 0x04, 0x28, 0x04, 0x00
	.byte 0x1C, 0x7F, 0x00, 0x00, 0x30, 0x28, 0x01, 0x00, 0x98, 0xE2, 0x01, 0x00, 0x32, 0xA8, 0x02, 0x00
	.byte 0x76, 0x6B, 0x03, 0x00, 0x06, 0x28, 0x04, 0x00, 0x1E, 0x7F, 0x00, 0x00, 0x32, 0x28, 0x01, 0x00
	.byte 0x9A, 0xE2, 0x01, 0x00, 0x34, 0xA8, 0x02, 0x00, 0x78, 0x6B, 0x03, 0x00, 0x08, 0x28, 0x04, 0x00
	.byte 0x3E, 0x7F, 0x00, 0x00, 0x68, 0x28, 0x01, 0x00, 0xE6, 0xE2, 0x01, 0x00, 0x70, 0xA8, 0x02, 0x00
	.byte 0xBC, 0x6B, 0x03, 0x00, 0x4E, 0x28, 0x04, 0x00, 0x62, 0x7F, 0x00, 0x00, 0x98, 0x28, 0x01, 0x00
	.byte 0x1C, 0xE3, 0x01, 0x00, 0xA8, 0xA8, 0x02, 0x00, 0xF0, 0x6B, 0x03, 0x00, 0x86, 0x28, 0x04, 0x00
	.byte 0x64, 0x7F, 0x00, 0x00, 0x9A, 0x28, 0x01, 0x00, 0x1E, 0xE3, 0x01, 0x00, 0xAA, 0xA8, 0x02, 0x00
	.byte 0xF2, 0x6B, 0x03, 0x00, 0x88, 0x28, 0x04, 0x00, 0x96, 0x7F, 0x00, 0x00, 0xD6, 0x28, 0x01, 0x00
	.byte 0x5A, 0xE3, 0x01, 0x00, 0xF6, 0xA8, 0x02, 0x00, 0x34, 0x6C, 0x03, 0x00, 0xDA, 0x28, 0x04, 0x00
	.byte 0xC4, 0x7F, 0x00, 0x00, 0x0E, 0x29, 0x01, 0x00, 0xA0, 0xE3, 0x01, 0x00, 0x3A, 0xA9, 0x02, 0x00
	.byte 0x74, 0x6C, 0x03, 0x00, 0x18, 0x29, 0x04, 0x00, 0xE0, 0x7F, 0x00, 0x00, 0x4C, 0x29, 0x01, 0x00
	.byte 0xE4, 0xE3, 0x01, 0x00, 0x84, 0xA9, 0x02, 0x00, 0xC2, 0x6C, 0x03, 0x00, 0x66, 0x29, 0x04, 0x00
	.byte 0xFC, 0x7F, 0x00, 0x00, 0x80, 0x29, 0x01, 0x00, 0x1E, 0xE4, 0x01, 0x00, 0xC2, 0xA9, 0x02, 0x00
	.byte 0x00, 0x6D, 0x03, 0x00, 0xA2, 0x29, 0x04, 0x00, 0xFE, 0x7F, 0x00, 0x00, 0x82, 0x29, 0x01, 0x00
	.byte 0x20, 0xE4, 0x01, 0x00, 0xC4, 0xA9, 0x02, 0x00, 0x02, 0x6D, 0x03, 0x00, 0xA4, 0x29, 0x04, 0x00
	.byte 0x00, 0x80, 0x00, 0x00, 0x84, 0x29, 0x01, 0x00, 0x22, 0xE4, 0x01, 0x00, 0xC6, 0xA9, 0x02, 0x00
	.byte 0x04, 0x6D, 0x03, 0x00, 0xA6, 0x29, 0x04, 0x00, 0x02, 0x80, 0x00, 0x00, 0x86, 0x29, 0x01, 0x00
	.byte 0x24, 0xE4, 0x01, 0x00, 0xC8, 0xA9, 0x02, 0x00, 0x06, 0x6D, 0x03, 0x00, 0xA8, 0x29, 0x04, 0x00
	.byte 0x04, 0x80, 0x00, 0x00, 0x88, 0x29, 0x01, 0x00, 0x26, 0xE4, 0x01, 0x00, 0xCA, 0xA9, 0x02, 0x00
	.byte 0x08, 0x6D, 0x03, 0x00, 0xAA, 0x29, 0x04, 0x00, 0x06, 0x80, 0x00, 0x00, 0x8A, 0x29, 0x01, 0x00
	.byte 0x28, 0xE4, 0x01, 0x00, 0xCC, 0xA9, 0x02, 0x00, 0x0A, 0x6D, 0x03, 0x00, 0xAC, 0x29, 0x04, 0x00
	.byte 0x08, 0x80, 0x00, 0x00, 0x8C, 0x29, 0x01, 0x00, 0x2A, 0xE4, 0x01, 0x00, 0xCE, 0xA9, 0x02, 0x00
	.byte 0x0C, 0x6D, 0x03, 0x00, 0xAE, 0x29, 0x04, 0x00, 0x0A, 0x80, 0x00, 0x00, 0x8E, 0x29, 0x01, 0x00
	.byte 0x2C, 0xE4, 0x01, 0x00, 0xD0, 0xA9, 0x02, 0x00, 0x0E, 0x6D, 0x03, 0x00, 0xB0, 0x29, 0x04, 0x00
	.byte 0x0C, 0x80, 0x00, 0x00, 0x90, 0x29, 0x01, 0x00, 0x2E, 0xE4, 0x01, 0x00, 0xD2, 0xA9, 0x02, 0x00
	.byte 0x10, 0x6D, 0x03, 0x00, 0xB2, 0x29, 0x04, 0x00, 0x0E, 0x80, 0x00, 0x00, 0x92, 0x29, 0x01, 0x00
	.byte 0x30, 0xE4, 0x01, 0x00, 0xD4, 0xA9, 0x02, 0x00, 0x12, 0x6D, 0x03, 0x00, 0xB4, 0x29, 0x04, 0x00
	.byte 0x4C, 0x80, 0x00, 0x00, 0xA6, 0x29, 0x01, 0x00, 0x46, 0xE4, 0x01, 0x00, 0xE4, 0xA9, 0x02, 0x00
	.byte 0x2A, 0x6D, 0x03, 0x00, 0xD2, 0x29, 0x04, 0x00, 0x86, 0x80, 0x00, 0x00, 0xBA, 0x29, 0x01, 0x00
	.byte 0x5A, 0xE4, 0x01, 0x00, 0xF6, 0xA9, 0x02, 0x00, 0x46, 0x6D, 0x03, 0x00, 0xF0, 0x29, 0x04, 0x00
	.byte 0xC0, 0x80, 0x00, 0x00, 0xCE, 0x29, 0x01, 0x00, 0x70, 0xE4, 0x01, 0x00, 0x06, 0xAA, 0x02, 0x00
	.byte 0x60, 0x6D, 0x03, 0x00, 0x0E, 0x2A, 0x04, 0x00, 0xEE, 0x80, 0x00, 0x00, 0xD8, 0x29, 0x01, 0x00
	.byte 0x7E, 0xE4, 0x01, 0x00, 0x0E, 0xAA, 0x02, 0x00, 0x72, 0x6D, 0x03, 0x00, 0x20, 0x2A, 0x04, 0x00
	.byte 0x1E, 0x81, 0x00, 0x00, 0xE4, 0x29, 0x01, 0x00, 0x8C, 0xE4, 0x01, 0x00, 0x16, 0xAA, 0x02, 0x00
	.byte 0x82, 0x6D, 0x03, 0x00, 0x32, 0x2A, 0x04, 0x00, 0x50, 0x81, 0x00, 0x00, 0xF2, 0x29, 0x01, 0x00
	.byte 0x9E, 0xE4, 0x01, 0x00, 0x20, 0xAA, 0x02, 0x00, 0x92, 0x6D, 0x03, 0x00, 0x40, 0x2A, 0x04, 0x00
	.byte 0x64, 0x81, 0x00, 0x00, 0x04, 0x2A, 0x01, 0x00, 0xB0, 0xE4, 0x01, 0x00, 0x34, 0xAA, 0x02, 0x00
	.byte 0xA6, 0x6D, 0x03, 0x00, 0x56, 0x2A, 0x04, 0x00, 0x76, 0x81, 0x00, 0x00, 0x18, 0x2A, 0x01, 0x00
	.byte 0xC6, 0xE4, 0x01, 0x00, 0x4C, 0xAA, 0x02, 0x00, 0xBC, 0x6D, 0x03, 0x00, 0x6C, 0x2A, 0x04, 0x00
	.byte 0x88, 0x81, 0x00, 0x00, 0x2E, 0x2A, 0x01, 0x00, 0xE0, 0xE4, 0x01, 0x00, 0x64, 0xAA, 0x02, 0x00
	.byte 0xD8, 0x6D, 0x03, 0x00, 0x90, 0x2A, 0x04, 0x00, 0x9C, 0x81, 0x00, 0x00, 0x3C, 0x2A, 0x01, 0x00
	.byte 0xF0, 0xE4, 0x01, 0x00, 0x7E, 0xAA, 0x02, 0x00, 0xEC, 0x6D, 0x03, 0x00, 0xA0, 0x2A, 0x04, 0x00
	.byte 0xAE, 0x81, 0x00, 0x00, 0x58, 0x2A, 0x01, 0x00, 0x10, 0xE5, 0x01, 0x00, 0x9E, 0xAA, 0x02, 0x00
	.byte 0x06, 0x6E, 0x03, 0x00, 0xBE, 0x2A, 0x04, 0x00, 0xC2, 0x81, 0x00, 0x00, 0x6A, 0x2A, 0x01, 0x00
	.byte 0x24, 0xE5, 0x01, 0x00, 0xB0, 0xAA, 0x02, 0x00, 0x18, 0x6E, 0x03, 0x00, 0xD6, 0x2A, 0x04, 0x00
	.byte 0xD8, 0x81, 0x00, 0x00, 0x7A, 0x2A, 0x01, 0x00, 0x36, 0xE5, 0x01, 0x00, 0xC0, 0xAA, 0x02, 0x00
	.byte 0x2A, 0x6E, 0x03, 0x00, 0xEA, 0x2A, 0x04, 0x00, 0xEA, 0x81, 0x00, 0x00, 0x8A, 0x2A, 0x01, 0x00
	.byte 0x4C, 0xE5, 0x01, 0x00, 0xD8, 0xAA, 0x02, 0x00, 0x40, 0x6E, 0x03, 0x00, 0x02, 0x2B, 0x04, 0x00
	.byte 0xFE, 0x81, 0x00, 0x00, 0x9C, 0x2A, 0x01, 0x00, 0x60, 0xE5, 0x01, 0x00, 0xEE, 0xAA, 0x02, 0x00
	.byte 0x52, 0x6E, 0x03, 0x00, 0x22, 0x2B, 0x04, 0x00, 0x0E, 0x82, 0x00, 0x00, 0xA8, 0x2A, 0x01, 0x00
	.byte 0x6E, 0xE5, 0x01, 0x00, 0x02, 0xAB, 0x02, 0x00, 0x5E, 0x6E, 0x03, 0x00, 0x32, 0x2B, 0x04, 0x00
	.byte 0x1A, 0x82, 0x00, 0x00, 0xBA, 0x2A, 0x01, 0x00, 0x80, 0xE5, 0x01, 0x00, 0x18, 0xAB, 0x02, 0x00
	.byte 0x72, 0x6E, 0x03, 0x00, 0x46, 0x2B, 0x04, 0x00, 0x28, 0x82, 0x00, 0x00, 0xCA, 0x2A, 0x01, 0x00
	.byte 0x98, 0xE5, 0x01, 0x00, 0x28, 0xAB, 0x02, 0x00, 0x82, 0x6E, 0x03, 0x00, 0x54, 0x2B, 0x04, 0x00
	.byte 0x34, 0x82, 0x00, 0x00, 0xD8, 0x2A, 0x01, 0x00, 0xA8, 0xE5, 0x01, 0x00, 0x38, 0xAB, 0x02, 0x00
	.byte 0x92, 0x6E, 0x03, 0x00, 0x64, 0x2B, 0x04, 0x00, 0x42, 0x82, 0x00, 0x00, 0xE2, 0x2A, 0x01, 0x00
	.byte 0xB2, 0xE5, 0x01, 0x00, 0x46, 0xAB, 0x02, 0x00, 0xA0, 0x6E, 0x03, 0x00, 0x74, 0x2B, 0x04, 0x00
	.byte 0x50, 0x82, 0x00, 0x00, 0xF2, 0x2A, 0x01, 0x00, 0xC0, 0xE5, 0x01, 0x00, 0x5A, 0xAB, 0x02, 0x00
	.byte 0xB2, 0x6E, 0x03, 0x00, 0x84, 0x2B, 0x04, 0x00, 0x60, 0x82, 0x00, 0x00, 0x00, 0x2B, 0x01, 0x00
	.byte 0xD4, 0xE5, 0x01, 0x00, 0x68, 0xAB, 0x02, 0x00, 0xC6, 0x6E, 0x03, 0x00, 0x9A, 0x2B, 0x04, 0x00
	.byte 0x6E, 0x82, 0x00, 0x00, 0x16, 0x2B, 0x01, 0x00, 0xF0, 0xE5, 0x01, 0x00, 0x80, 0xAB, 0x02, 0x00
	.byte 0xDE, 0x6E, 0x03, 0x00, 0xAE, 0x2B, 0x04, 0x00, 0x7A, 0x82, 0x00, 0x00, 0x28, 0x2B, 0x01, 0x00
	.byte 0x04, 0xE6, 0x01, 0x00, 0x96, 0xAB, 0x02, 0x00, 0xF4, 0x6E, 0x03, 0x00, 0xC2, 0x2B, 0x04, 0x00
	.byte 0x86, 0x82, 0x00, 0x00, 0x40, 0x2B, 0x01, 0x00, 0x18, 0xE6, 0x01, 0x00, 0xB8, 0xAB, 0x02, 0x00
	.byte 0x12, 0x6F, 0x03, 0x00, 0xD6, 0x2B, 0x04, 0x00, 0x98, 0x82, 0x00, 0x00, 0x50, 0x2B, 0x01, 0x00
	.byte 0x2C, 0xE6, 0x01, 0x00, 0xD6, 0xAB, 0x02, 0x00, 0x26, 0x6F, 0x03, 0x00, 0xEC, 0x2B, 0x04, 0x00
	.byte 0xA2, 0x82, 0x00, 0x00, 0x62, 0x2B, 0x01, 0x00, 0x4A, 0xE6, 0x01, 0x00, 0xF0, 0xAB, 0x02, 0x00
	.byte 0x40, 0x6F, 0x03, 0x00, 0x0A, 0x2C, 0x04, 0x00, 0xB4, 0x82, 0x00, 0x00, 0x7C, 0x2B, 0x01, 0x00
	.byte 0x6A, 0xE6, 0x01, 0x00, 0x0E, 0xAC, 0x02, 0x00, 0x58, 0x6F, 0x03, 0x00, 0x22, 0x2C, 0x04, 0x00
	.byte 0xC8, 0x82, 0x00, 0x00, 0x8C, 0x2B, 0x01, 0x00, 0x7C, 0xE6, 0x01, 0x00, 0x1E, 0xAC, 0x02, 0x00
	.byte 0x68, 0x6F, 0x03, 0x00, 0x32, 0x2C, 0x04, 0x00, 0xD8, 0x82, 0x00, 0x00, 0xA2, 0x2B, 0x01, 0x00
	.byte 0x92, 0xE6, 0x01, 0x00, 0x30, 0xAC, 0x02, 0x00, 0x7A, 0x6F, 0x03, 0x00, 0x42, 0x2C, 0x04, 0x00
	.byte 0xE2, 0x82, 0x00, 0x00, 0xB0, 0x2B, 0x01, 0x00, 0xA0, 0xE6, 0x01, 0x00, 0x4A, 0xAC, 0x02, 0x00
	.byte 0x86, 0x6F, 0x03, 0x00, 0x50, 0x2C, 0x04, 0x00, 0xE4, 0x82, 0x00, 0x00, 0xB2, 0x2B, 0x01, 0x00
	.byte 0xA2, 0xE6, 0x01, 0x00, 0x4C, 0xAC, 0x02, 0x00, 0x88, 0x6F, 0x03, 0x00, 0x52, 0x2C, 0x04, 0x00
	.byte 0xE6, 0x82, 0x00, 0x00, 0xB4, 0x2B, 0x01, 0x00, 0xA4, 0xE6, 0x01, 0x00, 0x4E, 0xAC, 0x02, 0x00
	.byte 0x8A, 0x6F, 0x03, 0x00, 0x54, 0x2C, 0x04, 0x00, 0xF4, 0x82, 0x00, 0x00, 0xC2, 0x2B, 0x01, 0x00
	.byte 0xB2, 0xE6, 0x01, 0x00, 0x56, 0xAC, 0x02, 0x00, 0x9E, 0x6F, 0x03, 0x00, 0x64, 0x2C, 0x04, 0x00
	.byte 0x02, 0x83, 0x00, 0x00, 0xD4, 0x2B, 0x01, 0x00, 0xC6, 0xE6, 0x01, 0x00, 0x66, 0xAC, 0x02, 0x00
	.byte 0xB0, 0x6F, 0x03, 0x00, 0x72, 0x2C, 0x04, 0x00, 0x10, 0x83, 0x00, 0x00, 0xE4, 0x2B, 0x01, 0x00
	.byte 0xDA, 0xE6, 0x01, 0x00, 0x76, 0xAC, 0x02, 0x00, 0xBE, 0x6F, 0x03, 0x00, 0x80, 0x2C, 0x04, 0x00
	.byte 0x1E, 0x83, 0x00, 0x00, 0xF4, 0x2B, 0x01, 0x00, 0xEC, 0xE6, 0x01, 0x00, 0x88, 0xAC, 0x02, 0x00
	.byte 0xCC, 0x6F, 0x03, 0x00, 0x8C, 0x2C, 0x04, 0x00, 0x24, 0x83, 0x00, 0x00, 0xFC, 0x2B, 0x01, 0x00
	.byte 0xF4, 0xE6, 0x01, 0x00, 0x96, 0xAC, 0x02, 0x00, 0xD6, 0x6F, 0x03, 0x00, 0x9A, 0x2C, 0x04, 0x00
	.byte 0x3C, 0x83, 0x00, 0x00, 0x18, 0x2C, 0x01, 0x00, 0x0E, 0xE7, 0x01, 0x00, 0xB6, 0xAC, 0x02, 0x00
	.byte 0xF4, 0x6F, 0x03, 0x00, 0xBC, 0x2C, 0x04, 0x00, 0x54, 0x83, 0x00, 0x00, 0x36, 0x2C, 0x01, 0x00
	.byte 0x2C, 0xE7, 0x01, 0x00, 0xD8, 0xAC, 0x02, 0x00, 0x12, 0x70, 0x03, 0x00, 0xDC, 0x2C, 0x04, 0x00
	.byte 0x6C, 0x83, 0x00, 0x00, 0x50, 0x2C, 0x01, 0x00, 0x50, 0xE7, 0x01, 0x00, 0xF8, 0xAC, 0x02, 0x00
	.byte 0x2E, 0x70, 0x03, 0x00, 0xFE, 0x2C, 0x04, 0x00, 0x84, 0x83, 0x00, 0x00, 0x6E, 0x2C, 0x01, 0x00
	.byte 0x74, 0xE7, 0x01, 0x00, 0x1A, 0xAD, 0x02, 0x00, 0x50, 0x70, 0x03, 0x00, 0x1E, 0x2D, 0x04, 0x00
	.byte 0x8E, 0x83, 0x00, 0x00, 0x7C, 0x2C, 0x01, 0x00, 0x88, 0xE7, 0x01, 0x00, 0x2E, 0xAD, 0x02, 0x00
	.byte 0x64, 0x70, 0x03, 0x00, 0x30, 0x2D, 0x04, 0x00, 0x98, 0x83, 0x00, 0x00, 0x88, 0x2C, 0x01, 0x00
	.byte 0x9A, 0xE7, 0x01, 0x00, 0x46, 0xAD, 0x02, 0x00, 0x7C, 0x70, 0x03, 0x00, 0x46, 0x2D, 0x04, 0x00
	.byte 0xA2, 0x83, 0x00, 0x00, 0x9A, 0x2C, 0x01, 0x00, 0xAE, 0xE7, 0x01, 0x00, 0x5C, 0xAD, 0x02, 0x00
	.byte 0x98, 0x70, 0x03, 0x00, 0x5C, 0x2D, 0x04, 0x00, 0xAC, 0x83, 0x00, 0x00, 0xA8, 0x2C, 0x01, 0x00
	.byte 0xC2, 0xE7, 0x01, 0x00, 0x6E, 0xAD, 0x02, 0x00, 0xAC, 0x70, 0x03, 0x00, 0x72, 0x2D, 0x04, 0x00
	.byte 0xB6, 0x83, 0x00, 0x00, 0xB6, 0x2C, 0x01, 0x00, 0xD4, 0xE7, 0x01, 0x00, 0x82, 0xAD, 0x02, 0x00
	.byte 0xC0, 0x70, 0x03, 0x00, 0x88, 0x2D, 0x04, 0x00, 0xC2, 0x83, 0x00, 0x00, 0xC8, 0x2C, 0x01, 0x00
	.byte 0xEA, 0xE7, 0x01, 0x00, 0x98, 0xAD, 0x02, 0x00, 0xD6, 0x70, 0x03, 0x00, 0x9E, 0x2D, 0x04, 0x00
	.byte 0xCE, 0x83, 0x00, 0x00, 0xDA, 0x2C, 0x01, 0x00, 0x00, 0xE8, 0x01, 0x00, 0xAE, 0xAD, 0x02, 0x00
	.byte 0xEC, 0x70, 0x03, 0x00, 0xB4, 0x2D, 0x04, 0x00, 0xDA, 0x83, 0x00, 0x00, 0xEC, 0x2C, 0x01, 0x00
	.byte 0x16, 0xE8, 0x01, 0x00, 0xC4, 0xAD, 0x02, 0x00, 0x02, 0x71, 0x03, 0x00, 0xCA, 0x2D, 0x04, 0x00
	.byte 0xE4, 0x83, 0x00, 0x00, 0xF2, 0x2C, 0x01, 0x00, 0x22, 0xE8, 0x01, 0x00, 0xCA, 0xAD, 0x02, 0x00
	.byte 0x08, 0x71, 0x03, 0x00, 0xD0, 0x2D, 0x04, 0x00, 0xEE, 0x83, 0x00, 0x00, 0xF8, 0x2C, 0x01, 0x00
	.byte 0x28, 0xE8, 0x01, 0x00, 0xD0, 0xAD, 0x02, 0x00, 0x0E, 0x71, 0x03, 0x00, 0xD6, 0x2D, 0x04, 0x00
	.byte 0xF8, 0x83, 0x00, 0x00, 0xFE, 0x2C, 0x01, 0x00, 0x2E, 0xE8, 0x01, 0x00, 0xD6, 0xAD, 0x02, 0x00
	.byte 0x14, 0x71, 0x03, 0x00, 0xDC, 0x2D, 0x04, 0x00, 0x04, 0x84, 0x00, 0x00, 0x08, 0x2D, 0x01, 0x00
	.byte 0x3A, 0xE8, 0x01, 0x00, 0xE0, 0xAD, 0x02, 0x00, 0x1E, 0x71, 0x03, 0x00, 0xE6, 0x2D, 0x04, 0x00
	.byte 0x10, 0x84, 0x00, 0x00, 0x18, 0x2D, 0x01, 0x00, 0x4C, 0xE8, 0x01, 0x00, 0xF6, 0xAD, 0x02, 0x00
	.byte 0x30, 0x71, 0x03, 0x00, 0xF8, 0x2D, 0x04, 0x00, 0x1A, 0x84, 0x00, 0x00, 0x22, 0x2D, 0x01, 0x00
	.byte 0x58, 0xE8, 0x01, 0x00, 0x00, 0xAE, 0x02, 0x00, 0x3E, 0x71, 0x03, 0x00, 0x04, 0x2E, 0x04, 0x00
	.byte 0x24, 0x84, 0x00, 0x00, 0x2E, 0x2D, 0x01, 0x00, 0x64, 0xE8, 0x01, 0x00, 0x0C, 0xAE, 0x02, 0x00
	.byte 0x52, 0x71, 0x03, 0x00, 0x16, 0x2E, 0x04, 0x00, 0x2A, 0x84, 0x00, 0x00, 0x36, 0x2D, 0x01, 0x00
	.byte 0x70, 0xE8, 0x01, 0x00, 0x18, 0xAE, 0x02, 0x00, 0x5E, 0x71, 0x03, 0x00, 0x1E, 0x2E, 0x04, 0x00
	.byte 0x3E, 0x84, 0x00, 0x00, 0x44, 0x2D, 0x01, 0x00, 0x7E, 0xE8, 0x01, 0x00, 0x26, 0xAE, 0x02, 0x00
	.byte 0x6A, 0x71, 0x03, 0x00, 0x2C, 0x2E, 0x04, 0x00, 0x46, 0x84, 0x00, 0x00, 0x4C, 0x2D, 0x01, 0x00
	.byte 0x86, 0xE8, 0x01, 0x00, 0x2E, 0xAE, 0x02, 0x00, 0x72, 0x71, 0x03, 0x00, 0x34, 0x2E, 0x04, 0x00
	.byte 0x52, 0x84, 0x00, 0x00, 0x56, 0x2D, 0x01, 0x00, 0x90, 0xE8, 0x01, 0x00, 0x38, 0xAE, 0x02, 0x00
	.byte 0x7C, 0x71, 0x03, 0x00, 0x3E, 0x2E, 0x04, 0x00, 0x5C, 0x84, 0x00, 0x00, 0x5C, 0x2D, 0x01, 0x00
	.byte 0x9E, 0xE8, 0x01, 0x00, 0x40, 0xAE, 0x02, 0x00, 0x86, 0x71, 0x03, 0x00, 0x46, 0x2E, 0x04, 0x00
	.byte 0x6C, 0x84, 0x00, 0x00, 0x72, 0x2D, 0x01, 0x00, 0xC0, 0xE8, 0x01, 0x00, 0x5A, 0xAE, 0x02, 0x00
	.byte 0xA2, 0x71, 0x03, 0x00, 0x5E, 0x2E, 0x04, 0x00, 0x7C, 0x84, 0x00, 0x00, 0x86, 0x2D, 0x01, 0x00
	.byte 0xD6, 0xE8, 0x01, 0x00, 0x70, 0xAE, 0x02, 0x00, 0xB6, 0x71, 0x03, 0x00, 0x7C, 0x2E, 0x04, 0x00
	.byte 0x86, 0x84, 0x00, 0x00, 0x90, 0x2D, 0x01, 0x00, 0xD8, 0xE8, 0x01, 0x00, 0x72, 0xAE, 0x02, 0x00
	.byte 0xB8, 0x71, 0x03, 0x00, 0x7E, 0x2E, 0x04, 0x00, 0x90, 0x84, 0x00, 0x00, 0x9A, 0x2D, 0x01, 0x00
	.byte 0xDA, 0xE8, 0x01, 0x00, 0x74, 0xAE, 0x02, 0x00, 0xBA, 0x71, 0x03, 0x00, 0x80, 0x2E, 0x04, 0x00
	.byte 0x9C, 0x84, 0x00, 0x00, 0xAC, 0x2D, 0x01, 0x00, 0xEA, 0xE8, 0x01, 0x00, 0x88, 0xAE, 0x02, 0x00
	.byte 0xCC, 0x71, 0x03, 0x00, 0x94, 0x2E, 0x04, 0x00, 0xA6, 0x84, 0x00, 0x00, 0xBE, 0x2D, 0x01, 0x00
	.byte 0xFA, 0xE8, 0x01, 0x00, 0xA0, 0xAE, 0x02, 0x00, 0xDE, 0x71, 0x03, 0x00, 0xA8, 0x2E, 0x04, 0x00
	.byte 0xAE, 0x84, 0x00, 0x00, 0xC6, 0x2D, 0x01, 0x00, 0x02, 0xE9, 0x01, 0x00, 0xA8, 0xAE, 0x02, 0x00
	.byte 0xE6, 0x71, 0x03, 0x00, 0xB0, 0x2E, 0x04, 0x00, 0xBC, 0x84, 0x00, 0x00, 0xD8, 0x2D, 0x01, 0x00
	.byte 0x14, 0xE9, 0x01, 0x00, 0xBA, 0xAE, 0x02, 0x00, 0xF2, 0x71, 0x03, 0x00, 0xC0, 0x2E, 0x04, 0x00
	.byte 0xC8, 0x84, 0x00, 0x00, 0xEA, 0x2D, 0x01, 0x00, 0x26, 0xE9, 0x01, 0x00, 0xCC, 0xAE, 0x02, 0x00
	.byte 0xFE, 0x71, 0x03, 0x00, 0xD0, 0x2E, 0x04, 0x00, 0xD0, 0x84, 0x00, 0x00, 0xF2, 0x2D, 0x01, 0x00
	.byte 0x2E, 0xE9, 0x01, 0x00, 0xD4, 0xAE, 0x02, 0x00, 0x06, 0x72, 0x03, 0x00, 0xD8, 0x2E, 0x04, 0x00
	.byte 0xD8, 0x84, 0x00, 0x00, 0xFA, 0x2D, 0x01, 0x00, 0x36, 0xE9, 0x01, 0x00, 0xDC, 0xAE, 0x02, 0x00
	.byte 0x0E, 0x72, 0x03, 0x00, 0xE0, 0x2E, 0x04, 0x00, 0xE0, 0x84, 0x00, 0x00, 0x02, 0x2E, 0x01, 0x00
	.byte 0x3E, 0xE9, 0x01, 0x00, 0xE4, 0xAE, 0x02, 0x00, 0x16, 0x72, 0x03, 0x00, 0xE8, 0x2E, 0x04, 0x00
	.byte 0xF2, 0x84, 0x00, 0x00, 0x1C, 0x2E, 0x01, 0x00, 0x5E, 0xE9, 0x01, 0x00, 0x06, 0xAF, 0x02, 0x00
	.byte 0x36, 0x72, 0x03, 0x00, 0x06, 0x2F, 0x04, 0x00, 0xFA, 0x84, 0x00, 0x00, 0x24, 0x2E, 0x01, 0x00
	.byte 0x66, 0xE9, 0x01, 0x00, 0x0E, 0xAF, 0x02, 0x00, 0x3E, 0x72, 0x03, 0x00, 0x0E, 0x2F, 0x04, 0x00
	.byte 0x04, 0x85, 0x00, 0x00, 0x38, 0x2E, 0x01, 0x00, 0x78, 0xE9, 0x01, 0x00, 0x22, 0xAF, 0x02, 0x00
	.byte 0x52, 0x72, 0x03, 0x00, 0x24, 0x2F, 0x04, 0x00, 0x16, 0x85, 0x00, 0x00, 0x50, 0x2E, 0x01, 0x00
	.byte 0x96, 0xE9, 0x01, 0x00, 0x42, 0xAF, 0x02, 0x00, 0x70, 0x72, 0x03, 0x00, 0x42, 0x2F, 0x04, 0x00
	.byte 0x26, 0x85, 0x00, 0x00, 0x5E, 0x2E, 0x01, 0x00, 0xAA, 0xE9, 0x01, 0x00, 0x54, 0xAF, 0x02, 0x00
	.byte 0x82, 0x72, 0x03, 0x00, 0x54, 0x2F, 0x04, 0x00, 0x32, 0x85, 0x00, 0x00, 0x6C, 0x2E, 0x01, 0x00
	.byte 0xBE, 0xE9, 0x01, 0x00, 0x70, 0xAF, 0x02, 0x00, 0x92, 0x72, 0x03, 0x00, 0x66, 0x2F, 0x04, 0x00
	.byte 0x44, 0x85, 0x00, 0x00, 0x88, 0x2E, 0x01, 0x00, 0xDC, 0xE9, 0x01, 0x00, 0x84, 0xAF, 0x02, 0x00
	.byte 0xA6, 0x72, 0x03, 0x00, 0x84, 0x2F, 0x04, 0x00, 0x4E, 0x85, 0x00, 0x00, 0x98, 0x2E, 0x01, 0x00
	.byte 0xEE, 0xE9, 0x01, 0x00, 0x9A, 0xAF, 0x02, 0x00, 0xB8, 0x72, 0x03, 0x00, 0x94, 0x2F, 0x04, 0x00
	.byte 0x56, 0x85, 0x00, 0x00, 0xA0, 0x2E, 0x01, 0x00, 0xF6, 0xE9, 0x01, 0x00, 0xA2, 0xAF, 0x02, 0x00
	.byte 0xC0, 0x72, 0x03, 0x00, 0x9C, 0x2F, 0x04, 0x00, 0x5E, 0x85, 0x00, 0x00, 0xA8, 0x2E, 0x01, 0x00
	.byte 0xFE, 0xE9, 0x01, 0x00, 0xAA, 0xAF, 0x02, 0x00, 0xC8, 0x72, 0x03, 0x00, 0xA4, 0x2F, 0x04, 0x00
	.byte 0x6E, 0x85, 0x00, 0x00, 0xB6, 0x2E, 0x01, 0x00, 0x10, 0xEA, 0x01, 0x00, 0xBA, 0xAF, 0x02, 0x00
	.byte 0xD8, 0x72, 0x03, 0x00, 0xB8, 0x2F, 0x04, 0x00, 0xA6, 0x85, 0x00, 0x00, 0xF2, 0x2E, 0x01, 0x00
	.byte 0x54, 0xEA, 0x01, 0x00, 0xFE, 0xAF, 0x02, 0x00, 0x1A, 0x73, 0x03, 0x00, 0xF8, 0x2F, 0x04, 0x00
	.byte 0xDC, 0x85, 0x00, 0x00, 0x30, 0x2F, 0x01, 0x00, 0x9E, 0xEA, 0x01, 0x00, 0x52, 0xB0, 0x02, 0x00
	.byte 0x5A, 0x73, 0x03, 0x00, 0x36, 0x30, 0x04, 0x00, 0x14, 0x86, 0x00, 0x00, 0x6C, 0x2F, 0x01, 0x00
	.byte 0xE6, 0xEA, 0x01, 0x00, 0x94, 0xB0, 0x02, 0x00, 0x98, 0x73, 0x03, 0x00, 0x74, 0x30, 0x04, 0x00
	.byte 0x46, 0x86, 0x00, 0x00, 0xA2, 0x2F, 0x01, 0x00, 0x24, 0xEB, 0x01, 0x00, 0xCE, 0xB0, 0x02, 0x00
	.byte 0xCE, 0x73, 0x03, 0x00, 0xAA, 0x30, 0x04, 0x00, 0x70, 0x86, 0x00, 0x00, 0xD4, 0x2F, 0x01, 0x00
	.byte 0x6A, 0xEB, 0x01, 0x00, 0x04, 0xB1, 0x02, 0x00, 0x04, 0x74, 0x03, 0x00, 0xDE, 0x30, 0x04, 0x00
	.byte 0xAC, 0x86, 0x00, 0x00, 0x14, 0x30, 0x01, 0x00, 0xAC, 0xEB, 0x01, 0x00, 0x3E, 0xB1, 0x02, 0x00
	.byte 0x4C, 0x74, 0x03, 0x00, 0x2A, 0x31, 0x04, 0x00, 0xE8, 0x86, 0x00, 0x00, 0x58, 0x30, 0x01, 0x00
	.byte 0xF2, 0xEB, 0x01, 0x00, 0x78, 0xB1, 0x02, 0x00, 0x96, 0x74, 0x03, 0x00, 0x78, 0x31, 0x04, 0x00
	.byte 0x24, 0x87, 0x00, 0x00, 0xA6, 0x30, 0x01, 0x00, 0x48, 0xEC, 0x01, 0x00, 0xD0, 0xB1, 0x02, 0x00
	.byte 0xE8, 0x74, 0x03, 0x00, 0xD4, 0x31, 0x04, 0x00, 0x70, 0x87, 0x00, 0x00, 0x0C, 0x31, 0x01, 0x00
	.byte 0xCC, 0xEC, 0x01, 0x00, 0x4A, 0xB2, 0x02, 0x00, 0x5A, 0x75, 0x03, 0x00, 0x3E, 0x32, 0x04, 0x00
	.byte 0x9E, 0x87, 0x00, 0x00, 0x36, 0x31, 0x01, 0x00, 0x1C, 0xED, 0x01, 0x00, 0x7C, 0xB2, 0x02, 0x00
	.byte 0x98, 0x75, 0x03, 0x00, 0x72, 0x32, 0x04, 0x00, 0xCC, 0x87, 0x00, 0x00, 0x5E, 0x31, 0x01, 0x00
	.byte 0x6A, 0xED, 0x01, 0x00, 0xB2, 0xB2, 0x02, 0x00, 0xCE, 0x75, 0x03, 0x00, 0xA6, 0x32, 0x04, 0x00
	.byte 0xFA, 0x87, 0x00, 0x00, 0x88, 0x31, 0x01, 0x00, 0xB8, 0xED, 0x01, 0x00, 0xE6, 0xB2, 0x02, 0x00
	.byte 0x10, 0x76, 0x03, 0x00, 0xDE, 0x32, 0x04, 0x00, 0x1E, 0x88, 0x00, 0x00, 0xB2, 0x31, 0x01, 0x00
	.byte 0x08, 0xEE, 0x01, 0x00, 0x16, 0xB3, 0x02, 0x00, 0x40, 0x76, 0x03, 0x00, 0x12, 0x33, 0x04, 0x00
	.byte 0x42, 0x88, 0x00, 0x00, 0xDC, 0x31, 0x01, 0x00, 0x56, 0xEE, 0x01, 0x00, 0x4A, 0xB3, 0x02, 0x00
	.byte 0x70, 0x76, 0x03, 0x00, 0x46, 0x33, 0x04, 0x00, 0x70, 0x88, 0x00, 0x00, 0x06, 0x32, 0x01, 0x00
	.byte 0xA6, 0xEE, 0x01, 0x00, 0x7E, 0xB3, 0x02, 0x00, 0xA2, 0x76, 0x03, 0x00, 0x7C, 0x33, 0x04, 0x00
	.byte 0xA6, 0x88, 0x00, 0x00, 0x40, 0x32, 0x01, 0x00, 0xF6, 0xEE, 0x01, 0x00, 0xC6, 0xB3, 0x02, 0x00
	.byte 0xE6, 0x76, 0x03, 0x00, 0xC0, 0x33, 0x04, 0x00, 0xD2, 0x88, 0x00, 0x00, 0x8C, 0x32, 0x01, 0x00
	.byte 0x3C, 0xEF, 0x01, 0x00, 0x26, 0xB4, 0x02, 0x00, 0x3C, 0x77, 0x03, 0x00, 0x02, 0x34, 0x04, 0x00
	.byte 0x02, 0x89, 0x00, 0x00, 0xB4, 0x32, 0x01, 0x00, 0x8E, 0xEF, 0x01, 0x00, 0x58, 0xB4, 0x02, 0x00
	.byte 0x7A, 0x77, 0x03, 0x00, 0x3A, 0x34, 0x04, 0x00, 0x34, 0x89, 0x00, 0x00, 0xDA, 0x32, 0x01, 0x00
	.byte 0xC0, 0xEF, 0x01, 0x00, 0x82, 0xB4, 0x02, 0x00, 0xA8, 0x77, 0x03, 0x00, 0x66, 0x34, 0x04, 0x00
	.byte 0x7A, 0x89, 0x00, 0x00, 0x28, 0x33, 0x01, 0x00, 0x1E, 0xF0, 0x01, 0x00, 0xD8, 0xB4, 0x02, 0x00
	.byte 0xF4, 0x77, 0x03, 0x00, 0xB4, 0x34, 0x04, 0x00, 0x9E, 0x89, 0x00, 0x00, 0x50, 0x33, 0x01, 0x00
	.byte 0x52, 0xF0, 0x01, 0x00, 0x02, 0xB5, 0x02, 0x00, 0x20, 0x78, 0x03, 0x00, 0xE2, 0x34, 0x04, 0x00
	.byte 0xD2, 0x89, 0x00, 0x00, 0x9C, 0x33, 0x01, 0x00, 0xA8, 0xF0, 0x01, 0x00, 0x5A, 0xB5, 0x02, 0x00
	.byte 0x72, 0x78, 0x03, 0x00, 0x42, 0x35, 0x04, 0x00, 0xF4, 0x89, 0x00, 0x00, 0xBE, 0x33, 0x01, 0x00
	.byte 0xD2, 0xF0, 0x01, 0x00, 0x84, 0xB5, 0x02, 0x00, 0x98, 0x78, 0x03, 0x00, 0x66, 0x35, 0x04, 0x00
	.byte 0x3A, 0x8A, 0x00, 0x00, 0x1C, 0x34, 0x01, 0x00, 0x3C, 0xF1, 0x01, 0x00, 0xEE, 0xB5, 0x02, 0x00
	.byte 0x02, 0x79, 0x03, 0x00, 0xD2, 0x35, 0x04, 0x00, 0x74, 0x8A, 0x00, 0x00, 0x5E, 0x34, 0x01, 0x00
	.byte 0x8E, 0xF1, 0x01, 0x00, 0x32, 0xB6, 0x02, 0x00, 0x50, 0x79, 0x03, 0x00, 0x1C, 0x36, 0x04, 0x00
	.byte 0x90, 0x8A, 0x00, 0x00, 0x88, 0x34, 0x01, 0x00, 0xCE, 0xF1, 0x01, 0x00, 0x64, 0xB6, 0x02, 0x00
	.byte 0x7C, 0x79, 0x03, 0x00, 0x4A, 0x36, 0x04, 0x00, 0xAC, 0x8A, 0x00, 0x00, 0xB2, 0x34, 0x01, 0x00
	.byte 0x0E, 0xF2, 0x01, 0x00, 0x96, 0xB6, 0x02, 0x00, 0xA8, 0x79, 0x03, 0x00, 0x78, 0x36, 0x04, 0x00
	.byte 0xC8, 0x8A, 0x00, 0x00, 0xDC, 0x34, 0x01, 0x00, 0x4E, 0xF2, 0x01, 0x00, 0xC8, 0xB6, 0x02, 0x00
	.byte 0xD4, 0x79, 0x03, 0x00, 0xA6, 0x36, 0x04, 0x00, 0xE6, 0x8A, 0x00, 0x00, 0xF2, 0x34, 0x01, 0x00
	.byte 0x78, 0xF2, 0x01, 0x00, 0xDA, 0xB6, 0x02, 0x00, 0xF2, 0x79, 0x03, 0x00, 0xC6, 0x36, 0x04, 0x00
	.byte 0x1A, 0x8B, 0x00, 0x00, 0x38, 0x35, 0x01, 0x00, 0xC8, 0xF2, 0x01, 0x00, 0x20, 0xB7, 0x02, 0x00
	.byte 0x38, 0x7A, 0x03, 0x00, 0x0A, 0x37, 0x04, 0x00, 0x58, 0x8B, 0x00, 0x00, 0x8E, 0x35, 0x01, 0x00
	.byte 0x30, 0xF3, 0x01, 0x00, 0x74, 0xB7, 0x02, 0x00, 0x8C, 0x7A, 0x03, 0x00, 0x58, 0x37, 0x04, 0x00
	.byte 0x86, 0x8B, 0x00, 0x00, 0xCA, 0x35, 0x01, 0x00, 0x76, 0xF3, 0x01, 0x00, 0xC6, 0xB7, 0x02, 0x00
	.byte 0xD0, 0x7A, 0x03, 0x00, 0x9C, 0x37, 0x04, 0x00, 0xD8, 0x8B, 0x00, 0x00, 0x2C, 0x36, 0x01, 0x00
	.byte 0xEA, 0xF3, 0x01, 0x00, 0x3E, 0xB8, 0x02, 0x00, 0x3C, 0x7B, 0x03, 0x00, 0x0C, 0x38, 0x04, 0x00
	.byte 0xFA, 0x8B, 0x00, 0x00, 0x62, 0x36, 0x01, 0x00, 0x40, 0xF4, 0x01, 0x00, 0xB6, 0xB8, 0x02, 0x00
	.byte 0x80, 0x7B, 0x03, 0x00, 0x44, 0x38, 0x04, 0x00, 0x1A, 0x8C, 0x00, 0x00, 0x9A, 0x36, 0x01, 0x00
	.byte 0x8C, 0xF4, 0x01, 0x00, 0xF8, 0xB8, 0x02, 0x00, 0xB6, 0x7B, 0x03, 0x00, 0x78, 0x38, 0x04, 0x00
	.byte 0x36, 0x8C, 0x00, 0x00, 0xBC, 0x36, 0x01, 0x00, 0xC0, 0xF4, 0x01, 0x00, 0x22, 0xB9, 0x02, 0x00
	.byte 0xD8, 0x7B, 0x03, 0x00, 0x9C, 0x38, 0x04, 0x00, 0x66, 0x8C, 0x00, 0x00, 0xEC, 0x36, 0x01, 0x00
	.byte 0xF6, 0xF4, 0x01, 0x00, 0x54, 0xB9, 0x02, 0x00, 0x08, 0x7C, 0x03, 0x00, 0xCA, 0x38, 0x04, 0x00
	.byte 0x88, 0x8C, 0x00, 0x00, 0x22, 0x37, 0x01, 0x00, 0x36, 0xF5, 0x01, 0x00, 0x92, 0xB9, 0x02, 0x00
	.byte 0x3C, 0x7C, 0x03, 0x00, 0xFE, 0x38, 0x04, 0x00, 0xB8, 0x8C, 0x00, 0x00, 0x52, 0x37, 0x01, 0x00
	.byte 0x6C, 0xF5, 0x01, 0x00, 0xC4, 0xB9, 0x02, 0x00, 0x72, 0x7C, 0x03, 0x00, 0x2C, 0x39, 0x04, 0x00
	.byte 0xE8, 0x8C, 0x00, 0x00, 0x82, 0x37, 0x01, 0x00, 0xA2, 0xF5, 0x01, 0x00, 0xF6, 0xB9, 0x02, 0x00
	.byte 0xA2, 0x7C, 0x03, 0x00, 0x5A, 0x39, 0x04, 0x00, 0x18, 0x8D, 0x00, 0x00, 0xB2, 0x37, 0x01, 0x00
	.byte 0xD8, 0xF5, 0x01, 0x00, 0x28, 0xBA, 0x02, 0x00, 0xD2, 0x7C, 0x03, 0x00, 0x88, 0x39, 0x04, 0x00
	.byte 0x4C, 0x8D, 0x00, 0x00, 0xFE, 0x37, 0x01, 0x00, 0x2C, 0xF6, 0x01, 0x00, 0x72, 0xBA, 0x02, 0x00
	.byte 0x1A, 0x7D, 0x03, 0x00, 0xCC, 0x39, 0x04, 0x00, 0x80, 0x8D, 0x00, 0x00, 0x4A, 0x38, 0x01, 0x00
	.byte 0x80, 0xF6, 0x01, 0x00, 0xBC, 0xBA, 0x02, 0x00, 0x5E, 0x7D, 0x03, 0x00, 0x10, 0x3A, 0x04, 0x00
	.byte 0x98, 0x8D, 0x00, 0x00, 0x5E, 0x38, 0x01, 0x00, 0xA0, 0xF6, 0x01, 0x00, 0xD0, 0xBA, 0x02, 0x00
	.byte 0x70, 0x7D, 0x03, 0x00, 0x2A, 0x3A, 0x04, 0x00, 0xB0, 0x8D, 0x00, 0x00, 0x80, 0x38, 0x01, 0x00
	.byte 0xC8, 0xF6, 0x01, 0x00, 0xFC, 0xBA, 0x02, 0x00, 0x9C, 0x7D, 0x03, 0x00, 0x50, 0x3A, 0x04, 0x00
	.byte 0xCA, 0x8D, 0x00, 0x00, 0x90, 0x38, 0x01, 0x00, 0xD8, 0xF6, 0x01, 0x00, 0x0E, 0xBB, 0x02, 0x00
	.byte 0xAC, 0x7D, 0x03, 0x00, 0x62, 0x3A, 0x04, 0x00, 0xFA, 0x8D, 0x00, 0x00, 0xC0, 0x38, 0x01, 0x00
	.byte 0x0E, 0xF7, 0x01, 0x00, 0x40, 0xBB, 0x02, 0x00, 0xDC, 0x7D, 0x03, 0x00, 0x90, 0x3A, 0x04, 0x00
	.byte 0x2A, 0x8E, 0x00, 0x00, 0xF0, 0x38, 0x01, 0x00, 0x44, 0xF7, 0x01, 0x00, 0x72, 0xBB, 0x02, 0x00
	.byte 0x0C, 0x7E, 0x03, 0x00, 0xBE, 0x3A, 0x04, 0x00, 0x5A, 0x8E, 0x00, 0x00, 0x20, 0x39, 0x01, 0x00
	.byte 0x7A, 0xF7, 0x01, 0x00, 0xA4, 0xBB, 0x02, 0x00, 0x3C, 0x7E, 0x03, 0x00, 0xEC, 0x3A, 0x04, 0x00
	.byte 0x8A, 0x8E, 0x00, 0x00, 0x50, 0x39, 0x01, 0x00, 0xB0, 0xF7, 0x01, 0x00, 0xD6, 0xBB, 0x02, 0x00
	.byte 0x6C, 0x7E, 0x03, 0x00, 0x1A, 0x3B, 0x04, 0x00, 0xBE, 0x8E, 0x00, 0x00, 0x9C, 0x39, 0x01, 0x00
	.byte 0x04, 0xF8, 0x01, 0x00, 0x20, 0xBC, 0x02, 0x00, 0xB0, 0x7E, 0x03, 0x00, 0x5E, 0x3B, 0x04, 0x00
	.byte 0xF8, 0x8E, 0x00, 0x00, 0xC2, 0x39, 0x01, 0x00, 0x38, 0xF8, 0x01, 0x00, 0x4E, 0xBC, 0x02, 0x00
	.byte 0xDA, 0x7E, 0x03, 0x00, 0x8A, 0x3B, 0x04, 0x00, 0x0A, 0x8F, 0x00, 0x00, 0xD6, 0x39, 0x01, 0x00
	.byte 0x4E, 0xF8, 0x01, 0x00, 0x6A, 0xBC, 0x02, 0x00, 0xF6, 0x7E, 0x03, 0x00, 0xA0, 0x3B, 0x04, 0x00
	.byte 0x1C, 0x8F, 0x00, 0x00, 0xEE, 0x39, 0x01, 0x00, 0x6C, 0xF8, 0x01, 0x00, 0x84, 0xBC, 0x02, 0x00
	.byte 0x10, 0x7F, 0x03, 0x00, 0xB4, 0x3B, 0x04, 0x00, 0x2E, 0x8F, 0x00, 0x00, 0x02, 0x3A, 0x01, 0x00
	.byte 0x86, 0xF8, 0x01, 0x00, 0x9E, 0xBC, 0x02, 0x00, 0x26, 0x7F, 0x03, 0x00, 0xC8, 0x3B, 0x04, 0x00
	.byte 0x3E, 0x8F, 0x00, 0x00, 0x10, 0x3A, 0x01, 0x00, 0x98, 0xF8, 0x01, 0x00, 0xB0, 0xBC, 0x02, 0x00
	.byte 0x34, 0x7F, 0x03, 0x00, 0xD4, 0x3B, 0x04, 0x00, 0x4C, 0x8F, 0x00, 0x00, 0x2C, 0x3A, 0x01, 0x00
	.byte 0xBA, 0xF8, 0x01, 0x00, 0xD0, 0xBC, 0x02, 0x00, 0x52, 0x7F, 0x03, 0x00, 0xF6, 0x3B, 0x04, 0x00
	.byte 0x74, 0x8F, 0x00, 0x00, 0x5E, 0x3A, 0x01, 0x00, 0xF8, 0xF8, 0x01, 0x00, 0x00, 0xBD, 0x02, 0x00
	.byte 0x8C, 0x7F, 0x03, 0x00, 0x2E, 0x3C, 0x04, 0x00, 0x9C, 0x8F, 0x00, 0x00, 0x92, 0x3A, 0x01, 0x00
	.byte 0x3A, 0xF9, 0x01, 0x00, 0x34, 0xBD, 0x02, 0x00, 0xC8, 0x7F, 0x03, 0x00, 0x66, 0x3C, 0x04, 0x00
	.byte 0xC4, 0x8F, 0x00, 0x00, 0xCE, 0x3A, 0x01, 0x00, 0x8A, 0xF9, 0x01, 0x00, 0x6E, 0xBD, 0x02, 0x00
	.byte 0x0C, 0x80, 0x03, 0x00, 0xAC, 0x3C, 0x04, 0x00, 0xF0, 0x8F, 0x00, 0x00, 0x10, 0x3B, 0x01, 0x00
	.byte 0xD6, 0xF9, 0x01, 0x00, 0xB2, 0xBD, 0x02, 0x00, 0x56, 0x80, 0x03, 0x00, 0xF8, 0x3C, 0x04, 0x00
	.byte 0x00, 0x90, 0x00, 0x00, 0x2A, 0x3B, 0x01, 0x00, 0xF8, 0xF9, 0x01, 0x00, 0xD0, 0xBD, 0x02, 0x00
	.byte 0x74, 0x80, 0x03, 0x00, 0x18, 0x3D, 0x04, 0x00, 0x10, 0x90, 0x00, 0x00, 0x42, 0x3B, 0x01, 0x00
	.byte 0x18, 0xFA, 0x01, 0x00, 0xF2, 0xBD, 0x02, 0x00, 0x96, 0x80, 0x03, 0x00, 0x3A, 0x3D, 0x04, 0x00
	.byte 0x20, 0x90, 0x00, 0x00, 0x5C, 0x3B, 0x01, 0x00, 0x38, 0xFA, 0x01, 0x00, 0x12, 0xBE, 0x02, 0x00
	.byte 0xBC, 0x80, 0x03, 0x00, 0x5C, 0x3D, 0x04, 0x00, 0x30, 0x90, 0x00, 0x00, 0x76, 0x3B, 0x01, 0x00
	.byte 0x58, 0xFA, 0x01, 0x00, 0x2E, 0xBE, 0x02, 0x00, 0xDA, 0x80, 0x03, 0x00, 0x7E, 0x3D, 0x04, 0x00
	.byte 0x40, 0x90, 0x00, 0x00, 0x90, 0x3B, 0x01, 0x00, 0x78, 0xFA, 0x01, 0x00, 0x4E, 0xBE, 0x02, 0x00
	.byte 0xF8, 0x80, 0x03, 0x00, 0xA0, 0x3D, 0x04, 0x00, 0x50, 0x90, 0x00, 0x00, 0xAA, 0x3B, 0x01, 0x00
	.byte 0x98, 0xFA, 0x01, 0x00, 0x6E, 0xBE, 0x02, 0x00, 0x16, 0x81, 0x03, 0x00, 0xC2, 0x3D, 0x04, 0x00
	.byte 0x68, 0x90, 0x00, 0x00, 0xD8, 0x3B, 0x01, 0x00, 0xC6, 0xFA, 0x01, 0x00, 0xA2, 0xBE, 0x02, 0x00
	.byte 0x42, 0x81, 0x03, 0x00, 0xFA, 0x3D, 0x04, 0x00, 0x82, 0x90, 0x00, 0x00, 0x16, 0x3C, 0x01, 0x00
	.byte 0x14, 0xFB, 0x01, 0x00, 0xEE, 0xBE, 0x02, 0x00, 0x8A, 0x81, 0x03, 0x00, 0x40, 0x3E, 0x04, 0x00
	.byte 0x9E, 0x90, 0x00, 0x00, 0x38, 0x3C, 0x01, 0x00, 0x3A, 0xFB, 0x01, 0x00, 0x16, 0xBF, 0x02, 0x00
	.byte 0xC0, 0x81, 0x03, 0x00, 0x6A, 0x3E, 0x04, 0x00, 0xC0, 0x90, 0x00, 0x00, 0x5A, 0x3C, 0x01, 0x00
	.byte 0x62, 0xFB, 0x01, 0x00, 0x38, 0xBF, 0x02, 0x00, 0xE4, 0x81, 0x03, 0x00, 0x92, 0x3E, 0x04, 0x00
	.byte 0xEC, 0x90, 0x00, 0x00, 0x82, 0x3C, 0x01, 0x00, 0x9A, 0xFB, 0x01, 0x00, 0x68, 0xBF, 0x02, 0x00
	.byte 0x0A, 0x82, 0x03, 0x00, 0xBA, 0x3E, 0x04, 0x00, 0x00, 0x91, 0x00, 0x00, 0x9E, 0x3C, 0x01, 0x00
	.byte 0xC0, 0xFB, 0x01, 0x00, 0x8A, 0xBF, 0x02, 0x00, 0x3E, 0x82, 0x03, 0x00, 0xDC, 0x3E, 0x04, 0x00
	.byte 0x24, 0x91, 0x00, 0x00, 0xDC, 0x3C, 0x01, 0x00, 0x0C, 0xFC, 0x01, 0x00, 0xD6, 0xBF, 0x02, 0x00
	.byte 0x9A, 0x82, 0x03, 0x00, 0x2C, 0x3F, 0x04, 0x00, 0x36, 0x91, 0x00, 0x00, 0xF6, 0x3C, 0x01, 0x00
	.byte 0x2A, 0xFC, 0x01, 0x00, 0xF8, 0xBF, 0x02, 0x00, 0xB6, 0x82, 0x03, 0x00, 0x48, 0x3F, 0x04, 0x00
	.byte 0x56, 0x91, 0x00, 0x00, 0x20, 0x3D, 0x01, 0x00, 0x5C, 0xFC, 0x01, 0x00, 0x1C, 0xC0, 0x02, 0x00
	.byte 0xFC, 0x82, 0x03, 0x00, 0x86, 0x3F, 0x04, 0x00, 0x80, 0x91, 0x00, 0x00, 0x50, 0x3D, 0x01, 0x00
	.byte 0x94, 0xFC, 0x01, 0x00, 0x42, 0xC0, 0x02, 0x00, 0x44, 0x83, 0x03, 0x00, 0xC0, 0x3F, 0x04, 0x00
	.byte 0x9A, 0x91, 0x00, 0x00, 0x6E, 0x3D, 0x01, 0x00, 0xC6, 0xFC, 0x01, 0x00, 0x6A, 0xC0, 0x02, 0x00
	.byte 0x62, 0x83, 0x03, 0x00, 0xE2, 0x3F, 0x04, 0x00, 0xAC, 0x91, 0x00, 0x00, 0x82, 0x3D, 0x01, 0x00
	.byte 0xE6, 0xFC, 0x01, 0x00, 0x94, 0xC0, 0x02, 0x00, 0x80, 0x83, 0x03, 0x00, 0xF8, 0x3F, 0x04, 0x00
	.byte 0xAE, 0x91, 0x00, 0x00, 0x84, 0x3D, 0x01, 0x00, 0xE8, 0xFC, 0x01, 0x00, 0x96, 0xC0, 0x02, 0x00
	.byte 0x82, 0x83, 0x03, 0x00, 0xFA, 0x3F, 0x04, 0x00, 0xC8, 0x91, 0x00, 0x00, 0x9A, 0x3D, 0x01, 0x00
	.byte 0x0E, 0xFD, 0x01, 0x00, 0xB6, 0xC0, 0x02, 0x00, 0x9E, 0x83, 0x03, 0x00, 0x14, 0x40, 0x04, 0x00
	.byte 0xEA, 0x91, 0x00, 0x00, 0xBE, 0x3D, 0x01, 0x00, 0x46, 0xFD, 0x01, 0x00, 0xDA, 0xC0, 0x02, 0x00
	.byte 0xC4, 0x83, 0x03, 0x00, 0x38, 0x40, 0x04, 0x00, 0x16, 0x92, 0x00, 0x00, 0xEC, 0x3D, 0x01, 0x00
	.byte 0x8C, 0xFD, 0x01, 0x00, 0x0A, 0xC1, 0x02, 0x00, 0xFE, 0x83, 0x03, 0x00, 0x62, 0x40, 0x04, 0x00
	.byte 0x18, 0x92, 0x00, 0x00, 0xEE, 0x3D, 0x01, 0x00, 0x8E, 0xFD, 0x01, 0x00, 0x0C, 0xC1, 0x02, 0x00
	.byte 0x00, 0x84, 0x03, 0x00, 0x64, 0x40, 0x04, 0x00, 0x1A, 0x92, 0x00, 0x00, 0xF0, 0x3D, 0x01, 0x00
	.byte 0x90, 0xFD, 0x01, 0x00, 0x0E, 0xC1, 0x02, 0x00, 0x02, 0x84, 0x03, 0x00, 0x66, 0x40, 0x04, 0x00
	.byte 0x36, 0x92, 0x00, 0x00, 0x1C, 0x3E, 0x01, 0x00, 0xDC, 0xFD, 0x01, 0x00, 0x4E, 0xC1, 0x02, 0x00
	.byte 0x3C, 0x84, 0x03, 0x00, 0x9C, 0x40, 0x04, 0x00, 0x50, 0x92, 0x00, 0x00, 0x54, 0x3E, 0x01, 0x00
	.byte 0x24, 0xFE, 0x01, 0x00, 0x8A, 0xC1, 0x02, 0x00, 0x74, 0x84, 0x03, 0x00, 0xD8, 0x40, 0x04, 0x00
	.byte 0x52, 0x92, 0x00, 0x00, 0x56, 0x3E, 0x01, 0x00, 0x26, 0xFE, 0x01, 0x00, 0x8C, 0xC1, 0x02, 0x00
	.byte 0x76, 0x84, 0x03, 0x00, 0xDA, 0x40, 0x04, 0x00, 0x60, 0x92, 0x00, 0x00, 0x64, 0x3E, 0x01, 0x00
	.byte 0x36, 0xFE, 0x01, 0x00, 0xA0, 0xC1, 0x02, 0x00, 0x84, 0x84, 0x03, 0x00, 0xE8, 0x40, 0x04, 0x00
	.byte 0x6E, 0x92, 0x00, 0x00, 0x72, 0x3E, 0x01, 0x00, 0x46, 0xFE, 0x01, 0x00, 0xB4, 0xC1, 0x02, 0x00
	.byte 0x92, 0x84, 0x03, 0x00, 0xF6, 0x40, 0x04, 0x00, 0x7C, 0x92, 0x00, 0x00, 0x80, 0x3E, 0x01, 0x00
	.byte 0x56, 0xFE, 0x01, 0x00, 0xC8, 0xC1, 0x02, 0x00, 0xA0, 0x84, 0x03, 0x00, 0x04, 0x41, 0x04, 0x00
	.byte 0x8A, 0x92, 0x00, 0x00, 0x8E, 0x3E, 0x01, 0x00, 0x66, 0xFE, 0x01, 0x00, 0xDC, 0xC1, 0x02, 0x00
	.byte 0xAE, 0x84, 0x03, 0x00, 0x12, 0x41, 0x04, 0x00, 0x98, 0x92, 0x00, 0x00, 0x9C, 0x3E, 0x01, 0x00
	.byte 0x76, 0xFE, 0x01, 0x00, 0xF0, 0xC1, 0x02, 0x00, 0xBC, 0x84, 0x03, 0x00, 0x20, 0x41, 0x04, 0x00
	.byte 0xAA, 0x92, 0x00, 0x00, 0xB2, 0x3E, 0x01, 0x00, 0x8C, 0xFE, 0x01, 0x00, 0x0E, 0xC2, 0x02, 0x00
	.byte 0xD2, 0x84, 0x03, 0x00, 0x36, 0x41, 0x04, 0x00, 0xBC, 0x92, 0x00, 0x00, 0xC8, 0x3E, 0x01, 0x00
	.byte 0xA2, 0xFE, 0x01, 0x00, 0x2C, 0xC2, 0x02, 0x00, 0xE8, 0x84, 0x03, 0x00, 0x4C, 0x41, 0x04, 0x00
	.byte 0xC6, 0x92, 0x00, 0x00, 0xD8, 0x3E, 0x01, 0x00, 0xB4, 0xFE, 0x01, 0x00, 0x3C, 0xC2, 0x02, 0x00
	.byte 0xF8, 0x84, 0x03, 0x00, 0x5E, 0x41, 0x04, 0x00, 0xDA, 0x92, 0x00, 0x00, 0xF4, 0x3E, 0x01, 0x00
	.byte 0xDC, 0xFE, 0x01, 0x00, 0x66, 0xC2, 0x02, 0x00, 0x20, 0x85, 0x03, 0x00, 0x86, 0x41, 0x04, 0x00
	.byte 0xEA, 0x92, 0x00, 0x00, 0x0A, 0x3F, 0x01, 0x00, 0xF4, 0xFE, 0x01, 0x00, 0x7C, 0xC2, 0x02, 0x00
	.byte 0x38, 0x85, 0x03, 0x00, 0x9E, 0x41, 0x04, 0x00, 0xF8, 0x92, 0x00, 0x00, 0x18, 0x3F, 0x01, 0x00
	.byte 0x04, 0xFF, 0x01, 0x00, 0x90, 0xC2, 0x02, 0x00, 0x46, 0x85, 0x03, 0x00, 0xAC, 0x41, 0x04, 0x00
	.byte 0x06, 0x93, 0x00, 0x00, 0x26, 0x3F, 0x01, 0x00, 0x14, 0xFF, 0x01, 0x00, 0xA4, 0xC2, 0x02, 0x00
	.byte 0x54, 0x85, 0x03, 0x00, 0xBA, 0x41, 0x04, 0x00, 0x14, 0x93, 0x00, 0x00, 0x34, 0x3F, 0x01, 0x00
	.byte 0x24, 0xFF, 0x01, 0x00, 0xB8, 0xC2, 0x02, 0x00, 0x62, 0x85, 0x03, 0x00, 0xC8, 0x41, 0x04, 0x00
	.byte 0x22, 0x93, 0x00, 0x00, 0x42, 0x3F, 0x01, 0x00, 0x34, 0xFF, 0x01, 0x00, 0xCC, 0xC2, 0x02, 0x00
	.byte 0x70, 0x85, 0x03, 0x00, 0xD6, 0x41, 0x04, 0x00, 0x34, 0x93, 0x00, 0x00, 0x58, 0x3F, 0x01, 0x00
	.byte 0x4A, 0xFF, 0x01, 0x00, 0xEA, 0xC2, 0x02, 0x00, 0x86, 0x85, 0x03, 0x00, 0xEC, 0x41, 0x04, 0x00
	.byte 0x58, 0x93, 0x00, 0x00, 0x74, 0x3F, 0x01, 0x00, 0x6E, 0xFF, 0x01, 0x00, 0x16, 0xC3, 0x02, 0x00
	.byte 0xA8, 0x85, 0x03, 0x00, 0x0E, 0x42, 0x04, 0x00, 0x6E, 0x93, 0x00, 0x00, 0x86, 0x3F, 0x01, 0x00
	.byte 0x82, 0xFF, 0x01, 0x00, 0x30, 0xC3, 0x02, 0x00, 0xBE, 0x85, 0x03, 0x00, 0x20, 0x42, 0x04, 0x00
	.byte 0x7C, 0x93, 0x00, 0x00, 0x96, 0x3F, 0x01, 0x00, 0x92, 0xFF, 0x01, 0x00, 0x44, 0xC3, 0x02, 0x00
	.byte 0xD4, 0x85, 0x03, 0x00, 0x2E, 0x42, 0x04, 0x00, 0x90, 0x93, 0x00, 0x00, 0xA4, 0x3F, 0x01, 0x00
	.byte 0xA2, 0xFF, 0x01, 0x00, 0x5C, 0xC3, 0x02, 0x00, 0xEA, 0x85, 0x03, 0x00, 0x42, 0x42, 0x04, 0x00
	.byte 0x9C, 0x93, 0x00, 0x00, 0xB6, 0x3F, 0x01, 0x00, 0xB6, 0xFF, 0x01, 0x00, 0x6E, 0xC3, 0x02, 0x00
	.byte 0xFA, 0x85, 0x03, 0x00, 0x5A, 0x42, 0x04, 0x00, 0xAC, 0x93, 0x00, 0x00, 0xCC, 0x3F, 0x01, 0x00
	.byte 0xCC, 0xFF, 0x01, 0x00, 0x82, 0xC3, 0x02, 0x00, 0x0C, 0x86, 0x03, 0x00, 0x6C, 0x42, 0x04, 0x00
	.byte 0xBE, 0x93, 0x00, 0x00, 0xDA, 0x3F, 0x01, 0x00, 0xDE, 0xFF, 0x01, 0x00, 0x9A, 0xC3, 0x02, 0x00
	.byte 0x20, 0x86, 0x03, 0x00, 0x80, 0x42, 0x04, 0x00, 0xD4, 0x93, 0x00, 0x00, 0xEA, 0x3F, 0x01, 0x00
	.byte 0xEE, 0xFF, 0x01, 0x00, 0xB4, 0xC3, 0x02, 0x00, 0x36, 0x86, 0x03, 0x00, 0x98, 0x42, 0x04, 0x00
	.byte 0xE4, 0x93, 0x00, 0x00, 0xF8, 0x3F, 0x01, 0x00, 0xFC, 0xFF, 0x01, 0x00, 0xC6, 0xC3, 0x02, 0x00
	.byte 0x48, 0x86, 0x03, 0x00, 0xA6, 0x42, 0x04, 0x00, 0xFA, 0x93, 0x00, 0x00, 0x08, 0x40, 0x01, 0x00
	.byte 0x0E, 0x00, 0x02, 0x00, 0xD8, 0xC3, 0x02, 0x00, 0x56, 0x86, 0x03, 0x00, 0xB8, 0x42, 0x04, 0x00
	.byte 0x10, 0x94, 0x00, 0x00, 0x16, 0x40, 0x01, 0x00, 0x1C, 0x00, 0x02, 0x00, 0xE8, 0xC3, 0x02, 0x00
	.byte 0x64, 0x86, 0x03, 0x00, 0xD0, 0x42, 0x04, 0x00, 0x22, 0x94, 0x00, 0x00, 0x2A, 0x40, 0x01, 0x00
	.byte 0x36, 0x00, 0x02, 0x00, 0xFC, 0xC3, 0x02, 0x00, 0x72, 0x86, 0x03, 0x00, 0xDE, 0x42, 0x04, 0x00
	.byte 0x36, 0x94, 0x00, 0x00, 0x38, 0x40, 0x01, 0x00, 0x44, 0x00, 0x02, 0x00, 0x14, 0xC4, 0x02, 0x00
	.byte 0x80, 0x86, 0x03, 0x00, 0xF2, 0x42, 0x04, 0x00, 0x46, 0x94, 0x00, 0x00, 0x44, 0x40, 0x01, 0x00
	.byte 0x54, 0x00, 0x02, 0x00, 0x30, 0xC4, 0x02, 0x00, 0x8E, 0x86, 0x03, 0x00, 0x02, 0x43, 0x04, 0x00
	.byte 0x52, 0x94, 0x00, 0x00, 0x56, 0x40, 0x01, 0x00, 0x64, 0x00, 0x02, 0x00, 0x44, 0xC4, 0x02, 0x00
	.byte 0xA0, 0x86, 0x03, 0x00, 0x12, 0x43, 0x04, 0x00, 0x5E, 0x94, 0x00, 0x00, 0x62, 0x40, 0x01, 0x00
	.byte 0x70, 0x00, 0x02, 0x00, 0x54, 0xC4, 0x02, 0x00, 0xAA, 0x86, 0x03, 0x00, 0x20, 0x43, 0x04, 0x00
	.byte 0x6E, 0x94, 0x00, 0x00, 0x74, 0x40, 0x01, 0x00, 0x8A, 0x00, 0x02, 0x00, 0x6A, 0xC4, 0x02, 0x00
	.byte 0xC0, 0x86, 0x03, 0x00, 0x34, 0x43, 0x04, 0x00, 0x80, 0x94, 0x00, 0x00, 0x8A, 0x40, 0x01, 0x00
	.byte 0xA4, 0x00, 0x02, 0x00, 0x80, 0xC4, 0x02, 0x00, 0xDA, 0x86, 0x03, 0x00, 0x52, 0x43, 0x04, 0x00
	.byte 0x92, 0x94, 0x00, 0x00, 0x9E, 0x40, 0x01, 0x00, 0xB2, 0x00, 0x02, 0x00, 0x98, 0xC4, 0x02, 0x00
	.byte 0xF6, 0x86, 0x03, 0x00, 0x6C, 0x43, 0x04, 0x00, 0xA4, 0x94, 0x00, 0x00, 0xAE, 0x40, 0x01, 0x00
	.byte 0xD0, 0x00, 0x02, 0x00, 0xA8, 0xC4, 0x02, 0x00, 0x14, 0x87, 0x03, 0x00, 0x86, 0x43, 0x04, 0x00
	.byte 0xB8, 0x94, 0x00, 0x00, 0xBA, 0x40, 0x01, 0x00, 0xE0, 0x00, 0x02, 0x00, 0xB8, 0xC4, 0x02, 0x00
	.byte 0x22, 0x87, 0x03, 0x00, 0x94, 0x43, 0x04, 0x00, 0xC8, 0x94, 0x00, 0x00, 0xC6, 0x40, 0x01, 0x00
	.byte 0xEE, 0x00, 0x02, 0x00, 0xCC, 0xC4, 0x02, 0x00, 0x36, 0x87, 0x03, 0x00, 0xA4, 0x43, 0x04, 0x00
	.byte 0xDE, 0x94, 0x00, 0x00, 0xD6, 0x40, 0x01, 0x00, 0xFE, 0x00, 0x02, 0x00, 0xE4, 0xC4, 0x02, 0x00
	.byte 0x4A, 0x87, 0x03, 0x00, 0xB6, 0x43, 0x04, 0x00, 0xEE, 0x94, 0x00, 0x00, 0xF0, 0x40, 0x01, 0x00
	.byte 0x1A, 0x01, 0x02, 0x00, 0xFA, 0xC4, 0x02, 0x00, 0x66, 0x87, 0x03, 0x00, 0xD4, 0x43, 0x04, 0x00
	.byte 0x00, 0x95, 0x00, 0x00, 0xFE, 0x40, 0x01, 0x00, 0x2C, 0x01, 0x02, 0x00, 0x0E, 0xC5, 0x02, 0x00
	.byte 0x7A, 0x87, 0x03, 0x00, 0xE6, 0x43, 0x04, 0x00, 0x10, 0x95, 0x00, 0x00, 0x14, 0x41, 0x01, 0x00
	.byte 0x42, 0x01, 0x02, 0x00, 0x26, 0xC5, 0x02, 0x00, 0x8E, 0x87, 0x03, 0x00, 0xFE, 0x43, 0x04, 0x00
	.byte 0x1E, 0x95, 0x00, 0x00, 0x36, 0x41, 0x01, 0x00, 0x6A, 0x01, 0x02, 0x00, 0x4A, 0xC5, 0x02, 0x00
	.byte 0xB0, 0x87, 0x03, 0x00, 0x1E, 0x44, 0x04, 0x00, 0x2A, 0x95, 0x00, 0x00, 0x4C, 0x41, 0x01, 0x00
	.byte 0x80, 0x01, 0x02, 0x00, 0x60, 0xC5, 0x02, 0x00, 0xC6, 0x87, 0x03, 0x00, 0x34, 0x44, 0x04, 0x00
	.byte 0x3A, 0x95, 0x00, 0x00, 0x58, 0x41, 0x01, 0x00, 0x94, 0x01, 0x02, 0x00, 0x74, 0xC5, 0x02, 0x00
	.byte 0xDA, 0x87, 0x03, 0x00, 0x4C, 0x44, 0x04, 0x00, 0x4E, 0x95, 0x00, 0x00, 0x68, 0x41, 0x01, 0x00
	.byte 0xAE, 0x01, 0x02, 0x00, 0x88, 0xC5, 0x02, 0x00, 0xEE, 0x87, 0x03, 0x00, 0x60, 0x44, 0x04, 0x00
	.byte 0x60, 0x95, 0x00, 0x00, 0x76, 0x41, 0x01, 0x00, 0xC0, 0x01, 0x02, 0x00, 0x96, 0xC5, 0x02, 0x00
	.byte 0xFE, 0x87, 0x03, 0x00, 0x70, 0x44, 0x04, 0x00, 0x76, 0x95, 0x00, 0x00, 0x84, 0x41, 0x01, 0x00
	.byte 0xD0, 0x01, 0x02, 0x00, 0xA4, 0xC5, 0x02, 0x00, 0x0E, 0x88, 0x03, 0x00, 0x7E, 0x44, 0x04, 0x00
	.byte 0x78, 0x95, 0x00, 0x00, 0x86, 0x41, 0x01, 0x00, 0xD2, 0x01, 0x02, 0x00, 0xA6, 0xC5, 0x02, 0x00
	.byte 0x10, 0x88, 0x03, 0x00, 0x80, 0x44, 0x04, 0x00, 0x7A, 0x95, 0x00, 0x00, 0x88, 0x41, 0x01, 0x00
	.byte 0xD4, 0x01, 0x02, 0x00, 0xA8, 0xC5, 0x02, 0x00, 0x12, 0x88, 0x03, 0x00, 0x82, 0x44, 0x04, 0x00
	.byte 0x88, 0x95, 0x00, 0x00, 0xA0, 0x41, 0x01, 0x00, 0xEC, 0x01, 0x02, 0x00, 0xBE, 0xC5, 0x02, 0x00
	.byte 0x26, 0x88, 0x03, 0x00, 0xA0, 0x44, 0x04, 0x00, 0x9A, 0x95, 0x00, 0x00, 0xB4, 0x41, 0x01, 0x00
	.byte 0x06, 0x02, 0x02, 0x00, 0xD8, 0xC5, 0x02, 0x00, 0x3E, 0x88, 0x03, 0x00, 0xB8, 0x44, 0x04, 0x00
	.byte 0xAC, 0x95, 0x00, 0x00, 0xC6, 0x41, 0x01, 0x00, 0x1C, 0x02, 0x02, 0x00, 0xF0, 0xC5, 0x02, 0x00
	.byte 0x52, 0x88, 0x03, 0x00, 0xCC, 0x44, 0x04, 0x00, 0xBC, 0x95, 0x00, 0x00, 0xD6, 0x41, 0x01, 0x00
	.byte 0x2C, 0x02, 0x02, 0x00, 0x00, 0xC6, 0x02, 0x00, 0x62, 0x88, 0x03, 0x00, 0xDE, 0x44, 0x04, 0x00
	.byte 0xCE, 0x95, 0x00, 0x00, 0xF2, 0x41, 0x01, 0x00, 0x4C, 0x02, 0x02, 0x00, 0x22, 0xC6, 0x02, 0x00
	.byte 0x7E, 0x88, 0x03, 0x00, 0xF8, 0x44, 0x04, 0x00, 0xD8, 0x95, 0x00, 0x00, 0x06, 0x42, 0x01, 0x00
	.byte 0x64, 0x02, 0x02, 0x00, 0x3E, 0xC6, 0x02, 0x00, 0x94, 0x88, 0x03, 0x00, 0x0E, 0x45, 0x04, 0x00
	.byte 0xE2, 0x95, 0x00, 0x00, 0x18, 0x42, 0x01, 0x00, 0x78, 0x02, 0x02, 0x00, 0x58, 0xC6, 0x02, 0x00
	.byte 0xA4, 0x88, 0x03, 0x00, 0x20, 0x45, 0x04, 0x00, 0xEC, 0x95, 0x00, 0x00, 0x2A, 0x42, 0x01, 0x00
	.byte 0x90, 0x02, 0x02, 0x00, 0x70, 0xC6, 0x02, 0x00, 0xB8, 0x88, 0x03, 0x00, 0x34, 0x45, 0x04, 0x00
	.byte 0xFA, 0x95, 0x00, 0x00, 0x44, 0x42, 0x01, 0x00, 0xAA, 0x02, 0x02, 0x00, 0x8A, 0xC6, 0x02, 0x00
	.byte 0xC6, 0x88, 0x03, 0x00, 0x50, 0x45, 0x04, 0x00, 0x0C, 0x96, 0x00, 0x00, 0x56, 0x42, 0x01, 0x00
	.byte 0xC2, 0x02, 0x02, 0x00, 0x9E, 0xC6, 0x02, 0x00, 0xD6, 0x88, 0x03, 0x00, 0x62, 0x45, 0x04, 0x00
	.byte 0x1C, 0x96, 0x00, 0x00, 0x64, 0x42, 0x01, 0x00, 0xCE, 0x02, 0x02, 0x00, 0xAE, 0xC6, 0x02, 0x00
	.byte 0xE4, 0x88, 0x03, 0x00, 0x7C, 0x45, 0x04, 0x00, 0x30, 0x96, 0x00, 0x00, 0x72, 0x42, 0x01, 0x00
	.byte 0xDC, 0x02, 0x02, 0x00, 0xBE, 0xC6, 0x02, 0x00, 0xF4, 0x88, 0x03, 0x00, 0x8E, 0x45, 0x04, 0x00
	.byte 0x3C, 0x96, 0x00, 0x00, 0x8A, 0x42, 0x01, 0x00, 0xFA, 0x02, 0x02, 0x00, 0xDA, 0xC6, 0x02, 0x00
	.byte 0x18, 0x89, 0x03, 0x00, 0xAE, 0x45, 0x04, 0x00, 0x4E, 0x96, 0x00, 0x00, 0xA2, 0x42, 0x01, 0x00
	.byte 0x10, 0x03, 0x02, 0x00, 0xEE, 0xC6, 0x02, 0x00, 0x32, 0x89, 0x03, 0x00, 0xC6, 0x45, 0x04, 0x00
	.byte 0x60, 0x96, 0x00, 0x00, 0xBC, 0x42, 0x01, 0x00, 0x26, 0x03, 0x02, 0x00, 0x06, 0xC7, 0x02, 0x00
	.byte 0x52, 0x89, 0x03, 0x00, 0xE6, 0x45, 0x04, 0x00, 0x6C, 0x96, 0x00, 0x00, 0xCE, 0x42, 0x01, 0x00
	.byte 0x40, 0x03, 0x02, 0x00, 0x22, 0xC7, 0x02, 0x00, 0x68, 0x89, 0x03, 0x00, 0xFA, 0x45, 0x04, 0x00
	.byte 0x7A, 0x96, 0x00, 0x00, 0xE2, 0x42, 0x01, 0x00, 0x50, 0x03, 0x02, 0x00, 0x3C, 0xC7, 0x02, 0x00
	.byte 0x7C, 0x89, 0x03, 0x00, 0x10, 0x46, 0x04, 0x00, 0x90, 0x96, 0x00, 0x00, 0xF6, 0x42, 0x01, 0x00
	.byte 0x68, 0x03, 0x02, 0x00, 0x4E, 0xC7, 0x02, 0x00, 0x96, 0x89, 0x03, 0x00, 0x28, 0x46, 0x04, 0x00
	.byte 0x9E, 0x96, 0x00, 0x00, 0x08, 0x43, 0x01, 0x00, 0x7A, 0x03, 0x02, 0x00, 0x6A, 0xC7, 0x02, 0x00
	.byte 0xA6, 0x89, 0x03, 0x00, 0x3E, 0x46, 0x04, 0x00, 0xAE, 0x96, 0x00, 0x00, 0x24, 0x43, 0x01, 0x00
	.byte 0x9A, 0x03, 0x02, 0x00, 0x86, 0xC7, 0x02, 0x00, 0xC6, 0x89, 0x03, 0x00, 0x5C, 0x46, 0x04, 0x00
	.byte 0xBE, 0x96, 0x00, 0x00, 0x42, 0x43, 0x01, 0x00, 0xB8, 0x03, 0x02, 0x00, 0x9A, 0xC7, 0x02, 0x00
	.byte 0xDE, 0x89, 0x03, 0x00, 0x7E, 0x46, 0x04, 0x00, 0xCE, 0x96, 0x00, 0x00, 0x5E, 0x43, 0x01, 0x00
	.byte 0xD6, 0x03, 0x02, 0x00, 0xBA, 0xC7, 0x02, 0x00, 0xFA, 0x89, 0x03, 0x00, 0x9A, 0x46, 0x04, 0x00
	.byte 0xE2, 0x96, 0x00, 0x00, 0x7A, 0x43, 0x01, 0x00, 0xF2, 0x03, 0x02, 0x00, 0xD4, 0xC7, 0x02, 0x00
	.byte 0x18, 0x8A, 0x03, 0x00, 0xB4, 0x46, 0x04, 0x00, 0xF6, 0x96, 0x00, 0x00, 0x96, 0x43, 0x01, 0x00
	.byte 0x12, 0x04, 0x02, 0x00, 0xF0, 0xC7, 0x02, 0x00, 0x36, 0x8A, 0x03, 0x00, 0xD0, 0x46, 0x04, 0x00
	.byte 0x04, 0x97, 0x00, 0x00, 0xAE, 0x43, 0x01, 0x00, 0x2A, 0x04, 0x02, 0x00, 0x0E, 0xC8, 0x02, 0x00
	.byte 0x54, 0x8A, 0x03, 0x00, 0xEE, 0x46, 0x04, 0x00, 0x18, 0x97, 0x00, 0x00, 0xC8, 0x43, 0x01, 0x00
	.byte 0x42, 0x04, 0x02, 0x00, 0x2A, 0xC8, 0x02, 0x00, 0x70, 0x8A, 0x03, 0x00, 0x0E, 0x47, 0x04, 0x00
	.byte 0x26, 0x97, 0x00, 0x00, 0xE2, 0x43, 0x01, 0x00, 0x60, 0x04, 0x02, 0x00, 0x4C, 0xC8, 0x02, 0x00
	.byte 0x8E, 0x8A, 0x03, 0x00, 0x32, 0x47, 0x04, 0x00, 0x30, 0x97, 0x00, 0x00, 0xF6, 0x43, 0x01, 0x00
	.byte 0x72, 0x04, 0x02, 0x00, 0x62, 0xC8, 0x02, 0x00, 0xA0, 0x8A, 0x03, 0x00, 0x46, 0x47, 0x04, 0x00
	.byte 0x3A, 0x97, 0x00, 0x00, 0x08, 0x44, 0x01, 0x00, 0x82, 0x04, 0x02, 0x00, 0x72, 0xC8, 0x02, 0x00
	.byte 0xB0, 0x8A, 0x03, 0x00, 0x58, 0x47, 0x04, 0x00, 0x42, 0x97, 0x00, 0x00, 0x18, 0x44, 0x01, 0x00
	.byte 0x92, 0x04, 0x02, 0x00, 0x84, 0xC8, 0x02, 0x00, 0xC2, 0x8A, 0x03, 0x00, 0x6C, 0x47, 0x04, 0x00
	.byte 0x4C, 0x97, 0x00, 0x00, 0x2A, 0x44, 0x01, 0x00, 0xA4, 0x04, 0x02, 0x00, 0x98, 0xC8, 0x02, 0x00
	.byte 0xD4, 0x8A, 0x03, 0x00, 0x80, 0x47, 0x04, 0x00, 0x52, 0x97, 0x00, 0x00, 0x3A, 0x44, 0x01, 0x00
	.byte 0xBA, 0x04, 0x02, 0x00, 0xAC, 0xC8, 0x02, 0x00, 0xE6, 0x8A, 0x03, 0x00, 0x92, 0x47, 0x04, 0x00
	.byte 0x5E, 0x97, 0x00, 0x00, 0x48, 0x44, 0x01, 0x00, 0xC8, 0x04, 0x02, 0x00, 0xBA, 0xC8, 0x02, 0x00
	.byte 0xF4, 0x8A, 0x03, 0x00, 0xA0, 0x47, 0x04, 0x00, 0x6A, 0x97, 0x00, 0x00, 0x56, 0x44, 0x01, 0x00
	.byte 0xD6, 0x04, 0x02, 0x00, 0xC8, 0xC8, 0x02, 0x00, 0x02, 0x8B, 0x03, 0x00, 0xAE, 0x47, 0x04, 0x00
	.byte 0x74, 0x97, 0x00, 0x00, 0x62, 0x44, 0x01, 0x00, 0xE4, 0x04, 0x02, 0x00, 0xD4, 0xC8, 0x02, 0x00
	.byte 0x10, 0x8B, 0x03, 0x00, 0xBC, 0x47, 0x04, 0x00, 0x80, 0x97, 0x00, 0x00, 0x72, 0x44, 0x01, 0x00
	.byte 0xF2, 0x04, 0x02, 0x00, 0xE6, 0xC8, 0x02, 0x00, 0x28, 0x8B, 0x03, 0x00, 0xD4, 0x47, 0x04, 0x00
	.byte 0x8E, 0x97, 0x00, 0x00, 0x8C, 0x44, 0x01, 0x00, 0x12, 0x05, 0x02, 0x00, 0x06, 0xC9, 0x02, 0x00
	.byte 0x44, 0x8B, 0x03, 0x00, 0xF6, 0x47, 0x04, 0x00, 0xA0, 0x97, 0x00, 0x00, 0xB0, 0x44, 0x01, 0x00
	.byte 0x34, 0x05, 0x02, 0x00, 0x24, 0xC9, 0x02, 0x00, 0x62, 0x8B, 0x03, 0x00, 0x1A, 0x48, 0x04, 0x00
	.byte 0xB4, 0x97, 0x00, 0x00, 0xD6, 0x44, 0x01, 0x00, 0x54, 0x05, 0x02, 0x00, 0x44, 0xC9, 0x02, 0x00
	.byte 0x82, 0x8B, 0x03, 0x00, 0x40, 0x48, 0x04, 0x00, 0xCA, 0x97, 0x00, 0x00, 0xFC, 0x44, 0x01, 0x00
	.byte 0x76, 0x05, 0x02, 0x00, 0x6C, 0xC9, 0x02, 0x00, 0xA6, 0x8B, 0x03, 0x00, 0x66, 0x48, 0x04, 0x00
	.byte 0xE0, 0x97, 0x00, 0x00, 0x24, 0x45, 0x01, 0x00, 0x9E, 0x05, 0x02, 0x00, 0x94, 0xC9, 0x02, 0x00
	.byte 0xCE, 0x8B, 0x03, 0x00, 0x8C, 0x48, 0x04, 0x00, 0xFE, 0x97, 0x00, 0x00, 0x48, 0x45, 0x01, 0x00
	.byte 0xBE, 0x05, 0x02, 0x00, 0xB8, 0xC9, 0x02, 0x00, 0xEE, 0x8B, 0x03, 0x00, 0xB2, 0x48, 0x04, 0x00
	.byte 0x18, 0x98, 0x00, 0x00, 0x70, 0x45, 0x01, 0x00, 0xDE, 0x05, 0x02, 0x00, 0xDE, 0xC9, 0x02, 0x00
	.byte 0x10, 0x8C, 0x03, 0x00, 0xDA, 0x48, 0x04, 0x00, 0x36, 0x98, 0x00, 0x00, 0x98, 0x45, 0x01, 0x00
	.byte 0xFC, 0x05, 0x02, 0x00, 0x04, 0xCA, 0x02, 0x00, 0x34, 0x8C, 0x03, 0x00, 0x02, 0x49, 0x04, 0x00
	.byte 0x50, 0x98, 0x00, 0x00, 0xBE, 0x45, 0x01, 0x00, 0x18, 0x06, 0x02, 0x00, 0x26, 0xCA, 0x02, 0x00
	.byte 0x52, 0x8C, 0x03, 0x00, 0x26, 0x49, 0x04, 0x00, 0x70, 0x98, 0x00, 0x00, 0xE4, 0x45, 0x01, 0x00
	.byte 0x36, 0x06, 0x02, 0x00, 0x4A, 0xCA, 0x02, 0x00, 0x74, 0x8C, 0x03, 0x00, 0x4A, 0x49, 0x04, 0x00
	.byte 0x8A, 0x98, 0x00, 0x00, 0x0C, 0x46, 0x01, 0x00, 0x5A, 0x06, 0x02, 0x00, 0x72, 0xCA, 0x02, 0x00
	.byte 0x9C, 0x8C, 0x03, 0x00, 0x6C, 0x49, 0x04, 0x00, 0xA4, 0x98, 0x00, 0x00, 0x34, 0x46, 0x01, 0x00
	.byte 0x82, 0x06, 0x02, 0x00, 0x9A, 0xCA, 0x02, 0x00, 0xC4, 0x8C, 0x03, 0x00, 0x94, 0x49, 0x04, 0x00
	.byte 0xBE, 0x98, 0x00, 0x00, 0x5C, 0x46, 0x01, 0x00, 0xA6, 0x06, 0x02, 0x00, 0xC0, 0xCA, 0x02, 0x00
	.byte 0xEC, 0x8C, 0x03, 0x00, 0xB8, 0x49, 0x04, 0x00, 0xD8, 0x98, 0x00, 0x00, 0x84, 0x46, 0x01, 0x00
	.byte 0xCA, 0x06, 0x02, 0x00, 0xE6, 0xCA, 0x02, 0x00, 0x14, 0x8D, 0x03, 0x00, 0xDC, 0x49, 0x04, 0x00
	.byte 0xF2, 0x98, 0x00, 0x00, 0xAC, 0x46, 0x01, 0x00, 0xEC, 0x06, 0x02, 0x00, 0x0E, 0xCB, 0x02, 0x00
	.byte 0x3C, 0x8D, 0x03, 0x00, 0x00, 0x4A, 0x04, 0x00, 0x0C, 0x99, 0x00, 0x00, 0xD4, 0x46, 0x01, 0x00
	.byte 0x12, 0x07, 0x02, 0x00, 0x34, 0xCB, 0x02, 0x00, 0x64, 0x8D, 0x03, 0x00, 0x22, 0x4A, 0x04, 0x00
	.byte 0x2A, 0x99, 0x00, 0x00, 0xFC, 0x46, 0x01, 0x00, 0x38, 0x07, 0x02, 0x00, 0x58, 0xCB, 0x02, 0x00
	.byte 0x8A, 0x8D, 0x03, 0x00, 0x4A, 0x4A, 0x04, 0x00, 0x44, 0x99, 0x00, 0x00, 0x20, 0x47, 0x01, 0x00
	.byte 0x60, 0x07, 0x02, 0x00, 0x7C, 0xCB, 0x02, 0x00, 0xB2, 0x8D, 0x03, 0x00, 0x70, 0x4A, 0x04, 0x00
	.byte 0x58, 0x99, 0x00, 0x00, 0x44, 0x47, 0x01, 0x00, 0x88, 0x07, 0x02, 0x00, 0xA2, 0xCB, 0x02, 0x00
	.byte 0xDA, 0x8D, 0x03, 0x00, 0x98, 0x4A, 0x04, 0x00, 0x68, 0x99, 0x00, 0x00, 0x58, 0x47, 0x01, 0x00
	.byte 0x9A, 0x07, 0x02, 0x00, 0xBE, 0xCB, 0x02, 0x00, 0xEA, 0x8D, 0x03, 0x00, 0xAE, 0x4A, 0x04, 0x00
	.byte 0x84, 0x99, 0x00, 0x00, 0x80, 0x47, 0x01, 0x00, 0xC0, 0x07, 0x02, 0x00, 0xE6, 0xCB, 0x02, 0x00
	.byte 0x12, 0x8E, 0x03, 0x00, 0xD6, 0x4A, 0x04, 0x00, 0xA0, 0x99, 0x00, 0x00, 0xA8, 0x47, 0x01, 0x00
	.byte 0xE2, 0x07, 0x02, 0x00, 0x0C, 0xCC, 0x02, 0x00, 0x3A, 0x8E, 0x03, 0x00, 0xFA, 0x4A, 0x04, 0x00
	.byte 0xBC, 0x99, 0x00, 0x00, 0xD0, 0x47, 0x01, 0x00, 0x08, 0x08, 0x02, 0x00, 0x34, 0xCC, 0x02, 0x00
	.byte 0x62, 0x8E, 0x03, 0x00, 0x22, 0x4B, 0x04, 0x00, 0xD8, 0x99, 0x00, 0x00, 0xF8, 0x47, 0x01, 0x00
	.byte 0x2A, 0x08, 0x02, 0x00, 0x5A, 0xCC, 0x02, 0x00, 0x8A, 0x8E, 0x03, 0x00, 0x46, 0x4B, 0x04, 0x00
	.byte 0xF4, 0x99, 0x00, 0x00, 0x20, 0x48, 0x01, 0x00, 0x50, 0x08, 0x02, 0x00, 0x82, 0xCC, 0x02, 0x00
	.byte 0xB2, 0x8E, 0x03, 0x00, 0x6E, 0x4B, 0x04, 0x00, 0x10, 0x9A, 0x00, 0x00, 0x48, 0x48, 0x01, 0x00
	.byte 0x74, 0x08, 0x02, 0x00, 0xAA, 0xCC, 0x02, 0x00, 0xDA, 0x8E, 0x03, 0x00, 0x92, 0x4B, 0x04, 0x00
	.byte 0x2C, 0x9A, 0x00, 0x00, 0x70, 0x48, 0x01, 0x00, 0x94, 0x08, 0x02, 0x00, 0xD0, 0xCC, 0x02, 0x00
	.byte 0x02, 0x8F, 0x03, 0x00, 0xB4, 0x4B, 0x04, 0x00, 0x50, 0x9A, 0x00, 0x00, 0x9E, 0x48, 0x01, 0x00
	.byte 0xD6, 0x08, 0x02, 0x00, 0x10, 0xCD, 0x02, 0x00, 0x2E, 0x8F, 0x03, 0x00, 0xE8, 0x4B, 0x04, 0x00
	.byte 0x74, 0x9A, 0x00, 0x00, 0xC6, 0x48, 0x01, 0x00, 0x0A, 0x09, 0x02, 0x00, 0x46, 0xCD, 0x02, 0x00
	.byte 0x52, 0x8F, 0x03, 0x00, 0x16, 0x4C, 0x04, 0x00, 0x98, 0x9A, 0x00, 0x00, 0xF4, 0x48, 0x01, 0x00
	.byte 0x4A, 0x09, 0x02, 0x00, 0x84, 0xCD, 0x02, 0x00, 0x7C, 0x8F, 0x03, 0x00, 0x48, 0x4C, 0x04, 0x00
	.byte 0xC6, 0x9A, 0x00, 0x00, 0x28, 0x49, 0x01, 0x00, 0x92, 0x09, 0x02, 0x00, 0xCC, 0xCD, 0x02, 0x00
	.byte 0xB0, 0x8F, 0x03, 0x00, 0x82, 0x4C, 0x04, 0x00, 0xF4, 0x9A, 0x00, 0x00, 0x5E, 0x49, 0x01, 0x00
	.byte 0xDE, 0x09, 0x02, 0x00, 0x14, 0xCE, 0x02, 0x00, 0xE0, 0x8F, 0x03, 0x00, 0xB6, 0x4C, 0x04, 0x00
	.byte 0x1A, 0x9B, 0x00, 0x00, 0x82, 0x49, 0x01, 0x00, 0x12, 0x0A, 0x02, 0x00, 0x54, 0xCE, 0x02, 0x00
	.byte 0x0A, 0x90, 0x03, 0x00, 0xE6, 0x4C, 0x04, 0x00, 0x3E, 0x9B, 0x00, 0x00, 0xA2, 0x49, 0x01, 0x00
	.byte 0x40, 0x0A, 0x02, 0x00, 0x86, 0xCE, 0x02, 0x00, 0x2C, 0x90, 0x03, 0x00, 0x0C, 0x4D, 0x04, 0x00
	.byte 0x50, 0x9B, 0x00, 0x00, 0xC2, 0x49, 0x01, 0x00, 0x76, 0x0A, 0x02, 0x00, 0xBE, 0xCE, 0x02, 0x00
	.byte 0x50, 0x90, 0x03, 0x00, 0x36, 0x4D, 0x04, 0x00, 0x7A, 0x9B, 0x00, 0x00, 0x0E, 0x4A, 0x01, 0x00
	.byte 0xD4, 0x0A, 0x02, 0x00, 0x38, 0xCF, 0x02, 0x00, 0xA8, 0x90, 0x03, 0x00, 0x90, 0x4D, 0x04, 0x00
	.byte 0x94, 0x9B, 0x00, 0x00, 0x24, 0x4A, 0x01, 0x00, 0xFA, 0x0A, 0x02, 0x00, 0x68, 0xCF, 0x02, 0x00
	.byte 0xBE, 0x90, 0x03, 0x00, 0xA8, 0x4D, 0x04, 0x00, 0xAC, 0x9B, 0x00, 0x00, 0x3A, 0x4A, 0x01, 0x00
	.byte 0x20, 0x0B, 0x02, 0x00, 0x98, 0xCF, 0x02, 0x00, 0xD6, 0x90, 0x03, 0x00, 0xC2, 0x4D, 0x04, 0x00
	.byte 0xCC, 0x9B, 0x00, 0x00, 0x5C, 0x4A, 0x01, 0x00, 0x50, 0x0B, 0x02, 0x00, 0xD4, 0xCF, 0x02, 0x00
	.byte 0xFA, 0x90, 0x03, 0x00, 0xEC, 0x4D, 0x04, 0x00, 0xE6, 0x9B, 0x00, 0x00, 0x78, 0x4A, 0x01, 0x00
	.byte 0x6E, 0x0B, 0x02, 0x00, 0xF4, 0xCF, 0x02, 0x00, 0x18, 0x91, 0x03, 0x00, 0x0C, 0x4E, 0x04, 0x00
	.byte 0x0A, 0x9C, 0x00, 0x00, 0xA0, 0x4A, 0x01, 0x00, 0xA4, 0x0B, 0x02, 0x00, 0x26, 0xD0, 0x02, 0x00
	.byte 0x40, 0x91, 0x03, 0x00, 0x32, 0x4E, 0x04, 0x00, 0x2E, 0x9C, 0x00, 0x00, 0xC8, 0x4A, 0x01, 0x00
	.byte 0xDA, 0x0B, 0x02, 0x00, 0x58, 0xD0, 0x02, 0x00, 0x68, 0x91, 0x03, 0x00, 0x58, 0x4E, 0x04, 0x00
	.byte 0x52, 0x9C, 0x00, 0x00, 0xF2, 0x4A, 0x01, 0x00, 0x14, 0x0C, 0x02, 0x00, 0x8C, 0xD0, 0x02, 0x00
	.byte 0x90, 0x91, 0x03, 0x00, 0x80, 0x4E, 0x04, 0x00, 0x76, 0x9C, 0x00, 0x00, 0x16, 0x4B, 0x01, 0x00
	.byte 0x4C, 0x0C, 0x02, 0x00, 0xC2, 0xD0, 0x02, 0x00, 0xBE, 0x91, 0x03, 0x00, 0xAC, 0x4E, 0x04, 0x00
	.byte 0x94, 0x9C, 0x00, 0x00, 0x34, 0x4B, 0x01, 0x00, 0x84, 0x0C, 0x02, 0x00, 0xFA, 0xD0, 0x02, 0x00
	.byte 0xE0, 0x91, 0x03, 0x00, 0xD4, 0x4E, 0x04, 0x00, 0xD8, 0x9C, 0x00, 0x00, 0x64, 0x4B, 0x01, 0x00
	.byte 0xBC, 0x0C, 0x02, 0x00, 0x32, 0xD1, 0x02, 0x00, 0x0E, 0x92, 0x03, 0x00, 0x04, 0x4F, 0x04, 0x00
	.byte 0x1E, 0x9D, 0x00, 0x00, 0x96, 0x4B, 0x01, 0x00, 0xF6, 0x0C, 0x02, 0x00, 0x6C, 0xD1, 0x02, 0x00
	.byte 0x3E, 0x92, 0x03, 0x00, 0x36, 0x4F, 0x04, 0x00, 0x6C, 0x9D, 0x00, 0x00, 0xD8, 0x4B, 0x01, 0x00
	.byte 0x42, 0x0D, 0x02, 0x00, 0xC0, 0xD1, 0x02, 0x00, 0x80, 0x92, 0x03, 0x00, 0x7C, 0x4F, 0x04, 0x00
	.byte 0xC0, 0x9D, 0x00, 0x00, 0x30, 0x4C, 0x01, 0x00, 0xA8, 0x0D, 0x02, 0x00, 0x26, 0xD2, 0x02, 0x00
	.byte 0xD2, 0x92, 0x03, 0x00, 0xDC, 0x4F, 0x04, 0x00, 0xFC, 0x9D, 0x00, 0x00, 0x5A, 0x4C, 0x01, 0x00
	.byte 0xDC, 0x0D, 0x02, 0x00, 0x68, 0xD2, 0x02, 0x00, 0xFA, 0x92, 0x03, 0x00, 0x06, 0x50, 0x04, 0x00
	.byte 0x34, 0x9E, 0x00, 0x00, 0x86, 0x4C, 0x01, 0x00, 0x10, 0x0E, 0x02, 0x00, 0xAC, 0xD2, 0x02, 0x00
	.byte 0x26, 0x93, 0x03, 0x00, 0x32, 0x50, 0x04, 0x00, 0x70, 0x9E, 0x00, 0x00, 0xB6, 0x4C, 0x01, 0x00
	.byte 0x42, 0x0E, 0x02, 0x00, 0xF0, 0xD2, 0x02, 0x00, 0x54, 0x93, 0x03, 0x00, 0x6A, 0x50, 0x04, 0x00
	.byte 0xA8, 0x9E, 0x00, 0x00, 0xE0, 0x4C, 0x01, 0x00, 0x72, 0x0E, 0x02, 0x00, 0x30, 0xD3, 0x02, 0x00
	.byte 0x7A, 0x93, 0x03, 0x00, 0x92, 0x50, 0x04, 0x00, 0xE6, 0x9E, 0x00, 0x00, 0x0A, 0x4D, 0x01, 0x00
	.byte 0xA4, 0x0E, 0x02, 0x00, 0x72, 0xD3, 0x02, 0x00, 0xA6, 0x93, 0x03, 0x00, 0xC2, 0x50, 0x04, 0x00
	.byte 0x1E, 0x9F, 0x00, 0x00, 0x3C, 0x4D, 0x01, 0x00, 0xDC, 0x0E, 0x02, 0x00, 0xB8, 0xD3, 0x02, 0x00
	.byte 0xD6, 0x93, 0x03, 0x00, 0xF2, 0x50, 0x04, 0x00, 0x56, 0x9F, 0x00, 0x00, 0x6C, 0x4D, 0x01, 0x00
	.byte 0x1A, 0x0F, 0x02, 0x00, 0x00, 0xD4, 0x02, 0x00, 0x0A, 0x94, 0x03, 0x00, 0x28, 0x51, 0x04, 0x00
	.byte 0x8E, 0x9F, 0x00, 0x00, 0x9C, 0x4D, 0x01, 0x00, 0x52, 0x0F, 0x02, 0x00, 0x44, 0xD4, 0x02, 0x00
	.byte 0x3C, 0x94, 0x03, 0x00, 0x5A, 0x51, 0x04, 0x00, 0xC6, 0x9F, 0x00, 0x00, 0xCC, 0x4D, 0x01, 0x00
	.byte 0x8A, 0x0F, 0x02, 0x00, 0x86, 0xD4, 0x02, 0x00, 0x6E, 0x94, 0x03, 0x00, 0x8C, 0x51, 0x04, 0x00
	.byte 0xFE, 0x9F, 0x00, 0x00, 0xFE, 0x4D, 0x01, 0x00, 0xC0, 0x0F, 0x02, 0x00, 0xCA, 0xD4, 0x02, 0x00
	.byte 0xA0, 0x94, 0x03, 0x00, 0xBE, 0x51, 0x04, 0x00, 0x36, 0xA0, 0x00, 0x00, 0x30, 0x4E, 0x01, 0x00
	.byte 0xFA, 0x0F, 0x02, 0x00, 0x0C, 0xD5, 0x02, 0x00, 0xD0, 0x94, 0x03, 0x00, 0xEE, 0x51, 0x04, 0x00
	.byte 0x68, 0xA0, 0x00, 0x00, 0x78, 0x4E, 0x01, 0x00, 0x54, 0x10, 0x02, 0x00, 0x6E, 0xD5, 0x02, 0x00
	.byte 0x1E, 0x95, 0x03, 0x00, 0x4A, 0x52, 0x04, 0x00, 0x8E, 0xA0, 0x00, 0x00, 0xAC, 0x4E, 0x01, 0x00
	.byte 0x98, 0x10, 0x02, 0x00, 0xB0, 0xD5, 0x02, 0x00, 0x54, 0x95, 0x03, 0x00, 0x84, 0x52, 0x04, 0x00
	.byte 0xB8, 0xA0, 0x00, 0x00, 0xE0, 0x4E, 0x01, 0x00, 0xDA, 0x10, 0x02, 0x00, 0xF4, 0xD5, 0x02, 0x00
	.byte 0x8C, 0x95, 0x03, 0x00, 0xBE, 0x52, 0x04, 0x00, 0xF6, 0xA0, 0x00, 0x00, 0x1E, 0x4F, 0x01, 0x00
	.byte 0x1C, 0x11, 0x02, 0x00, 0x3A, 0xD6, 0x02, 0x00, 0xCE, 0x95, 0x03, 0x00, 0x04, 0x53, 0x04, 0x00
	.byte 0x2E, 0xA1, 0x00, 0x00, 0x76, 0x4F, 0x01, 0x00, 0x88, 0x11, 0x02, 0x00, 0x96, 0xD6, 0x02, 0x00
	.byte 0x3A, 0x96, 0x03, 0x00, 0x70, 0x53, 0x04, 0x00, 0x66, 0xA1, 0x00, 0x00, 0xCA, 0x4F, 0x01, 0x00
	.byte 0xEE, 0x11, 0x02, 0x00, 0xEC, 0xD6, 0x02, 0x00, 0xA2, 0x96, 0x03, 0x00, 0xD6, 0x53, 0x04, 0x00
	.byte 0x9E, 0xA1, 0x00, 0x00, 0x22, 0x50, 0x01, 0x00, 0x5A, 0x12, 0x02, 0x00, 0x48, 0xD7, 0x02, 0x00
	.byte 0x0E, 0x97, 0x03, 0x00, 0x42, 0x54, 0x04, 0x00, 0xD6, 0xA1, 0x00, 0x00, 0x76, 0x50, 0x01, 0x00
	.byte 0xC0, 0x12, 0x02, 0x00, 0x9E, 0xD7, 0x02, 0x00, 0x76, 0x97, 0x03, 0x00, 0xA8, 0x54, 0x04, 0x00
	.byte 0x0E, 0xA2, 0x00, 0x00, 0xCE, 0x50, 0x01, 0x00, 0x2C, 0x13, 0x02, 0x00, 0xFA, 0xD7, 0x02, 0x00
	.byte 0xE2, 0x97, 0x03, 0x00, 0x14, 0x55, 0x04, 0x00, 0x46, 0xA2, 0x00, 0x00, 0x24, 0x51, 0x01, 0x00
	.byte 0x94, 0x13, 0x02, 0x00, 0x54, 0xD8, 0x02, 0x00, 0x4C, 0x98, 0x03, 0x00, 0x7A, 0x55, 0x04, 0x00
	.byte 0x7E, 0xA2, 0x00, 0x00, 0x76, 0x51, 0x01, 0x00, 0xFA, 0x13, 0x02, 0x00, 0xAA, 0xD8, 0x02, 0x00
	.byte 0xB6, 0x98, 0x03, 0x00, 0xE0, 0x55, 0x04, 0x00, 0x8E, 0xA2, 0x00, 0x00, 0x88, 0x51, 0x01, 0x00
	.byte 0x0E, 0x14, 0x02, 0x00, 0xBC, 0xD8, 0x02, 0x00, 0xCC, 0x98, 0x03, 0x00, 0xF8, 0x55, 0x04, 0x00
	.byte 0x9E, 0xA2, 0x00, 0x00, 0x96, 0x51, 0x01, 0x00, 0x1C, 0x14, 0x02, 0x00, 0xD0, 0xD8, 0x02, 0x00
	.byte 0xDA, 0x98, 0x03, 0x00, 0x0A, 0x56, 0x04, 0x00, 0xAE, 0xA2, 0x00, 0x00, 0xAA, 0x51, 0x01, 0x00
	.byte 0x34, 0x14, 0x02, 0x00, 0xE2, 0xD8, 0x02, 0x00, 0xF0, 0x98, 0x03, 0x00, 0x22, 0x56, 0x04, 0x00
	.byte 0xC0, 0xA2, 0x00, 0x00, 0xC8, 0x51, 0x01, 0x00, 0x5A, 0x14, 0x02, 0x00, 0xFC, 0xD8, 0x02, 0x00
	.byte 0x0E, 0x99, 0x03, 0x00, 0x44, 0x56, 0x04, 0x00, 0xD0, 0xA2, 0x00, 0x00, 0xE0, 0x51, 0x01, 0x00
	.byte 0x74, 0x14, 0x02, 0x00, 0x16, 0xD9, 0x02, 0x00, 0x22, 0x99, 0x03, 0x00, 0x5C, 0x56, 0x04, 0x00
	.byte 0xE4, 0xA2, 0x00, 0x00, 0xF2, 0x51, 0x01, 0x00, 0x88, 0x14, 0x02, 0x00, 0x28, 0xD9, 0x02, 0x00
	.byte 0x32, 0x99, 0x03, 0x00, 0x6C, 0x56, 0x04, 0x00, 0xF0, 0xA2, 0x00, 0x00, 0x04, 0x52, 0x01, 0x00
	.byte 0x9C, 0x14, 0x02, 0x00, 0x3E, 0xD9, 0x02, 0x00, 0x46, 0x99, 0x03, 0x00, 0x7E, 0x56, 0x04, 0x00
	.byte 0xFE, 0xA2, 0x00, 0x00, 0x14, 0x52, 0x01, 0x00, 0xB2, 0x14, 0x02, 0x00, 0x52, 0xD9, 0x02, 0x00
	.byte 0x5A, 0x99, 0x03, 0x00, 0x94, 0x56, 0x04, 0x00, 0x0E, 0xA3, 0x00, 0x00, 0x26, 0x52, 0x01, 0x00
	.byte 0xC6, 0x14, 0x02, 0x00, 0x60, 0xD9, 0x02, 0x00, 0x70, 0x99, 0x03, 0x00, 0xAA, 0x56, 0x04, 0x00
	.byte 0x18, 0xA3, 0x00, 0x00, 0x32, 0x52, 0x01, 0x00, 0xD8, 0x14, 0x02, 0x00, 0x72, 0xD9, 0x02, 0x00
	.byte 0x80, 0x99, 0x03, 0x00, 0xB8, 0x56, 0x04, 0x00, 0x24, 0xA3, 0x00, 0x00, 0x42, 0x52, 0x01, 0x00
	.byte 0xEC, 0x14, 0x02, 0x00, 0x86, 0xD9, 0x02, 0x00, 0x94, 0x99, 0x03, 0x00, 0xCA, 0x56, 0x04, 0x00
	.byte 0x30, 0xA3, 0x00, 0x00, 0x50, 0x52, 0x01, 0x00, 0xFA, 0x14, 0x02, 0x00, 0x94, 0xD9, 0x02, 0x00
	.byte 0xA6, 0x99, 0x03, 0x00, 0xDA, 0x56, 0x04, 0x00, 0x3A, 0xA3, 0x00, 0x00, 0x60, 0x52, 0x01, 0x00
	.byte 0x12, 0x15, 0x02, 0x00, 0xA4, 0xD9, 0x02, 0x00, 0xB6, 0x99, 0x03, 0x00, 0xEC, 0x56, 0x04, 0x00
	.byte 0x4C, 0xA3, 0x00, 0x00, 0x7A, 0x52, 0x01, 0x00, 0x2C, 0x15, 0x02, 0x00, 0xBC, 0xD9, 0x02, 0x00
	.byte 0xCE, 0x99, 0x03, 0x00, 0x02, 0x57, 0x04, 0x00, 0x5E, 0xA3, 0x00, 0x00, 0x94, 0x52, 0x01, 0x00
	.byte 0x46, 0x15, 0x02, 0x00, 0xD4, 0xD9, 0x02, 0x00, 0xE6, 0x99, 0x03, 0x00, 0x18, 0x57, 0x04, 0x00
	.byte 0x6C, 0xA3, 0x00, 0x00, 0xA0, 0x52, 0x01, 0x00, 0x58, 0x15, 0x02, 0x00, 0xDA, 0xD9, 0x02, 0x00
	.byte 0xF2, 0x99, 0x03, 0x00, 0x26, 0x57, 0x04, 0x00, 0x80, 0xA3, 0x00, 0x00, 0xB0, 0x52, 0x01, 0x00
	.byte 0x74, 0x15, 0x02, 0x00, 0xF6, 0xD9, 0x02, 0x00, 0x0C, 0x9A, 0x03, 0x00, 0x38, 0x57, 0x04, 0x00
	.byte 0x90, 0xA3, 0x00, 0x00, 0xC0, 0x52, 0x01, 0x00, 0x8C, 0x15, 0x02, 0x00, 0x16, 0xDA, 0x02, 0x00
	.byte 0x1E, 0x9A, 0x03, 0x00, 0x4C, 0x57, 0x04, 0x00, 0x9C, 0xA3, 0x00, 0x00, 0xCA, 0x52, 0x01, 0x00
	.byte 0x96, 0x15, 0x02, 0x00, 0x24, 0xDA, 0x02, 0x00, 0x28, 0x9A, 0x03, 0x00, 0x5C, 0x57, 0x04, 0x00
	.byte 0xAE, 0xA3, 0x00, 0x00, 0xDC, 0x52, 0x01, 0x00, 0xA8, 0x15, 0x02, 0x00, 0x38, 0xDA, 0x02, 0x00
	.byte 0x38, 0x9A, 0x03, 0x00, 0x70, 0x57, 0x04, 0x00, 0xC0, 0xA3, 0x00, 0x00, 0xF2, 0x52, 0x01, 0x00
	.byte 0xBE, 0x15, 0x02, 0x00, 0x52, 0xDA, 0x02, 0x00, 0x4E, 0x9A, 0x03, 0x00, 0x88, 0x57, 0x04, 0x00
	.byte 0xD4, 0xA3, 0x00, 0x00, 0x02, 0x53, 0x01, 0x00, 0xCC, 0x15, 0x02, 0x00, 0x64, 0xDA, 0x02, 0x00
	.byte 0x66, 0x9A, 0x03, 0x00, 0x9A, 0x57, 0x04, 0x00, 0xE4, 0xA3, 0x00, 0x00, 0x10, 0x53, 0x01, 0x00
	.byte 0xDA, 0x15, 0x02, 0x00, 0x7C, 0xDA, 0x02, 0x00, 0x7E, 0x9A, 0x03, 0x00, 0xAE, 0x57, 0x04, 0x00
	.byte 0xF0, 0xA3, 0x00, 0x00, 0x22, 0x53, 0x01, 0x00, 0xF6, 0x15, 0x02, 0x00, 0x94, 0xDA, 0x02, 0x00
	.byte 0x96, 0x9A, 0x03, 0x00, 0xC4, 0x57, 0x04, 0x00, 0x00, 0xA4, 0x00, 0x00, 0x34, 0x53, 0x01, 0x00
	.byte 0x0C, 0x16, 0x02, 0x00, 0xAA, 0xDA, 0x02, 0x00, 0xA8, 0x9A, 0x03, 0x00, 0xD6, 0x57, 0x04, 0x00
	.byte 0x0C, 0xA4, 0x00, 0x00, 0x44, 0x53, 0x01, 0x00, 0x1E, 0x16, 0x02, 0x00, 0xC0, 0xDA, 0x02, 0x00
	.byte 0xBA, 0x9A, 0x03, 0x00, 0xE8, 0x57, 0x04, 0x00, 0x1A, 0xA4, 0x00, 0x00, 0x5C, 0x53, 0x01, 0x00
	.byte 0x36, 0x16, 0x02, 0x00, 0xD8, 0xDA, 0x02, 0x00, 0xD0, 0x9A, 0x03, 0x00, 0x00, 0x58, 0x04, 0x00
	.byte 0x24, 0xA4, 0x00, 0x00, 0x6C, 0x53, 0x01, 0x00, 0x42, 0x16, 0x02, 0x00, 0xEA, 0xDA, 0x02, 0x00
	.byte 0xDE, 0x9A, 0x03, 0x00, 0x10, 0x58, 0x04, 0x00, 0x30, 0xA4, 0x00, 0x00, 0x7A, 0x53, 0x01, 0x00
	.byte 0x58, 0x16, 0x02, 0x00, 0x00, 0xDB, 0x02, 0x00, 0xF0, 0x9A, 0x03, 0x00, 0x28, 0x58, 0x04, 0x00
	.byte 0x40, 0xA4, 0x00, 0x00, 0x86, 0x53, 0x01, 0x00, 0x66, 0x16, 0x02, 0x00, 0x10, 0xDB, 0x02, 0x00
	.byte 0xFE, 0x9A, 0x03, 0x00, 0x38, 0x58, 0x04, 0x00, 0x4A, 0xA4, 0x00, 0x00, 0x9A, 0x53, 0x01, 0x00
	.byte 0x80, 0x16, 0x02, 0x00, 0x28, 0xDB, 0x02, 0x00, 0x16, 0x9B, 0x03, 0x00, 0x50, 0x58, 0x04, 0x00
	.byte 0x60, 0xA4, 0x00, 0x00, 0xA8, 0x53, 0x01, 0x00, 0x96, 0x16, 0x02, 0x00, 0x3E, 0xDB, 0x02, 0x00
	.byte 0x2C, 0x9B, 0x03, 0x00, 0x64, 0x58, 0x04, 0x00, 0x70, 0xA4, 0x00, 0x00, 0xB8, 0x53, 0x01, 0x00
	.byte 0xAA, 0x16, 0x02, 0x00, 0x56, 0xDB, 0x02, 0x00, 0x3C, 0x9B, 0x03, 0x00, 0x76, 0x58, 0x04, 0x00
	.byte 0x80, 0xA4, 0x00, 0x00, 0xC8, 0x53, 0x01, 0x00, 0xBC, 0x16, 0x02, 0x00, 0x64, 0xDB, 0x02, 0x00
	.byte 0x50, 0x9B, 0x03, 0x00, 0x8E, 0x58, 0x04, 0x00, 0x90, 0xA4, 0x00, 0x00, 0xD4, 0x53, 0x01, 0x00
	.byte 0xC8, 0x16, 0x02, 0x00, 0x74, 0xDB, 0x02, 0x00, 0x5E, 0x9B, 0x03, 0x00, 0x9C, 0x58, 0x04, 0x00
	.byte 0x98, 0xA4, 0x00, 0x00, 0xE8, 0x53, 0x01, 0x00, 0xD2, 0x16, 0x02, 0x00, 0x86, 0xDB, 0x02, 0x00
	.byte 0x7A, 0x9B, 0x03, 0x00, 0xB2, 0x58, 0x04, 0x00, 0xA2, 0xA4, 0x00, 0x00, 0x00, 0x54, 0x01, 0x00
	.byte 0xEA, 0x16, 0x02, 0x00, 0x9A, 0xDB, 0x02, 0x00, 0x94, 0x9B, 0x03, 0x00, 0xCA, 0x58, 0x04, 0x00
	.byte 0xB0, 0xA4, 0x00, 0x00, 0x14, 0x54, 0x01, 0x00, 0xFE, 0x16, 0x02, 0x00, 0xAE, 0xDB, 0x02, 0x00
	.byte 0xA8, 0x9B, 0x03, 0x00, 0xE6, 0x58, 0x04, 0x00, 0xBE, 0xA4, 0x00, 0x00, 0x24, 0x54, 0x01, 0x00
	.byte 0x0E, 0x17, 0x02, 0x00, 0xBE, 0xDB, 0x02, 0x00, 0xB8, 0x9B, 0x03, 0x00, 0xFC, 0x58, 0x04, 0x00
	.byte 0xCC, 0xA4, 0x00, 0x00, 0x38, 0x54, 0x01, 0x00, 0x22, 0x17, 0x02, 0x00, 0xD2, 0xDB, 0x02, 0x00
	.byte 0xCC, 0x9B, 0x03, 0x00, 0x18, 0x59, 0x04, 0x00, 0xDA, 0xA4, 0x00, 0x00, 0x48, 0x54, 0x01, 0x00
	.byte 0x32, 0x17, 0x02, 0x00, 0xE2, 0xDB, 0x02, 0x00, 0xDC, 0x9B, 0x03, 0x00, 0x2E, 0x59, 0x04, 0x00
	.byte 0xE8, 0xA4, 0x00, 0x00, 0x5C, 0x54, 0x01, 0x00, 0x46, 0x17, 0x02, 0x00, 0xF6, 0xDB, 0x02, 0x00
	.byte 0xF0, 0x9B, 0x03, 0x00, 0x4A, 0x59, 0x04, 0x00, 0xF4, 0xA4, 0x00, 0x00, 0x68, 0x54, 0x01, 0x00
	.byte 0x56, 0x17, 0x02, 0x00, 0x0E, 0xDC, 0x02, 0x00, 0x02, 0x9C, 0x03, 0x00, 0x5C, 0x59, 0x04, 0x00
	.byte 0x04, 0xA5, 0x00, 0x00, 0x74, 0x54, 0x01, 0x00, 0x64, 0x17, 0x02, 0x00, 0x1C, 0xDC, 0x02, 0x00
	.byte 0x0E, 0x9C, 0x03, 0x00, 0x6A, 0x59, 0x04, 0x00, 0x14, 0xA5, 0x00, 0x00, 0x8A, 0x54, 0x01, 0x00
	.byte 0x7C, 0x17, 0x02, 0x00, 0x38, 0xDC, 0x02, 0x00, 0x26, 0x9C, 0x03, 0x00, 0x84, 0x59, 0x04, 0x00
	.byte 0x1E, 0xA5, 0x00, 0x00, 0x96, 0x54, 0x01, 0x00, 0x8E, 0x17, 0x02, 0x00, 0x44, 0xDC, 0x02, 0x00
	.byte 0x40, 0x9C, 0x03, 0x00, 0x94, 0x59, 0x04, 0x00, 0x38, 0xA5, 0x00, 0x00, 0xA8, 0x54, 0x01, 0x00
	.byte 0xA0, 0x17, 0x02, 0x00, 0x56, 0xDC, 0x02, 0x00, 0x52, 0x9C, 0x03, 0x00, 0xA6, 0x59, 0x04, 0x00
	.byte 0x44, 0xA5, 0x00, 0x00, 0xAE, 0x54, 0x01, 0x00, 0xA6, 0x17, 0x02, 0x00, 0x5C, 0xDC, 0x02, 0x00
	.byte 0x58, 0x9C, 0x03, 0x00, 0xAC, 0x59, 0x04, 0x00, 0x54, 0xA5, 0x00, 0x00, 0xC4, 0x54, 0x01, 0x00
	.byte 0xBA, 0x17, 0x02, 0x00, 0x70, 0xDC, 0x02, 0x00, 0x6A, 0x9C, 0x03, 0x00, 0xBE, 0x59, 0x04, 0x00
	.byte 0x66, 0xA5, 0x00, 0x00, 0xD4, 0x54, 0x01, 0x00, 0xD2, 0x17, 0x02, 0x00, 0x86, 0xDC, 0x02, 0x00
	.byte 0x82, 0x9C, 0x03, 0x00, 0xD6, 0x59, 0x04, 0x00, 0x6E, 0xA5, 0x00, 0x00, 0xEA, 0x54, 0x01, 0x00
	.byte 0xF2, 0x17, 0x02, 0x00, 0x98, 0xDC, 0x02, 0x00, 0x92, 0x9C, 0x03, 0x00, 0xE8, 0x59, 0x04, 0x00
	.byte 0x84, 0xA5, 0x00, 0x00, 0xFE, 0x54, 0x01, 0x00, 0x06, 0x18, 0x02, 0x00, 0xAA, 0xDC, 0x02, 0x00
	.byte 0xA8, 0x9C, 0x03, 0x00, 0xFC, 0x59, 0x04, 0x00, 0x9E, 0xA5, 0x00, 0x00, 0x12, 0x55, 0x01, 0x00
	.byte 0x24, 0x18, 0x02, 0x00, 0xBC, 0xDC, 0x02, 0x00, 0xBE, 0x9C, 0x03, 0x00, 0x0C, 0x5A, 0x04, 0x00
	.byte 0xAE, 0xA5, 0x00, 0x00, 0x24, 0x55, 0x01, 0x00, 0x38, 0x18, 0x02, 0x00, 0xD2, 0xDC, 0x02, 0x00
	.byte 0xD0, 0x9C, 0x03, 0x00, 0x1E, 0x5A, 0x04, 0x00, 0xBA, 0xA5, 0x00, 0x00, 0x38, 0x55, 0x01, 0x00
	.byte 0x4A, 0x18, 0x02, 0x00, 0xE0, 0xDC, 0x02, 0x00, 0xEA, 0x9C, 0x03, 0x00, 0x2E, 0x5A, 0x04, 0x00
	.byte 0xC6, 0xA5, 0x00, 0x00, 0x50, 0x55, 0x01, 0x00, 0x62, 0x18, 0x02, 0x00, 0xFC, 0xDC, 0x02, 0x00
	.byte 0x02, 0x9D, 0x03, 0x00, 0x44, 0x5A, 0x04, 0x00, 0xD6, 0xA5, 0x00, 0x00, 0x62, 0x55, 0x01, 0x00
	.byte 0x72, 0x18, 0x02, 0x00, 0x0E, 0xDD, 0x02, 0x00, 0x12, 0x9D, 0x03, 0x00, 0x54, 0x5A, 0x04, 0x00
	.byte 0xE4, 0xA5, 0x00, 0x00, 0x72, 0x55, 0x01, 0x00, 0x84, 0x18, 0x02, 0x00, 0x28, 0xDD, 0x02, 0x00
	.byte 0x26, 0x9D, 0x03, 0x00, 0x66, 0x5A, 0x04, 0x00, 0xF4, 0xA5, 0x00, 0x00, 0x7C, 0x55, 0x01, 0x00
	.byte 0x92, 0x18, 0x02, 0x00, 0x34, 0xDD, 0x02, 0x00, 0x32, 0x9D, 0x03, 0x00, 0x72, 0x5A, 0x04, 0x00
	.byte 0xFC, 0xA5, 0x00, 0x00, 0x88, 0x55, 0x01, 0x00, 0xA6, 0x18, 0x02, 0x00, 0x44, 0xDD, 0x02, 0x00
	.byte 0x42, 0x9D, 0x03, 0x00, 0x80, 0x5A, 0x04, 0x00, 0x08, 0xA6, 0x00, 0x00, 0x98, 0x55, 0x01, 0x00
	.byte 0xC2, 0x18, 0x02, 0x00, 0x56, 0xDD, 0x02, 0x00, 0x52, 0x9D, 0x03, 0x00, 0x92, 0x5A, 0x04, 0x00
	.byte 0x1A, 0xA6, 0x00, 0x00, 0xA6, 0x55, 0x01, 0x00, 0xD0, 0x18, 0x02, 0x00, 0x6A, 0xDD, 0x02, 0x00
	.byte 0x66, 0x9D, 0x03, 0x00, 0xA4, 0x5A, 0x04, 0x00, 0x22, 0xA6, 0x00, 0x00, 0xB8, 0x55, 0x01, 0x00
	.byte 0xE4, 0x18, 0x02, 0x00, 0x82, 0xDD, 0x02, 0x00, 0x80, 0x9D, 0x03, 0x00, 0xB6, 0x5A, 0x04, 0x00
	.byte 0x30, 0xA6, 0x00, 0x00, 0xCA, 0x55, 0x01, 0x00, 0xF8, 0x18, 0x02, 0x00, 0x98, 0xDD, 0x02, 0x00
	.byte 0x92, 0x9D, 0x03, 0x00, 0xCA, 0x5A, 0x04, 0x00, 0x40, 0xA6, 0x00, 0x00, 0xE4, 0x55, 0x01, 0x00
	.byte 0x12, 0x19, 0x02, 0x00, 0xB4, 0xDD, 0x02, 0x00, 0xAC, 0x9D, 0x03, 0x00, 0xE8, 0x5A, 0x04, 0x00
	.byte 0x54, 0xA6, 0x00, 0x00, 0xF2, 0x55, 0x01, 0x00, 0x22, 0x19, 0x02, 0x00, 0xC8, 0xDD, 0x02, 0x00
	.byte 0xBE, 0x9D, 0x03, 0x00, 0xFA, 0x5A, 0x04, 0x00, 0x60, 0xA6, 0x00, 0x00, 0x04, 0x56, 0x01, 0x00
	.byte 0x32, 0x19, 0x02, 0x00, 0xDE, 0xDD, 0x02, 0x00, 0xD0, 0x9D, 0x03, 0x00, 0x0C, 0x5B, 0x04, 0x00
	.byte 0x70, 0xA6, 0x00, 0x00, 0x14, 0x56, 0x01, 0x00, 0x4A, 0x19, 0x02, 0x00, 0x00, 0xDE, 0x02, 0x00
	.byte 0xE0, 0x9D, 0x03, 0x00, 0x24, 0x5B, 0x04, 0x00, 0x80, 0xA6, 0x00, 0x00, 0x26, 0x56, 0x01, 0x00
	.byte 0x64, 0x19, 0x02, 0x00, 0x10, 0xDE, 0x02, 0x00, 0xF2, 0x9D, 0x03, 0x00, 0x3A, 0x5B, 0x04, 0x00
	.byte 0x8E, 0xA6, 0x00, 0x00, 0x32, 0x56, 0x01, 0x00, 0x70, 0x19, 0x02, 0x00, 0x20, 0xDE, 0x02, 0x00
	.byte 0xFE, 0x9D, 0x03, 0x00, 0x4A, 0x5B, 0x04, 0x00, 0x98, 0xA6, 0x00, 0x00, 0x40, 0x56, 0x01, 0x00
	.byte 0x80, 0x19, 0x02, 0x00, 0x32, 0xDE, 0x02, 0x00, 0x0E, 0x9E, 0x03, 0x00, 0x5A, 0x5B, 0x04, 0x00
	.byte 0xA2, 0xA6, 0x00, 0x00, 0x4E, 0x56, 0x01, 0x00, 0x8C, 0x19, 0x02, 0x00, 0x3E, 0xDE, 0x02, 0x00
	.byte 0x18, 0x9E, 0x03, 0x00, 0x64, 0x5B, 0x04, 0x00, 0xB0, 0xA6, 0x00, 0x00, 0x5C, 0x56, 0x01, 0x00
	.byte 0x9A, 0x19, 0x02, 0x00, 0x50, 0xDE, 0x02, 0x00, 0x26, 0x9E, 0x03, 0x00, 0x72, 0x5B, 0x04, 0x00
	.byte 0xBC, 0xA6, 0x00, 0x00, 0x70, 0x56, 0x01, 0x00, 0xB0, 0x19, 0x02, 0x00, 0x64, 0xDE, 0x02, 0x00
	.byte 0x3A, 0x9E, 0x03, 0x00, 0x86, 0x5B, 0x04, 0x00, 0xD0, 0xA6, 0x00, 0x00, 0x82, 0x56, 0x01, 0x00
	.byte 0xCC, 0x19, 0x02, 0x00, 0x76, 0xDE, 0x02, 0x00, 0x50, 0x9E, 0x03, 0x00, 0x9C, 0x5B, 0x04, 0x00
	.byte 0xDE, 0xA6, 0x00, 0x00, 0x94, 0x56, 0x01, 0x00, 0xE2, 0x19, 0x02, 0x00, 0x8A, 0xDE, 0x02, 0x00
	.byte 0x62, 0x9E, 0x03, 0x00, 0xAE, 0x5B, 0x04, 0x00, 0xEE, 0xA6, 0x00, 0x00, 0xB0, 0x56, 0x01, 0x00
	.byte 0xFE, 0x19, 0x02, 0x00, 0xAA, 0xDE, 0x02, 0x00, 0x7C, 0x9E, 0x03, 0x00, 0xCA, 0x5B, 0x04, 0x00
	.byte 0xFE, 0xA6, 0x00, 0x00, 0xB8, 0x56, 0x01, 0x00, 0x08, 0x1A, 0x02, 0x00, 0xB8, 0xDE, 0x02, 0x00
	.byte 0x8A, 0x9E, 0x03, 0x00, 0xD8, 0x5B, 0x04, 0x00, 0x06, 0xA7, 0x00, 0x00, 0xCA, 0x56, 0x01, 0x00
	.byte 0x18, 0x1A, 0x02, 0x00, 0xCC, 0xDE, 0x02, 0x00, 0x9A, 0x9E, 0x03, 0x00, 0xEA, 0x5B, 0x04, 0x00
	.byte 0x14, 0xA7, 0x00, 0x00, 0xDE, 0x56, 0x01, 0x00, 0x2C, 0x1A, 0x02, 0x00, 0xE0, 0xDE, 0x02, 0x00
	.byte 0xB0, 0x9E, 0x03, 0x00, 0x02, 0x5C, 0x04, 0x00, 0x22, 0xA7, 0x00, 0x00, 0xF2, 0x56, 0x01, 0x00
	.byte 0x3A, 0x1A, 0x02, 0x00, 0xF0, 0xDE, 0x02, 0x00, 0xC2, 0x9E, 0x03, 0x00, 0x18, 0x5C, 0x04, 0x00
	.byte 0x2A, 0xA7, 0x00, 0x00, 0x04, 0x57, 0x01, 0x00, 0x4C, 0x1A, 0x02, 0x00, 0x08, 0xDF, 0x02, 0x00
	.byte 0xD2, 0x9E, 0x03, 0x00, 0x2A, 0x5C, 0x04, 0x00, 0x38, 0xA7, 0x00, 0x00, 0x16, 0x57, 0x01, 0x00
	.byte 0x62, 0x1A, 0x02, 0x00, 0x20, 0xDF, 0x02, 0x00, 0xE8, 0x9E, 0x03, 0x00, 0x42, 0x5C, 0x04, 0x00
	.byte 0x4E, 0xA7, 0x00, 0x00, 0x2A, 0x57, 0x01, 0x00, 0x7C, 0x1A, 0x02, 0x00, 0x3A, 0xDF, 0x02, 0x00
	.byte 0xFE, 0x9E, 0x03, 0x00, 0x58, 0x5C, 0x04, 0x00, 0x5E, 0xA7, 0x00, 0x00, 0x3C, 0x57, 0x01, 0x00
	.byte 0x8E, 0x1A, 0x02, 0x00, 0x4E, 0xDF, 0x02, 0x00, 0x10, 0x9F, 0x03, 0x00, 0x6A, 0x5C, 0x04, 0x00
	.byte 0x6E, 0xA7, 0x00, 0x00, 0x52, 0x57, 0x01, 0x00, 0xA6, 0x1A, 0x02, 0x00, 0x66, 0xDF, 0x02, 0x00
	.byte 0x24, 0x9F, 0x03, 0x00, 0x80, 0x5C, 0x04, 0x00, 0x7E, 0xA7, 0x00, 0x00, 0x60, 0x57, 0x01, 0x00
	.byte 0xBE, 0x1A, 0x02, 0x00, 0x7A, 0xDF, 0x02, 0x00, 0x36, 0x9F, 0x03, 0x00, 0x92, 0x5C, 0x04, 0x00
	.byte 0x8E, 0xA7, 0x00, 0x00, 0x74, 0x57, 0x01, 0x00, 0xD2, 0x1A, 0x02, 0x00, 0x92, 0xDF, 0x02, 0x00
	.byte 0x4C, 0x9F, 0x03, 0x00, 0xA6, 0x5C, 0x04, 0x00, 0x9E, 0xA7, 0x00, 0x00, 0x88, 0x57, 0x01, 0x00
	.byte 0xE8, 0x1A, 0x02, 0x00, 0xA8, 0xDF, 0x02, 0x00, 0x60, 0x9F, 0x03, 0x00, 0xBA, 0x5C, 0x04, 0x00
	.byte 0xAC, 0xA7, 0x00, 0x00, 0x9A, 0x57, 0x01, 0x00, 0xF8, 0x1A, 0x02, 0x00, 0xB8, 0xDF, 0x02, 0x00
	.byte 0x72, 0x9F, 0x03, 0x00, 0xCE, 0x5C, 0x04, 0x00, 0xB8, 0xA7, 0x00, 0x00, 0xB4, 0x57, 0x01, 0x00
	.byte 0x12, 0x1B, 0x02, 0x00, 0xD2, 0xDF, 0x02, 0x00, 0x88, 0x9F, 0x03, 0x00, 0xEA, 0x5C, 0x04, 0x00
	.byte 0xC4, 0xA7, 0x00, 0x00, 0xC8, 0x57, 0x01, 0x00, 0x28, 0x1B, 0x02, 0x00, 0xE8, 0xDF, 0x02, 0x00
	.byte 0x9E, 0x9F, 0x03, 0x00, 0x00, 0x5D, 0x04, 0x00, 0xD6, 0xA7, 0x00, 0x00, 0xDE, 0x57, 0x01, 0x00
	.byte 0x3C, 0x1B, 0x02, 0x00, 0xFC, 0xDF, 0x02, 0x00, 0xB0, 0x9F, 0x03, 0x00, 0x18, 0x5D, 0x04, 0x00
	.byte 0xE6, 0xA7, 0x00, 0x00, 0xF0, 0x57, 0x01, 0x00, 0x4C, 0x1B, 0x02, 0x00, 0x0E, 0xE0, 0x02, 0x00
	.byte 0xC0, 0x9F, 0x03, 0x00, 0x28, 0x5D, 0x04, 0x00, 0xF6, 0xA7, 0x00, 0x00, 0xFC, 0x57, 0x01, 0x00
	.byte 0x5A, 0x1B, 0x02, 0x00, 0x26, 0xE0, 0x02, 0x00, 0xCE, 0x9F, 0x03, 0x00, 0x44, 0x5D, 0x04, 0x00
	.byte 0x02, 0xA8, 0x00, 0x00, 0x10, 0x58, 0x01, 0x00, 0x74, 0x1B, 0x02, 0x00, 0x3A, 0xE0, 0x02, 0x00
	.byte 0xE6, 0x9F, 0x03, 0x00, 0x5A, 0x5D, 0x04, 0x00, 0x16, 0xA8, 0x00, 0x00, 0x1C, 0x58, 0x01, 0x00
	.byte 0x80, 0x1B, 0x02, 0x00, 0x48, 0xE0, 0x02, 0x00, 0xF8, 0x9F, 0x03, 0x00, 0x68, 0x5D, 0x04, 0x00
	.byte 0x2A, 0xA8, 0x00, 0x00, 0x2A, 0x58, 0x01, 0x00, 0x8E, 0x1B, 0x02, 0x00, 0x5E, 0xE0, 0x02, 0x00
	.byte 0x0C, 0xA0, 0x03, 0x00, 0x7A, 0x5D, 0x04, 0x00, 0x36, 0xA8, 0x00, 0x00, 0x32, 0x58, 0x01, 0x00
	.byte 0x98, 0x1B, 0x02, 0x00, 0x6A, 0xE0, 0x02, 0x00, 0x1C, 0xA0, 0x03, 0x00, 0x8C, 0x5D, 0x04, 0x00
	.byte 0x40, 0xA8, 0x00, 0x00, 0x42, 0x58, 0x01, 0x00, 0xAA, 0x1B, 0x02, 0x00, 0x7C, 0xE0, 0x02, 0x00
	.byte 0x2C, 0xA0, 0x03, 0x00, 0x98, 0x5D, 0x04, 0x00, 0x52, 0xA8, 0x00, 0x00, 0x58, 0x58, 0x01, 0x00
	.byte 0xC0, 0x1B, 0x02, 0x00, 0x96, 0xE0, 0x02, 0x00, 0x42, 0xA0, 0x03, 0x00, 0xB0, 0x5D, 0x04, 0x00
	.byte 0x64, 0xA8, 0x00, 0x00, 0x62, 0x58, 0x01, 0x00, 0xD0, 0x1B, 0x02, 0x00, 0xA8, 0xE0, 0x02, 0x00
	.byte 0x58, 0xA0, 0x03, 0x00, 0xC2, 0x5D, 0x04, 0x00, 0x68, 0xA9, 0x00, 0x00, 0x64, 0x58, 0x01, 0x00
	.byte 0xD2, 0x1B, 0x02, 0x00, 0xAA, 0xE0, 0x02, 0x00, 0x5A, 0xA0, 0x03, 0x00, 0xC4, 0x5D, 0x04, 0x00
	.byte 0x7E, 0xA9, 0x00, 0x00, 0x66, 0x58, 0x01, 0x00, 0xD4, 0x1B, 0x02, 0x00, 0xAC, 0xE0, 0x02, 0x00
	.byte 0x5C, 0xA0, 0x03, 0x00, 0xC6, 0x5D, 0x04, 0x00, 0x94, 0xA9, 0x00, 0x00, 0x68, 0x58, 0x01, 0x00
	.byte 0xD6, 0x1B, 0x02, 0x00, 0xAE, 0xE0, 0x02, 0x00, 0x5E, 0xA0, 0x03, 0x00, 0xC8, 0x5D, 0x04, 0x00
	.byte 0xAA, 0xA9, 0x00, 0x00, 0x6A, 0x58, 0x01, 0x00, 0xD8, 0x1B, 0x02, 0x00, 0xB0, 0xE0, 0x02, 0x00
	.byte 0x60, 0xA0, 0x03, 0x00, 0xCA, 0x5D, 0x04, 0x00, 0xC0, 0xA9, 0x00, 0x00, 0x6C, 0x58, 0x01, 0x00
	.byte 0xDA, 0x1B, 0x02, 0x00, 0xB2, 0xE0, 0x02, 0x00, 0x62, 0xA0, 0x03, 0x00, 0xCC, 0x5D, 0x04, 0x00
	.byte 0xD4, 0xA9, 0x00, 0x00, 0x6E, 0x58, 0x01, 0x00, 0xDC, 0x1B, 0x02, 0x00, 0xB4, 0xE0, 0x02, 0x00
	.byte 0x64, 0xA0, 0x03, 0x00, 0xCE, 0x5D, 0x04, 0x00, 0xE8, 0xA9, 0x00, 0x00, 0x70, 0x58, 0x01, 0x00
	.byte 0xDE, 0x1B, 0x02, 0x00, 0xB6, 0xE0, 0x02, 0x00, 0x66, 0xA0, 0x03, 0x00, 0xD0, 0x5D, 0x04, 0x00
	.byte 0xFC, 0xA9, 0x00, 0x00, 0x72, 0x58, 0x01, 0x00, 0xE0, 0x1B, 0x02, 0x00, 0xB8, 0xE0, 0x02, 0x00
	.byte 0x68, 0xA0, 0x03, 0x00, 0xD2, 0x5D, 0x04, 0x00, 0x00, 0x00, 0x00, 0x00, 0x00, 0x00, 0x00, 0x00
	.byte 0x10, 0x00, 0x10, 0x00, 0x10, 0x00, 0x10, 0x00, 0xE0, 0x83, 0x00, 0x00, 0x11, 0x80, 0x00, 0x78
	.byte 0x1F, 0x00, 0xC0, 0x82, 0x94, 0xB1, 0x7E, 0xA5, 0xEF, 0x75, 0x7F, 0x82, 0x3E, 0x42, 0x17, 0x7B
	.byte 0x1F, 0xE3, 0xDF, 0x83, 0xDF, 0x7B, 0xFF, 0xFF, 0x48, 0x00, 0x48, 0x00, 0x48, 0x00, 0x48, 0x00
	.byte 0x00, 0x00, 0x00, 0x00, 0x00, 0x10, 0x11, 0x11, 0x00, 0x10, 0xFF, 0xFF, 0x00, 0x10, 0xFF, 0xFF
	.byte 0x00, 0x10, 0xFF, 0xFF, 0x00, 0x10, 0xFF, 0xFF, 0x00, 0x10, 0xFF, 0xFF, 0x00, 0x10, 0xFF, 0xFF
	.byte 0x00, 0x00, 0x00, 0x00, 0x11, 0x11, 0x11, 0x11, 0xFF, 0xFF, 0xFF, 0xFF, 0xFF, 0xFF, 0xFF, 0xFF
	.byte 0xFF, 0xFF, 0xFF, 0xFF, 0xFF, 0xFF, 0xFF, 0xFF, 0xFF, 0xFF, 0xFF, 0xFF, 0xFF, 0xFF, 0xFF, 0xFF
	.byte 0x00, 0x00, 0x00, 0x00, 0x11, 0x11, 0x11, 0x11, 0xFF, 0xFF, 0xFF, 0xFF, 0xFF, 0xFF, 0xFF, 0xFF
	.byte 0xFF, 0xFF, 0xFF, 0xFF, 0xFF, 0xFF, 0xFF, 0xFF, 0xFF, 0xFF, 0xFF, 0xFF, 0xFF, 0xFF, 0xFF, 0xEF
	.byte 0x00, 0x00, 0x00, 0x00, 0x11, 0x11, 0x11, 0x11, 0xFF, 0xFF, 0xFF, 0xFF, 0xFF, 0xFF, 0xFF, 0xFF
	.byte 0xFF, 0xFF, 0xFF, 0xFF, 0xFF, 0xFF, 0xFF, 0xFF, 0xFF, 0xFF, 0xFF, 0xFF, 0xCC, 0xEE, 0xFF, 0xFF
	.byte 0x00, 0x00, 0x00, 0x00, 0x11, 0x11, 0x11, 0x01, 0xFF, 0xFF, 0xFF, 0x01, 0xFF, 0xFF, 0xFF, 0x01
	.byte 0xFF, 0xFF, 0xFF, 0x01, 0xFF, 0xFF, 0xFF, 0x01, 0xFF, 0xFF, 0xFF, 0x01, 0xFF, 0xFF, 0xFF, 0x01
	.byte 0x00, 0x00, 0x00, 0x00, 0x00, 0x11, 0x11, 0x11, 0x00, 0x31, 0x33, 0x33, 0x00, 0x31, 0x38, 0x83
	.byte 0x00, 0x31, 0xB3, 0x33, 0x00, 0x31, 0x38, 0x33, 0x00, 0x31, 0x38, 0x83, 0x00, 0x31, 0xB3, 0x33
	.byte 0x00, 0x00, 0x00, 0x00, 0x11, 0x11, 0x11, 0x11, 0x33, 0x33, 0x33, 0x33, 0x33, 0x38, 0xB3, 0x33
	.byte 0x3B, 0xB3, 0x38, 0x88, 0x33, 0x38, 0x83, 0x33, 0x33, 0x38, 0x83, 0x33, 0x3B, 0xB3, 0x33, 0x8B
	.byte 0x00, 0x00, 0x00, 0x00, 0x11, 0x11, 0x11, 0x11, 0x33, 0x33, 0x43, 0x44, 0x3B, 0x83, 0xF3, 0xFF
	.byte 0x33, 0x3B, 0xF3, 0xFF, 0x38, 0x83, 0x43, 0x44, 0x38, 0x83, 0x43, 0x44, 0x33, 0x3B, 0xF3, 0xFF
	.byte 0x00, 0x00, 0x00, 0x00, 0x11, 0x11, 0x11, 0x11, 0x44, 0x44, 0x44, 0x44, 0xFF, 0xFF, 0xFF, 0xFF
	.byte 0xFF, 0xFF, 0xFF, 0xFF, 0x44, 0x44, 0x44, 0x44, 0x44, 0x44, 0x44, 0x44, 0xFF, 0xFF, 0xFF, 0xFF
	.byte 0x00, 0x00, 0x00, 0x00, 0x11, 0x11, 0x11, 0x00, 0x44, 0x44, 0x14, 0x00, 0xFF, 0xFF, 0x1F, 0x00
	.byte 0xFF, 0xFF, 0x1F, 0x00, 0x44, 0x44, 0x14, 0x00, 0x44, 0x44, 0x14, 0x00, 0xFF, 0xFF, 0x1F, 0x00
	.byte 0x00, 0x00, 0x00, 0x00, 0x11, 0x11, 0x11, 0x11, 0x11, 0x11, 0x11, 0x11, 0x11, 0x11, 0x11, 0x11
	.byte 0x11, 0x11, 0x11, 0x11, 0x11, 0x11, 0x11, 0x11, 0x11, 0x11, 0x11, 0x11, 0x11, 0x11, 0x11, 0x11
	.byte 0x00, 0x00, 0x00, 0x00, 0x11, 0x11, 0x00, 0x00, 0x11, 0x11, 0x00, 0x00, 0x11, 0x11, 0x00, 0x00
	.byte 0x11, 0x11, 0x00, 0x00, 0x11, 0x11, 0x00, 0x00, 0x11, 0x11, 0x00, 0x00, 0x11, 0x11, 0x00, 0x00
	.byte 0x00, 0x10, 0xFF, 0xFF, 0x00, 0x10, 0xFF, 0xFF, 0x00, 0x10, 0xFF, 0xFF, 0x00, 0x10, 0xFF, 0xFF
	.byte 0x00, 0x10, 0xFF, 0xFF, 0x00, 0x10, 0xFF, 0xFF, 0x00, 0x10, 0xFF, 0xFF, 0x00, 0x10, 0xFF, 0xFF
	.byte 0xFF, 0xFF, 0xFF, 0xFF, 0xFF, 0xFF, 0xFF, 0xFF, 0xFF, 0xFF, 0xFF, 0xFF, 0xFF, 0xFF, 0xFF, 0xFF
	.byte 0xFF, 0xFF, 0xFF, 0xFF, 0xFF, 0xFF, 0xFF, 0xFF, 0xFF, 0xFF, 0xFF, 0xFF, 0xFF, 0xFF, 0xFF, 0xFF
	.byte 0xFF, 0xFF, 0xCF, 0x44, 0xFF, 0xFF, 0x47, 0x44, 0xFF, 0x7F, 0x44, 0x44, 0xFF, 0x4C, 0x44, 0x44
	.byte 0xFF, 0x44, 0x44, 0x44, 0xEF, 0x44, 0x44, 0x44, 0xEF, 0x44, 0x44, 0x44, 0xEF, 0x44, 0x44, 0x44
	.byte 0x44, 0x44, 0xEA, 0xFF, 0x44, 0x44, 0x44, 0xFC, 0x44, 0x44, 0x44, 0xE4, 0x44, 0x44, 0x44, 0x44
	.byte 0x44, 0x44, 0x44, 0x44, 0x44, 0x44, 0x44, 0x44, 0x44, 0x44, 0x44, 0x44, 0x44, 0x44, 0x44, 0x44
	.byte 0xFF, 0xFF, 0xFF, 0xFF, 0xFF, 0xFF, 0xFF, 0xFF, 0xFF, 0xFF, 0xFF, 0xFF, 0xFF, 0xFF, 0xFF, 0xFF
	.byte 0xFC, 0xFF, 0xFF, 0xFF, 0xFA, 0xFF, 0xFF, 0xFF, 0xFA, 0xFF, 0xFF, 0xFF, 0xFA, 0xFF, 0xFF, 0xFF
	.byte 0xFF, 0xFF, 0xFF, 0x01, 0xFF, 0xFF, 0xFF, 0x01, 0xFF, 0xFF, 0xFF, 0x01, 0xFF, 0xFF, 0xFF, 0x01
	.byte 0xFF, 0xFF, 0xFF, 0x01, 0xFF, 0xFF, 0xFF, 0x01, 0xFF, 0xFF, 0xFF, 0x01, 0xFF, 0xFF, 0xFF, 0x01
	.byte 0x00, 0x31, 0x38, 0x83, 0x00, 0x31, 0x38, 0x83, 0x00, 0x31, 0x83, 0x33, 0x00, 0x31, 0x38, 0x83
	.byte 0x00, 0x31, 0x83, 0x33, 0x00, 0x31, 0xB3, 0x33, 0x00, 0x31, 0x38, 0x83, 0x00, 0x31, 0x33, 0x33
	.byte 0x33, 0x38, 0x83, 0x33, 0x33, 0x88, 0x83, 0x33, 0x38, 0x83, 0x33, 0x88, 0x33, 0x3B, 0xB3, 0x33
	.byte 0x38, 0x83, 0x33, 0x33, 0x3B, 0x83, 0x33, 0x88, 0x33, 0x3B, 0xB3, 0x33, 0x33, 0x33, 0x33, 0x33
	.byte 0x38, 0x33, 0xF3, 0xFF, 0x38, 0x83, 0x43, 0x44, 0x33, 0x3B, 0x43, 0x44, 0x3B, 0x83, 0xC3, 0xCC
	.byte 0x33, 0x38, 0xF3, 0xFF, 0x33, 0x3B, 0xF3, 0xFF, 0x3B, 0x83, 0x43, 0x44, 0x33, 0x33, 0x43, 0x44
	.byte 0xFF, 0xFF, 0xFF, 0xFF, 0x44, 0x44, 0x44, 0x44, 0x44, 0x44, 0x44, 0x44, 0xCC, 0xCC, 0xCC, 0xCC
	.byte 0xFF, 0xFF, 0xFF, 0xFF, 0xFF, 0xFF, 0xFF, 0xFF, 0x44, 0x44, 0x44, 0x44, 0x44, 0x44, 0x44, 0x44
	.byte 0xFF, 0xFF, 0x1F, 0x00, 0x44, 0x44, 0x14, 0x00, 0x44, 0x44, 0x14, 0x00, 0xCC, 0xCC, 0x1C, 0x00
	.byte 0xFF, 0xFF, 0x1F, 0x00, 0xFF, 0xFF, 0x1F, 0x00, 0x44, 0x44, 0x14, 0x00, 0x44, 0x44, 0x14, 0x00
	.byte 0x11, 0x11, 0x11, 0x11, 0x11, 0x11, 0x11, 0x11, 0x21, 0x22, 0x22, 0x22, 0x41, 0x44, 0x44, 0x44
	.byte 0x41, 0x44, 0x44, 0x44, 0x41, 0x44, 0x44, 0x44, 0x41, 0x44, 0x44, 0x44, 0x41, 0x44, 0x44, 0x44
	.byte 0x11, 0x11, 0x11, 0x11, 0x11, 0x11, 0x11, 0x11, 0x22, 0x22, 0x22, 0x22, 0x44, 0x44, 0x44, 0x44
	.byte 0x44, 0x44, 0x44, 0x44, 0x44, 0x44, 0x44, 0x44, 0x44, 0x44, 0x44, 0x44, 0x44, 0x44, 0x44, 0x44
	.byte 0x11, 0x11, 0x00, 0x00, 0x11, 0x11, 0x00, 0x00, 0x22, 0x12, 0x00, 0x00, 0x44, 0x14, 0x00, 0x00
	.byte 0x44, 0x14, 0x00, 0x00, 0x44, 0x14, 0x00, 0x00, 0x44, 0x14, 0x00, 0x00, 0x44, 0x14, 0x00, 0x00
	.byte 0xFF, 0x44, 0x44, 0x44, 0xFF, 0x47, 0x44, 0x44, 0xFF, 0x4E, 0x44, 0x44, 0xFF, 0xCF, 0x44, 0x44
	.byte 0xFF, 0xFF, 0x4C, 0x44, 0xFF, 0xFF, 0xFF, 0x4C, 0xFF, 0xFF, 0xFF, 0xFF, 0xFF, 0xFF, 0xFF, 0xFF
	.byte 0x44, 0x44, 0x44, 0x44, 0x44, 0x44, 0x44, 0x44, 0x44, 0x44, 0x44, 0x74, 0x44, 0x44, 0x44, 0xE4
	.byte 0x44, 0x44, 0x74, 0xFE, 0x44, 0x74, 0xFE, 0xFF, 0xFF, 0xFF, 0xFF, 0xFF, 0xFF, 0xFF, 0xFF, 0xFF
	.byte 0xFA, 0xFF, 0xFF, 0xFF, 0xFE, 0xFF, 0xFF, 0xFF, 0xFF, 0xFF, 0xFF, 0xFF, 0xFF, 0xFF, 0xFF, 0xFF
	.byte 0xFF, 0xFF, 0xFF, 0xFF, 0xFF, 0xFF, 0xFF, 0xFF, 0xFF, 0xFF, 0xFF, 0xFF, 0xFF, 0xFF, 0xFF, 0xFF
	.byte 0x00, 0xF1, 0xFF, 0xFF, 0x00, 0xF1, 0xFF, 0xFF, 0x00, 0x41, 0x44, 0x44, 0x00, 0x41, 0x44, 0x44
	.byte 0x00, 0xE1, 0xEE, 0xEE, 0x00, 0xF1, 0xFF, 0xFF, 0x00, 0xE1, 0xEE, 0xEE, 0x00, 0x41, 0x44, 0x44
	.byte 0xFF, 0xFF, 0xFF, 0xFF, 0xFF, 0xFF, 0xFF, 0xFF, 0x44, 0x44, 0x44, 0x44, 0x44, 0x44, 0x44, 0x44
	.byte 0xEE, 0xEE, 0xEE, 0xEE, 0xFF, 0xFF, 0xFF, 0xFF, 0xEE, 0xEE, 0xEE, 0xEE, 0x44, 0x44, 0x44, 0x44
	.byte 0x41, 0x44, 0x44, 0x44, 0x41, 0x44, 0x44, 0x44, 0x41, 0x44, 0x44, 0x44, 0x91, 0x99, 0x99, 0x99
	.byte 0xD1, 0xDD, 0xDD, 0xDD, 0xD1, 0xDD, 0xDD, 0xDD, 0xD1, 0xDD, 0xDD, 0xDD, 0xD1, 0xDD, 0xDD, 0xDD
	.byte 0x44, 0x44, 0x44, 0x44, 0x44, 0x44, 0x44, 0x44, 0x44, 0x44, 0x44, 0x44, 0x99, 0x99, 0x99, 0x99
	.byte 0xDD, 0xDD, 0xDD, 0xDD, 0xDD, 0xDD, 0xDD, 0xDD, 0xDD, 0xDD, 0xDD, 0xDD, 0xDD, 0xDD, 0xDD, 0xDD
	.byte 0x44, 0x14, 0x00, 0x00, 0x44, 0x14, 0x00, 0x00, 0x44, 0x14, 0x00, 0x00, 0x99, 0x19, 0x00, 0x00
	.byte 0xDD, 0x1D, 0x00, 0x00, 0xDD, 0x1D, 0x00, 0x00, 0xDD, 0x1D, 0x00, 0x00, 0xDD, 0x1D, 0x00, 0x00
	.byte 0x00, 0x10, 0xFF, 0xFF, 0x00, 0x10, 0xFF, 0xFF, 0x00, 0x10, 0xFF, 0xFF, 0x00, 0x10, 0xFF, 0xFF
	.byte 0x00, 0x10, 0x11, 0x11, 0x00, 0x00, 0x00, 0x00, 0x00, 0x00, 0x00, 0x00, 0x00, 0x00, 0x00, 0x00
	.byte 0xFF, 0xFF, 0xFF, 0xFF, 0xFF, 0xFF, 0xFF, 0xFF, 0xFF, 0xFF, 0xFF, 0xFF, 0xFF, 0xFF, 0xFF, 0xFF
	.byte 0x11, 0x11, 0x11, 0x11, 0x00, 0x00, 0x00, 0x00, 0x00, 0x00, 0x00, 0x00, 0x00, 0x00, 0x00, 0x00
	.byte 0xFF, 0xFF, 0xFF, 0x01, 0xFF, 0xFF, 0xFF, 0x01, 0xFF, 0xFF, 0xFF, 0x01, 0xFF, 0xFF, 0xFF, 0x01
	.byte 0x11, 0x11, 0x11, 0x01, 0x00, 0x00, 0x00, 0x00, 0x00, 0x00, 0x00, 0x00, 0x00, 0x00, 0x00, 0x00
	.byte 0x00, 0x41, 0x44, 0x44, 0x00, 0xF1, 0xFF, 0xFF, 0x00, 0xF1, 0xFF, 0xFF, 0x00, 0x41, 0x44, 0x44
	.byte 0x00, 0x11, 0x11, 0x11, 0x00, 0x00, 0x00, 0x00, 0x00, 0x00, 0x00, 0x00, 0x00, 0x00, 0x00, 0x00
	.byte 0x44, 0x44, 0x44, 0x44, 0xFF, 0xFF, 0xFF, 0xFF, 0xFF, 0xFF, 0xFF, 0xFF, 0x44, 0x44, 0x44, 0x44
	.byte 0x11, 0x11, 0x11, 0x11, 0x00, 0x00, 0x00, 0x00, 0x00, 0x00, 0x00, 0x00, 0x00, 0x00, 0x00, 0x00
	.byte 0xD1, 0xDD, 0xDD, 0xDD, 0xD1, 0xDD, 0xDD, 0xDD, 0xD1, 0xDD, 0xDD, 0xDD, 0xD1, 0xDD, 0xDD, 0xDD
	.byte 0x11, 0x11, 0x11, 0x11, 0x00, 0x00, 0x00, 0x00, 0x00, 0x00, 0x00, 0x00, 0x00, 0x00, 0x00, 0x00
	.byte 0xDD, 0xDD, 0xDD, 0xDD, 0xDD, 0xDD, 0xDD, 0xDD, 0xDD, 0xDD, 0xDD, 0xDD, 0xDD, 0xDD, 0xDD, 0xDD
	.byte 0x11, 0x11, 0x11, 0x11, 0x00, 0x00, 0x00, 0x00, 0x00, 0x00, 0x00, 0x00, 0x00, 0x00, 0x00, 0x00
	.byte 0xDD, 0x1D, 0x00, 0x00, 0xDD, 0x1D, 0x00, 0x00, 0xDD, 0x1D, 0x00, 0x00, 0xDD, 0x1D, 0x00, 0x00
	.byte 0x11, 0x11, 0x00, 0x00, 0x00, 0x00, 0x00, 0x00, 0x00, 0x00, 0x00, 0x00, 0x00, 0x00, 0x00, 0x00
	.byte 0x00, 0x00, 0x00, 0x00, 0x00, 0x00, 0x00, 0x00, 0x00, 0x10, 0x11, 0x11, 0x00, 0x10, 0x33, 0x33
	.byte 0x00, 0x10, 0x33, 0x33, 0x00, 0x10, 0x33, 0x33, 0x00, 0x10, 0x33, 0x33, 0x00, 0x10, 0x33, 0x33
	.byte 0x00, 0x00, 0x00, 0x00, 0x00, 0x00, 0x00, 0x00, 0x11, 0x11, 0x11, 0x11, 0x33, 0x33, 0x33, 0x33
	.byte 0x33, 0x33, 0x33, 0x33, 0x33, 0x33, 0x33, 0x33, 0x33, 0x33, 0x33, 0x33, 0x33, 0x33, 0x33, 0x33
	.byte 0x00, 0x00, 0x00, 0x00, 0x00, 0x00, 0x00, 0x00, 0x11, 0x11, 0x11, 0x11, 0x33, 0xFF, 0xFF, 0xFF
	.byte 0x33, 0xFF, 0xFF, 0xFF, 0x33, 0xFF, 0xFF, 0xFF, 0x33, 0xFF, 0xFF, 0xFF, 0x33, 0xFF, 0xFF, 0xFF
	.byte 0x00, 0x00, 0x00, 0x00, 0x00, 0x00, 0x00, 0x00, 0x11, 0x11, 0x11, 0x11, 0xFF, 0xFF, 0xFF, 0xFF
	.byte 0xFF, 0xFF, 0xFF, 0xFF, 0xFF, 0xFF, 0xFF, 0xFF, 0xFF, 0xFF, 0xFF, 0xFF, 0xFF, 0xFF, 0xFF, 0xFF
	.byte 0x00, 0x00, 0x00, 0x00, 0x00, 0x00, 0x00, 0x00, 0x11, 0x11, 0x11, 0x11, 0x44, 0x44, 0x44, 0x44
	.byte 0x44, 0x44, 0x44, 0x44, 0x44, 0x44, 0x44, 0x44, 0x44, 0x44, 0x44, 0x44, 0x44, 0x44, 0x44, 0x44
	.byte 0x00, 0x00, 0x00, 0x00, 0x00, 0x00, 0x00, 0x00, 0x11, 0x11, 0x11, 0x01, 0x44, 0x44, 0x44, 0x01
	.byte 0x44, 0x44, 0x44, 0x01, 0x44, 0x44, 0x44, 0x01, 0x44, 0x44, 0x44, 0x01, 0x44, 0x44, 0x44, 0x01
	.byte 0x00, 0x00, 0x00, 0x00, 0x00, 0x00, 0x00, 0x00, 0x00, 0x11, 0x11, 0x11, 0x00, 0x51, 0x55, 0x55
	.byte 0x00, 0x51, 0x55, 0x55, 0x00, 0x51, 0x55, 0x55, 0x00, 0x51, 0x55, 0x55, 0x00, 0x51, 0x55, 0x55
	.byte 0x00, 0x00, 0x00, 0x00, 0x00, 0x00, 0x00, 0x00, 0x11, 0x11, 0x11, 0x11, 0x55, 0x55, 0x55, 0x55
	.byte 0x55, 0x55, 0x55, 0x55, 0x55, 0x55, 0x55, 0x55, 0x55, 0x55, 0x55, 0x55, 0x55, 0x55, 0x55, 0x55
	.byte 0x00, 0x00, 0x00, 0x00, 0x00, 0x00, 0x00, 0x00, 0x11, 0x11, 0x11, 0x11, 0xF5, 0xFF, 0xFF, 0xFF
	.byte 0xF5, 0xFF, 0xFF, 0xFF, 0xF5, 0xFF, 0xFF, 0xFF, 0xF5, 0xFF, 0xFF, 0xFF, 0xF5, 0xFF, 0xFF, 0xFF
	.byte 0x00, 0x00, 0x00, 0x00, 0x00, 0x00, 0x00, 0x00, 0x11, 0x11, 0x11, 0x11, 0xFF, 0xFF, 0xFF, 0x4F
	.byte 0xFF, 0xFF, 0xFF, 0x4F, 0xFF, 0xFF, 0xFF, 0x4F, 0xFF, 0xFF, 0xFF, 0x4F, 0xFF, 0xFF, 0xFF, 0x4F
	.byte 0x00, 0x00, 0x00, 0x00, 0x00, 0x00, 0x00, 0x00, 0x11, 0x11, 0x11, 0x00, 0x44, 0x44, 0x14, 0x00
	.byte 0x44, 0x44, 0x14, 0x00, 0x44, 0x44, 0x14, 0x00, 0x44, 0x44, 0x14, 0x00, 0x44, 0x44, 0x14, 0x00
	.byte 0x00, 0x00, 0x00, 0x00, 0x00, 0x00, 0x00, 0x00, 0x11, 0x11, 0x11, 0x11, 0x41, 0x44, 0x44, 0x44
	.byte 0x41, 0x44, 0x44, 0x44, 0x41, 0x44, 0x44, 0x44, 0x41, 0x44, 0x44, 0x44, 0x41, 0x44, 0x44, 0x44
	.byte 0x00, 0x00, 0x00, 0x00, 0x00, 0x00, 0x00, 0x00, 0x11, 0x11, 0x00, 0x00, 0x44, 0x14, 0x00, 0x00
	.byte 0x44, 0x14, 0x00, 0x00, 0x44, 0x14, 0x00, 0x00, 0x44, 0x14, 0x00, 0x00, 0x44, 0x14, 0x00, 0x00
	.byte 0x00, 0x10, 0x33, 0x33, 0x00, 0x10, 0x33, 0x33, 0x00, 0x10, 0x33, 0x33, 0x00, 0x10, 0x33, 0x33
	.byte 0x00, 0x10, 0x33, 0x33, 0x00, 0x10, 0x33, 0x33, 0x00, 0x10, 0x33, 0x33, 0x00, 0x10, 0x33, 0x33
	.byte 0x33, 0x33, 0x33, 0x33, 0x33, 0x33, 0x33, 0x33, 0x33, 0x33, 0x33, 0x33, 0x33, 0x33, 0x33, 0x33
	.byte 0x33, 0x33, 0x33, 0x33, 0x33, 0x33, 0x33, 0x33, 0x33, 0x33, 0x33, 0x33, 0x33, 0x33, 0x33, 0x33
	.byte 0x33, 0xFF, 0xFF, 0xFF, 0x33, 0xFF, 0xFF, 0xFF, 0x33, 0xFF, 0xFF, 0xFF, 0x33, 0xFF, 0xFF, 0xFF
	.byte 0x33, 0xFF, 0xFF, 0xFF, 0x33, 0xFF, 0xFF, 0xFF, 0x33, 0xFF, 0xFF, 0xFF, 0x33, 0xFF, 0xFF, 0xFF
	.byte 0x44, 0x44, 0x44, 0x44, 0x44, 0x44, 0x44, 0x44, 0x44, 0x44, 0x44, 0x44, 0x44, 0x44, 0x44, 0x44
	.byte 0x44, 0x44, 0x44, 0x44, 0x44, 0x44, 0x44, 0x44, 0x44, 0x44, 0x44, 0x44, 0x44, 0x44, 0x44, 0x44
	.byte 0x44, 0x44, 0x44, 0x01, 0x44, 0x44, 0x44, 0x01, 0x44, 0x44, 0x44, 0x01, 0x44, 0x44, 0x44, 0x01
	.byte 0x44, 0x44, 0x44, 0x01, 0x44, 0x44, 0x44, 0x01, 0x44, 0x44, 0x44, 0x01, 0x44, 0x44, 0x44, 0x01
	.byte 0x00, 0x51, 0x55, 0x55, 0x00, 0x51, 0x55, 0x55, 0x00, 0x51, 0x55, 0x55, 0x00, 0x51, 0x55, 0x55
	.byte 0x00, 0x51, 0x55, 0x55, 0x00, 0x51, 0x55, 0x55, 0x00, 0x51, 0x55, 0x55, 0x00, 0x51, 0x55, 0x55
	.byte 0x55, 0x55, 0x55, 0x55, 0x55, 0x55, 0x55, 0x55, 0x55, 0x55, 0x55, 0x55, 0x55, 0x55, 0x55, 0x55
	.byte 0x55, 0x55, 0x55, 0x55, 0x55, 0x55, 0x55, 0x55, 0x55, 0x55, 0x55, 0x55, 0x55, 0x55, 0x55, 0x55
	.byte 0xF5, 0xFF, 0xFF, 0xFF, 0xF5, 0xFF, 0xFF, 0xFF, 0xF5, 0xFF, 0xFF, 0xFF, 0xF5, 0xFF, 0xFF, 0xFF
	.byte 0xF5, 0xFF, 0xFF, 0xFF, 0xF5, 0xFF, 0xFF, 0xFF, 0xF5, 0xFF, 0xFF, 0xFF, 0xF5, 0xFF, 0xFF, 0xFF
	.byte 0xFF, 0xFF, 0xFF, 0x4F, 0xFF, 0xFF, 0xFF, 0x4F, 0xFF, 0xFF, 0xFF, 0x4F, 0xFF, 0xFF, 0xFF, 0x4F
	.byte 0xFF, 0xFF, 0xFF, 0x4F, 0xFF, 0xFF, 0xFF, 0x4F, 0xFF, 0xFF, 0xFF, 0x4F, 0xFF, 0xFF, 0xFF, 0x4F
	.byte 0x44, 0x44, 0x14, 0x00, 0x44, 0x44, 0x14, 0x00, 0x44, 0x44, 0x14, 0x00, 0x44, 0x44, 0x14, 0x00
	.byte 0x44, 0x44, 0x14, 0x00, 0x44, 0x44, 0x14, 0x00, 0x44, 0x44, 0x14, 0x00, 0x44, 0x44, 0x14, 0x00
	.byte 0x41, 0x44, 0x44, 0x44, 0x91, 0x99, 0x99, 0x99, 0xD1, 0xDD, 0xDD, 0xDD, 0xD1, 0xDD, 0xDD, 0xDD
	.byte 0xD1, 0xDD, 0xDD, 0xDD, 0xD1, 0xDD, 0xDD, 0xDD, 0xD1, 0xDD, 0xDD, 0xDD, 0xD1, 0xDD, 0xDD, 0xDD
	.byte 0x44, 0x44, 0x44, 0x44, 0x99, 0x99, 0x99, 0x99, 0xDD, 0xDD, 0xDD, 0xDD, 0xDD, 0xDD, 0x9A, 0x69
	.byte 0xDD, 0xAD, 0x24, 0x24, 0x9D, 0xA2, 0x27, 0x22, 0x9D, 0xA6, 0x29, 0x22, 0xDD, 0xAB, 0x64, 0x24
	.byte 0x44, 0x44, 0x44, 0x44, 0x99, 0x99, 0x99, 0x99, 0xDD, 0xDD, 0xDD, 0xDD, 0x99, 0xDA, 0xDD, 0xDD
	.byte 0x24, 0xD6, 0xDD, 0xDD, 0x22, 0x7A, 0xD2, 0xDD, 0xA6, 0x7D, 0xD6, 0xDD, 0x66, 0xAB, 0xDB, 0xDD
	.byte 0x44, 0x44, 0x44, 0x44, 0x99, 0x99, 0x99, 0x99, 0xDD, 0xDD, 0xDD, 0xDD, 0xDD, 0xDD, 0xDD, 0xDD
	.byte 0xDD, 0xDD, 0xDD, 0xDD, 0xDD, 0xDD, 0xDD, 0xDD, 0xDD, 0xDD, 0xDD, 0xDD, 0xDD, 0xDD, 0xDD, 0xDD
	.byte 0x44, 0x14, 0x00, 0x00, 0x99, 0x19, 0x00, 0x00, 0xDD, 0x1D, 0x00, 0x00, 0xDD, 0x1D, 0x00, 0x00
	.byte 0xDD, 0x1D, 0x00, 0x00, 0xDD, 0x1D, 0x00, 0x00, 0xDD, 0x1D, 0x00, 0x00, 0xDD, 0x1D, 0x00, 0x00
	.byte 0x7D, 0x46, 0x64, 0x26, 0x9D, 0x76, 0x47, 0x66, 0x7D, 0xD6, 0x47, 0x64, 0xAD, 0xDB, 0x77, 0x67
	.byte 0xAD, 0xA6, 0x79, 0x64, 0xAD, 0xA2, 0xAD, 0x66, 0x99, 0x99, 0x99, 0x99, 0x44, 0x44, 0x44, 0x44
	.byte 0x66, 0x46, 0xD6, 0xDD, 0x67, 0x97, 0xA6, 0xDD, 0x47, 0x97, 0xA6, 0xDD, 0x44, 0xD7, 0xDB, 0xDD
	.byte 0x77, 0x69, 0xD6, 0xDD, 0x97, 0xAD, 0xD2, 0xDD, 0x99, 0x99, 0x99, 0x99, 0x44, 0x44, 0x44, 0x44
	.byte 0x90, 0x00, 0x90, 0x00, 0x90, 0x00, 0x90, 0x00, 0x02, 0x04, 0x00, 0x00, 0x03, 0x04, 0x01, 0x00
	.byte 0x04, 0x04, 0x02, 0x00, 0x05, 0x04, 0x03, 0x00, 0x06, 0x04, 0x01, 0x00, 0x07, 0x04, 0x04, 0x00
	.byte 0x0C, 0x04, 0x05, 0x00, 0x0D, 0x04, 0x06, 0x00, 0x0E, 0x04, 0x07, 0x00, 0x0F, 0x04, 0x08, 0x00
	.byte 0x10, 0x04, 0x08, 0x00, 0x11, 0x04, 0x09, 0x00, 0x16, 0x04, 0x0A, 0x00, 0x17, 0x04, 0x0A, 0x00
	.byte 0x18, 0x04, 0x0A, 0x00, 0x19, 0x04, 0x0A, 0x00, 0x1A, 0x04, 0x0A, 0x00, 0x1B, 0x04, 0x0B, 0x00
	.byte 0x02, 0x05, 0x0C, 0x00, 0x03, 0x05, 0x0D, 0x00, 0x04, 0x05, 0x0E, 0x00, 0x05, 0x05, 0x0F, 0x00
	.byte 0x06, 0x05, 0x10, 0x00, 0x07, 0x05, 0x11, 0x00, 0x0C, 0x05, 0x12, 0x00, 0x0D, 0x05, 0x13, 0x00
	.byte 0x0E, 0x05, 0x14, 0x00, 0x0F, 0x05, 0x15, 0x00, 0x10, 0x05, 0x15, 0x00, 0x11, 0x05, 0x16, 0x00
	.byte 0x16, 0x05, 0x17, 0x00, 0x17, 0x05, 0x18, 0x00, 0x18, 0x05, 0x18, 0x00, 0x19, 0x05, 0x18, 0x00
	.byte 0x1A, 0x05, 0x18, 0x00, 0x1B, 0x05, 0x19, 0x00, 0x02, 0x06, 0x0C, 0x00, 0x03, 0x06, 0x0D, 0x00
	.byte 0x04, 0x06, 0x1A, 0x00, 0x05, 0x06, 0x1B, 0x00, 0x06, 0x06, 0x1C, 0x00, 0x07, 0x06, 0x11, 0x00
	.byte 0x0C, 0x06, 0x1D, 0x00, 0x0D, 0x06, 0x1E, 0x00, 0x0E, 0x06, 0x1E, 0x00, 0x0F, 0x06, 0x1E, 0x00
	.byte 0x10, 0x06, 0x1E, 0x00, 0x11, 0x06, 0x1D, 0x04, 0x16, 0x06, 0x1F, 0x00, 0x17, 0x06, 0x20, 0x00
	.byte 0x18, 0x06, 0x20, 0x00, 0x19, 0x06, 0x20, 0x00, 0x1A, 0x06, 0x20, 0x00, 0x1B, 0x06, 0x21, 0x00
	.byte 0x02, 0x07, 0x22, 0x00, 0x03, 0x07, 0x23, 0x00, 0x04, 0x07, 0x23, 0x00, 0x05, 0x07, 0x23, 0x00
	.byte 0x06, 0x07, 0x23, 0x00, 0x07, 0x07, 0x24, 0x00, 0x0C, 0x07, 0x25, 0x00, 0x0D, 0x07, 0x26, 0x00
	.byte 0x0E, 0x07, 0x26, 0x00, 0x0F, 0x07, 0x26, 0x00, 0x10, 0x07, 0x26, 0x00, 0x11, 0x07, 0x25, 0x04
	.byte 0x16, 0x07, 0x27, 0x00, 0x17, 0x07, 0x28, 0x00, 0x18, 0x07, 0x28, 0x00, 0x19, 0x07, 0x28, 0x00
	.byte 0x1A, 0x07, 0x28, 0x00, 0x1B, 0x07, 0x29, 0x00, 0x02, 0x0B, 0x2A, 0x00, 0x03, 0x0B, 0x2B, 0x00
	.byte 0x04, 0x0B, 0x2C, 0x00, 0x05, 0x0B, 0x2D, 0x00, 0x06, 0x0B, 0x2E, 0x00, 0x07, 0x0B, 0x2F, 0x00
	.byte 0x0C, 0x0B, 0x30, 0x00, 0x0D, 0x0B, 0x31, 0x00, 0x0E, 0x0B, 0x32, 0x00, 0x0F, 0x0B, 0x33, 0x00
	.byte 0x10, 0x0B, 0x2E, 0x00, 0x11, 0x0B, 0x34, 0x00, 0x16, 0x0B, 0x35, 0x00, 0x17, 0x0B, 0x2E, 0x00
	.byte 0x18, 0x0B, 0x2E, 0x00, 0x19, 0x0B, 0x2E, 0x00, 0x1A, 0x0B, 0x2E, 0x00, 0x1B, 0x0B, 0x36, 0x00
	.byte 0x02, 0x0C, 0x37, 0x00, 0x03, 0x0C, 0x38, 0x00, 0x04, 0x0C, 0x39, 0x00, 0x05, 0x0C, 0x0D, 0x00
	.byte 0x06, 0x0C, 0x3A, 0x00, 0x07, 0x0C, 0x3B, 0x00, 0x0C, 0x0C, 0x3C, 0x00, 0x0D, 0x0C, 0x3D, 0x00
	.byte 0x0E, 0x0C, 0x3E, 0x00, 0x0F, 0x0C, 0x3F, 0x00, 0x10, 0x0C, 0x3A, 0x00, 0x11, 0x0C, 0x40, 0x00
	.byte 0x16, 0x0C, 0x41, 0x00, 0x17, 0x0C, 0x42, 0x00, 0x18, 0x0C, 0x43, 0x00, 0x19, 0x0C, 0x44, 0x00
	.byte 0x1A, 0x0C, 0x44, 0x00, 0x1B, 0x0C, 0x45, 0x00, 0x02, 0x0D, 0x37, 0x00, 0x03, 0x0D, 0x38, 0x00
	.byte 0x04, 0x0D, 0x39, 0x00, 0x05, 0x0D, 0x0D, 0x00, 0x06, 0x0D, 0x3A, 0x00, 0x07, 0x0D, 0x3B, 0x00
	.byte 0x0C, 0x0D, 0x3C, 0x00, 0x0D, 0x0D, 0x3D, 0x00, 0x0E, 0x0D, 0x3E, 0x00, 0x0F, 0x0D, 0x3F, 0x00
	.byte 0x10, 0x0D, 0x3A, 0x00, 0x11, 0x0D, 0x40, 0x00, 0x16, 0x0D, 0x41, 0x08, 0x17, 0x0D, 0x46, 0x00
	.byte 0x18, 0x0D, 0x47, 0x00, 0x19, 0x0D, 0x44, 0x08, 0x1A, 0x0D, 0x44, 0x08, 0x1B, 0x0D, 0x45, 0x08
	.byte 0x02, 0x0E, 0x2A, 0x08, 0x03, 0x0E, 0x2B, 0x08, 0x04, 0x0E, 0x2C, 0x08, 0x05, 0x0E, 0x2D, 0x08
	.byte 0x06, 0x0E, 0x2E, 0x08, 0x07, 0x0E, 0x2F, 0x08, 0x0C, 0x0E, 0x30, 0x08, 0x0D, 0x0E, 0x31, 0x08
	.byte 0x0E, 0x0E, 0x32, 0x08, 0x0F, 0x0E, 0x33, 0x08, 0x10, 0x0E, 0x2E, 0x08, 0x11, 0x0E, 0x34, 0x08
	.byte 0x16, 0x0E, 0x35, 0x08, 0x17, 0x0E, 0x2E, 0x08, 0x18, 0x0E, 0x2E, 0x08, 0x19, 0x0E, 0x2E, 0x08
	.byte 0x1A, 0x0E, 0x2E, 0x08, 0x1B, 0x0E, 0x36, 0x08, 0x10, 0x00, 0x10, 0x00, 0x10, 0x00, 0x10, 0x00
	.byte 0xE0, 0x83, 0x00, 0x00, 0x11, 0x80, 0x00, 0x78, 0x1F, 0x00, 0xC0, 0x82, 0x94, 0xB1, 0x7E, 0xA5
	.byte 0xEF, 0x75, 0x7F, 0x82, 0x3E, 0x42, 0x17, 0x7B, 0x1F, 0xE3, 0xDF, 0x83, 0xDF, 0x7B, 0xFF, 0xFF
	.byte 0x52, 0x00, 0x52, 0x00, 0x52, 0x00, 0x52, 0x00, 0x00, 0x00, 0x00, 0x00, 0x00, 0x10, 0x11, 0x11
	.byte 0x00, 0x10, 0xFF, 0xFF, 0x00, 0x10, 0xFF, 0xFF, 0x00, 0x10, 0xFF, 0xFF, 0x00, 0x10, 0xFF, 0xFF
	.byte 0x00, 0x10, 0xFF, 0xFF, 0x00, 0x10, 0xFF, 0xFF, 0x00, 0x00, 0x00, 0x00, 0x11, 0x11, 0x11, 0x11
	.byte 0xFF, 0xFF, 0xFF, 0xFF, 0xFF, 0xFF, 0xFF, 0xFF, 0xFF, 0xFF, 0xFF, 0xFF, 0xFF, 0xFF, 0xFF, 0xFF
	.byte 0xFF, 0xFF, 0xFF, 0xFF, 0xFF, 0xFF, 0xFF, 0xFF, 0x00, 0x00, 0x00, 0x00, 0x11, 0x11, 0x11, 0x11
	.byte 0xFF, 0xFF, 0xFF, 0xFF, 0xFF, 0xFF, 0xFF, 0xFF, 0xFF, 0xFF, 0xFF, 0xFF, 0xFF, 0xFF, 0xFF, 0xFF
	.byte 0xFF, 0xFF, 0xFF, 0xFF, 0xFF, 0xFF, 0xFF, 0xEF, 0x00, 0x00, 0x00, 0x00, 0x11, 0x11, 0x11, 0x11
	.byte 0xFF, 0xFF, 0xFF, 0xFF, 0xFF, 0xFF, 0xFF, 0xFF, 0xFF, 0xFF, 0xFF, 0xFF, 0xFF, 0xFF, 0xFF, 0xFF
	.byte 0xFF, 0xFF, 0xFF, 0xFF, 0xCC, 0xEE, 0xFF, 0xFF, 0x00, 0x00, 0x00, 0x00, 0x11, 0x11, 0x11, 0x01
	.byte 0xFF, 0xFF, 0xFF, 0x01, 0xFF, 0xFF, 0xFF, 0x01, 0xFF, 0xFF, 0xFF, 0x01, 0xFF, 0xFF, 0xFF, 0x01
	.byte 0xFF, 0xFF, 0xFF, 0x01, 0xFF, 0xFF, 0xFF, 0x01, 0x00, 0x00, 0x00, 0x00, 0x00, 0x11, 0x11, 0x11
	.byte 0x00, 0x41, 0xFA, 0xEE, 0x00, 0x41, 0x44, 0xFF, 0x00, 0xF1, 0x44, 0xA4, 0x00, 0xB1, 0xAF, 0x44
	.byte 0x00, 0x31, 0xF8, 0x4E, 0x00, 0x31, 0x33, 0xFF, 0x00, 0x00, 0x00, 0x00, 0x11, 0x11, 0x11, 0x11
	.byte 0x38, 0x33, 0x33, 0x33, 0xBF, 0x33, 0x33, 0x33, 0xFF, 0x3E, 0x33, 0x33, 0xE4, 0xFF, 0x3B, 0x33
	.byte 0x44, 0xF7, 0xBF, 0x33, 0x4A, 0x44, 0xFC, 0x8F, 0x00, 0x00, 0x00, 0x00, 0x11, 0x11, 0x11, 0x11
	.byte 0x33, 0x33, 0xF3, 0x44, 0x33, 0x33, 0xF3, 0x44, 0x33, 0x33, 0xF3, 0x44, 0x33, 0x33, 0xF3, 0x44
	.byte 0x33, 0x33, 0xF3, 0x44, 0x33, 0x33, 0xF3, 0x44, 0x00, 0x00, 0x00, 0x00, 0x11, 0x11, 0x11, 0x11
	.byte 0x44, 0xFA, 0x33, 0x33, 0x44, 0xFA, 0x33, 0x33, 0x44, 0xFA, 0x33, 0x33, 0x44, 0xFA, 0x33, 0x33
	.byte 0x44, 0xFA, 0x33, 0x33, 0x44, 0xFA, 0x33, 0x33, 0x00, 0x00, 0x00, 0x00, 0x11, 0x11, 0x11, 0x11
	.byte 0x33, 0x33, 0x33, 0x33, 0x33, 0x33, 0x33, 0xE8, 0x33, 0x33, 0xB3, 0xFF, 0x33, 0x33, 0xFB, 0xAF
	.byte 0x33, 0xFB, 0xEF, 0x44, 0xB3, 0xFF, 0x4A, 0x44, 0x00, 0x00, 0x00, 0x00, 0x11, 0x11, 0x11, 0x00
	.byte 0xEB, 0xEF, 0x14, 0x00, 0xFF, 0x4A, 0x14, 0x00, 0x4E, 0x44, 0x1A, 0x00, 0x44, 0xE4, 0x1F, 0x00
	.byte 0xA4, 0xEF, 0x13, 0x00, 0xFE, 0x38, 0x13, 0x00, 0x00, 0x00, 0x00, 0x00, 0x11, 0x11, 0x11, 0x11
	.byte 0x11, 0x11, 0x11, 0x11, 0x11, 0x11, 0x11, 0x11, 0x11, 0x11, 0x11, 0x11, 0x11, 0x11, 0x11, 0x11
	.byte 0x11, 0x11, 0x11, 0x11, 0x11, 0x11, 0x11, 0x11, 0x00, 0x00, 0x00, 0x00, 0x11, 0x11, 0x00, 0x00
	.byte 0x11, 0x11, 0x00, 0x00, 0x11, 0x11, 0x00, 0x00, 0x11, 0x11, 0x00, 0x00, 0x11, 0x11, 0x00, 0x00
	.byte 0x11, 0x11, 0x00, 0x00, 0x11, 0x11, 0x00, 0x00, 0x00, 0x10, 0xFF, 0xFF, 0x00, 0x10, 0xFF, 0xFF
	.byte 0x00, 0x10, 0xFF, 0xFF, 0x00, 0x10, 0xFF, 0xFF, 0x00, 0x10, 0xFF, 0xFF, 0x00, 0x10, 0xFF, 0xFF
	.byte 0x00, 0x10, 0xFF, 0xFF, 0x00, 0x10, 0xFF, 0xFF, 0xFF, 0xFF, 0xFF, 0xFF, 0xFF, 0xFF, 0xFF, 0xFF
	.byte 0xFF, 0xFF, 0xFF, 0xFF, 0xFF, 0xFF, 0xFF, 0xFF, 0xFF, 0xFF, 0xFF, 0xFF, 0xFF, 0xFF, 0xFF, 0xFF
	.byte 0xFF, 0xFF, 0xFF, 0xFF, 0xFF, 0xFF, 0xFF, 0xFF, 0xFF, 0xFF, 0xCF, 0x44, 0xFF, 0xFF, 0x47, 0x44
	.byte 0xFF, 0x7F, 0x44, 0x44, 0xFF, 0x4C, 0x44, 0x44, 0xFF, 0x44, 0x44, 0x44, 0xEF, 0x44, 0x44, 0x44
	.byte 0xEF, 0x44, 0x44, 0x44, 0xEF, 0x44, 0x44, 0x44, 0x44, 0x44, 0xEA, 0xFF, 0x44, 0x44, 0x44, 0xFC
	.byte 0x44, 0x44, 0x44, 0xE4, 0x44, 0x44, 0x44, 0x44, 0x44, 0x44, 0x44, 0x44, 0x44, 0x44, 0x44, 0x44
	.byte 0x44, 0x44, 0x44, 0x44, 0x44, 0x44, 0x44, 0x44, 0xFF, 0xFF, 0xFF, 0xFF, 0xFF, 0xFF, 0xFF, 0xFF
	.byte 0xFF, 0xFF, 0xFF, 0xFF, 0xFF, 0xFF, 0xFF, 0xFF, 0xFC, 0xFF, 0xFF, 0xFF, 0xFA, 0xFF, 0xFF, 0xFF
	.byte 0xFA, 0xFF, 0xFF, 0xFF, 0xFA, 0xFF, 0xFF, 0xFF, 0xFF, 0xFF, 0xFF, 0x01, 0xFF, 0xFF, 0xFF, 0x01
	.byte 0xFF, 0xFF, 0xFF, 0x01, 0xFF, 0xFF, 0xFF, 0x01, 0xFF, 0xFF, 0xFF, 0x01, 0xFF, 0xFF, 0xFF, 0x01
	.byte 0xFF, 0xFF, 0xFF, 0x01, 0xFF, 0xFF, 0xFF, 0x01, 0x00, 0x31, 0x33, 0x83, 0x00, 0x31, 0x33, 0x33
	.byte 0x00, 0x31, 0x33, 0x33, 0x00, 0xF1, 0xFF, 0xFF, 0x00, 0xE1, 0xEE, 0xEE, 0x00, 0x41, 0x44, 0x44
	.byte 0x00, 0x41, 0x44, 0x44, 0x00, 0x41, 0x44, 0x44, 0xEF, 0x44, 0x74, 0xFE, 0xF3, 0xAF, 0x44, 0xA4
	.byte 0x33, 0xF8, 0x4E, 0x44, 0xFF, 0xFF, 0xFF, 0xFF, 0xEE, 0xEE, 0xEE, 0xEE, 0x44, 0x44, 0x44, 0x44
	.byte 0x44, 0x44, 0x44, 0x44, 0x44, 0x44, 0x44, 0x44, 0x3B, 0x33, 0xF3, 0x44, 0xEF, 0x38, 0xF3, 0x44
	.byte 0xFC, 0xBF, 0xF3, 0x44, 0xFF, 0xFF, 0xFF, 0x44, 0xEE, 0xEE, 0xFE, 0x44, 0x44, 0x44, 0x44, 0x44
	.byte 0x44, 0x44, 0x44, 0x44, 0x44, 0x44, 0x44, 0x44, 0x44, 0xFA, 0x33, 0x83, 0x44, 0xFA, 0x33, 0xFB
	.byte 0x44, 0xFA, 0xE8, 0xFF, 0x44, 0xFA, 0xFF, 0xFF, 0x44, 0xFA, 0xFF, 0xFF, 0x44, 0x44, 0x44, 0x44
	.byte 0x44, 0x44, 0x44, 0x44, 0x44, 0x44, 0x44, 0x44, 0xFF, 0x4E, 0x44, 0xFA, 0xAF, 0x44, 0xE4, 0xBF
	.byte 0x47, 0xC4, 0xFF, 0x38, 0xFF, 0xFF, 0xFF, 0xFF, 0xFF, 0xFF, 0xFF, 0xFF, 0x44, 0x44, 0x44, 0x44
	.byte 0x44, 0x44, 0x44, 0x44, 0x44, 0x44, 0x44, 0x44, 0x3E, 0x33, 0x13, 0x00, 0x33, 0x33, 0x13, 0x00
	.byte 0x33, 0x33, 0x13, 0x00, 0xFF, 0xFF, 0x1F, 0x00, 0xFF, 0xFF, 0x1F, 0x00, 0x44, 0x44, 0x14, 0x00
	.byte 0x44, 0x44, 0x14, 0x00, 0x44, 0x44, 0x14, 0x00, 0x11, 0x11, 0x11, 0x11, 0x11, 0x11, 0x11, 0x11
	.byte 0x21, 0x22, 0x22, 0x22, 0x41, 0x44, 0x44, 0x44, 0x41, 0x44, 0x44, 0x44, 0x41, 0x44, 0x44, 0x44
	.byte 0x41, 0x44, 0x44, 0x44, 0x41, 0x44, 0x44, 0x44, 0x11, 0x11, 0x11, 0x11, 0x11, 0x11, 0x11, 0x11
	.byte 0x22, 0x22, 0x22, 0x22, 0x44, 0x44, 0x44, 0x44, 0x44, 0x44, 0x44, 0x44, 0x44, 0x44, 0x44, 0x44
	.byte 0x44, 0x44, 0x44, 0x44, 0x44, 0x44, 0x44, 0x44, 0x11, 0x11, 0x00, 0x00, 0x11, 0x11, 0x00, 0x00
	.byte 0x22, 0x12, 0x00, 0x00, 0x44, 0x14, 0x00, 0x00, 0x44, 0x14, 0x00, 0x00, 0x44, 0x14, 0x00, 0x00
	.byte 0x44, 0x14, 0x00, 0x00, 0x44, 0x14, 0x00, 0x00, 0xFF, 0x44, 0x44, 0x44, 0xFF, 0x47, 0x44, 0x44
	.byte 0xFF, 0x4E, 0x44, 0x44, 0xFF, 0xCF, 0x44, 0x44, 0xFF, 0xFF, 0x4C, 0x44, 0xFF, 0xFF, 0xFF, 0x4C
	.byte 0xFF, 0xFF, 0xFF, 0xFF, 0xFF, 0xFF, 0xFF, 0xFF, 0x44, 0x44, 0x44, 0x44, 0x44, 0x44, 0x44, 0x44
	.byte 0x44, 0x44, 0x44, 0x74, 0x44, 0x44, 0x44, 0xE4, 0x44, 0x44, 0x74, 0xFE, 0x44, 0x74, 0xFE, 0xFF
	.byte 0xFF, 0xFF, 0xFF, 0xFF, 0xFF, 0xFF, 0xFF, 0xFF, 0xFA, 0xFF, 0xFF, 0xFF, 0xFE, 0xFF, 0xFF, 0xFF
	.byte 0xFF, 0xFF, 0xFF, 0xFF, 0xFF, 0xFF, 0xFF, 0xFF, 0xFF, 0xFF, 0xFF, 0xFF, 0xFF, 0xFF, 0xFF, 0xFF
	.byte 0xFF, 0xFF, 0xFF, 0xFF, 0xFF, 0xFF, 0xFF, 0xFF, 0x00, 0x41, 0x44, 0x44, 0x00, 0xA1, 0xAA, 0xAA
	.byte 0x00, 0xF1, 0xFF, 0xFF, 0x00, 0x31, 0x33, 0x33, 0x00, 0x31, 0x33, 0x33, 0x00, 0x31, 0x33, 0x33
	.byte 0x00, 0x31, 0x33, 0xF8, 0x00, 0x31, 0xB3, 0xAF, 0x44, 0x44, 0x44, 0x44, 0xAA, 0xAA, 0xAA, 0xAA
	.byte 0xFF, 0xFF, 0xFF, 0xFF, 0x33, 0xF8, 0xCF, 0x44, 0x83, 0xFF, 0x47, 0xA4, 0xFF, 0x4A, 0x44, 0xFF
	.byte 0x4F, 0x44, 0xFA, 0xBF, 0x44, 0xF7, 0xFF, 0x38, 0x44, 0x44, 0x44, 0x44, 0xAA, 0xAA, 0xAA, 0x44
	.byte 0xFF, 0xFF, 0xFF, 0x44, 0xFA, 0xEF, 0xFB, 0x44, 0xFF, 0x3B, 0xF3, 0x44, 0x8E, 0x33, 0xF3, 0x44
	.byte 0x33, 0x33, 0xF3, 0x44, 0x33, 0x33, 0xF3, 0x44, 0x44, 0x44, 0x44, 0x44, 0x44, 0xAA, 0xAA, 0xAA
	.byte 0x44, 0xFA, 0xFF, 0xFF, 0x44, 0xFA, 0xFB, 0xFF, 0x44, 0xFA, 0x33, 0xFB, 0x44, 0xFA, 0x33, 0xB3
	.byte 0x44, 0xFA, 0x33, 0x33, 0x44, 0xFA, 0x33, 0x33, 0x44, 0x44, 0x44, 0x44, 0xAA, 0xAA, 0xAA, 0xAA
	.byte 0xFF, 0xFE, 0xFF, 0xFF, 0x47, 0xC4, 0xBF, 0x33, 0x7F, 0x44, 0xF7, 0x3F, 0xFF, 0x4C, 0x44, 0xFE
	.byte 0xE8, 0xFF, 0x47, 0x74, 0x33, 0xFB, 0xCF, 0x44, 0x44, 0x44, 0x14, 0x00, 0xAA, 0xAA, 0x1A, 0x00
	.byte 0xFF, 0xFF, 0x1F, 0x00, 0x33, 0x33, 0x13, 0x00, 0x33, 0x33, 0x13, 0x00, 0x3B, 0x33, 0x13, 0x00
	.byte 0xBF, 0x33, 0x13, 0x00, 0xE4, 0xBF, 0x13, 0x00, 0x41, 0x44, 0x44, 0x44, 0x41, 0x44, 0x44, 0x44
	.byte 0x41, 0x44, 0x44, 0x44, 0x91, 0x99, 0x99, 0x99, 0xD1, 0xDD, 0xDD, 0xDD, 0xD1, 0xDD, 0xDD, 0xDD
	.byte 0xD1, 0xDD, 0xDD, 0xDD, 0xD1, 0xDD, 0xDD, 0xDD, 0x44, 0x44, 0x44, 0x44, 0x44, 0x44, 0x44, 0x44
	.byte 0x44, 0x44, 0x44, 0x44, 0x99, 0x99, 0x99, 0x99, 0xDD, 0xDD, 0xDD, 0xDD, 0xDD, 0xDD, 0xDD, 0xDD
	.byte 0xDD, 0xDD, 0xDD, 0xDD, 0xDD, 0xDD, 0xDD, 0xDD, 0x44, 0x14, 0x00, 0x00, 0x44, 0x14, 0x00, 0x00
	.byte 0x44, 0x14, 0x00, 0x00, 0x99, 0x19, 0x00, 0x00, 0xDD, 0x1D, 0x00, 0x00, 0xDD, 0x1D, 0x00, 0x00
	.byte 0xDD, 0x1D, 0x00, 0x00, 0xDD, 0x1D, 0x00, 0x00, 0x00, 0x10, 0xFF, 0xFF, 0x00, 0x10, 0xFF, 0xFF
	.byte 0x00, 0x10, 0xFF, 0xFF, 0x00, 0x10, 0xFF, 0xFF, 0x00, 0x10, 0x11, 0x11, 0x00, 0x00, 0x00, 0x00
	.byte 0x00, 0x00, 0x00, 0x00, 0x00, 0x00, 0x00, 0x00, 0xFF, 0xFF, 0xFF, 0xFF, 0xFF, 0xFF, 0xFF, 0xFF
	.byte 0xFF, 0xFF, 0xFF, 0xFF, 0xFF, 0xFF, 0xFF, 0xFF, 0x11, 0x11, 0x11, 0x11, 0x00, 0x00, 0x00, 0x00
	.byte 0x00, 0x00, 0x00, 0x00, 0x00, 0x00, 0x00, 0x00, 0xFF, 0xFF, 0xFF, 0x01, 0xFF, 0xFF, 0xFF, 0x01
	.byte 0xFF, 0xFF, 0xFF, 0x01, 0xFF, 0xFF, 0xFF, 0x01, 0x11, 0x11, 0x11, 0x01, 0x00, 0x00, 0x00, 0x00
	.byte 0x00, 0x00, 0x00, 0x00, 0x00, 0x00, 0x00, 0x00, 0x00, 0x81, 0xEF, 0x44, 0x00, 0xF1, 0x47, 0x74
	.byte 0x00, 0x41, 0x44, 0xFC, 0x00, 0x41, 0xE7, 0xFF, 0x00, 0x11, 0x11, 0x11, 0x00, 0x00, 0x00, 0x00
	.byte 0x00, 0x00, 0x00, 0x00, 0x00, 0x00, 0x00, 0x00, 0xA4, 0xFF, 0x3B, 0x33, 0xFF, 0x8F, 0x33, 0x33
	.byte 0xEF, 0x38, 0x33, 0x33, 0x3B, 0x33, 0x33, 0x33, 0x11, 0x11, 0x11, 0x11, 0x00, 0x00, 0x00, 0x00
	.byte 0x00, 0x00, 0x00, 0x00, 0x00, 0x00, 0x00, 0x00, 0x33, 0x33, 0xF3, 0x44, 0x33, 0x33, 0xF3, 0x44
	.byte 0x33, 0x33, 0xF3, 0x44, 0x33, 0x33, 0xF3, 0x44, 0x11, 0x11, 0x11, 0x11, 0x00, 0x00, 0x00, 0x00
	.byte 0x00, 0x00, 0x00, 0x00, 0x00, 0x00, 0x00, 0x00, 0x44, 0xFA, 0x33, 0x33, 0x44, 0xFA, 0x33, 0x33
	.byte 0x44, 0xFA, 0x33, 0x33, 0x44, 0xFA, 0x33, 0x33, 0x11, 0x11, 0x11, 0x11, 0x00, 0x00, 0x00, 0x00
	.byte 0x00, 0x00, 0x00, 0x00, 0x00, 0x00, 0x00, 0x00, 0x33, 0x83, 0xFF, 0x7E, 0x33, 0x33, 0xB3, 0xFF
	.byte 0x33, 0x33, 0x33, 0xFB, 0x33, 0x33, 0x33, 0x33, 0x11, 0x11, 0x11, 0x11, 0x00, 0x00, 0x00, 0x00
	.byte 0x00, 0x00, 0x00, 0x00, 0x00, 0x00, 0x00, 0x00, 0x44, 0xF7, 0x1B, 0x00, 0x4C, 0x44, 0x1F, 0x00
	.byte 0xFF, 0x47, 0x14, 0x00, 0xFB, 0xCF, 0x14, 0x00, 0x11, 0x11, 0x11, 0x00, 0x00, 0x00, 0x00, 0x00
	.byte 0x00, 0x00, 0x00, 0x00, 0x00, 0x00, 0x00, 0x00, 0xD1, 0xDD, 0xDD, 0xDD, 0xD1, 0xDD, 0xDD, 0xDD
	.byte 0xD1, 0xDD, 0xDD, 0xDD, 0xD1, 0xDD, 0xDD, 0xDD, 0x11, 0x11, 0x11, 0x11, 0x00, 0x00, 0x00, 0x00
	.byte 0x00, 0x00, 0x00, 0x00, 0x00, 0x00, 0x00, 0x00, 0xDD, 0xDD, 0xDD, 0xDD, 0xDD, 0xDD, 0xDD, 0xDD
	.byte 0xDD, 0xDD, 0xDD, 0xDD, 0xDD, 0xDD, 0xDD, 0xDD, 0x11, 0x11, 0x11, 0x11, 0x00, 0x00, 0x00, 0x00
	.byte 0x00, 0x00, 0x00, 0x00, 0x00, 0x00, 0x00, 0x00, 0xDD, 0x1D, 0x00, 0x00, 0xDD, 0x1D, 0x00, 0x00
	.byte 0xDD, 0x1D, 0x00, 0x00, 0xDD, 0x1D, 0x00, 0x00, 0x11, 0x11, 0x00, 0x00, 0x00, 0x00, 0x00, 0x00
	.byte 0x00, 0x00, 0x00, 0x00, 0x00, 0x00, 0x00, 0x00, 0x00, 0x00, 0x00, 0x00, 0x00, 0x00, 0x00, 0x00
	.byte 0x00, 0x10, 0x11, 0x11, 0x00, 0x10, 0x33, 0x33, 0x00, 0x10, 0x33, 0x33, 0x00, 0x10, 0x33, 0x33
	.byte 0x00, 0x10, 0x33, 0x33, 0x00, 0x10, 0x33, 0x33, 0x00, 0x00, 0x00, 0x00, 0x00, 0x00, 0x00, 0x00
	.byte 0x11, 0x11, 0x11, 0x11, 0x33, 0x33, 0x33, 0x33, 0x33, 0x33, 0x33, 0x33, 0x33, 0x33, 0x33, 0x33
	.byte 0x33, 0x33, 0x33, 0x33, 0x33, 0x33, 0x33, 0x33, 0x00, 0x00, 0x00, 0x00, 0x00, 0x00, 0x00, 0x00
	.byte 0x11, 0x11, 0x11, 0x11, 0x33, 0xFF, 0xFF, 0xFF, 0x33, 0xFF, 0xFF, 0xFF, 0x33, 0xFF, 0xFF, 0xFF
	.byte 0x33, 0xFF, 0xFF, 0xFF, 0x33, 0xFF, 0xFF, 0xFF, 0x00, 0x00, 0x00, 0x00, 0x00, 0x00, 0x00, 0x00
	.byte 0x11, 0x11, 0x11, 0x11, 0xFF, 0xFF, 0xFF, 0xFF, 0xFF, 0xFF, 0xFF, 0xFF, 0xFF, 0xFF, 0xFF, 0xFF
	.byte 0xFF, 0xFF, 0xFF, 0xFF, 0xFF, 0xFF, 0xFF, 0xFF, 0x00, 0x00, 0x00, 0x00, 0x00, 0x00, 0x00, 0x00
	.byte 0x11, 0x11, 0x11, 0x11, 0x44, 0x44, 0x44, 0x44, 0x44, 0x44, 0x44, 0x44, 0x44, 0x44, 0x44, 0x44
	.byte 0x44, 0x44, 0x44, 0x44, 0x44, 0x44, 0x44, 0x44, 0x00, 0x00, 0x00, 0x00, 0x00, 0x00, 0x00, 0x00
	.byte 0x11, 0x11, 0x11, 0x01, 0x44, 0x44, 0x44, 0x01, 0x44, 0x44, 0x44, 0x01, 0x44, 0x44, 0x44, 0x01
	.byte 0x44, 0x44, 0x44, 0x01, 0x44, 0x44, 0x44, 0x01, 0x00, 0x00, 0x00, 0x00, 0x00, 0x00, 0x00, 0x00
	.byte 0x00, 0x11, 0x11, 0x11, 0x00, 0x51, 0x55, 0x55, 0x00, 0x51, 0x55, 0x55, 0x00, 0x51, 0x55, 0x55
	.byte 0x00, 0x51, 0x55, 0x55, 0x00, 0x51, 0x55, 0x55, 0x00, 0x00, 0x00, 0x00, 0x00, 0x00, 0x00, 0x00
	.byte 0x11, 0x11, 0x11, 0x11, 0x55, 0x55, 0x55, 0x55, 0x55, 0x55, 0x55, 0x55, 0x55, 0x55, 0x55, 0x55
	.byte 0x55, 0x55, 0x55, 0x55, 0x55, 0x55, 0x55, 0x55, 0x00, 0x00, 0x00, 0x00, 0x00, 0x00, 0x00, 0x00
	.byte 0x11, 0x11, 0x11, 0x11, 0xF5, 0xFF, 0xFF, 0xFF, 0xF5, 0xFF, 0xFF, 0xFF, 0xF5, 0xFF, 0xFF, 0xFF
	.byte 0xF5, 0xFF, 0xFF, 0xFF, 0xF5, 0xFF, 0xFF, 0xFF, 0x00, 0x00, 0x00, 0x00, 0x00, 0x00, 0x00, 0x00
	.byte 0x11, 0x11, 0x11, 0x11, 0xFF, 0xFF, 0xFF, 0x4F, 0xFF, 0xFF, 0xFF, 0x4F, 0xFF, 0xFF, 0xFF, 0x4F
	.byte 0xFF, 0xFF, 0xFF, 0x4F, 0xFF, 0xFF, 0xFF, 0x4F, 0x00, 0x00, 0x00, 0x00, 0x00, 0x00, 0x00, 0x00
	.byte 0x11, 0x11, 0x11, 0x00, 0x44, 0x44, 0x14, 0x00, 0x44, 0x44, 0x14, 0x00, 0x44, 0x44, 0x14, 0x00
	.byte 0x44, 0x44, 0x14, 0x00, 0x44, 0x44, 0x14, 0x00, 0x00, 0x00, 0x00, 0x00, 0x00, 0x00, 0x00, 0x00
	.byte 0x11, 0x11, 0x11, 0x11, 0x41, 0x44, 0x44, 0x44, 0x41, 0x44, 0x44, 0x44, 0x41, 0x44, 0x44, 0x44
	.byte 0x41, 0x44, 0x44, 0x44, 0x41, 0x44, 0x44, 0x44, 0x00, 0x00, 0x00, 0x00, 0x00, 0x00, 0x00, 0x00
	.byte 0x11, 0x11, 0x00, 0x00, 0x44, 0x14, 0x00, 0x00, 0x44, 0x14, 0x00, 0x00, 0x44, 0x14, 0x00, 0x00
	.byte 0x44, 0x14, 0x00, 0x00, 0x44, 0x14, 0x00, 0x00, 0x00, 0x10, 0x33, 0x33, 0x00, 0x10, 0x33, 0x33
	.byte 0x00, 0x10, 0x33, 0x33, 0x00, 0x10, 0x33, 0x33, 0x00, 0x10, 0x33, 0x33, 0x00, 0x10, 0x33, 0x33
	.byte 0x00, 0x10, 0x33, 0x33, 0x00, 0x10, 0x33, 0x33, 0x33, 0x33, 0x33, 0x33, 0x33, 0x33, 0x33, 0x33
	.byte 0x33, 0x33, 0x33, 0x33, 0x33, 0x33, 0x33, 0x33, 0x33, 0x33, 0x33, 0x33, 0x33, 0x33, 0x33, 0x33
	.byte 0x33, 0x33, 0x33, 0x33, 0x33, 0x33, 0x33, 0x33, 0x33, 0xFF, 0xFF, 0xFF, 0x33, 0xFF, 0xFF, 0xFF
	.byte 0x33, 0xFF, 0xFF, 0xFF, 0x33, 0xFF, 0xFF, 0xFF, 0x33, 0xFF, 0xFF, 0xFF, 0x33, 0xFF, 0xFF, 0xFF
	.byte 0x33, 0xFF, 0xFF, 0xFF, 0x33, 0xFF, 0xFF, 0xFF, 0x44, 0x44, 0x44, 0x44, 0x44, 0x44, 0x44, 0x44
	.byte 0x44, 0x44, 0x44, 0x44, 0x44, 0x44, 0x44, 0x44, 0x44, 0x44, 0x44, 0x44, 0x44, 0x44, 0x44, 0x44
	.byte 0x44, 0x44, 0x44, 0x44, 0x44, 0x44, 0x44, 0x44, 0x44, 0x44, 0x44, 0x01, 0x44, 0x44, 0x44, 0x01
	.byte 0x44, 0x44, 0x44, 0x01, 0x44, 0x44, 0x44, 0x01, 0x44, 0x44, 0x44, 0x01, 0x44, 0x44, 0x44, 0x01
	.byte 0x44, 0x44, 0x44, 0x01, 0x44, 0x44, 0x44, 0x01, 0x00, 0x51, 0x55, 0x55, 0x00, 0x51, 0x55, 0x55
	.byte 0x00, 0x51, 0x55, 0x55, 0x00, 0x51, 0x55, 0x55, 0x00, 0x51, 0x55, 0x55, 0x00, 0x51, 0x55, 0x55
	.byte 0x00, 0x51, 0x55, 0x55, 0x00, 0x51, 0x55, 0x55, 0x55, 0x55, 0x55, 0x55, 0x55, 0x55, 0x55, 0x55
	.byte 0x55, 0x55, 0x55, 0x55, 0x55, 0x55, 0x55, 0x55, 0x55, 0x55, 0x55, 0x55, 0x55, 0x55, 0x55, 0x55
	.byte 0x55, 0x55, 0x55, 0x55, 0x55, 0x55, 0x55, 0x55, 0xF5, 0xFF, 0xFF, 0xFF, 0xF5, 0xFF, 0xFF, 0xFF
	.byte 0xF5, 0xFF, 0xFF, 0xFF, 0xF5, 0xFF, 0xFF, 0xFF, 0xF5, 0xFF, 0xFF, 0xFF, 0xF5, 0xFF, 0xFF, 0xFF
	.byte 0xF5, 0xFF, 0xFF, 0xFF, 0xF5, 0xFF, 0xFF, 0xFF, 0xFF, 0xFF, 0xFF, 0x4F, 0xFF, 0xFF, 0xFF, 0x4F
	.byte 0xFF, 0xFF, 0xFF, 0x4F, 0xFF, 0xFF, 0xFF, 0x4F, 0xFF, 0xFF, 0xFF, 0x4F, 0xFF, 0xFF, 0xFF, 0x4F
	.byte 0xFF, 0xFF, 0xFF, 0x4F, 0xFF, 0xFF, 0xFF, 0x4F, 0x44, 0x44, 0x14, 0x00, 0x44, 0x44, 0x14, 0x00
	.byte 0x44, 0x44, 0x14, 0x00, 0x44, 0x44, 0x14, 0x00, 0x44, 0x44, 0x14, 0x00, 0x44, 0x44, 0x14, 0x00
	.byte 0x44, 0x44, 0x14, 0x00, 0x44, 0x44, 0x14, 0x00, 0x41, 0x44, 0x44, 0x44, 0x91, 0x99, 0x99, 0x99
	.byte 0xD1, 0xDD, 0xDD, 0xDD, 0xD1, 0xDD, 0xDD, 0xDD, 0xD1, 0xDD, 0xDD, 0xDD, 0xD1, 0xDD, 0xDD, 0xDD
	.byte 0xD1, 0xDD, 0xDD, 0xDD, 0xD1, 0xDD, 0xDD, 0xDD, 0x44, 0x44, 0x44, 0x44, 0x99, 0x99, 0x99, 0x99
	.byte 0xDD, 0xDD, 0xDD, 0xDD, 0xDD, 0xDD, 0x9A, 0x69, 0xDD, 0xAD, 0x24, 0x24, 0x9D, 0xA2, 0x27, 0x22
	.byte 0x9D, 0xA6, 0x29, 0x22, 0xDD, 0xAB, 0x64, 0x24, 0x44, 0x44, 0x44, 0x44, 0x99, 0x99, 0x99, 0x99
	.byte 0xDD, 0xDD, 0xDD, 0xDD, 0x99, 0xDA, 0xDD, 0xDD, 0x24, 0xD6, 0xDD, 0xDD, 0x22, 0x7A, 0xD2, 0xDD
	.byte 0xA6, 0x7D, 0xD6, 0xDD, 0x66, 0xAB, 0xDB, 0xDD, 0x44, 0x44, 0x44, 0x44, 0x99, 0x99, 0x99, 0x99
	.byte 0xDD, 0xDD, 0xDD, 0xDD, 0xDD, 0xDD, 0xDD, 0xDD, 0xDD, 0xDD, 0xDD, 0xDD, 0xDD, 0xDD, 0xDD, 0xDD
	.byte 0xDD, 0xDD, 0xDD, 0xDD, 0xDD, 0xDD, 0xDD, 0xDD, 0x44, 0x14, 0x00, 0x00, 0x99, 0x19, 0x00, 0x00
	.byte 0xDD, 0x1D, 0x00, 0x00, 0xDD, 0x1D, 0x00, 0x00, 0xDD, 0x1D, 0x00, 0x00, 0xDD, 0x1D, 0x00, 0x00
	.byte 0xDD, 0x1D, 0x00, 0x00, 0xDD, 0x1D, 0x00, 0x00, 0x7D, 0x46, 0x64, 0x26, 0x9D, 0x76, 0x47, 0x66
	.byte 0x7D, 0xD6, 0x47, 0x64, 0xAD, 0xDB, 0x77, 0x67, 0xAD, 0xA6, 0x79, 0x64, 0xAD, 0xA2, 0xAD, 0x66
	.byte 0x99, 0x99, 0x99, 0x99, 0x44, 0x44, 0x44, 0x44, 0x66, 0x46, 0xD6, 0xDD, 0x67, 0x97, 0xA6, 0xDD
	.byte 0x47, 0x97, 0xA6, 0xDD, 0x44, 0xD7, 0xDB, 0xDD, 0x77, 0x69, 0xD6, 0xDD, 0x97, 0xAD, 0xD2, 0xDD
	.byte 0x99, 0x99, 0x99, 0x99, 0x44, 0x44, 0x44, 0x44, 0x90, 0x00, 0x90, 0x00, 0x90, 0x00, 0x90, 0x00
	.byte 0x02, 0x04, 0x00, 0x00, 0x03, 0x04, 0x01, 0x00, 0x04, 0x04, 0x02, 0x00, 0x05, 0x04, 0x03, 0x00
	.byte 0x06, 0x04, 0x01, 0x00, 0x07, 0x04, 0x04, 0x00, 0x0C, 0x04, 0x05, 0x00, 0x0D, 0x04, 0x06, 0x00
	.byte 0x0E, 0x04, 0x07, 0x00, 0x0F, 0x04, 0x08, 0x00, 0x10, 0x04, 0x09, 0x00, 0x11, 0x04, 0x0A, 0x00
	.byte 0x16, 0x04, 0x0B, 0x00, 0x17, 0x04, 0x0B, 0x00, 0x18, 0x04, 0x0B, 0x00, 0x19, 0x04, 0x0B, 0x00
	.byte 0x1A, 0x04, 0x0B, 0x00, 0x1B, 0x04, 0x0C, 0x00, 0x02, 0x05, 0x0D, 0x00, 0x03, 0x05, 0x0E, 0x00
	.byte 0x04, 0x05, 0x0F, 0x00, 0x05, 0x05, 0x10, 0x00, 0x06, 0x05, 0x11, 0x00, 0x07, 0x05, 0x12, 0x00
	.byte 0x0C, 0x05, 0x13, 0x00, 0x0D, 0x05, 0x14, 0x00, 0x0E, 0x05, 0x15, 0x00, 0x0F, 0x05, 0x16, 0x00
	.byte 0x10, 0x05, 0x17, 0x00, 0x11, 0x05, 0x18, 0x00, 0x16, 0x05, 0x19, 0x00, 0x17, 0x05, 0x1A, 0x00
	.byte 0x18, 0x05, 0x1A, 0x00, 0x19, 0x05, 0x1A, 0x00, 0x1A, 0x05, 0x1A, 0x00, 0x1B, 0x05, 0x1B, 0x00
	.byte 0x02, 0x06, 0x0D, 0x00, 0x03, 0x06, 0x0E, 0x00, 0x04, 0x06, 0x1C, 0x00, 0x05, 0x06, 0x1D, 0x00
	.byte 0x06, 0x06, 0x1E, 0x00, 0x07, 0x06, 0x12, 0x00, 0x0C, 0x06, 0x1F, 0x00, 0x0D, 0x06, 0x20, 0x00
	.byte 0x0E, 0x06, 0x21, 0x00, 0x0F, 0x06, 0x22, 0x00, 0x10, 0x06, 0x23, 0x00, 0x11, 0x06, 0x24, 0x00
	.byte 0x16, 0x06, 0x25, 0x00, 0x17, 0x06, 0x26, 0x00, 0x18, 0x06, 0x26, 0x00, 0x19, 0x06, 0x26, 0x00
	.byte 0x1A, 0x06, 0x26, 0x00, 0x1B, 0x06, 0x27, 0x00, 0x02, 0x07, 0x28, 0x00, 0x03, 0x07, 0x29, 0x00
	.byte 0x04, 0x07, 0x29, 0x00, 0x05, 0x07, 0x29, 0x00, 0x06, 0x07, 0x29, 0x00, 0x07, 0x07, 0x2A, 0x00
	.byte 0x0C, 0x07, 0x2B, 0x00, 0x0D, 0x07, 0x2C, 0x00, 0x0E, 0x07, 0x2D, 0x00, 0x0F, 0x07, 0x2E, 0x00
	.byte 0x10, 0x07, 0x2F, 0x00, 0x11, 0x07, 0x30, 0x00, 0x16, 0x07, 0x31, 0x00, 0x17, 0x07, 0x32, 0x00
	.byte 0x18, 0x07, 0x32, 0x00, 0x19, 0x07, 0x32, 0x00, 0x1A, 0x07, 0x32, 0x00, 0x1B, 0x07, 0x33, 0x00
	.byte 0x02, 0x0B, 0x34, 0x00, 0x03, 0x0B, 0x35, 0x00, 0x04, 0x0B, 0x36, 0x00, 0x05, 0x0B, 0x37, 0x00
	.byte 0x06, 0x0B, 0x38, 0x00, 0x07, 0x0B, 0x39, 0x00, 0x0C, 0x0B, 0x3A, 0x00, 0x0D, 0x0B, 0x3B, 0x00
	.byte 0x0E, 0x0B, 0x3C, 0x00, 0x0F, 0x0B, 0x3D, 0x00, 0x10, 0x0B, 0x38, 0x00, 0x11, 0x0B, 0x3E, 0x00
	.byte 0x16, 0x0B, 0x3F, 0x00, 0x17, 0x0B, 0x38, 0x00, 0x18, 0x0B, 0x38, 0x00, 0x19, 0x0B, 0x38, 0x00
	.byte 0x1A, 0x0B, 0x38, 0x00, 0x1B, 0x0B, 0x40, 0x00, 0x02, 0x0C, 0x41, 0x00, 0x03, 0x0C, 0x42, 0x00
	.byte 0x04, 0x0C, 0x43, 0x00, 0x05, 0x0C, 0x0E, 0x00, 0x06, 0x0C, 0x44, 0x00, 0x07, 0x0C, 0x45, 0x00
	.byte 0x0C, 0x0C, 0x46, 0x00, 0x0D, 0x0C, 0x47, 0x00, 0x0E, 0x0C, 0x48, 0x00, 0x0F, 0x0C, 0x49, 0x00
	.byte 0x10, 0x0C, 0x44, 0x00, 0x11, 0x0C, 0x4A, 0x00, 0x16, 0x0C, 0x4B, 0x00, 0x17, 0x0C, 0x4C, 0x00
	.byte 0x18, 0x0C, 0x4D, 0x00, 0x19, 0x0C, 0x4E, 0x00, 0x1A, 0x0C, 0x4E, 0x00, 0x1B, 0x0C, 0x4F, 0x00
	.byte 0x02, 0x0D, 0x41, 0x00, 0x03, 0x0D, 0x42, 0x00, 0x04, 0x0D, 0x43, 0x00, 0x05, 0x0D, 0x0E, 0x00
	.byte 0x06, 0x0D, 0x44, 0x00, 0x07, 0x0D, 0x45, 0x00, 0x0C, 0x0D, 0x46, 0x00, 0x0D, 0x0D, 0x47, 0x00
	.byte 0x0E, 0x0D, 0x48, 0x00, 0x0F, 0x0D, 0x49, 0x00, 0x10, 0x0D, 0x44, 0x00, 0x11, 0x0D, 0x4A, 0x00
	.byte 0x16, 0x0D, 0x4B, 0x08, 0x17, 0x0D, 0x50, 0x00, 0x18, 0x0D, 0x51, 0x00, 0x19, 0x0D, 0x4E, 0x08
	.byte 0x1A, 0x0D, 0x4E, 0x08, 0x1B, 0x0D, 0x4F, 0x08, 0x02, 0x0E, 0x34, 0x08, 0x03, 0x0E, 0x35, 0x08
	.byte 0x04, 0x0E, 0x36, 0x08, 0x05, 0x0E, 0x37, 0x08, 0x06, 0x0E, 0x38, 0x08, 0x07, 0x0E, 0x39, 0x08
	.byte 0x0C, 0x0E, 0x3A, 0x08, 0x0D, 0x0E, 0x3B, 0x08, 0x0E, 0x0E, 0x3C, 0x08, 0x0F, 0x0E, 0x3D, 0x08
	.byte 0x10, 0x0E, 0x38, 0x08, 0x11, 0x0E, 0x3E, 0x08, 0x16, 0x0E, 0x3F, 0x08, 0x17, 0x0E, 0x38, 0x08
	.byte 0x18, 0x0E, 0x38, 0x08, 0x19, 0x0E, 0x38, 0x08, 0x1A, 0x0E, 0x38, 0x08, 0x1B, 0x0E, 0x40, 0x08
	.byte 0x10, 0x00, 0x10, 0x00, 0x10, 0x00, 0x10, 0x00, 0xE0, 0x83, 0x00, 0x00, 0x00, 0x00, 0x00, 0x00
	.byte 0x00, 0x00, 0x00, 0x00, 0x00, 0x00, 0x19, 0x82, 0x9F, 0x02, 0xBF, 0x92, 0xDF, 0x92, 0xFF, 0xA2
	.byte 0x3F, 0x93, 0x7C, 0xBB, 0xBD, 0x53, 0xFF, 0x47, 0x28, 0x00, 0x28, 0x00, 0x28, 0x00, 0x28, 0x00
	.byte 0xEE, 0xEE, 0xEE, 0xEE, 0x88, 0x88, 0x88, 0x88, 0x88, 0x88, 0x88, 0x88, 0xAA, 0xAA, 0xAA, 0xAA
	.byte 0xBB, 0xBB, 0xBB, 0xBB, 0xCC, 0xCC, 0xCC, 0xCC, 0xCC, 0xCC, 0xCC, 0xCC, 0xCC, 0xCC, 0xCC, 0xCC
	.byte 0xEE, 0xEE, 0xEE, 0xEE, 0x88, 0x88, 0x88, 0x88, 0x88, 0x88, 0x88, 0x88, 0xAA, 0xAA, 0xAA, 0xAA
	.byte 0xBB, 0xBB, 0xBB, 0xAA, 0xCC, 0xCC, 0xBB, 0x8A, 0xCC, 0xBC, 0xAB, 0xE8, 0xCC, 0xBB, 0x8A, 0xEE
	.byte 0xEE, 0xEE, 0xEE, 0xEE, 0x88, 0x88, 0xEE, 0x98, 0x88, 0xE8, 0x8E, 0x8B, 0x8A, 0xEE, 0xB8, 0xE8
	.byte 0xE8, 0x8E, 0x8B, 0xEE, 0xEE, 0xB8, 0xE8, 0x8E, 0x8E, 0x8B, 0xEE, 0xB8, 0xB8, 0xE8, 0x8E, 0xAB
	.byte 0xEE, 0xEE, 0xEE, 0xEE, 0xE8, 0x8E, 0x88, 0xE8, 0xEE, 0xB8, 0x8A, 0xEE, 0x8E, 0xAB, 0xE8, 0x8E
	.byte 0xB8, 0x8A, 0xEE, 0x88, 0xAB, 0xE8, 0x8E, 0x88, 0x8A, 0xEE, 0x88, 0xA8, 0xE8, 0x8E, 0x88, 0xAA
	.byte 0xEE, 0xEE, 0xEE, 0xEE, 0x8E, 0x88, 0x88, 0x88, 0x88, 0x88, 0x88, 0x88, 0x88, 0xAA, 0xAA, 0xAA
	.byte 0xA8, 0xBA, 0xBB, 0xBB, 0xAA, 0xBB, 0xCC, 0xCC, 0xBA, 0xCA, 0xCC, 0xCC, 0xBB, 0xCC, 0xCC, 0xCC
	.byte 0xEE, 0xEE, 0xEE, 0xEE, 0x88, 0x88, 0x88, 0x88, 0x88, 0x88, 0x88, 0x88, 0xAA, 0xAA, 0xAA, 0xAA
	.byte 0xBB, 0xBB, 0xBB, 0xBB, 0xCC, 0xCC, 0xCC, 0xCC, 0xCC, 0xCC, 0xCC, 0xBC, 0xCC, 0xCC, 0xCC, 0xBB
	.byte 0xEE, 0xEE, 0xEE, 0xEE, 0x88, 0x88, 0x88, 0x88, 0x88, 0x88, 0x88, 0x88, 0xAA, 0xBA, 0xAA, 0x88
	.byte 0xBB, 0xAB, 0x8A, 0x88, 0xBB, 0xAA, 0x88, 0xE8, 0xAB, 0x8A, 0x88, 0xEE, 0xAA, 0x88, 0xE8, 0x8E
	.byte 0xEE, 0xEE, 0xEE, 0xEE, 0x88, 0xE8, 0x8E, 0x88, 0x88, 0xEE, 0xA8, 0x8B, 0xE8, 0x8E, 0xBA, 0xE8
	.byte 0xEE, 0xA8, 0x8B, 0xEE, 0x8E, 0xBA, 0xE8, 0x8E, 0xA8, 0x8B, 0xEE, 0xB8, 0xBA, 0xE8, 0x8E, 0x8B
	.byte 0xEE, 0xEE, 0xEE, 0xEE, 0xE8, 0x8E, 0x88, 0xEE, 0xEE, 0xB8, 0xE8, 0x8E, 0x8E, 0x8B, 0xEE, 0xA8
	.byte 0xB8, 0xE8, 0x8E, 0xBA, 0x8B, 0xEE, 0xA8, 0xBB, 0xE8, 0x8E, 0xBA, 0xCB, 0xEE, 0xA8, 0xBB, 0xCC
	.byte 0xCC, 0xCC, 0xCC, 0xCC, 0xCC, 0xCC, 0xCC, 0xCC, 0xBB, 0xBB, 0xBB, 0xBB, 0xAA, 0xAA, 0xAA, 0xAA
	.byte 0x88, 0x88, 0x88, 0x88, 0x88, 0x88, 0x88, 0x88, 0xEE, 0xEE, 0xEE, 0xEE, 0xFF, 0xFF, 0xFF, 0xFF
	.byte 0xBC, 0xAB, 0xE8, 0x8E, 0xBB, 0x8A, 0xEE, 0xB8, 0xAB, 0xE8, 0x8E, 0x8B, 0x8A, 0xEE, 0xB8, 0xE8
	.byte 0xE8, 0x8E, 0x8B, 0xEE, 0xEE, 0x88, 0xE8, 0x8E, 0xEE, 0xEE, 0xEE, 0xEE, 0xFF, 0xFF, 0xFF, 0xFF
	.byte 0x8B, 0xEE, 0xB8, 0x8A, 0xE8, 0x8E, 0xAB, 0xE8, 0xEE, 0xB8, 0x8A, 0xEE, 0x8E, 0xAB, 0xE8, 0x8E
	.byte 0xB8, 0x8A, 0xEE, 0x88, 0x88, 0xE8, 0x8E, 0x88, 0xEE, 0xEE, 0xEE, 0xEE, 0xFF, 0xFF, 0xFF, 0xFF
	.byte 0xEE, 0x88, 0xA8, 0xBA, 0x8E, 0x88, 0xAA, 0xBB, 0x88, 0xA8, 0xBA, 0xBB, 0x88, 0xAA, 0xAB, 0xAA
	.byte 0x88, 0x88, 0x88, 0x88, 0x88, 0x88, 0x88, 0x88, 0xEE, 0xEE, 0xEE, 0xEE, 0xFF, 0xFF, 0xFF, 0xFF
	.byte 0xCB, 0xCC, 0xCC, 0xCC, 0xCC, 0xCC, 0xCC, 0xCC, 0xBB, 0xBB, 0xBB, 0xBB, 0xAA, 0xAA, 0xAA, 0xAA
	.byte 0x88, 0x88, 0x88, 0x88, 0x88, 0x88, 0x88, 0x88, 0xEE, 0xEE, 0xEE, 0xEE, 0xFF, 0xFF, 0xFF, 0xFF
	.byte 0xCC, 0xCC, 0xAC, 0xAB, 0xCC, 0xCC, 0xBB, 0xAA, 0xBB, 0xBB, 0xAB, 0x8A, 0xAA, 0xAA, 0xAA, 0x88
	.byte 0x88, 0x88, 0x88, 0x88, 0x88, 0x88, 0x88, 0xE8, 0xEE, 0xEE, 0xEE, 0xEE, 0xFF, 0xFF, 0xFF, 0xFF
	.byte 0x8A, 0x88, 0xEE, 0xA8, 0x88, 0xE8, 0x8E, 0xBA, 0x88, 0xEE, 0xA8, 0x8B, 0xE8, 0x8E, 0xBA, 0xE8
	.byte 0xEE, 0xA8, 0x8B, 0xEE, 0x8E, 0x88, 0xE8, 0x8E, 0xEE, 0xEE, 0xEE, 0xEE, 0xFF, 0xFF, 0xFF, 0xFF
	.byte 0x8B, 0xEE, 0xB8, 0xE8, 0xE8, 0x8E, 0x8B, 0xEE, 0xEE, 0xB8, 0xE8, 0x8E, 0x8E, 0x8B, 0xEE, 0xA8
	.byte 0xB8, 0xE8, 0x8E, 0x88, 0x89, 0xEE, 0x88, 0x88, 0xEE, 0xEE, 0xEE, 0xEE, 0xFF, 0xFF, 0xFF, 0xFF
	.byte 0x8E, 0xBA, 0xCB, 0xCC, 0xA8, 0xBB, 0xCC, 0xCC, 0xAA, 0xBB, 0xBB, 0xBB, 0xAA, 0xAA, 0xAA, 0xAA
	.byte 0x88, 0x88, 0x88, 0x88, 0x88, 0x88, 0x88, 0x88, 0xEE, 0xEE, 0xEE, 0xEE, 0xFF, 0xFF, 0xFF, 0xFF
	.byte 0x88, 0x88, 0x88, 0x88, 0x00, 0x00, 0x00, 0x00, 0x77, 0x77, 0x77, 0x77, 0x00, 0x00, 0x00, 0x00
	.byte 0x00, 0x00, 0x00, 0x00, 0x00, 0x00, 0x00, 0x00, 0x00, 0x00, 0x00, 0x00, 0x00, 0x00, 0x00, 0x00
	.byte 0x00, 0x00, 0x00, 0x00, 0x00, 0x00, 0x00, 0x00, 0x00, 0x00, 0xDD, 0xDD, 0x00, 0xD0, 0x0D, 0x00
	.byte 0x00, 0xD0, 0x00, 0x00, 0x00, 0xD0, 0x00, 0x00, 0x00, 0xD0, 0x00, 0x00, 0x00, 0xD0, 0x00, 0x00
	.byte 0x00, 0x00, 0x00, 0x00, 0x00, 0x00, 0x00, 0x00, 0xDD, 0xDD, 0xDD, 0xDD, 0x00, 0x00, 0x00, 0x00
	.byte 0x00, 0x00, 0x00, 0x00, 0x00, 0x00, 0x00, 0x00, 0x00, 0x00, 0x00, 0x00, 0x00, 0x00, 0x00, 0x00
	.byte 0x00, 0x00, 0x00, 0x00, 0x00, 0x00, 0x00, 0x00, 0xDD, 0xDD, 0xDD, 0x00, 0x00, 0x00, 0xD0, 0x0D
	.byte 0x00, 0x00, 0x00, 0x0D, 0x00, 0x00, 0x00, 0x0D, 0x00, 0x00, 0x00, 0x0D, 0x00, 0x00, 0x00, 0x0D
	.byte 0x00, 0x00, 0x00, 0x00, 0x00, 0x00, 0x00, 0x00, 0x00, 0xD0, 0xDD, 0xDD, 0x00, 0xDD, 0x00, 0x00
	.byte 0x00, 0x0D, 0x00, 0x00, 0x00, 0x0D, 0x00, 0x00, 0x00, 0x0D, 0x00, 0x00, 0x00, 0x0D, 0x00, 0x00
	.byte 0x00, 0xD0, 0x00, 0x00, 0x00, 0xD0, 0x00, 0x00, 0x00, 0xD0, 0x00, 0x00, 0x00, 0xD0, 0x00, 0x00
	.byte 0x00, 0xD0, 0x00, 0x00, 0x00, 0xD0, 0x00, 0x00, 0x00, 0xD0, 0x00, 0x00, 0x00, 0xD0, 0x00, 0x00
	.byte 0x00, 0x00, 0x00, 0x0D, 0x00, 0x00, 0x00, 0x0D, 0x00, 0x00, 0x00, 0x0D, 0x00, 0x00, 0x00, 0x0D
	.byte 0x00, 0x00, 0x00, 0x0D, 0x00, 0x00, 0x00, 0x0D, 0x00, 0x00, 0x00, 0x0D, 0x00, 0x00, 0x00, 0x0D
	.byte 0x00, 0x0D, 0x00, 0x00, 0x00, 0x0D, 0x00, 0x00, 0x00, 0x0D, 0x00, 0x00, 0x00, 0x0D, 0x00, 0x00
	.byte 0x00, 0x0D, 0x00, 0x00, 0x00, 0x0D, 0x00, 0x00, 0x00, 0x0D, 0x00, 0x00, 0x00, 0x0D, 0x00, 0x00
	.byte 0x00, 0x00, 0xD0, 0x00, 0x00, 0x00, 0xD0, 0x00, 0x00, 0x00, 0xD0, 0x00, 0x00, 0x00, 0xD0, 0x00
	.byte 0x00, 0x00, 0xDD, 0x00, 0xDD, 0xDD, 0x0D, 0x00, 0x00, 0x00, 0x00, 0x00, 0x00, 0x00, 0x00, 0x00
	.byte 0xD0, 0x00, 0x00, 0x00, 0xD0, 0x00, 0x00, 0x00, 0xD0, 0x00, 0x00, 0x00, 0xD0, 0x00, 0x00, 0x00
	.byte 0xD0, 0x0D, 0x00, 0x00, 0x00, 0xDD, 0xDD, 0xDD, 0x00, 0x00, 0x00, 0x00, 0x00, 0x00, 0x00, 0x00
	.byte 0x00, 0x00, 0x0D, 0x00, 0x00, 0x00, 0x0D, 0x00, 0x00, 0x00, 0x0D, 0x00, 0x00, 0x00, 0x0D, 0x00
	.byte 0x00, 0xD0, 0x0D, 0x00, 0xDD, 0xDD, 0x00, 0x00, 0x00, 0x00, 0x00, 0x00, 0x00, 0x00, 0x00, 0x00
	.byte 0x00, 0x00, 0x00, 0x00, 0x00, 0x00, 0x00, 0x00, 0x00, 0x00, 0x00, 0x00, 0x00, 0x00, 0xDD, 0xDD
	.byte 0x00, 0xD0, 0x0D, 0x00, 0x00, 0xD0, 0x00, 0x00, 0x00, 0xD0, 0x00, 0x00, 0x00, 0xD0, 0x00, 0x00
	.byte 0x00, 0x00, 0x00, 0x00, 0x00, 0x00, 0x00, 0x00, 0x00, 0x00, 0x00, 0x00, 0xDD, 0xDD, 0xDD, 0xDD
	.byte 0x00, 0x00, 0x00, 0x00, 0x00, 0x00, 0x00, 0x00, 0x00, 0x00, 0x00, 0x00, 0x00, 0x00, 0x00, 0x00
	.byte 0x00, 0x00, 0x00, 0x00, 0x00, 0x00, 0x00, 0x00, 0x00, 0x00, 0x00, 0x00, 0xDD, 0xDD, 0xDD, 0x00
	.byte 0x00, 0x00, 0xD0, 0x0D, 0x00, 0x00, 0x00, 0x0D, 0x00, 0x00, 0x00, 0x0D, 0x00, 0x00, 0x00, 0x0D
	.byte 0x00, 0x00, 0x00, 0x00, 0x00, 0x00, 0x00, 0x00, 0x00, 0x00, 0x00, 0x00, 0x00, 0xD0, 0xDD, 0xDD
	.byte 0x00, 0xDD, 0x00, 0x00, 0x00, 0x0D, 0x00, 0x00, 0x00, 0x0D, 0x00, 0x00, 0x00, 0x0D, 0x00, 0x00
	.byte 0x00, 0xD0, 0x00, 0x00, 0x00, 0xD0, 0x00, 0x00, 0x00, 0xD0, 0x00, 0x00, 0x00, 0xD0, 0x00, 0x00
	.byte 0x00, 0xD0, 0x00, 0x00, 0x00, 0xD0, 0x0D, 0x00, 0x00, 0x00, 0xDD, 0xDD, 0x00, 0x00, 0x00, 0x00
	.byte 0x00, 0x00, 0x00, 0x00, 0x00, 0x00, 0x00, 0x00, 0x00, 0x00, 0x00, 0x00, 0x00, 0x00, 0x00, 0x00
	.byte 0x00, 0x00, 0x00, 0x00, 0x00, 0x00, 0x00, 0x00, 0xDD, 0xDD, 0xDD, 0xDD, 0x00, 0x00, 0x00, 0x00
	.byte 0x00, 0x00, 0x00, 0x0D, 0x00, 0x00, 0x00, 0x0D, 0x00, 0x00, 0x00, 0x0D, 0x00, 0x00, 0x00, 0x0D
	.byte 0x00, 0x00, 0x00, 0x0D, 0x00, 0x00, 0xD0, 0x0D, 0xDD, 0xDD, 0xDD, 0x00, 0x00, 0x00, 0x00, 0x00
	.byte 0x00, 0x0D, 0x00, 0x00, 0x00, 0x0D, 0x00, 0x00, 0x00, 0x0D, 0x00, 0x00, 0x00, 0x0D, 0x00, 0x00
	.byte 0x00, 0x0D, 0x00, 0x00, 0x00, 0xDD, 0x00, 0x00, 0x00, 0xD0, 0xDD, 0xDD, 0x00, 0x00, 0x00, 0x00
	.byte 0x00, 0x00, 0x00, 0x00, 0x00, 0x00, 0x00, 0x00, 0x00, 0x00, 0x00, 0x00, 0x00, 0x00, 0x00, 0x00
	.byte 0x00, 0x00, 0x00, 0x00, 0x00, 0x00, 0x00, 0x00, 0x00, 0x00, 0x00, 0x00, 0x77, 0x77, 0x77, 0x77
	.byte 0x00, 0x00, 0x00, 0x00, 0x88, 0x88, 0x88, 0x88, 0xFF, 0xFF, 0xFF, 0xFF, 0xEE, 0xEE, 0xEE, 0xEE
	.byte 0x88, 0x88, 0x88, 0x88, 0xAA, 0xAA, 0xAA, 0xAA, 0xBB, 0xBB, 0xBB, 0xBB, 0xCC, 0xCC, 0xCC, 0xCC
	.byte 0xCC, 0xCC, 0xCC, 0xCC, 0xCC, 0xCC, 0xCC, 0xCC, 0xCC, 0xCC, 0xCC, 0xCC, 0xCC, 0xCC, 0xCC, 0xCC
	.byte 0xBB, 0xBB, 0xBB, 0xBB, 0xAA, 0xAA, 0xAA, 0xAA, 0x88, 0x88, 0x88, 0x88, 0xEE, 0xEE, 0xEE, 0xEE
	.byte 0x68, 0x01, 0x68, 0x01, 0x68, 0x01, 0x68, 0x01, 0x00, 0x00, 0x00, 0x00, 0x01, 0x00, 0x00, 0x00
	.byte 0x02, 0x00, 0x00, 0x00, 0x03, 0x00, 0x00, 0x00, 0x04, 0x00, 0x00, 0x00, 0x05, 0x00, 0x01, 0x00
	.byte 0x06, 0x00, 0x02, 0x00, 0x07, 0x00, 0x03, 0x00, 0x08, 0x00, 0x04, 0x00, 0x09, 0x00, 0x00, 0x00
	.byte 0x0A, 0x00, 0x00, 0x00, 0x0B, 0x00, 0x00, 0x00, 0x0C, 0x00, 0x00, 0x00, 0x0D, 0x00, 0x00, 0x00
	.byte 0x0E, 0x00, 0x00, 0x00, 0x0F, 0x00, 0x00, 0x00, 0x10, 0x00, 0x00, 0x00, 0x11, 0x00, 0x00, 0x00
	.byte 0x12, 0x00, 0x00, 0x00, 0x13, 0x00, 0x00, 0x00, 0x14, 0x00, 0x00, 0x00, 0x15, 0x00, 0x05, 0x00
	.byte 0x16, 0x00, 0x06, 0x00, 0x17, 0x00, 0x07, 0x00, 0x18, 0x00, 0x08, 0x00, 0x19, 0x00, 0x00, 0x00
	.byte 0x1A, 0x00, 0x00, 0x00, 0x1B, 0x00, 0x00, 0x00, 0x1C, 0x00, 0x00, 0x00, 0x1D, 0x00, 0x00, 0x00
	.byte 0x00, 0x01, 0x09, 0x00, 0x01, 0x01, 0x09, 0x00, 0x02, 0x01, 0x09, 0x00, 0x03, 0x01, 0x09, 0x00
	.byte 0x04, 0x01, 0x09, 0x00, 0x05, 0x01, 0x0A, 0x00, 0x06, 0x01, 0x0B, 0x00, 0x07, 0x01, 0x0C, 0x00
	.byte 0x08, 0x01, 0x0D, 0x00, 0x09, 0x01, 0x09, 0x00, 0x0A, 0x01, 0x09, 0x00, 0x0B, 0x01, 0x09, 0x00
	.byte 0x0C, 0x01, 0x09, 0x00, 0x0D, 0x01, 0x09, 0x00, 0x0E, 0x01, 0x09, 0x00, 0x0F, 0x01, 0x09, 0x00
	.byte 0x10, 0x01, 0x09, 0x00, 0x11, 0x01, 0x09, 0x00, 0x12, 0x01, 0x09, 0x00, 0x13, 0x01, 0x09, 0x00
	.byte 0x14, 0x01, 0x09, 0x00, 0x15, 0x01, 0x0E, 0x00, 0x16, 0x01, 0x0F, 0x00, 0x17, 0x01, 0x10, 0x00
	.byte 0x18, 0x01, 0x11, 0x00, 0x19, 0x01, 0x09, 0x00, 0x1A, 0x01, 0x09, 0x00, 0x1B, 0x01, 0x09, 0x00
	.byte 0x1C, 0x01, 0x09, 0x00, 0x1D, 0x01, 0x09, 0x00, 0x00, 0x02, 0x12, 0x00, 0x01, 0x02, 0x12, 0x00
	.byte 0x02, 0x02, 0x12, 0x00, 0x03, 0x02, 0x12, 0x00, 0x04, 0x02, 0x12, 0x00, 0x05, 0x02, 0x12, 0x00
	.byte 0x06, 0x02, 0x12, 0x00, 0x07, 0x02, 0x12, 0x00, 0x08, 0x02, 0x12, 0x00, 0x09, 0x02, 0x12, 0x00
	.byte 0x0A, 0x02, 0x12, 0x00, 0x0B, 0x02, 0x12, 0x00, 0x0C, 0x02, 0x12, 0x00, 0x0D, 0x02, 0x12, 0x00
	.byte 0x0E, 0x02, 0x12, 0x00, 0x0F, 0x02, 0x12, 0x00, 0x10, 0x02, 0x12, 0x00, 0x11, 0x02, 0x12, 0x00
	.byte 0x12, 0x02, 0x12, 0x00, 0x13, 0x02, 0x12, 0x00, 0x14, 0x02, 0x12, 0x00, 0x15, 0x02, 0x12, 0x00
	.byte 0x16, 0x02, 0x12, 0x00, 0x17, 0x02, 0x12, 0x00, 0x18, 0x02, 0x12, 0x00, 0x19, 0x02, 0x12, 0x00
	.byte 0x1A, 0x02, 0x12, 0x00, 0x1B, 0x02, 0x12, 0x00, 0x1C, 0x02, 0x12, 0x00, 0x1D, 0x02, 0x12, 0x00
	.byte 0x00, 0x03, 0x13, 0x00, 0x01, 0x03, 0x14, 0x00, 0x02, 0x03, 0x14, 0x00, 0x03, 0x03, 0x14, 0x00
	.byte 0x04, 0x03, 0x14, 0x00, 0x05, 0x03, 0x14, 0x00, 0x06, 0x03, 0x14, 0x00, 0x07, 0x03, 0x14, 0x00
	.byte 0x08, 0x03, 0x14, 0x00, 0x09, 0x03, 0x15, 0x00, 0x0A, 0x03, 0x16, 0x00, 0x0B, 0x03, 0x14, 0x00
	.byte 0x0C, 0x03, 0x14, 0x00, 0x0D, 0x03, 0x14, 0x00, 0x0E, 0x03, 0x14, 0x00, 0x0F, 0x03, 0x14, 0x00
	.byte 0x10, 0x03, 0x14, 0x00, 0x11, 0x03, 0x14, 0x00, 0x12, 0x03, 0x14, 0x00, 0x13, 0x03, 0x16, 0x04
	.byte 0x14, 0x03, 0x15, 0x04, 0x15, 0x03, 0x14, 0x00, 0x16, 0x03, 0x14, 0x00, 0x17, 0x03, 0x14, 0x00
	.byte 0x18, 0x03, 0x14, 0x00, 0x19, 0x03, 0x14, 0x00, 0x1A, 0x03, 0x14, 0x00, 0x1B, 0x03, 0x14, 0x00
	.byte 0x1C, 0x03, 0x14, 0x00, 0x1D, 0x03, 0x13, 0x04, 0x00, 0x04, 0x17, 0x00, 0x09, 0x04, 0x18, 0x00
	.byte 0x0A, 0x04, 0x19, 0x00, 0x13, 0x04, 0x19, 0x04, 0x14, 0x04, 0x18, 0x04, 0x1D, 0x04, 0x17, 0x04
	.byte 0x00, 0x05, 0x17, 0x00, 0x09, 0x05, 0x18, 0x00, 0x0A, 0x05, 0x19, 0x00, 0x13, 0x05, 0x19, 0x04
	.byte 0x14, 0x05, 0x18, 0x04, 0x1D, 0x05, 0x17, 0x04, 0x00, 0x06, 0x17, 0x00, 0x09, 0x06, 0x18, 0x00
	.byte 0x0A, 0x06, 0x19, 0x00, 0x13, 0x06, 0x19, 0x04, 0x14, 0x06, 0x18, 0x04, 0x1D, 0x06, 0x17, 0x04
	.byte 0x00, 0x07, 0x17, 0x00, 0x09, 0x07, 0x18, 0x00, 0x0A, 0x07, 0x19, 0x00, 0x13, 0x07, 0x19, 0x04
	.byte 0x14, 0x07, 0x18, 0x04, 0x1D, 0x07, 0x17, 0x04, 0x00, 0x08, 0x17, 0x00, 0x09, 0x08, 0x18, 0x00
	.byte 0x0A, 0x08, 0x19, 0x00, 0x13, 0x08, 0x19, 0x04, 0x14, 0x08, 0x18, 0x04, 0x1D, 0x08, 0x17, 0x04
	.byte 0x00, 0x09, 0x13, 0x08, 0x01, 0x09, 0x14, 0x08, 0x02, 0x09, 0x14, 0x08, 0x03, 0x09, 0x14, 0x08
	.byte 0x04, 0x09, 0x14, 0x08, 0x05, 0x09, 0x14, 0x08, 0x06, 0x09, 0x14, 0x08, 0x07, 0x09, 0x14, 0x08
	.byte 0x08, 0x09, 0x14, 0x08, 0x09, 0x09, 0x15, 0x08, 0x0A, 0x09, 0x16, 0x08, 0x0B, 0x09, 0x14, 0x08
	.byte 0x0C, 0x09, 0x14, 0x08, 0x0D, 0x09, 0x14, 0x08, 0x0E, 0x09, 0x14, 0x08, 0x0F, 0x09, 0x14, 0x08
	.byte 0x10, 0x09, 0x14, 0x08, 0x11, 0x09, 0x14, 0x08, 0x12, 0x09, 0x14, 0x08, 0x13, 0x09, 0x1A, 0x00
	.byte 0x14, 0x09, 0x1B, 0x00, 0x15, 0x09, 0x14, 0x08, 0x16, 0x09, 0x14, 0x08, 0x17, 0x09, 0x14, 0x08
	.byte 0x18, 0x09, 0x14, 0x08, 0x19, 0x09, 0x14, 0x08, 0x1A, 0x09, 0x14, 0x08, 0x1B, 0x09, 0x14, 0x08
	.byte 0x1C, 0x09, 0x14, 0x08, 0x1D, 0x09, 0x1C, 0x00, 0x00, 0x0A, 0x1D, 0x00, 0x01, 0x0A, 0x1E, 0x00
	.byte 0x02, 0x0A, 0x1E, 0x00, 0x03, 0x0A, 0x1E, 0x00, 0x04, 0x0A, 0x1E, 0x00, 0x05, 0x0A, 0x1E, 0x00
	.byte 0x06, 0x0A, 0x1E, 0x00, 0x07, 0x0A, 0x1E, 0x00, 0x08, 0x0A, 0x1E, 0x00, 0x09, 0x0A, 0x1F, 0x00
	.byte 0x0A, 0x0A, 0x20, 0x00, 0x0B, 0x0A, 0x1E, 0x00, 0x0C, 0x0A, 0x1E, 0x00, 0x0D, 0x0A, 0x1E, 0x00
	.byte 0x0E, 0x0A, 0x1E, 0x00, 0x0F, 0x0A, 0x1E, 0x00, 0x10, 0x0A, 0x1E, 0x00, 0x11, 0x0A, 0x1E, 0x00
	.byte 0x12, 0x0A, 0x1E, 0x00, 0x13, 0x0A, 0x20, 0x04, 0x14, 0x0A, 0x1F, 0x04, 0x15, 0x0A, 0x1E, 0x00
	.byte 0x16, 0x0A, 0x1E, 0x00, 0x17, 0x0A, 0x1E, 0x00, 0x18, 0x0A, 0x1E, 0x00, 0x19, 0x0A, 0x1E, 0x00
	.byte 0x1A, 0x0A, 0x1E, 0x00, 0x1B, 0x0A, 0x1E, 0x00, 0x1C, 0x0A, 0x1E, 0x00, 0x1D, 0x0A, 0x1D, 0x04
	.byte 0x00, 0x0B, 0x17, 0x00, 0x09, 0x0B, 0x18, 0x00, 0x0A, 0x0B, 0x19, 0x00, 0x13, 0x0B, 0x19, 0x04
	.byte 0x14, 0x0B, 0x18, 0x04, 0x1D, 0x0B, 0x17, 0x04, 0x00, 0x0C, 0x17, 0x00, 0x09, 0x0C, 0x18, 0x00
	.byte 0x0A, 0x0C, 0x19, 0x00, 0x13, 0x0C, 0x19, 0x04, 0x14, 0x0C, 0x18, 0x04, 0x1D, 0x0C, 0x17, 0x04
	.byte 0x00, 0x0D, 0x17, 0x00, 0x09, 0x0D, 0x18, 0x00, 0x0A, 0x0D, 0x19, 0x00, 0x13, 0x0D, 0x19, 0x04
	.byte 0x14, 0x0D, 0x18, 0x04, 0x1D, 0x0D, 0x17, 0x04, 0x00, 0x0E, 0x17, 0x00, 0x09, 0x0E, 0x18, 0x00
	.byte 0x0A, 0x0E, 0x19, 0x00, 0x13, 0x0E, 0x19, 0x04, 0x14, 0x0E, 0x18, 0x04, 0x1D, 0x0E, 0x17, 0x04
	.byte 0x00, 0x0F, 0x17, 0x00, 0x09, 0x0F, 0x18, 0x00, 0x0A, 0x0F, 0x19, 0x00, 0x13, 0x0F, 0x19, 0x04
	.byte 0x14, 0x0F, 0x18, 0x04, 0x1D, 0x0F, 0x17, 0x04, 0x00, 0x10, 0x21, 0x00, 0x01, 0x10, 0x22, 0x00
	.byte 0x02, 0x10, 0x22, 0x00, 0x03, 0x10, 0x22, 0x00, 0x04, 0x10, 0x22, 0x00, 0x05, 0x10, 0x22, 0x00
	.byte 0x06, 0x10, 0x22, 0x00, 0x07, 0x10, 0x22, 0x00, 0x08, 0x10, 0x22, 0x00, 0x09, 0x10, 0x23, 0x00
	.byte 0x0A, 0x10, 0x24, 0x00, 0x0B, 0x10, 0x22, 0x00, 0x0C, 0x10, 0x22, 0x00, 0x0D, 0x10, 0x22, 0x00
	.byte 0x0E, 0x10, 0x22, 0x00, 0x0F, 0x10, 0x22, 0x00, 0x10, 0x10, 0x22, 0x00, 0x11, 0x10, 0x22, 0x00
	.byte 0x12, 0x10, 0x22, 0x00, 0x13, 0x10, 0x24, 0x04, 0x14, 0x10, 0x23, 0x04, 0x15, 0x10, 0x22, 0x00
	.byte 0x16, 0x10, 0x22, 0x00, 0x17, 0x10, 0x22, 0x00, 0x18, 0x10, 0x22, 0x00, 0x19, 0x10, 0x22, 0x00
	.byte 0x1A, 0x10, 0x22, 0x00, 0x1B, 0x10, 0x22, 0x00, 0x1C, 0x10, 0x22, 0x00, 0x1D, 0x10, 0x21, 0x04
	.byte 0x00, 0x11, 0x25, 0x00, 0x01, 0x11, 0x25, 0x00, 0x02, 0x11, 0x25, 0x00, 0x03, 0x11, 0x25, 0x00
	.byte 0x04, 0x11, 0x25, 0x00, 0x05, 0x11, 0x25, 0x00, 0x06, 0x11, 0x25, 0x00, 0x07, 0x11, 0x25, 0x00
	.byte 0x08, 0x11, 0x25, 0x00, 0x09, 0x11, 0x25, 0x00, 0x0A, 0x11, 0x25, 0x00, 0x0B, 0x11, 0x25, 0x00
	.byte 0x0C, 0x11, 0x25, 0x00, 0x0D, 0x11, 0x25, 0x00, 0x0E, 0x11, 0x25, 0x00, 0x0F, 0x11, 0x25, 0x00
	.byte 0x10, 0x11, 0x25, 0x00, 0x11, 0x11, 0x25, 0x00, 0x12, 0x11, 0x25, 0x00, 0x13, 0x11, 0x25, 0x00
	.byte 0x14, 0x11, 0x25, 0x00, 0x15, 0x11, 0x25, 0x00, 0x16, 0x11, 0x25, 0x00, 0x17, 0x11, 0x25, 0x00
	.byte 0x18, 0x11, 0x25, 0x00, 0x19, 0x11, 0x25, 0x00, 0x1A, 0x11, 0x25, 0x00, 0x1B, 0x11, 0x25, 0x00
	.byte 0x1C, 0x11, 0x25, 0x00, 0x1D, 0x11, 0x25, 0x00, 0x00, 0x12, 0x26, 0x00, 0x01, 0x12, 0x26, 0x00
	.byte 0x02, 0x12, 0x26, 0x00, 0x03, 0x12, 0x26, 0x00, 0x04, 0x12, 0x26, 0x00, 0x05, 0x12, 0x26, 0x00
	.byte 0x06, 0x12, 0x26, 0x00, 0x07, 0x12, 0x26, 0x00, 0x08, 0x12, 0x26, 0x00, 0x09, 0x12, 0x26, 0x00
	.byte 0x0A, 0x12, 0x26, 0x00, 0x0B, 0x12, 0x26, 0x00, 0x0C, 0x12, 0x26, 0x00, 0x0D, 0x12, 0x26, 0x00
	.byte 0x0E, 0x12, 0x26, 0x00, 0x0F, 0x12, 0x26, 0x00, 0x10, 0x12, 0x26, 0x00, 0x11, 0x12, 0x26, 0x00
	.byte 0x12, 0x12, 0x26, 0x00, 0x13, 0x12, 0x26, 0x00, 0x14, 0x12, 0x26, 0x00, 0x15, 0x12, 0x26, 0x00
	.byte 0x16, 0x12, 0x26, 0x00, 0x17, 0x12, 0x26, 0x00, 0x18, 0x12, 0x26, 0x00, 0x19, 0x12, 0x26, 0x00
	.byte 0x1A, 0x12, 0x26, 0x00, 0x1B, 0x12, 0x26, 0x00, 0x1C, 0x12, 0x26, 0x00, 0x1D, 0x12, 0x26, 0x00
	.byte 0x00, 0x13, 0x27, 0x00, 0x01, 0x13, 0x27, 0x00, 0x02, 0x13, 0x27, 0x00, 0x03, 0x13, 0x27, 0x00
	.byte 0x04, 0x13, 0x27, 0x00, 0x05, 0x13, 0x27, 0x00, 0x06, 0x13, 0x27, 0x00, 0x07, 0x13, 0x27, 0x00
	.byte 0x08, 0x13, 0x27, 0x00, 0x09, 0x13, 0x27, 0x00, 0x0A, 0x13, 0x27, 0x00, 0x0B, 0x13, 0x27, 0x00
	.byte 0x0C, 0x13, 0x27, 0x00, 0x0D, 0x13, 0x27, 0x00, 0x0E, 0x13, 0x27, 0x00, 0x0F, 0x13, 0x27, 0x00
	.byte 0x10, 0x13, 0x27, 0x00, 0x11, 0x13, 0x27, 0x00, 0x12, 0x13, 0x27, 0x00, 0x13, 0x13, 0x27, 0x00
	.byte 0x14, 0x13, 0x27, 0x00, 0x15, 0x13, 0x27, 0x00, 0x16, 0x13, 0x27, 0x00, 0x17, 0x13, 0x27, 0x00
	.byte 0x18, 0x13, 0x27, 0x00, 0x19, 0x13, 0x27, 0x00, 0x1A, 0x13, 0x27, 0x00, 0x1B, 0x13, 0x27, 0x00
	.byte 0x1C, 0x13, 0x27, 0x00, 0x1D, 0x13, 0x27, 0x00, 0x10, 0x00, 0x10, 0x00, 0x10, 0x00, 0x10, 0x00
	.byte 0xE0, 0x83, 0x00, 0x00, 0x00, 0x00, 0x00, 0x00, 0x00, 0x00, 0x00, 0x00, 0x00, 0x00, 0x00, 0x00
	.byte 0x00, 0x00, 0x00, 0x00, 0x00, 0x00, 0x00, 0x00, 0x00, 0x00, 0x00, 0x00, 0x0B, 0x81, 0x6E, 0x85
	.byte 0x02, 0x00, 0x02, 0x00, 0x02, 0x00, 0x02, 0x00, 0xEE, 0xEE, 0xEE, 0xEE, 0xEE, 0xEE, 0xEE, 0xEE
	.byte 0xEE, 0xEE, 0xEE, 0xEE, 0xEE, 0xEE, 0xEE, 0xEE, 0xEE, 0xEE, 0xEE, 0xEE, 0xEE, 0xEE, 0xEE, 0xEE
	.byte 0xEE, 0xEE, 0xEE, 0xEE, 0xEE, 0xEE, 0xEE, 0xEE, 0xFF, 0xFF, 0xFF, 0xFF, 0xFF, 0xFF, 0xFF, 0xFF
	.byte 0xFF, 0xFF, 0xFF, 0xFF, 0xFF, 0xFF, 0xFF, 0xFF, 0xFF, 0xFF, 0xFF, 0xFF, 0xFF, 0xFF, 0xFF, 0xFF
	.byte 0xFF, 0xFF, 0xFF, 0xFF, 0xFF, 0xFF, 0xFF, 0xFF, 0x00, 0x04, 0x00, 0x04, 0x00, 0x04, 0x00, 0x04
	.byte 0x00, 0x00, 0x00, 0x00, 0x01, 0x00, 0x01, 0x00, 0x02, 0x00, 0x00, 0x00, 0x03, 0x00, 0x01, 0x00
	.byte 0x04, 0x00, 0x00, 0x00, 0x05, 0x00, 0x01, 0x00, 0x06, 0x00, 0x00, 0x00, 0x07, 0x00, 0x01, 0x00
	.byte 0x08, 0x00, 0x00, 0x00, 0x09, 0x00, 0x01, 0x00, 0x0A, 0x00, 0x00, 0x00, 0x0B, 0x00, 0x01, 0x00
	.byte 0x0C, 0x00, 0x00, 0x00, 0x0D, 0x00, 0x01, 0x00, 0x0E, 0x00, 0x00, 0x00, 0x0F, 0x00, 0x01, 0x00
	.byte 0x10, 0x00, 0x00, 0x00, 0x11, 0x00, 0x01, 0x00, 0x12, 0x00, 0x00, 0x00, 0x13, 0x00, 0x01, 0x00
	.byte 0x14, 0x00, 0x00, 0x00, 0x15, 0x00, 0x01, 0x00, 0x16, 0x00, 0x00, 0x00, 0x17, 0x00, 0x01, 0x00
	.byte 0x18, 0x00, 0x00, 0x00, 0x19, 0x00, 0x01, 0x00, 0x1A, 0x00, 0x00, 0x00, 0x1B, 0x00, 0x01, 0x00
	.byte 0x1C, 0x00, 0x00, 0x00, 0x1D, 0x00, 0x01, 0x00, 0x1E, 0x00, 0x00, 0x00, 0x1F, 0x00, 0x01, 0x00
	.byte 0x00, 0x01, 0x01, 0x00, 0x01, 0x01, 0x00, 0x00, 0x02, 0x01, 0x01, 0x00, 0x03, 0x01, 0x00, 0x00
	.byte 0x04, 0x01, 0x01, 0x00, 0x05, 0x01, 0x00, 0x00, 0x06, 0x01, 0x01, 0x00, 0x07, 0x01, 0x00, 0x00
	.byte 0x08, 0x01, 0x01, 0x00, 0x09, 0x01, 0x00, 0x00, 0x0A, 0x01, 0x01, 0x00, 0x0B, 0x01, 0x00, 0x00
	.byte 0x0C, 0x01, 0x01, 0x00, 0x0D, 0x01, 0x00, 0x00, 0x0E, 0x01, 0x01, 0x00, 0x0F, 0x01, 0x00, 0x00
	.byte 0x10, 0x01, 0x01, 0x00, 0x11, 0x01, 0x00, 0x00, 0x12, 0x01, 0x01, 0x00, 0x13, 0x01, 0x00, 0x00
	.byte 0x14, 0x01, 0x01, 0x00, 0x15, 0x01, 0x00, 0x00, 0x16, 0x01, 0x01, 0x00, 0x17, 0x01, 0x00, 0x00
	.byte 0x18, 0x01, 0x01, 0x00, 0x19, 0x01, 0x00, 0x00, 0x1A, 0x01, 0x01, 0x00, 0x1B, 0x01, 0x00, 0x00
	.byte 0x1C, 0x01, 0x01, 0x00, 0x1D, 0x01, 0x00, 0x00, 0x1E, 0x01, 0x01, 0x00, 0x1F, 0x01, 0x00, 0x00
	.byte 0x00, 0x02, 0x00, 0x00, 0x01, 0x02, 0x01, 0x00, 0x02, 0x02, 0x00, 0x00, 0x03, 0x02, 0x01, 0x00
	.byte 0x04, 0x02, 0x00, 0x00, 0x05, 0x02, 0x01, 0x00, 0x06, 0x02, 0x00, 0x00, 0x07, 0x02, 0x01, 0x00
	.byte 0x08, 0x02, 0x00, 0x00, 0x09, 0x02, 0x01, 0x00, 0x0A, 0x02, 0x00, 0x00, 0x0B, 0x02, 0x01, 0x00
	.byte 0x0C, 0x02, 0x00, 0x00, 0x0D, 0x02, 0x01, 0x00, 0x0E, 0x02, 0x00, 0x00, 0x0F, 0x02, 0x01, 0x00
	.byte 0x10, 0x02, 0x00, 0x00, 0x11, 0x02, 0x01, 0x00, 0x12, 0x02, 0x00, 0x00, 0x13, 0x02, 0x01, 0x00
	.byte 0x14, 0x02, 0x00, 0x00, 0x15, 0x02, 0x01, 0x00, 0x16, 0x02, 0x00, 0x00, 0x17, 0x02, 0x01, 0x00
	.byte 0x18, 0x02, 0x00, 0x00, 0x19, 0x02, 0x01, 0x00, 0x1A, 0x02, 0x00, 0x00, 0x1B, 0x02, 0x01, 0x00
	.byte 0x1C, 0x02, 0x00, 0x00, 0x1D, 0x02, 0x01, 0x00, 0x1E, 0x02, 0x00, 0x00, 0x1F, 0x02, 0x01, 0x00
	.byte 0x00, 0x03, 0x01, 0x00, 0x01, 0x03, 0x00, 0x00, 0x02, 0x03, 0x01, 0x00, 0x03, 0x03, 0x00, 0x00
	.byte 0x04, 0x03, 0x01, 0x00, 0x05, 0x03, 0x00, 0x00, 0x06, 0x03, 0x01, 0x00, 0x07, 0x03, 0x00, 0x00
	.byte 0x08, 0x03, 0x01, 0x00, 0x09, 0x03, 0x00, 0x00, 0x0A, 0x03, 0x01, 0x00, 0x0B, 0x03, 0x00, 0x00
	.byte 0x0C, 0x03, 0x01, 0x00, 0x0D, 0x03, 0x00, 0x00, 0x0E, 0x03, 0x01, 0x00, 0x0F, 0x03, 0x00, 0x00
	.byte 0x10, 0x03, 0x01, 0x00, 0x11, 0x03, 0x00, 0x00, 0x12, 0x03, 0x01, 0x00, 0x13, 0x03, 0x00, 0x00
	.byte 0x14, 0x03, 0x01, 0x00, 0x15, 0x03, 0x00, 0x00, 0x16, 0x03, 0x01, 0x00, 0x17, 0x03, 0x00, 0x00
	.byte 0x18, 0x03, 0x01, 0x00, 0x19, 0x03, 0x00, 0x00, 0x1A, 0x03, 0x01, 0x00, 0x1B, 0x03, 0x00, 0x00
	.byte 0x1C, 0x03, 0x01, 0x00, 0x1D, 0x03, 0x00, 0x00, 0x1E, 0x03, 0x01, 0x00, 0x1F, 0x03, 0x00, 0x00
	.byte 0x00, 0x04, 0x00, 0x00, 0x01, 0x04, 0x01, 0x00, 0x02, 0x04, 0x00, 0x00, 0x03, 0x04, 0x01, 0x00
	.byte 0x04, 0x04, 0x00, 0x00, 0x05, 0x04, 0x01, 0x00, 0x06, 0x04, 0x00, 0x00, 0x07, 0x04, 0x01, 0x00
	.byte 0x08, 0x04, 0x00, 0x00, 0x09, 0x04, 0x01, 0x00, 0x0A, 0x04, 0x00, 0x00, 0x0B, 0x04, 0x01, 0x00
	.byte 0x0C, 0x04, 0x00, 0x00, 0x0D, 0x04, 0x01, 0x00, 0x0E, 0x04, 0x00, 0x00, 0x0F, 0x04, 0x01, 0x00
	.byte 0x10, 0x04, 0x00, 0x00, 0x11, 0x04, 0x01, 0x00, 0x12, 0x04, 0x00, 0x00, 0x13, 0x04, 0x01, 0x00
	.byte 0x14, 0x04, 0x00, 0x00, 0x15, 0x04, 0x01, 0x00, 0x16, 0x04, 0x00, 0x00, 0x17, 0x04, 0x01, 0x00
	.byte 0x18, 0x04, 0x00, 0x00, 0x19, 0x04, 0x01, 0x00, 0x1A, 0x04, 0x00, 0x00, 0x1B, 0x04, 0x01, 0x00
	.byte 0x1C, 0x04, 0x00, 0x00, 0x1D, 0x04, 0x01, 0x00, 0x1E, 0x04, 0x00, 0x00, 0x1F, 0x04, 0x01, 0x00
	.byte 0x00, 0x05, 0x01, 0x00, 0x01, 0x05, 0x00, 0x00, 0x02, 0x05, 0x01, 0x00, 0x03, 0x05, 0x00, 0x00
	.byte 0x04, 0x05, 0x01, 0x00, 0x05, 0x05, 0x00, 0x00, 0x06, 0x05, 0x01, 0x00, 0x07, 0x05, 0x00, 0x00
	.byte 0x08, 0x05, 0x01, 0x00, 0x09, 0x05, 0x00, 0x00, 0x0A, 0x05, 0x01, 0x00, 0x0B, 0x05, 0x00, 0x00
	.byte 0x0C, 0x05, 0x01, 0x00, 0x0D, 0x05, 0x00, 0x00, 0x0E, 0x05, 0x01, 0x00, 0x0F, 0x05, 0x00, 0x00
	.byte 0x10, 0x05, 0x01, 0x00, 0x11, 0x05, 0x00, 0x00, 0x12, 0x05, 0x01, 0x00, 0x13, 0x05, 0x00, 0x00
	.byte 0x14, 0x05, 0x01, 0x00, 0x15, 0x05, 0x00, 0x00, 0x16, 0x05, 0x01, 0x00, 0x17, 0x05, 0x00, 0x00
	.byte 0x18, 0x05, 0x01, 0x00, 0x19, 0x05, 0x00, 0x00, 0x1A, 0x05, 0x01, 0x00, 0x1B, 0x05, 0x00, 0x00
	.byte 0x1C, 0x05, 0x01, 0x00, 0x1D, 0x05, 0x00, 0x00, 0x1E, 0x05, 0x01, 0x00, 0x1F, 0x05, 0x00, 0x00
	.byte 0x00, 0x06, 0x00, 0x00, 0x01, 0x06, 0x01, 0x00, 0x02, 0x06, 0x00, 0x00, 0x03, 0x06, 0x01, 0x00
	.byte 0x04, 0x06, 0x00, 0x00, 0x05, 0x06, 0x01, 0x00, 0x06, 0x06, 0x00, 0x00, 0x07, 0x06, 0x01, 0x00
	.byte 0x08, 0x06, 0x00, 0x00, 0x09, 0x06, 0x01, 0x00, 0x0A, 0x06, 0x00, 0x00, 0x0B, 0x06, 0x01, 0x00
	.byte 0x0C, 0x06, 0x00, 0x00, 0x0D, 0x06, 0x01, 0x00, 0x0E, 0x06, 0x00, 0x00, 0x0F, 0x06, 0x01, 0x00
	.byte 0x10, 0x06, 0x00, 0x00, 0x11, 0x06, 0x01, 0x00, 0x12, 0x06, 0x00, 0x00, 0x13, 0x06, 0x01, 0x00
	.byte 0x14, 0x06, 0x00, 0x00, 0x15, 0x06, 0x01, 0x00, 0x16, 0x06, 0x00, 0x00, 0x17, 0x06, 0x01, 0x00
	.byte 0x18, 0x06, 0x00, 0x00, 0x19, 0x06, 0x01, 0x00, 0x1A, 0x06, 0x00, 0x00, 0x1B, 0x06, 0x01, 0x00
	.byte 0x1C, 0x06, 0x00, 0x00, 0x1D, 0x06, 0x01, 0x00, 0x1E, 0x06, 0x00, 0x00, 0x1F, 0x06, 0x01, 0x00
	.byte 0x00, 0x07, 0x01, 0x00, 0x01, 0x07, 0x00, 0x00, 0x02, 0x07, 0x01, 0x00, 0x03, 0x07, 0x00, 0x00
	.byte 0x04, 0x07, 0x01, 0x00, 0x05, 0x07, 0x00, 0x00, 0x06, 0x07, 0x01, 0x00, 0x07, 0x07, 0x00, 0x00
	.byte 0x08, 0x07, 0x01, 0x00, 0x09, 0x07, 0x00, 0x00, 0x0A, 0x07, 0x01, 0x00, 0x0B, 0x07, 0x00, 0x00
	.byte 0x0C, 0x07, 0x01, 0x00, 0x0D, 0x07, 0x00, 0x00, 0x0E, 0x07, 0x01, 0x00, 0x0F, 0x07, 0x00, 0x00
	.byte 0x10, 0x07, 0x01, 0x00, 0x11, 0x07, 0x00, 0x00, 0x12, 0x07, 0x01, 0x00, 0x13, 0x07, 0x00, 0x00
	.byte 0x14, 0x07, 0x01, 0x00, 0x15, 0x07, 0x00, 0x00, 0x16, 0x07, 0x01, 0x00, 0x17, 0x07, 0x00, 0x00
	.byte 0x18, 0x07, 0x01, 0x00, 0x19, 0x07, 0x00, 0x00, 0x1A, 0x07, 0x01, 0x00, 0x1B, 0x07, 0x00, 0x00
	.byte 0x1C, 0x07, 0x01, 0x00, 0x1D, 0x07, 0x00, 0x00, 0x1E, 0x07, 0x01, 0x00, 0x1F, 0x07, 0x00, 0x00
	.byte 0x00, 0x08, 0x00, 0x00, 0x01, 0x08, 0x01, 0x00, 0x02, 0x08, 0x00, 0x00, 0x03, 0x08, 0x01, 0x00
	.byte 0x04, 0x08, 0x00, 0x00, 0x05, 0x08, 0x01, 0x00, 0x06, 0x08, 0x00, 0x00, 0x07, 0x08, 0x01, 0x00
	.byte 0x08, 0x08, 0x00, 0x00, 0x09, 0x08, 0x01, 0x00, 0x0A, 0x08, 0x00, 0x00, 0x0B, 0x08, 0x01, 0x00
	.byte 0x0C, 0x08, 0x00, 0x00, 0x0D, 0x08, 0x01, 0x00, 0x0E, 0x08, 0x00, 0x00, 0x0F, 0x08, 0x01, 0x00
	.byte 0x10, 0x08, 0x00, 0x00, 0x11, 0x08, 0x01, 0x00, 0x12, 0x08, 0x00, 0x00, 0x13, 0x08, 0x01, 0x00
	.byte 0x14, 0x08, 0x00, 0x00, 0x15, 0x08, 0x01, 0x00, 0x16, 0x08, 0x00, 0x00, 0x17, 0x08, 0x01, 0x00
	.byte 0x18, 0x08, 0x00, 0x00, 0x19, 0x08, 0x01, 0x00, 0x1A, 0x08, 0x00, 0x00, 0x1B, 0x08, 0x01, 0x00
	.byte 0x1C, 0x08, 0x00, 0x00, 0x1D, 0x08, 0x01, 0x00, 0x1E, 0x08, 0x00, 0x00, 0x1F, 0x08, 0x01, 0x00
	.byte 0x00, 0x09, 0x01, 0x00, 0x01, 0x09, 0x00, 0x00, 0x02, 0x09, 0x01, 0x00, 0x03, 0x09, 0x00, 0x00
	.byte 0x04, 0x09, 0x01, 0x00, 0x05, 0x09, 0x00, 0x00, 0x06, 0x09, 0x01, 0x00, 0x07, 0x09, 0x00, 0x00
	.byte 0x08, 0x09, 0x01, 0x00, 0x09, 0x09, 0x00, 0x00, 0x0A, 0x09, 0x01, 0x00, 0x0B, 0x09, 0x00, 0x00
	.byte 0x0C, 0x09, 0x01, 0x00, 0x0D, 0x09, 0x00, 0x00, 0x0E, 0x09, 0x01, 0x00, 0x0F, 0x09, 0x00, 0x00
	.byte 0x10, 0x09, 0x01, 0x00, 0x11, 0x09, 0x00, 0x00, 0x12, 0x09, 0x01, 0x00, 0x13, 0x09, 0x00, 0x00
	.byte 0x14, 0x09, 0x01, 0x00, 0x15, 0x09, 0x00, 0x00, 0x16, 0x09, 0x01, 0x00, 0x17, 0x09, 0x00, 0x00
	.byte 0x18, 0x09, 0x01, 0x00, 0x19, 0x09, 0x00, 0x00, 0x1A, 0x09, 0x01, 0x00, 0x1B, 0x09, 0x00, 0x00
	.byte 0x1C, 0x09, 0x01, 0x00, 0x1D, 0x09, 0x00, 0x00, 0x1E, 0x09, 0x01, 0x00, 0x1F, 0x09, 0x00, 0x00
	.byte 0x00, 0x0A, 0x00, 0x00, 0x01, 0x0A, 0x01, 0x00, 0x02, 0x0A, 0x00, 0x00, 0x03, 0x0A, 0x01, 0x00
	.byte 0x04, 0x0A, 0x00, 0x00, 0x05, 0x0A, 0x01, 0x00, 0x06, 0x0A, 0x00, 0x00, 0x07, 0x0A, 0x01, 0x00
	.byte 0x08, 0x0A, 0x00, 0x00, 0x09, 0x0A, 0x01, 0x00, 0x0A, 0x0A, 0x00, 0x00, 0x0B, 0x0A, 0x01, 0x00
	.byte 0x0C, 0x0A, 0x00, 0x00, 0x0D, 0x0A, 0x01, 0x00, 0x0E, 0x0A, 0x00, 0x00, 0x0F, 0x0A, 0x01, 0x00
	.byte 0x10, 0x0A, 0x00, 0x00, 0x11, 0x0A, 0x01, 0x00, 0x12, 0x0A, 0x00, 0x00, 0x13, 0x0A, 0x01, 0x00
	.byte 0x14, 0x0A, 0x00, 0x00, 0x15, 0x0A, 0x01, 0x00, 0x16, 0x0A, 0x00, 0x00, 0x17, 0x0A, 0x01, 0x00
	.byte 0x18, 0x0A, 0x00, 0x00, 0x19, 0x0A, 0x01, 0x00, 0x1A, 0x0A, 0x00, 0x00, 0x1B, 0x0A, 0x01, 0x00
	.byte 0x1C, 0x0A, 0x00, 0x00, 0x1D, 0x0A, 0x01, 0x00, 0x1E, 0x0A, 0x00, 0x00, 0x1F, 0x0A, 0x01, 0x00
	.byte 0x00, 0x0B, 0x01, 0x00, 0x01, 0x0B, 0x00, 0x00, 0x02, 0x0B, 0x01, 0x00, 0x03, 0x0B, 0x00, 0x00
	.byte 0x04, 0x0B, 0x01, 0x00, 0x05, 0x0B, 0x00, 0x00, 0x06, 0x0B, 0x01, 0x00, 0x07, 0x0B, 0x00, 0x00
	.byte 0x08, 0x0B, 0x01, 0x00, 0x09, 0x0B, 0x00, 0x00, 0x0A, 0x0B, 0x01, 0x00, 0x0B, 0x0B, 0x00, 0x00
	.byte 0x0C, 0x0B, 0x01, 0x00, 0x0D, 0x0B, 0x00, 0x00, 0x0E, 0x0B, 0x01, 0x00, 0x0F, 0x0B, 0x00, 0x00
	.byte 0x10, 0x0B, 0x01, 0x00, 0x11, 0x0B, 0x00, 0x00, 0x12, 0x0B, 0x01, 0x00, 0x13, 0x0B, 0x00, 0x00
	.byte 0x14, 0x0B, 0x01, 0x00, 0x15, 0x0B, 0x00, 0x00, 0x16, 0x0B, 0x01, 0x00, 0x17, 0x0B, 0x00, 0x00
	.byte 0x18, 0x0B, 0x01, 0x00, 0x19, 0x0B, 0x00, 0x00, 0x1A, 0x0B, 0x01, 0x00, 0x1B, 0x0B, 0x00, 0x00
	.byte 0x1C, 0x0B, 0x01, 0x00, 0x1D, 0x0B, 0x00, 0x00, 0x1E, 0x0B, 0x01, 0x00, 0x1F, 0x0B, 0x00, 0x00
	.byte 0x00, 0x0C, 0x00, 0x00, 0x01, 0x0C, 0x01, 0x00, 0x02, 0x0C, 0x00, 0x00, 0x03, 0x0C, 0x01, 0x00
	.byte 0x04, 0x0C, 0x00, 0x00, 0x05, 0x0C, 0x01, 0x00, 0x06, 0x0C, 0x00, 0x00, 0x07, 0x0C, 0x01, 0x00
	.byte 0x08, 0x0C, 0x00, 0x00, 0x09, 0x0C, 0x01, 0x00, 0x0A, 0x0C, 0x00, 0x00, 0x0B, 0x0C, 0x01, 0x00
	.byte 0x0C, 0x0C, 0x00, 0x00, 0x0D, 0x0C, 0x01, 0x00, 0x0E, 0x0C, 0x00, 0x00, 0x0F, 0x0C, 0x01, 0x00
	.byte 0x10, 0x0C, 0x00, 0x00, 0x11, 0x0C, 0x01, 0x00, 0x12, 0x0C, 0x00, 0x00, 0x13, 0x0C, 0x01, 0x00
	.byte 0x14, 0x0C, 0x00, 0x00, 0x15, 0x0C, 0x01, 0x00, 0x16, 0x0C, 0x00, 0x00, 0x17, 0x0C, 0x01, 0x00
	.byte 0x18, 0x0C, 0x00, 0x00, 0x19, 0x0C, 0x01, 0x00, 0x1A, 0x0C, 0x00, 0x00, 0x1B, 0x0C, 0x01, 0x00
	.byte 0x1C, 0x0C, 0x00, 0x00, 0x1D, 0x0C, 0x01, 0x00, 0x1E, 0x0C, 0x00, 0x00, 0x1F, 0x0C, 0x01, 0x00
	.byte 0x00, 0x0D, 0x01, 0x00, 0x01, 0x0D, 0x00, 0x00, 0x02, 0x0D, 0x01, 0x00, 0x03, 0x0D, 0x00, 0x00
	.byte 0x04, 0x0D, 0x01, 0x00, 0x05, 0x0D, 0x00, 0x00, 0x06, 0x0D, 0x01, 0x00, 0x07, 0x0D, 0x00, 0x00
	.byte 0x08, 0x0D, 0x01, 0x00, 0x09, 0x0D, 0x00, 0x00, 0x0A, 0x0D, 0x01, 0x00, 0x0B, 0x0D, 0x00, 0x00
	.byte 0x0C, 0x0D, 0x01, 0x00, 0x0D, 0x0D, 0x00, 0x00, 0x0E, 0x0D, 0x01, 0x00, 0x0F, 0x0D, 0x00, 0x00
	.byte 0x10, 0x0D, 0x01, 0x00, 0x11, 0x0D, 0x00, 0x00, 0x12, 0x0D, 0x01, 0x00, 0x13, 0x0D, 0x00, 0x00
	.byte 0x14, 0x0D, 0x01, 0x00, 0x15, 0x0D, 0x00, 0x00, 0x16, 0x0D, 0x01, 0x00, 0x17, 0x0D, 0x00, 0x00
	.byte 0x18, 0x0D, 0x01, 0x00, 0x19, 0x0D, 0x00, 0x00, 0x1A, 0x0D, 0x01, 0x00, 0x1B, 0x0D, 0x00, 0x00
	.byte 0x1C, 0x0D, 0x01, 0x00, 0x1D, 0x0D, 0x00, 0x00, 0x1E, 0x0D, 0x01, 0x00, 0x1F, 0x0D, 0x00, 0x00
	.byte 0x00, 0x0E, 0x00, 0x00, 0x01, 0x0E, 0x01, 0x00, 0x02, 0x0E, 0x00, 0x00, 0x03, 0x0E, 0x01, 0x00
	.byte 0x04, 0x0E, 0x00, 0x00, 0x05, 0x0E, 0x01, 0x00, 0x06, 0x0E, 0x00, 0x00, 0x07, 0x0E, 0x01, 0x00
	.byte 0x08, 0x0E, 0x00, 0x00, 0x09, 0x0E, 0x01, 0x00, 0x0A, 0x0E, 0x00, 0x00, 0x0B, 0x0E, 0x01, 0x00
	.byte 0x0C, 0x0E, 0x00, 0x00, 0x0D, 0x0E, 0x01, 0x00, 0x0E, 0x0E, 0x00, 0x00, 0x0F, 0x0E, 0x01, 0x00
	.byte 0x10, 0x0E, 0x00, 0x00, 0x11, 0x0E, 0x01, 0x00, 0x12, 0x0E, 0x00, 0x00, 0x13, 0x0E, 0x01, 0x00
	.byte 0x14, 0x0E, 0x00, 0x00, 0x15, 0x0E, 0x01, 0x00, 0x16, 0x0E, 0x00, 0x00, 0x17, 0x0E, 0x01, 0x00
	.byte 0x18, 0x0E, 0x00, 0x00, 0x19, 0x0E, 0x01, 0x00, 0x1A, 0x0E, 0x00, 0x00, 0x1B, 0x0E, 0x01, 0x00
	.byte 0x1C, 0x0E, 0x00, 0x00, 0x1D, 0x0E, 0x01, 0x00, 0x1E, 0x0E, 0x00, 0x00, 0x1F, 0x0E, 0x01, 0x00
	.byte 0x00, 0x0F, 0x01, 0x00, 0x01, 0x0F, 0x00, 0x00, 0x02, 0x0F, 0x01, 0x00, 0x03, 0x0F, 0x00, 0x00
	.byte 0x04, 0x0F, 0x01, 0x00, 0x05, 0x0F, 0x00, 0x00, 0x06, 0x0F, 0x01, 0x00, 0x07, 0x0F, 0x00, 0x00
	.byte 0x08, 0x0F, 0x01, 0x00, 0x09, 0x0F, 0x00, 0x00, 0x0A, 0x0F, 0x01, 0x00, 0x0B, 0x0F, 0x00, 0x00
	.byte 0x0C, 0x0F, 0x01, 0x00, 0x0D, 0x0F, 0x00, 0x00, 0x0E, 0x0F, 0x01, 0x00, 0x0F, 0x0F, 0x00, 0x00
	.byte 0x10, 0x0F, 0x01, 0x00, 0x11, 0x0F, 0x00, 0x00, 0x12, 0x0F, 0x01, 0x00, 0x13, 0x0F, 0x00, 0x00
	.byte 0x14, 0x0F, 0x01, 0x00, 0x15, 0x0F, 0x00, 0x00, 0x16, 0x0F, 0x01, 0x00, 0x17, 0x0F, 0x00, 0x00
	.byte 0x18, 0x0F, 0x01, 0x00, 0x19, 0x0F, 0x00, 0x00, 0x1A, 0x0F, 0x01, 0x00, 0x1B, 0x0F, 0x00, 0x00
	.byte 0x1C, 0x0F, 0x01, 0x00, 0x1D, 0x0F, 0x00, 0x00, 0x1E, 0x0F, 0x01, 0x00, 0x1F, 0x0F, 0x00, 0x00
	.byte 0x00, 0x10, 0x00, 0x00, 0x01, 0x10, 0x01, 0x00, 0x02, 0x10, 0x00, 0x00, 0x03, 0x10, 0x01, 0x00
	.byte 0x04, 0x10, 0x00, 0x00, 0x05, 0x10, 0x01, 0x00, 0x06, 0x10, 0x00, 0x00, 0x07, 0x10, 0x01, 0x00
	.byte 0x08, 0x10, 0x00, 0x00, 0x09, 0x10, 0x01, 0x00, 0x0A, 0x10, 0x00, 0x00, 0x0B, 0x10, 0x01, 0x00
	.byte 0x0C, 0x10, 0x00, 0x00, 0x0D, 0x10, 0x01, 0x00, 0x0E, 0x10, 0x00, 0x00, 0x0F, 0x10, 0x01, 0x00
	.byte 0x10, 0x10, 0x00, 0x00, 0x11, 0x10, 0x01, 0x00, 0x12, 0x10, 0x00, 0x00, 0x13, 0x10, 0x01, 0x00
	.byte 0x14, 0x10, 0x00, 0x00, 0x15, 0x10, 0x01, 0x00, 0x16, 0x10, 0x00, 0x00, 0x17, 0x10, 0x01, 0x00
	.byte 0x18, 0x10, 0x00, 0x00, 0x19, 0x10, 0x01, 0x00, 0x1A, 0x10, 0x00, 0x00, 0x1B, 0x10, 0x01, 0x00
	.byte 0x1C, 0x10, 0x00, 0x00, 0x1D, 0x10, 0x01, 0x00, 0x1E, 0x10, 0x00, 0x00, 0x1F, 0x10, 0x01, 0x00
	.byte 0x00, 0x11, 0x01, 0x00, 0x01, 0x11, 0x00, 0x00, 0x02, 0x11, 0x01, 0x00, 0x03, 0x11, 0x00, 0x00
	.byte 0x04, 0x11, 0x01, 0x00, 0x05, 0x11, 0x00, 0x00, 0x06, 0x11, 0x01, 0x00, 0x07, 0x11, 0x00, 0x00
	.byte 0x08, 0x11, 0x01, 0x00, 0x09, 0x11, 0x00, 0x00, 0x0A, 0x11, 0x01, 0x00, 0x0B, 0x11, 0x00, 0x00
	.byte 0x0C, 0x11, 0x01, 0x00, 0x0D, 0x11, 0x00, 0x00, 0x0E, 0x11, 0x01, 0x00, 0x0F, 0x11, 0x00, 0x00
	.byte 0x10, 0x11, 0x01, 0x00, 0x11, 0x11, 0x00, 0x00, 0x12, 0x11, 0x01, 0x00, 0x13, 0x11, 0x00, 0x00
	.byte 0x14, 0x11, 0x01, 0x00, 0x15, 0x11, 0x00, 0x00, 0x16, 0x11, 0x01, 0x00, 0x17, 0x11, 0x00, 0x00
	.byte 0x18, 0x11, 0x01, 0x00, 0x19, 0x11, 0x00, 0x00, 0x1A, 0x11, 0x01, 0x00, 0x1B, 0x11, 0x00, 0x00
	.byte 0x1C, 0x11, 0x01, 0x00, 0x1D, 0x11, 0x00, 0x00, 0x1E, 0x11, 0x01, 0x00, 0x1F, 0x11, 0x00, 0x00
	.byte 0x00, 0x12, 0x00, 0x00, 0x01, 0x12, 0x01, 0x00, 0x02, 0x12, 0x00, 0x00, 0x03, 0x12, 0x01, 0x00
	.byte 0x04, 0x12, 0x00, 0x00, 0x05, 0x12, 0x01, 0x00, 0x06, 0x12, 0x00, 0x00, 0x07, 0x12, 0x01, 0x00
	.byte 0x08, 0x12, 0x00, 0x00, 0x09, 0x12, 0x01, 0x00, 0x0A, 0x12, 0x00, 0x00, 0x0B, 0x12, 0x01, 0x00
	.byte 0x0C, 0x12, 0x00, 0x00, 0x0D, 0x12, 0x01, 0x00, 0x0E, 0x12, 0x00, 0x00, 0x0F, 0x12, 0x01, 0x00
	.byte 0x10, 0x12, 0x00, 0x00, 0x11, 0x12, 0x01, 0x00, 0x12, 0x12, 0x00, 0x00, 0x13, 0x12, 0x01, 0x00
	.byte 0x14, 0x12, 0x00, 0x00, 0x15, 0x12, 0x01, 0x00, 0x16, 0x12, 0x00, 0x00, 0x17, 0x12, 0x01, 0x00
	.byte 0x18, 0x12, 0x00, 0x00, 0x19, 0x12, 0x01, 0x00, 0x1A, 0x12, 0x00, 0x00, 0x1B, 0x12, 0x01, 0x00
	.byte 0x1C, 0x12, 0x00, 0x00, 0x1D, 0x12, 0x01, 0x00, 0x1E, 0x12, 0x00, 0x00, 0x1F, 0x12, 0x01, 0x00
	.byte 0x00, 0x13, 0x01, 0x00, 0x01, 0x13, 0x00, 0x00, 0x02, 0x13, 0x01, 0x00, 0x03, 0x13, 0x00, 0x00
	.byte 0x04, 0x13, 0x01, 0x00, 0x05, 0x13, 0x00, 0x00, 0x06, 0x13, 0x01, 0x00, 0x07, 0x13, 0x00, 0x00
	.byte 0x08, 0x13, 0x01, 0x00, 0x09, 0x13, 0x00, 0x00, 0x0A, 0x13, 0x01, 0x00, 0x0B, 0x13, 0x00, 0x00
	.byte 0x0C, 0x13, 0x01, 0x00, 0x0D, 0x13, 0x00, 0x00, 0x0E, 0x13, 0x01, 0x00, 0x0F, 0x13, 0x00, 0x00
	.byte 0x10, 0x13, 0x01, 0x00, 0x11, 0x13, 0x00, 0x00, 0x12, 0x13, 0x01, 0x00, 0x13, 0x13, 0x00, 0x00
	.byte 0x14, 0x13, 0x01, 0x00, 0x15, 0x13, 0x00, 0x00, 0x16, 0x13, 0x01, 0x00, 0x17, 0x13, 0x00, 0x00
	.byte 0x18, 0x13, 0x01, 0x00, 0x19, 0x13, 0x00, 0x00, 0x1A, 0x13, 0x01, 0x00, 0x1B, 0x13, 0x00, 0x00
	.byte 0x1C, 0x13, 0x01, 0x00, 0x1D, 0x13, 0x00, 0x00, 0x1E, 0x13, 0x01, 0x00, 0x1F, 0x13, 0x00, 0x00
	.byte 0x00, 0x14, 0x00, 0x00, 0x01, 0x14, 0x01, 0x00, 0x02, 0x14, 0x00, 0x00, 0x03, 0x14, 0x01, 0x00
	.byte 0x04, 0x14, 0x00, 0x00, 0x05, 0x14, 0x01, 0x00, 0x06, 0x14, 0x00, 0x00, 0x07, 0x14, 0x01, 0x00
	.byte 0x08, 0x14, 0x00, 0x00, 0x09, 0x14, 0x01, 0x00, 0x0A, 0x14, 0x00, 0x00, 0x0B, 0x14, 0x01, 0x00
	.byte 0x0C, 0x14, 0x00, 0x00, 0x0D, 0x14, 0x01, 0x00, 0x0E, 0x14, 0x00, 0x00, 0x0F, 0x14, 0x01, 0x00
	.byte 0x10, 0x14, 0x00, 0x00, 0x11, 0x14, 0x01, 0x00, 0x12, 0x14, 0x00, 0x00, 0x13, 0x14, 0x01, 0x00
	.byte 0x14, 0x14, 0x00, 0x00, 0x15, 0x14, 0x01, 0x00, 0x16, 0x14, 0x00, 0x00, 0x17, 0x14, 0x01, 0x00
	.byte 0x18, 0x14, 0x00, 0x00, 0x19, 0x14, 0x01, 0x00, 0x1A, 0x14, 0x00, 0x00, 0x1B, 0x14, 0x01, 0x00
	.byte 0x1C, 0x14, 0x00, 0x00, 0x1D, 0x14, 0x01, 0x00, 0x1E, 0x14, 0x00, 0x00, 0x1F, 0x14, 0x01, 0x00
	.byte 0x00, 0x15, 0x01, 0x00, 0x01, 0x15, 0x00, 0x00, 0x02, 0x15, 0x01, 0x00, 0x03, 0x15, 0x00, 0x00
	.byte 0x04, 0x15, 0x01, 0x00, 0x05, 0x15, 0x00, 0x00, 0x06, 0x15, 0x01, 0x00, 0x07, 0x15, 0x00, 0x00
	.byte 0x08, 0x15, 0x01, 0x00, 0x09, 0x15, 0x00, 0x00, 0x0A, 0x15, 0x01, 0x00, 0x0B, 0x15, 0x00, 0x00
	.byte 0x0C, 0x15, 0x01, 0x00, 0x0D, 0x15, 0x00, 0x00, 0x0E, 0x15, 0x01, 0x00, 0x0F, 0x15, 0x00, 0x00
	.byte 0x10, 0x15, 0x01, 0x00, 0x11, 0x15, 0x00, 0x00, 0x12, 0x15, 0x01, 0x00, 0x13, 0x15, 0x00, 0x00
	.byte 0x14, 0x15, 0x01, 0x00, 0x15, 0x15, 0x00, 0x00, 0x16, 0x15, 0x01, 0x00, 0x17, 0x15, 0x00, 0x00
	.byte 0x18, 0x15, 0x01, 0x00, 0x19, 0x15, 0x00, 0x00, 0x1A, 0x15, 0x01, 0x00, 0x1B, 0x15, 0x00, 0x00
	.byte 0x1C, 0x15, 0x01, 0x00, 0x1D, 0x15, 0x00, 0x00, 0x1E, 0x15, 0x01, 0x00, 0x1F, 0x15, 0x00, 0x00
	.byte 0x00, 0x16, 0x00, 0x00, 0x01, 0x16, 0x01, 0x00, 0x02, 0x16, 0x00, 0x00, 0x03, 0x16, 0x01, 0x00
	.byte 0x04, 0x16, 0x00, 0x00, 0x05, 0x16, 0x01, 0x00, 0x06, 0x16, 0x00, 0x00, 0x07, 0x16, 0x01, 0x00
	.byte 0x08, 0x16, 0x00, 0x00, 0x09, 0x16, 0x01, 0x00, 0x0A, 0x16, 0x00, 0x00, 0x0B, 0x16, 0x01, 0x00
	.byte 0x0C, 0x16, 0x00, 0x00, 0x0D, 0x16, 0x01, 0x00, 0x0E, 0x16, 0x00, 0x00, 0x0F, 0x16, 0x01, 0x00
	.byte 0x10, 0x16, 0x00, 0x00, 0x11, 0x16, 0x01, 0x00, 0x12, 0x16, 0x00, 0x00, 0x13, 0x16, 0x01, 0x00
	.byte 0x14, 0x16, 0x00, 0x00, 0x15, 0x16, 0x01, 0x00, 0x16, 0x16, 0x00, 0x00, 0x17, 0x16, 0x01, 0x00
	.byte 0x18, 0x16, 0x00, 0x00, 0x19, 0x16, 0x01, 0x00, 0x1A, 0x16, 0x00, 0x00, 0x1B, 0x16, 0x01, 0x00
	.byte 0x1C, 0x16, 0x00, 0x00, 0x1D, 0x16, 0x01, 0x00, 0x1E, 0x16, 0x00, 0x00, 0x1F, 0x16, 0x01, 0x00
	.byte 0x00, 0x17, 0x01, 0x00, 0x01, 0x17, 0x00, 0x00, 0x02, 0x17, 0x01, 0x00, 0x03, 0x17, 0x00, 0x00
	.byte 0x04, 0x17, 0x01, 0x00, 0x05, 0x17, 0x00, 0x00, 0x06, 0x17, 0x01, 0x00, 0x07, 0x17, 0x00, 0x00
	.byte 0x08, 0x17, 0x01, 0x00, 0x09, 0x17, 0x00, 0x00, 0x0A, 0x17, 0x01, 0x00, 0x0B, 0x17, 0x00, 0x00
	.byte 0x0C, 0x17, 0x01, 0x00, 0x0D, 0x17, 0x00, 0x00, 0x0E, 0x17, 0x01, 0x00, 0x0F, 0x17, 0x00, 0x00
	.byte 0x10, 0x17, 0x01, 0x00, 0x11, 0x17, 0x00, 0x00, 0x12, 0x17, 0x01, 0x00, 0x13, 0x17, 0x00, 0x00
	.byte 0x14, 0x17, 0x01, 0x00, 0x15, 0x17, 0x00, 0x00, 0x16, 0x17, 0x01, 0x00, 0x17, 0x17, 0x00, 0x00
	.byte 0x18, 0x17, 0x01, 0x00, 0x19, 0x17, 0x00, 0x00, 0x1A, 0x17, 0x01, 0x00, 0x1B, 0x17, 0x00, 0x00
	.byte 0x1C, 0x17, 0x01, 0x00, 0x1D, 0x17, 0x00, 0x00, 0x1E, 0x17, 0x01, 0x00, 0x1F, 0x17, 0x00, 0x00
	.byte 0x00, 0x18, 0x00, 0x00, 0x01, 0x18, 0x01, 0x00, 0x02, 0x18, 0x00, 0x00, 0x03, 0x18, 0x01, 0x00
	.byte 0x04, 0x18, 0x00, 0x00, 0x05, 0x18, 0x01, 0x00, 0x06, 0x18, 0x00, 0x00, 0x07, 0x18, 0x01, 0x00
	.byte 0x08, 0x18, 0x00, 0x00, 0x09, 0x18, 0x01, 0x00, 0x0A, 0x18, 0x00, 0x00, 0x0B, 0x18, 0x01, 0x00
	.byte 0x0C, 0x18, 0x00, 0x00, 0x0D, 0x18, 0x01, 0x00, 0x0E, 0x18, 0x00, 0x00, 0x0F, 0x18, 0x01, 0x00
	.byte 0x10, 0x18, 0x00, 0x00, 0x11, 0x18, 0x01, 0x00, 0x12, 0x18, 0x00, 0x00, 0x13, 0x18, 0x01, 0x00
	.byte 0x14, 0x18, 0x00, 0x00, 0x15, 0x18, 0x01, 0x00, 0x16, 0x18, 0x00, 0x00, 0x17, 0x18, 0x01, 0x00
	.byte 0x18, 0x18, 0x00, 0x00, 0x19, 0x18, 0x01, 0x00, 0x1A, 0x18, 0x00, 0x00, 0x1B, 0x18, 0x01, 0x00
	.byte 0x1C, 0x18, 0x00, 0x00, 0x1D, 0x18, 0x01, 0x00, 0x1E, 0x18, 0x00, 0x00, 0x1F, 0x18, 0x01, 0x00
	.byte 0x00, 0x19, 0x01, 0x00, 0x01, 0x19, 0x00, 0x00, 0x02, 0x19, 0x01, 0x00, 0x03, 0x19, 0x00, 0x00
	.byte 0x04, 0x19, 0x01, 0x00, 0x05, 0x19, 0x00, 0x00, 0x06, 0x19, 0x01, 0x00, 0x07, 0x19, 0x00, 0x00
	.byte 0x08, 0x19, 0x01, 0x00, 0x09, 0x19, 0x00, 0x00, 0x0A, 0x19, 0x01, 0x00, 0x0B, 0x19, 0x00, 0x00
	.byte 0x0C, 0x19, 0x01, 0x00, 0x0D, 0x19, 0x00, 0x00, 0x0E, 0x19, 0x01, 0x00, 0x0F, 0x19, 0x00, 0x00
	.byte 0x10, 0x19, 0x01, 0x00, 0x11, 0x19, 0x00, 0x00, 0x12, 0x19, 0x01, 0x00, 0x13, 0x19, 0x00, 0x00
	.byte 0x14, 0x19, 0x01, 0x00, 0x15, 0x19, 0x00, 0x00, 0x16, 0x19, 0x01, 0x00, 0x17, 0x19, 0x00, 0x00
	.byte 0x18, 0x19, 0x01, 0x00, 0x19, 0x19, 0x00, 0x00, 0x1A, 0x19, 0x01, 0x00, 0x1B, 0x19, 0x00, 0x00
	.byte 0x1C, 0x19, 0x01, 0x00, 0x1D, 0x19, 0x00, 0x00, 0x1E, 0x19, 0x01, 0x00, 0x1F, 0x19, 0x00, 0x00
	.byte 0x00, 0x1A, 0x00, 0x00, 0x01, 0x1A, 0x01, 0x00, 0x02, 0x1A, 0x00, 0x00, 0x03, 0x1A, 0x01, 0x00
	.byte 0x04, 0x1A, 0x00, 0x00, 0x05, 0x1A, 0x01, 0x00, 0x06, 0x1A, 0x00, 0x00, 0x07, 0x1A, 0x01, 0x00
	.byte 0x08, 0x1A, 0x00, 0x00, 0x09, 0x1A, 0x01, 0x00, 0x0A, 0x1A, 0x00, 0x00, 0x0B, 0x1A, 0x01, 0x00
	.byte 0x0C, 0x1A, 0x00, 0x00, 0x0D, 0x1A, 0x01, 0x00, 0x0E, 0x1A, 0x00, 0x00, 0x0F, 0x1A, 0x01, 0x00
	.byte 0x10, 0x1A, 0x00, 0x00, 0x11, 0x1A, 0x01, 0x00, 0x12, 0x1A, 0x00, 0x00, 0x13, 0x1A, 0x01, 0x00
	.byte 0x14, 0x1A, 0x00, 0x00, 0x15, 0x1A, 0x01, 0x00, 0x16, 0x1A, 0x00, 0x00, 0x17, 0x1A, 0x01, 0x00
	.byte 0x18, 0x1A, 0x00, 0x00, 0x19, 0x1A, 0x01, 0x00, 0x1A, 0x1A, 0x00, 0x00, 0x1B, 0x1A, 0x01, 0x00
	.byte 0x1C, 0x1A, 0x00, 0x00, 0x1D, 0x1A, 0x01, 0x00, 0x1E, 0x1A, 0x00, 0x00, 0x1F, 0x1A, 0x01, 0x00
	.byte 0x00, 0x1B, 0x01, 0x00, 0x01, 0x1B, 0x00, 0x00, 0x02, 0x1B, 0x01, 0x00, 0x03, 0x1B, 0x00, 0x00
	.byte 0x04, 0x1B, 0x01, 0x00, 0x05, 0x1B, 0x00, 0x00, 0x06, 0x1B, 0x01, 0x00, 0x07, 0x1B, 0x00, 0x00
	.byte 0x08, 0x1B, 0x01, 0x00, 0x09, 0x1B, 0x00, 0x00, 0x0A, 0x1B, 0x01, 0x00, 0x0B, 0x1B, 0x00, 0x00
	.byte 0x0C, 0x1B, 0x01, 0x00, 0x0D, 0x1B, 0x00, 0x00, 0x0E, 0x1B, 0x01, 0x00, 0x0F, 0x1B, 0x00, 0x00
	.byte 0x10, 0x1B, 0x01, 0x00, 0x11, 0x1B, 0x00, 0x00, 0x12, 0x1B, 0x01, 0x00, 0x13, 0x1B, 0x00, 0x00
	.byte 0x14, 0x1B, 0x01, 0x00, 0x15, 0x1B, 0x00, 0x00, 0x16, 0x1B, 0x01, 0x00, 0x17, 0x1B, 0x00, 0x00
	.byte 0x18, 0x1B, 0x01, 0x00, 0x19, 0x1B, 0x00, 0x00, 0x1A, 0x1B, 0x01, 0x00, 0x1B, 0x1B, 0x00, 0x00
	.byte 0x1C, 0x1B, 0x01, 0x00, 0x1D, 0x1B, 0x00, 0x00, 0x1E, 0x1B, 0x01, 0x00, 0x1F, 0x1B, 0x00, 0x00
	.byte 0x00, 0x1C, 0x00, 0x00, 0x01, 0x1C, 0x01, 0x00, 0x02, 0x1C, 0x00, 0x00, 0x03, 0x1C, 0x01, 0x00
	.byte 0x04, 0x1C, 0x00, 0x00, 0x05, 0x1C, 0x01, 0x00, 0x06, 0x1C, 0x00, 0x00, 0x07, 0x1C, 0x01, 0x00
	.byte 0x08, 0x1C, 0x00, 0x00, 0x09, 0x1C, 0x01, 0x00, 0x0A, 0x1C, 0x00, 0x00, 0x0B, 0x1C, 0x01, 0x00
	.byte 0x0C, 0x1C, 0x00, 0x00, 0x0D, 0x1C, 0x01, 0x00, 0x0E, 0x1C, 0x00, 0x00, 0x0F, 0x1C, 0x01, 0x00
	.byte 0x10, 0x1C, 0x00, 0x00, 0x11, 0x1C, 0x01, 0x00, 0x12, 0x1C, 0x00, 0x00, 0x13, 0x1C, 0x01, 0x00
	.byte 0x14, 0x1C, 0x00, 0x00, 0x15, 0x1C, 0x01, 0x00, 0x16, 0x1C, 0x00, 0x00, 0x17, 0x1C, 0x01, 0x00
	.byte 0x18, 0x1C, 0x00, 0x00, 0x19, 0x1C, 0x01, 0x00, 0x1A, 0x1C, 0x00, 0x00, 0x1B, 0x1C, 0x01, 0x00
	.byte 0x1C, 0x1C, 0x00, 0x00, 0x1D, 0x1C, 0x01, 0x00, 0x1E, 0x1C, 0x00, 0x00, 0x1F, 0x1C, 0x01, 0x00
	.byte 0x00, 0x1D, 0x01, 0x00, 0x01, 0x1D, 0x00, 0x00, 0x02, 0x1D, 0x01, 0x00, 0x03, 0x1D, 0x00, 0x00
	.byte 0x04, 0x1D, 0x01, 0x00, 0x05, 0x1D, 0x00, 0x00, 0x06, 0x1D, 0x01, 0x00, 0x07, 0x1D, 0x00, 0x00
	.byte 0x08, 0x1D, 0x01, 0x00, 0x09, 0x1D, 0x00, 0x00, 0x0A, 0x1D, 0x01, 0x00, 0x0B, 0x1D, 0x00, 0x00
	.byte 0x0C, 0x1D, 0x01, 0x00, 0x0D, 0x1D, 0x00, 0x00, 0x0E, 0x1D, 0x01, 0x00, 0x0F, 0x1D, 0x00, 0x00
	.byte 0x10, 0x1D, 0x01, 0x00, 0x11, 0x1D, 0x00, 0x00, 0x12, 0x1D, 0x01, 0x00, 0x13, 0x1D, 0x00, 0x00
	.byte 0x14, 0x1D, 0x01, 0x00, 0x15, 0x1D, 0x00, 0x00, 0x16, 0x1D, 0x01, 0x00, 0x17, 0x1D, 0x00, 0x00
	.byte 0x18, 0x1D, 0x01, 0x00, 0x19, 0x1D, 0x00, 0x00, 0x1A, 0x1D, 0x01, 0x00, 0x1B, 0x1D, 0x00, 0x00
	.byte 0x1C, 0x1D, 0x01, 0x00, 0x1D, 0x1D, 0x00, 0x00, 0x1E, 0x1D, 0x01, 0x00, 0x1F, 0x1D, 0x00, 0x00
	.byte 0x00, 0x1E, 0x00, 0x00, 0x01, 0x1E, 0x01, 0x00, 0x02, 0x1E, 0x00, 0x00, 0x03, 0x1E, 0x01, 0x00
	.byte 0x04, 0x1E, 0x00, 0x00, 0x05, 0x1E, 0x01, 0x00, 0x06, 0x1E, 0x00, 0x00, 0x07, 0x1E, 0x01, 0x00
	.byte 0x08, 0x1E, 0x00, 0x00, 0x09, 0x1E, 0x01, 0x00, 0x0A, 0x1E, 0x00, 0x00, 0x0B, 0x1E, 0x01, 0x00
	.byte 0x0C, 0x1E, 0x00, 0x00, 0x0D, 0x1E, 0x01, 0x00, 0x0E, 0x1E, 0x00, 0x00, 0x0F, 0x1E, 0x01, 0x00
	.byte 0x10, 0x1E, 0x00, 0x00, 0x11, 0x1E, 0x01, 0x00, 0x12, 0x1E, 0x00, 0x00, 0x13, 0x1E, 0x01, 0x00
	.byte 0x14, 0x1E, 0x00, 0x00, 0x15, 0x1E, 0x01, 0x00, 0x16, 0x1E, 0x00, 0x00, 0x17, 0x1E, 0x01, 0x00
	.byte 0x18, 0x1E, 0x00, 0x00, 0x19, 0x1E, 0x01, 0x00, 0x1A, 0x1E, 0x00, 0x00, 0x1B, 0x1E, 0x01, 0x00
	.byte 0x1C, 0x1E, 0x00, 0x00, 0x1D, 0x1E, 0x01, 0x00, 0x1E, 0x1E, 0x00, 0x00, 0x1F, 0x1E, 0x01, 0x00
	.byte 0x00, 0x1F, 0x01, 0x00, 0x01, 0x1F, 0x00, 0x00, 0x02, 0x1F, 0x01, 0x00, 0x03, 0x1F, 0x00, 0x00
	.byte 0x04, 0x1F, 0x01, 0x00, 0x05, 0x1F, 0x00, 0x00, 0x06, 0x1F, 0x01, 0x00, 0x07, 0x1F, 0x00, 0x00
	.byte 0x08, 0x1F, 0x01, 0x00, 0x09, 0x1F, 0x00, 0x00, 0x0A, 0x1F, 0x01, 0x00, 0x0B, 0x1F, 0x00, 0x00
	.byte 0x0C, 0x1F, 0x01, 0x00, 0x0D, 0x1F, 0x00, 0x00, 0x0E, 0x1F, 0x01, 0x00, 0x0F, 0x1F, 0x00, 0x00
	.byte 0x10, 0x1F, 0x01, 0x00, 0x11, 0x1F, 0x00, 0x00, 0x12, 0x1F, 0x01, 0x00, 0x13, 0x1F, 0x00, 0x00
	.byte 0x14, 0x1F, 0x01, 0x00, 0x15, 0x1F, 0x00, 0x00, 0x16, 0x1F, 0x01, 0x00, 0x17, 0x1F, 0x00, 0x00
	.byte 0x18, 0x1F, 0x01, 0x00, 0x19, 0x1F, 0x00, 0x00, 0x1A, 0x1F, 0x01, 0x00, 0x1B, 0x1F, 0x00, 0x00
	.byte 0x1C, 0x1F, 0x01, 0x00, 0x1D, 0x1F, 0x00, 0x00, 0x1E, 0x1F, 0x01, 0x00, 0x1F, 0x1F, 0x00, 0x00
	.byte 0xE0, 0x83, 0x00, 0x00, 0xFF, 0x83, 0x00, 0x00, 0x00, 0x00, 0x00, 0x00, 0x00, 0x00, 0x00, 0x00
	.byte 0x00, 0x00, 0x00, 0x00, 0x00, 0x00, 0x00, 0x00, 0x3F, 0xC5, 0x1F, 0x6B, 0x13, 0x00, 0x1F, 0x00
	.byte 0x00, 0x00, 0x00, 0x00, 0x00, 0x00, 0x00, 0x00, 0xE0, 0xEE, 0xEE, 0xEE, 0xEE, 0xFF, 0xFF, 0xFF
	.byte 0xFE, 0xEF, 0xEE, 0xEE, 0xFE, 0xEE, 0x22, 0x22, 0xFE, 0x2E, 0x22, 0x22, 0xFE, 0x2E, 0x22, 0x22
	.byte 0x00, 0x00, 0x00, 0x00, 0x00, 0x00, 0x00, 0x00, 0xEE, 0xEE, 0xEE, 0xEE, 0xFF, 0xFF, 0xFF, 0xFF
	.byte 0xEE, 0xEE, 0xEE, 0xEE, 0x22, 0x22, 0x22, 0x22, 0x22, 0x22, 0x22, 0x22, 0x22, 0x22, 0x22, 0x22
	.byte 0x00, 0x00, 0x00, 0x00, 0x00, 0x00, 0x00, 0x00, 0xEE, 0xEE, 0xEE, 0xEE, 0xFF, 0xFF, 0xFF, 0xFF
	.byte 0xEE, 0xEE, 0xEE, 0xEE, 0x22, 0x22, 0x22, 0x22, 0x22, 0x22, 0x22, 0x22, 0x22, 0x22, 0x22, 0x22
	.byte 0x00, 0x00, 0x00, 0x00, 0x00, 0x00, 0x00, 0x00, 0xEE, 0xEE, 0xEE, 0xEE, 0xFF, 0xFF, 0xFF, 0xFF
	.byte 0xEE, 0xEE, 0xEE, 0xEE, 0x22, 0x22, 0x22, 0x22, 0x22, 0x22, 0x22, 0x22, 0x22, 0x22, 0x22, 0x22
	.byte 0x00, 0x00, 0x00, 0x00, 0x00, 0x00, 0x00, 0x00, 0xEE, 0xEE, 0xEE, 0xEE, 0xFF, 0xFF, 0xFF, 0xFF
	.byte 0xEE, 0xEE, 0xEE, 0xEE, 0x22, 0x22, 0x22, 0x22, 0x22, 0x22, 0x22, 0x22, 0x22, 0x22, 0x22, 0x22
	.byte 0x00, 0x00, 0x00, 0x00, 0x00, 0x00, 0x00, 0x00, 0xEE, 0xEE, 0xEE, 0xEE, 0xFF, 0xFF, 0xFF, 0xFF
	.byte 0xEE, 0xEE, 0xEE, 0xEE, 0x22, 0x22, 0x22, 0x22, 0x22, 0x22, 0x22, 0x22, 0x22, 0x22, 0x22, 0x22
	.byte 0x00, 0x00, 0x00, 0x00, 0x00, 0x00, 0x00, 0x00, 0xEE, 0xEE, 0xEE, 0xEE, 0xFF, 0xFF, 0xFF, 0xFF
	.byte 0xEE, 0xEE, 0xEE, 0xEE, 0x22, 0x22, 0x22, 0x22, 0x22, 0x22, 0x22, 0x22, 0x22, 0x22, 0x22, 0x22
	.byte 0x00, 0x00, 0x00, 0x00, 0x00, 0x00, 0x00, 0x00, 0xEE, 0xEE, 0xEE, 0xEE, 0xFF, 0xFF, 0xFF, 0xFF
	.byte 0xEE, 0xEE, 0xEE, 0xEE, 0x22, 0x22, 0x22, 0x22, 0x22, 0x22, 0x22, 0x22, 0x22, 0x22, 0x22, 0x22
	.byte 0x00, 0x00, 0x00, 0x00, 0x00, 0x00, 0x00, 0x00, 0xEE, 0xEE, 0xEE, 0xEE, 0xFF, 0xFF, 0xFF, 0xFF
	.byte 0xEE, 0xEE, 0xEE, 0xEE, 0x22, 0x22, 0x22, 0x22, 0x22, 0x22, 0x22, 0x22, 0x22, 0x22, 0x22, 0x22
	.byte 0x00, 0x00, 0x00, 0x00, 0x00, 0x00, 0x00, 0x00, 0xEE, 0xEE, 0x0E, 0x00, 0xFF, 0xFF, 0xEE, 0x00
	.byte 0xEE, 0xFE, 0xEF, 0x00, 0x22, 0xEE, 0xEF, 0x00, 0x22, 0xE2, 0xEF, 0x00, 0x22, 0xE2, 0xEF, 0x00
	.byte 0x00, 0x00, 0x00, 0x00, 0x00, 0x00, 0x00, 0x00, 0x00, 0x00, 0x00, 0x00, 0x00, 0x00, 0x00, 0x00
	.byte 0x00, 0x00, 0x00, 0x00, 0x00, 0x00, 0x00, 0x00, 0x00, 0x00, 0x00, 0x00, 0x00, 0x00, 0x00, 0x00
	.byte 0x00, 0x00, 0x00, 0x00, 0x00, 0x00, 0x00, 0x00, 0x00, 0x00, 0x00, 0x00, 0x00, 0x00, 0x00, 0x00
	.byte 0x00, 0x00, 0x00, 0x00, 0x00, 0x00, 0x00, 0x00, 0x00, 0x00, 0x00, 0x00, 0x00, 0x00, 0x00, 0x00
	.byte 0x00, 0x00, 0x00, 0x00, 0x00, 0x00, 0x00, 0x00, 0x00, 0x00, 0x00, 0x00, 0x00, 0x00, 0x00, 0x00
	.byte 0x00, 0x00, 0x00, 0x00, 0x00, 0x00, 0x00, 0x00, 0x00, 0x00, 0x00, 0x00, 0x00, 0x00, 0x00, 0x00
	.byte 0x00, 0x00, 0x00, 0x00, 0x00, 0x00, 0x00, 0x00, 0x00, 0x00, 0x00, 0x00, 0x00, 0x00, 0x00, 0x00
	.byte 0x00, 0x00, 0x00, 0x00, 0x00, 0x00, 0x00, 0x00, 0x00, 0x00, 0x00, 0x00, 0x00, 0x00, 0x00, 0x00
	.byte 0x00, 0x00, 0x00, 0x00, 0x00, 0x00, 0x00, 0x00, 0x00, 0x00, 0x00, 0x00, 0x00, 0x00, 0x00, 0x00
	.byte 0x00, 0x00, 0x00, 0x00, 0x00, 0x00, 0x00, 0x00, 0x00, 0x00, 0x00, 0x00, 0x00, 0x00, 0x00, 0x00
	.byte 0x00, 0x00, 0x00, 0x00, 0x00, 0x00, 0x00, 0x00, 0x00, 0x00, 0x00, 0x00, 0x00, 0x00, 0x00, 0x00
	.byte 0x00, 0x00, 0x00, 0x00, 0x00, 0x00, 0x00, 0x00, 0x00, 0x00, 0x00, 0x00, 0x00, 0x00, 0x00, 0x00
	.byte 0x00, 0x00, 0x00, 0x00, 0x00, 0x00, 0x00, 0x00, 0x00, 0x00, 0x00, 0x00, 0x00, 0x00, 0x00, 0x00
	.byte 0x00, 0x00, 0x00, 0x00, 0x00, 0x00, 0x00, 0x00, 0x00, 0x00, 0x00, 0x00, 0x00, 0x00, 0x00, 0x00
	.byte 0x00, 0x00, 0x00, 0x00, 0x00, 0x00, 0x00, 0x00, 0x00, 0x00, 0x00, 0x00, 0x00, 0x00, 0x00, 0x00
	.byte 0x00, 0x00, 0x00, 0x00, 0x00, 0x00, 0x00, 0x00, 0x00, 0x00, 0x00, 0x00, 0x00, 0x00, 0x00, 0x00
	.byte 0x00, 0x00, 0x00, 0x00, 0x00, 0x00, 0x00, 0x00, 0x00, 0x00, 0x00, 0x00, 0x00, 0x00, 0x00, 0x00
	.byte 0x00, 0x00, 0x00, 0x00, 0x00, 0x00, 0x00, 0x00, 0x00, 0x00, 0x00, 0x00, 0x00, 0x00, 0x00, 0x00
	.byte 0x00, 0x00, 0x00, 0x00, 0x00, 0x00, 0x00, 0x00, 0x00, 0x00, 0x00, 0x00, 0x00, 0x00, 0x00, 0x00
	.byte 0x00, 0x00, 0x00, 0x00, 0x00, 0x00, 0x00, 0x00, 0x00, 0x00, 0x00, 0x00, 0x00, 0x00, 0x00, 0x00
	.byte 0x00, 0x00, 0x00, 0x00, 0x00, 0x00, 0x00, 0x00, 0x00, 0x00, 0x00, 0x00, 0x00, 0x00, 0x00, 0x00
	.byte 0x00, 0x00, 0x00, 0x00, 0x00, 0x00, 0x00, 0x00, 0x00, 0x00, 0x00, 0x00, 0x00, 0x00, 0x00, 0x00
	.byte 0x00, 0x00, 0x00, 0x00, 0x00, 0x00, 0x00, 0x00, 0x00, 0x00, 0x00, 0x00, 0x00, 0x00, 0x00, 0x00
	.byte 0x00, 0x00, 0x00, 0x00, 0x00, 0x00, 0x00, 0x00, 0x00, 0x00, 0x00, 0x00, 0x00, 0x00, 0x00, 0x00
	.byte 0x00, 0x00, 0x00, 0x00, 0x00, 0x00, 0x00, 0x00, 0x00, 0x00, 0x00, 0x00, 0x00, 0x00, 0x00, 0x00
	.byte 0x00, 0x00, 0x00, 0x00, 0x00, 0x00, 0x00, 0x00, 0x00, 0x00, 0x00, 0x00, 0x00, 0x00, 0x00, 0x00
	.byte 0x00, 0x00, 0x00, 0x00, 0x00, 0x00, 0x00, 0x00, 0x00, 0x00, 0x00, 0x00, 0x00, 0x00, 0x00, 0x00
	.byte 0x00, 0x00, 0x00, 0x00, 0x00, 0x00, 0x00, 0x00, 0x00, 0x00, 0x00, 0x00, 0x00, 0x00, 0x00, 0x00
	.byte 0x00, 0x00, 0x00, 0x00, 0x00, 0x00, 0x00, 0x00, 0x00, 0x00, 0x00, 0x00, 0x00, 0x00, 0x00, 0x00
	.byte 0x00, 0x00, 0x00, 0x00, 0x00, 0x00, 0x00, 0x00, 0x00, 0x00, 0x00, 0x00, 0x00, 0x00, 0x00, 0x00
	.byte 0x00, 0x00, 0x00, 0x00, 0x00, 0x00, 0x00, 0x00, 0x00, 0x00, 0x00, 0x00, 0x00, 0x00, 0x00, 0x00
	.byte 0x00, 0x00, 0x00, 0x00, 0x00, 0x00, 0x00, 0x00, 0x00, 0x00, 0x00, 0x00, 0x00, 0x00, 0x00, 0x00
	.byte 0x00, 0x00, 0x00, 0x00, 0x00, 0x00, 0x00, 0x00, 0x00, 0x00, 0x00, 0x00, 0x00, 0x00, 0x00, 0x00
	.byte 0x00, 0x00, 0x00, 0x00, 0x00, 0x00, 0x00, 0x00, 0x00, 0x00, 0x00, 0x00, 0x00, 0x00, 0x00, 0x00
	.byte 0x00, 0x00, 0x00, 0x00, 0x00, 0x00, 0x00, 0x00, 0x00, 0x00, 0x00, 0x00, 0x00, 0x00, 0x00, 0x00
	.byte 0x00, 0x00, 0x00, 0x00, 0x00, 0x00, 0x00, 0x00, 0x00, 0x00, 0x00, 0x00, 0x00, 0x00, 0x00, 0x00
	.byte 0x00, 0x00, 0x00, 0x00, 0x00, 0x00, 0x00, 0x00, 0x00, 0x00, 0x00, 0x00, 0x00, 0x00, 0x00, 0x00
	.byte 0x00, 0x00, 0x00, 0x00, 0x00, 0x00, 0x00, 0x00, 0x00, 0x00, 0x00, 0x00, 0x00, 0x00, 0x00, 0x00
	.byte 0x00, 0x00, 0x00, 0x00, 0x00, 0x00, 0x00, 0x00, 0x00, 0x00, 0x00, 0x00, 0x00, 0x00, 0x00, 0x00
	.byte 0x00, 0x00, 0x00, 0x00, 0x00, 0x00, 0x00, 0x00, 0x00, 0x00, 0x00, 0x00, 0x00, 0x00, 0x00, 0x00
	.byte 0x00, 0x00, 0x00, 0x00, 0x00, 0x00, 0x00, 0x00, 0x00, 0x00, 0x00, 0x00, 0x00, 0x00, 0x00, 0x00
	.byte 0x00, 0x00, 0x00, 0x00, 0x00, 0x00, 0x00, 0x00, 0x00, 0x00, 0x00, 0x00, 0x00, 0x00, 0x00, 0x00
	.byte 0x00, 0x00, 0x00, 0x00, 0x00, 0x00, 0x00, 0x00, 0x00, 0x00, 0x00, 0x00, 0x00, 0x00, 0x00, 0x00
	.byte 0x00, 0x00, 0x00, 0x00, 0x00, 0x00, 0x00, 0x00, 0x00, 0x00, 0x00, 0x00, 0x00, 0x00, 0x00, 0x00
	.byte 0xFE, 0x2E, 0x22, 0x22, 0xFE, 0x2E, 0x22, 0x22, 0xFE, 0x2E, 0x22, 0x22, 0xFE, 0x2E, 0x22, 0x22
	.byte 0xFE, 0x2E, 0x22, 0x22, 0xFE, 0x2E, 0x22, 0x22, 0xFE, 0x2E, 0x22, 0x22, 0xFE, 0x2E, 0x22, 0x22
	.byte 0x22, 0x22, 0x22, 0x22, 0x22, 0x22, 0x22, 0x22, 0x22, 0x22, 0x22, 0x22, 0x22, 0x22, 0x22, 0x22
	.byte 0x22, 0x22, 0x22, 0x22, 0x22, 0x22, 0x22, 0x22, 0x22, 0x22, 0x22, 0x22, 0x22, 0x22, 0x22, 0x22
	.byte 0x22, 0x22, 0x22, 0x22, 0x22, 0x22, 0x22, 0x22, 0x22, 0x22, 0x22, 0x22, 0x22, 0x22, 0x22, 0x22
	.byte 0x22, 0x22, 0x22, 0x22, 0x22, 0x22, 0x22, 0x22, 0x22, 0x22, 0x22, 0x22, 0x22, 0x22, 0x22, 0x22
	.byte 0x22, 0x22, 0x22, 0x22, 0x22, 0x22, 0x22, 0x22, 0x22, 0x22, 0x22, 0x22, 0x22, 0x22, 0x22, 0x22
	.byte 0x22, 0x22, 0x22, 0x22, 0x22, 0x22, 0x22, 0x22, 0x22, 0x22, 0x22, 0x22, 0x22, 0x22, 0x22, 0x22
	.byte 0x22, 0x22, 0x22, 0x22, 0x22, 0x22, 0x22, 0x22, 0x22, 0x22, 0x22, 0x22, 0x22, 0x22, 0x22, 0x22
	.byte 0x22, 0x22, 0x22, 0x22, 0x22, 0x22, 0x22, 0x22, 0x22, 0x22, 0x22, 0x22, 0x22, 0x22, 0x22, 0x22
	.byte 0x22, 0x22, 0x22, 0x22, 0x22, 0x22, 0x22, 0x22, 0x22, 0x22, 0x22, 0x22, 0x22, 0x22, 0x22, 0x22
	.byte 0x22, 0x22, 0x22, 0x22, 0x22, 0x22, 0x22, 0x22, 0x22, 0x22, 0x22, 0x22, 0x22, 0x22, 0x22, 0x22
	.byte 0x22, 0x22, 0x22, 0x22, 0x22, 0x22, 0x22, 0x22, 0x22, 0x22, 0x22, 0x22, 0x22, 0x22, 0x22, 0x22
	.byte 0x22, 0x22, 0x22, 0x22, 0x22, 0x22, 0x22, 0x22, 0x22, 0x22, 0x22, 0x22, 0x22, 0x22, 0x22, 0x22
	.byte 0x22, 0x22, 0x22, 0x22, 0x22, 0x22, 0x22, 0x22, 0x22, 0x22, 0x22, 0x22, 0x22, 0x22, 0x22, 0x22
	.byte 0x22, 0x22, 0x22, 0x22, 0x22, 0x22, 0x22, 0x22, 0x22, 0x22, 0x22, 0x22, 0x22, 0x22, 0x22, 0x22
	.byte 0x22, 0x22, 0x22, 0x22, 0x22, 0x22, 0x22, 0x22, 0x22, 0x22, 0x22, 0x22, 0x22, 0x22, 0x22, 0x22
	.byte 0x22, 0x22, 0x22, 0x22, 0x22, 0x22, 0x22, 0x22, 0x22, 0x22, 0x22, 0x22, 0x22, 0x22, 0x22, 0x22
	.byte 0x22, 0xE2, 0xEF, 0x00, 0x22, 0xE2, 0xEF, 0x00, 0x22, 0xE2, 0xEF, 0x00, 0x22, 0xE2, 0xEF, 0x00
	.byte 0x22, 0xE2, 0xEF, 0x00, 0x22, 0xE2, 0xEF, 0x00, 0x22, 0xE2, 0xEF, 0x00, 0x22, 0xE2, 0xEF, 0x00
	.byte 0x00, 0x00, 0x00, 0x00, 0x00, 0x00, 0x00, 0x00, 0x00, 0x00, 0x00, 0x00, 0x00, 0x00, 0x00, 0x00
	.byte 0x00, 0x00, 0x00, 0x00, 0x00, 0x00, 0x00, 0x00, 0x00, 0x00, 0x00, 0x00, 0x00, 0x00, 0x00, 0x00
	.byte 0x00, 0x00, 0x00, 0x00, 0x00, 0x00, 0x00, 0x00, 0x00, 0x00, 0x00, 0x00, 0x00, 0x00, 0x00, 0x00
	.byte 0x00, 0x00, 0x00, 0x00, 0x00, 0x00, 0x00, 0x00, 0x00, 0x00, 0x00, 0x00, 0x00, 0x00, 0x00, 0x00
	.byte 0x00, 0x00, 0x00, 0x00, 0x00, 0x00, 0x00, 0x00, 0x00, 0x00, 0x00, 0x00, 0x00, 0x00, 0x00, 0x00
	.byte 0x00, 0x00, 0x00, 0x00, 0x00, 0x00, 0x00, 0x00, 0x00, 0x00, 0x00, 0x00, 0x00, 0x00, 0x00, 0x00
	.byte 0x00, 0x00, 0x00, 0x00, 0x00, 0x00, 0x00, 0x00, 0x00, 0x00, 0x00, 0x00, 0x00, 0x00, 0x00, 0x00
	.byte 0x00, 0x00, 0x00, 0x00, 0x00, 0x00, 0x00, 0x00, 0x00, 0x00, 0x00, 0x00, 0x00, 0x00, 0x00, 0x00
	.byte 0x00, 0x00, 0x00, 0x00, 0x00, 0x00, 0x00, 0x00, 0x00, 0x00, 0x00, 0x00, 0x00, 0x00, 0x00, 0x00
	.byte 0x00, 0x00, 0x00, 0x00, 0x00, 0x00, 0x00, 0x00, 0x00, 0x00, 0x00, 0x00, 0x00, 0x00, 0x00, 0x00
	.byte 0x00, 0x00, 0x00, 0x00, 0x00, 0x00, 0x00, 0x00, 0x00, 0x00, 0x00, 0x00, 0x00, 0x00, 0x00, 0x00
	.byte 0x00, 0x00, 0x00, 0x00, 0x00, 0x00, 0x00, 0x00, 0x00, 0x00, 0x00, 0x00, 0x00, 0x00, 0x00, 0x00
	.byte 0x00, 0x00, 0x00, 0x00, 0x00, 0x00, 0x00, 0x00, 0x00, 0x00, 0x00, 0x00, 0x00, 0x00, 0x00, 0x00
	.byte 0x00, 0x00, 0x00, 0x00, 0x00, 0x00, 0x00, 0x00, 0x00, 0x00, 0x00, 0x00, 0x00, 0x00, 0x00, 0x00
	.byte 0x00, 0x00, 0x00, 0x00, 0x00, 0x00, 0x00, 0x00, 0x00, 0x00, 0x00, 0x00, 0x00, 0x00, 0x00, 0x00
	.byte 0x00, 0x00, 0x00, 0x00, 0x00, 0x00, 0x00, 0x00, 0x00, 0x00, 0x00, 0x00, 0x00, 0x00, 0x00, 0x00
	.byte 0x00, 0x00, 0x00, 0x00, 0x00, 0x00, 0x00, 0x00, 0x00, 0x00, 0x00, 0x00, 0x00, 0x00, 0x00, 0x00
	.byte 0x00, 0x00, 0x00, 0x00, 0x00, 0x00, 0x00, 0x00, 0x00, 0x00, 0x00, 0x00, 0x00, 0x00, 0x00, 0x00
	.byte 0x00, 0x00, 0x00, 0x00, 0x00, 0x00, 0x00, 0x00, 0x00, 0x00, 0x00, 0x00, 0x00, 0x00, 0x00, 0x00
	.byte 0x00, 0x00, 0x00, 0x00, 0x00, 0x00, 0x00, 0x00, 0x00, 0x00, 0x00, 0x00, 0x00, 0x00, 0x00, 0x00
	.byte 0x00, 0x00, 0x00, 0x00, 0x00, 0x00, 0x00, 0x00, 0x00, 0x00, 0x00, 0x00, 0x00, 0x00, 0x00, 0x00
	.byte 0x00, 0x00, 0x00, 0x00, 0x00, 0x00, 0x00, 0x00, 0x00, 0x00, 0x00, 0x00, 0x00, 0x00, 0x00, 0x00
	.byte 0x00, 0x00, 0x00, 0x00, 0x00, 0x00, 0x00, 0x00, 0x00, 0x00, 0x00, 0x00, 0x00, 0x00, 0x00, 0x00
	.byte 0x00, 0x00, 0x00, 0x00, 0x00, 0x00, 0x00, 0x00, 0x00, 0x00, 0x00, 0x00, 0x00, 0x00, 0x00, 0x00
	.byte 0x00, 0x00, 0x00, 0x00, 0x00, 0x00, 0x00, 0x00, 0x00, 0x00, 0x00, 0x00, 0x00, 0x00, 0x00, 0x00
	.byte 0x00, 0x00, 0x00, 0x00, 0x00, 0x00, 0x00, 0x00, 0x00, 0x00, 0x00, 0x00, 0x00, 0x00, 0x00, 0x00
	.byte 0x00, 0x00, 0x00, 0x00, 0x00, 0x00, 0x00, 0x00, 0x00, 0x00, 0x00, 0x00, 0x00, 0x00, 0x00, 0x00
	.byte 0x00, 0x00, 0x00, 0x00, 0x00, 0x00, 0x00, 0x00, 0x00, 0x00, 0x00, 0x00, 0x00, 0x00, 0x00, 0x00
	.byte 0x00, 0x00, 0x00, 0x00, 0x00, 0x00, 0x00, 0x00, 0x00, 0x00, 0x00, 0x00, 0x00, 0x00, 0x00, 0x00
	.byte 0x00, 0x00, 0x00, 0x00, 0x00, 0x00, 0x00, 0x00, 0x00, 0x00, 0x00, 0x00, 0x00, 0x00, 0x00, 0x00
	.byte 0x00, 0x00, 0x00, 0x00, 0x00, 0x00, 0x00, 0x00, 0x00, 0x00, 0x00, 0x00, 0x00, 0x00, 0x00, 0x00
	.byte 0x00, 0x00, 0x00, 0x00, 0x00, 0x00, 0x00, 0x00, 0x00, 0x00, 0x00, 0x00, 0x00, 0x00, 0x00, 0x00
	.byte 0x00, 0x00, 0x00, 0x00, 0x00, 0x00, 0x00, 0x00, 0x00, 0x00, 0x00, 0x00, 0x00, 0x00, 0x00, 0x00
	.byte 0x00, 0x00, 0x00, 0x00, 0x00, 0x00, 0x00, 0x00, 0x00, 0x00, 0x00, 0x00, 0x00, 0x00, 0x00, 0x00
	.byte 0x00, 0x00, 0x00, 0x00, 0x00, 0x00, 0x00, 0x00, 0x00, 0x00, 0x00, 0x00, 0x00, 0x00, 0x00, 0x00
	.byte 0x00, 0x00, 0x00, 0x00, 0x00, 0x00, 0x00, 0x00, 0x00, 0x00, 0x00, 0x00, 0x00, 0x00, 0x00, 0x00
	.byte 0x00, 0x00, 0x00, 0x00, 0x00, 0x00, 0x00, 0x00, 0x00, 0x00, 0x00, 0x00, 0x00, 0x00, 0x00, 0x00
	.byte 0x00, 0x00, 0x00, 0x00, 0x00, 0x00, 0x00, 0x00, 0x00, 0x00, 0x00, 0x00, 0x00, 0x00, 0x00, 0x00
	.byte 0x00, 0x00, 0x00, 0x00, 0x00, 0x00, 0x00, 0x00, 0x00, 0x00, 0x00, 0x00, 0x00, 0x00, 0x00, 0x00
	.byte 0x00, 0x00, 0x00, 0x00, 0x00, 0x00, 0x00, 0x00, 0x00, 0x00, 0x00, 0x00, 0x00, 0x00, 0x00, 0x00
	.byte 0x00, 0x00, 0x00, 0x00, 0x00, 0x00, 0x00, 0x00, 0x00, 0x00, 0x00, 0x00, 0x00, 0x00, 0x00, 0x00
	.byte 0x00, 0x00, 0x00, 0x00, 0x00, 0x00, 0x00, 0x00, 0x00, 0x00, 0x00, 0x00, 0x00, 0x00, 0x00, 0x00
	.byte 0x00, 0x00, 0x00, 0x00, 0x00, 0x00, 0x00, 0x00, 0x00, 0x00, 0x00, 0x00, 0x00, 0x00, 0x00, 0x00
	.byte 0x00, 0x00, 0x00, 0x00, 0x00, 0x00, 0x00, 0x00, 0x00, 0x00, 0x00, 0x00, 0x00, 0x00, 0x00, 0x00
	.byte 0xFE, 0x2E, 0x22, 0x22, 0xFE, 0x2E, 0x22, 0x22, 0xFE, 0x2E, 0x22, 0x22, 0xFE, 0x2E, 0x22, 0x22
	.byte 0xFE, 0x2E, 0x22, 0x22, 0xFE, 0x2E, 0x22, 0x22, 0xFE, 0x2E, 0x22, 0x22, 0xFE, 0x2E, 0x22, 0x22
	.byte 0x22, 0x22, 0x22, 0x22, 0x22, 0x22, 0x22, 0x22, 0x22, 0x22, 0x22, 0x22, 0x22, 0x22, 0x22, 0x22
	.byte 0x22, 0x22, 0x22, 0x22, 0x22, 0x22, 0x22, 0x22, 0x22, 0x22, 0x22, 0x22, 0x22, 0x22, 0x22, 0x22
	.byte 0x22, 0x22, 0x22, 0x22, 0x22, 0x22, 0x22, 0x22, 0x22, 0x22, 0x22, 0x22, 0x22, 0x22, 0x22, 0x22
	.byte 0x22, 0x22, 0x22, 0x22, 0x22, 0x22, 0x22, 0x22, 0x22, 0x22, 0x22, 0x22, 0x22, 0x22, 0x22, 0x22
	.byte 0x22, 0x22, 0x22, 0x22, 0x22, 0x22, 0x22, 0x22, 0x22, 0x22, 0x22, 0x22, 0x22, 0x22, 0x22, 0x22
	.byte 0x22, 0x22, 0x22, 0x22, 0x22, 0x22, 0x22, 0x22, 0x22, 0x22, 0x22, 0x22, 0x22, 0x22, 0x22, 0x22
	.byte 0x22, 0x22, 0x22, 0x22, 0x22, 0x22, 0x22, 0x22, 0x22, 0x22, 0x22, 0x22, 0x22, 0x22, 0x22, 0x22
	.byte 0x22, 0x22, 0x22, 0x22, 0x22, 0x22, 0x22, 0x22, 0x22, 0x22, 0x22, 0x22, 0x22, 0x22, 0x22, 0x22
	.byte 0x22, 0x22, 0x22, 0x22, 0x22, 0x22, 0x22, 0x22, 0x22, 0x22, 0x22, 0x22, 0x22, 0x22, 0x22, 0x22
	.byte 0x22, 0x22, 0x22, 0x22, 0x22, 0x22, 0x22, 0x22, 0x22, 0x22, 0x22, 0x22, 0x22, 0x22, 0x22, 0x22
	.byte 0x22, 0x22, 0x22, 0x22, 0x22, 0x22, 0x22, 0x22, 0x22, 0x22, 0x22, 0x22, 0x22, 0x22, 0x22, 0x22
	.byte 0x22, 0x22, 0x22, 0x22, 0x22, 0x22, 0x22, 0x22, 0x22, 0x22, 0x22, 0x22, 0x22, 0x22, 0x22, 0x22
	.byte 0x22, 0x22, 0x22, 0x22, 0x22, 0x22, 0x22, 0x22, 0x22, 0x22, 0x22, 0x22, 0x22, 0x22, 0x22, 0x22
	.byte 0x22, 0x22, 0x22, 0x22, 0x22, 0x22, 0x22, 0x22, 0x22, 0x22, 0x22, 0x22, 0x22, 0x22, 0x22, 0x22
	.byte 0x22, 0x22, 0x22, 0x22, 0x22, 0x22, 0x22, 0x22, 0x22, 0x22, 0x22, 0x22, 0x22, 0x22, 0x22, 0x22
	.byte 0x22, 0x22, 0x22, 0x22, 0x22, 0x22, 0x22, 0x22, 0x22, 0x22, 0x22, 0x22, 0x22, 0x22, 0x22, 0x22
	.byte 0x22, 0xE2, 0xEF, 0x00, 0x22, 0xE2, 0xEF, 0x00, 0x22, 0xE2, 0xEF, 0x00, 0x22, 0xE2, 0xEF, 0x00
	.byte 0x22, 0xE2, 0xEF, 0x00, 0x22, 0xE2, 0xEF, 0x00, 0x22, 0xE2, 0xEF, 0x00, 0x22, 0xE2, 0xEF, 0x00
	.byte 0x00, 0x00, 0x00, 0x00, 0x00, 0x00, 0x00, 0x00, 0x00, 0x00, 0x00, 0x00, 0x00, 0x00, 0x00, 0x00
	.byte 0x00, 0x00, 0x00, 0x00, 0x00, 0x00, 0x00, 0x00, 0x00, 0x00, 0x00, 0x00, 0x00, 0x00, 0x00, 0x00
	.byte 0x00, 0x00, 0x00, 0x00, 0x00, 0x00, 0x00, 0x00, 0x00, 0x00, 0x00, 0x00, 0x00, 0x00, 0x00, 0x00
	.byte 0x00, 0x00, 0x00, 0x00, 0x00, 0x00, 0x00, 0x00, 0x00, 0x00, 0x00, 0x00, 0x00, 0x00, 0x00, 0x00
	.byte 0x00, 0x00, 0x00, 0x00, 0x00, 0x00, 0x00, 0x00, 0x00, 0x00, 0x00, 0x00, 0x00, 0x00, 0x00, 0x00
	.byte 0x00, 0x00, 0x00, 0x00, 0x00, 0x00, 0x00, 0x00, 0x00, 0x00, 0x00, 0x00, 0x00, 0x00, 0x00, 0x00
	.byte 0x00, 0x00, 0x00, 0x00, 0x00, 0x00, 0x00, 0x00, 0x00, 0x00, 0x00, 0x00, 0x00, 0x00, 0x00, 0x00
	.byte 0x00, 0x00, 0x00, 0x00, 0x00, 0x00, 0x00, 0x00, 0x00, 0x00, 0x00, 0x00, 0x00, 0x00, 0x00, 0x00
	.byte 0x00, 0x00, 0x00, 0x00, 0x00, 0x00, 0x00, 0x00, 0x00, 0x00, 0x00, 0x00, 0x00, 0x00, 0x00, 0x00
	.byte 0x00, 0x00, 0x00, 0x00, 0x00, 0x00, 0x00, 0x00, 0x00, 0x00, 0x00, 0x00, 0x00, 0x00, 0x00, 0x00
	.byte 0x00, 0x00, 0x00, 0x00, 0x00, 0x00, 0x00, 0x00, 0x00, 0x00, 0x00, 0x00, 0x00, 0x00, 0x00, 0x00
	.byte 0x00, 0x00, 0x00, 0x00, 0x00, 0x00, 0x00, 0x00, 0x00, 0x00, 0x00, 0x00, 0x00, 0x00, 0x00, 0x00
	.byte 0x00, 0x00, 0x00, 0x00, 0x00, 0x00, 0x00, 0x00, 0x00, 0x00, 0x00, 0x00, 0x00, 0x00, 0x00, 0x00
	.byte 0x00, 0x00, 0x00, 0x00, 0x00, 0x00, 0x00, 0x00, 0x00, 0x00, 0x00, 0x00, 0x00, 0x00, 0x00, 0x00
	.byte 0x00, 0x00, 0x00, 0x00, 0x00, 0x00, 0x00, 0x00, 0x00, 0x00, 0x00, 0x00, 0x00, 0x00, 0x00, 0x00
	.byte 0x00, 0x00, 0x00, 0x00, 0x00, 0x00, 0x00, 0x00, 0x00, 0x00, 0x00, 0x00, 0x00, 0x00, 0x00, 0x00
	.byte 0x00, 0x00, 0x00, 0x00, 0x00, 0x00, 0x00, 0x00, 0x00, 0x00, 0x00, 0x00, 0x00, 0x00, 0x00, 0x00
	.byte 0x00, 0x00, 0x00, 0x00, 0x00, 0x00, 0x00, 0x00, 0x00, 0x00, 0x00, 0x00, 0x00, 0x00, 0x00, 0x00
	.byte 0x00, 0x00, 0x00, 0x00, 0x00, 0x00, 0x00, 0x00, 0x00, 0x00, 0x00, 0x00, 0x00, 0x00, 0x00, 0x00
	.byte 0x00, 0x00, 0x00, 0x00, 0x00, 0x00, 0x00, 0x00, 0x00, 0x00, 0x00, 0x00, 0x00, 0x00, 0x00, 0x00
	.byte 0x00, 0x00, 0x00, 0x00, 0x00, 0x00, 0x00, 0x00, 0x00, 0x00, 0x00, 0x00, 0x00, 0x00, 0x00, 0x00
	.byte 0x00, 0x00, 0x00, 0x00, 0x00, 0x00, 0x00, 0x00, 0x00, 0x00, 0x00, 0x00, 0x00, 0x00, 0x00, 0x00
	.byte 0x00, 0x00, 0x00, 0x00, 0x00, 0x00, 0x00, 0x00, 0x00, 0x00, 0x00, 0x00, 0x00, 0x00, 0x00, 0x00
	.byte 0x00, 0x00, 0x00, 0x00, 0x00, 0x00, 0x00, 0x00, 0x00, 0x00, 0x00, 0x00, 0x00, 0x00, 0x00, 0x00
	.byte 0x00, 0x00, 0x00, 0x00, 0x00, 0x00, 0x00, 0x00, 0x00, 0x00, 0x00, 0x00, 0x00, 0x00, 0x00, 0x00
	.byte 0x00, 0x00, 0x00, 0x00, 0x00, 0x00, 0x00, 0x00, 0x00, 0x00, 0x00, 0x00, 0x00, 0x00, 0x00, 0x00
	.byte 0x00, 0x00, 0x00, 0x00, 0x00, 0x00, 0x00, 0x00, 0x00, 0x00, 0x00, 0x00, 0x00, 0x00, 0x00, 0x00
	.byte 0x00, 0x00, 0x00, 0x00, 0x00, 0x00, 0x00, 0x00, 0x00, 0x00, 0x00, 0x00, 0x00, 0x00, 0x00, 0x00
	.byte 0x00, 0x00, 0x00, 0x00, 0x00, 0x00, 0x00, 0x00, 0x00, 0x00, 0x00, 0x00, 0x00, 0x00, 0x00, 0x00
	.byte 0x00, 0x00, 0x00, 0x00, 0x00, 0x00, 0x00, 0x00, 0x00, 0x00, 0x00, 0x00, 0x00, 0x00, 0x00, 0x00
	.byte 0x00, 0x00, 0x00, 0x00, 0x00, 0x00, 0x00, 0x00, 0x00, 0x00, 0x00, 0x00, 0x00, 0x00, 0x00, 0x00
	.byte 0x00, 0x00, 0x00, 0x00, 0x00, 0x00, 0x00, 0x00, 0x00, 0x00, 0x00, 0x00, 0x00, 0x00, 0x00, 0x00
	.byte 0x00, 0x00, 0x00, 0x00, 0x00, 0x00, 0x00, 0x00, 0x00, 0x00, 0x00, 0x00, 0x00, 0x00, 0x00, 0x00
	.byte 0x00, 0x00, 0x00, 0x00, 0x00, 0x00, 0x00, 0x00, 0x00, 0x00, 0x00, 0x00, 0x00, 0x00, 0x00, 0x00
	.byte 0x00, 0x00, 0x00, 0x00, 0x00, 0x00, 0x00, 0x00, 0x00, 0x00, 0x00, 0x00, 0x00, 0x00, 0x00, 0x00
	.byte 0x00, 0x00, 0x00, 0x00, 0x00, 0x00, 0x00, 0x00, 0x00, 0x00, 0x00, 0x00, 0x00, 0x00, 0x00, 0x00
	.byte 0x00, 0x00, 0x00, 0x00, 0x00, 0x00, 0x00, 0x00, 0x00, 0x00, 0x00, 0x00, 0x00, 0x00, 0x00, 0x00
	.byte 0x00, 0x00, 0x00, 0x00, 0x00, 0x00, 0x00, 0x00, 0x00, 0x00, 0x00, 0x00, 0x00, 0x00, 0x00, 0x00
	.byte 0x00, 0x00, 0x00, 0x00, 0x00, 0x00, 0x00, 0x00, 0x00, 0x00, 0x00, 0x00, 0x00, 0x00, 0x00, 0x00
	.byte 0x00, 0x00, 0x00, 0x00, 0x00, 0x00, 0x00, 0x00, 0x00, 0x00, 0x00, 0x00, 0x00, 0x00, 0x00, 0x00
	.byte 0x00, 0x00, 0x00, 0x00, 0x00, 0x00, 0x00, 0x00, 0x00, 0x00, 0x00, 0x00, 0x00, 0x00, 0x00, 0x00
	.byte 0x00, 0x00, 0x00, 0x00, 0x00, 0x00, 0x00, 0x00, 0x00, 0x00, 0x00, 0x00, 0x00, 0x00, 0x00, 0x00
	.byte 0x00, 0x00, 0x00, 0x00, 0x00, 0x00, 0x00, 0x00, 0x00, 0x00, 0x00, 0x00, 0x00, 0x00, 0x00, 0x00
	.byte 0x00, 0x00, 0x00, 0x00, 0x00, 0x00, 0x00, 0x00, 0x00, 0x00, 0x00, 0x00, 0x00, 0x00, 0x00, 0x00
	.byte 0xFE, 0x2E, 0x22, 0x22, 0xFE, 0x2E, 0x22, 0x22, 0xFE, 0x2E, 0x22, 0x22, 0xFE, 0x2E, 0x22, 0x22
	.byte 0xFE, 0x2E, 0x22, 0x22, 0xFE, 0x2E, 0x22, 0x22, 0xFE, 0x2E, 0x22, 0x22, 0xFE, 0x2E, 0x22, 0x22
	.byte 0x22, 0x22, 0x22, 0x22, 0x22, 0x22, 0x22, 0x22, 0x22, 0x22, 0x22, 0x22, 0x22, 0x22, 0x22, 0x22
	.byte 0x22, 0x22, 0x22, 0x22, 0x22, 0x22, 0x22, 0x22, 0x22, 0x22, 0x22, 0x22, 0x22, 0x22, 0x22, 0x22
	.byte 0x22, 0x22, 0x22, 0x22, 0x22, 0x22, 0x22, 0x22, 0x22, 0x22, 0x22, 0x22, 0x22, 0x22, 0x22, 0x22
	.byte 0x22, 0x22, 0x22, 0x22, 0x22, 0x22, 0x22, 0x22, 0x22, 0x22, 0x22, 0x22, 0x22, 0x22, 0x22, 0x22
	.byte 0x22, 0x22, 0x22, 0x22, 0x22, 0x22, 0x22, 0x22, 0x22, 0x22, 0x22, 0x22, 0x22, 0x22, 0x22, 0x22
	.byte 0x22, 0x22, 0x22, 0x22, 0x22, 0x22, 0x22, 0x22, 0x22, 0x22, 0x22, 0x22, 0x22, 0x22, 0x22, 0x22
	.byte 0x22, 0x22, 0x22, 0x22, 0x22, 0x22, 0x22, 0x22, 0x22, 0x22, 0x22, 0x22, 0x22, 0x22, 0x22, 0x22
	.byte 0x22, 0x22, 0x22, 0x22, 0x22, 0x22, 0x22, 0x22, 0x22, 0x22, 0x22, 0x22, 0x22, 0x22, 0x22, 0x22
	.byte 0x22, 0x22, 0x22, 0x22, 0x22, 0x22, 0x22, 0x22, 0x22, 0x22, 0x22, 0x22, 0x22, 0x22, 0x22, 0x22
	.byte 0x22, 0x22, 0x22, 0x22, 0x22, 0x22, 0x22, 0x22, 0x22, 0x22, 0x22, 0x22, 0x22, 0x22, 0x22, 0x22
	.byte 0x22, 0x22, 0x22, 0x22, 0x22, 0x22, 0x22, 0x22, 0x22, 0x22, 0x22, 0x22, 0x22, 0x22, 0x22, 0x22
	.byte 0x22, 0x22, 0x22, 0x22, 0x22, 0x22, 0x22, 0x22, 0x22, 0x22, 0x22, 0x22, 0x22, 0x22, 0x22, 0x22
	.byte 0x22, 0x22, 0x22, 0x22, 0x22, 0x22, 0x22, 0x22, 0x22, 0x22, 0x22, 0x22, 0x22, 0x22, 0x22, 0x22
	.byte 0x22, 0x22, 0x22, 0x22, 0x22, 0x22, 0x22, 0x22, 0x22, 0x22, 0x22, 0x22, 0x22, 0x22, 0x22, 0x22
	.byte 0x22, 0x22, 0x22, 0x22, 0x22, 0x22, 0x22, 0x22, 0x22, 0x22, 0x22, 0x22, 0x22, 0x22, 0x22, 0x22
	.byte 0x22, 0x22, 0x22, 0x22, 0x22, 0x22, 0x22, 0x22, 0x22, 0x22, 0x22, 0x22, 0x22, 0x22, 0x22, 0x22
	.byte 0x22, 0xE2, 0xEF, 0x00, 0x22, 0xE2, 0xEF, 0x00, 0x22, 0xE2, 0xEF, 0x00, 0x22, 0xE2, 0xEF, 0x00
	.byte 0x22, 0xE2, 0xEF, 0x00, 0x22, 0xE2, 0xEF, 0x00, 0x22, 0xE2, 0xEF, 0x00, 0x22, 0xE2, 0xEF, 0x00
	.byte 0x00, 0x00, 0x00, 0x00, 0x00, 0x00, 0x00, 0x00, 0x00, 0x00, 0x00, 0x00, 0x00, 0x00, 0x00, 0x00
	.byte 0x00, 0x00, 0x00, 0x00, 0x00, 0x00, 0x00, 0x00, 0x00, 0x00, 0x00, 0x00, 0x00, 0x00, 0x00, 0x00
	.byte 0x00, 0x00, 0x00, 0x00, 0x00, 0x00, 0x00, 0x00, 0x00, 0x00, 0x00, 0x00, 0x00, 0x00, 0x00, 0x00
	.byte 0x00, 0x00, 0x00, 0x00, 0x00, 0x00, 0x00, 0x00, 0x00, 0x00, 0x00, 0x00, 0x00, 0x00, 0x00, 0x00
	.byte 0x00, 0x00, 0x00, 0x00, 0x00, 0x00, 0x00, 0x00, 0x00, 0x00, 0x00, 0x00, 0x00, 0x00, 0x00, 0x00
	.byte 0x00, 0x00, 0x00, 0x00, 0x00, 0x00, 0x00, 0x00, 0x00, 0x00, 0x00, 0x00, 0x00, 0x00, 0x00, 0x00
	.byte 0x00, 0x00, 0x00, 0x00, 0x00, 0x00, 0x00, 0x00, 0x00, 0x00, 0x00, 0x00, 0x00, 0x00, 0x00, 0x00
	.byte 0x00, 0x00, 0x00, 0x00, 0x00, 0x00, 0x00, 0x00, 0x00, 0x00, 0x00, 0x00, 0x00, 0x00, 0x00, 0x00
	.byte 0x00, 0x00, 0x00, 0x00, 0x00, 0x00, 0x00, 0x00, 0x00, 0x00, 0x00, 0x00, 0x00, 0x00, 0x00, 0x00
	.byte 0x00, 0x00, 0x00, 0x00, 0x00, 0x00, 0x00, 0x00, 0x00, 0x00, 0x00, 0x00, 0x00, 0x00, 0x00, 0x00
	.byte 0x00, 0x00, 0x00, 0x00, 0x00, 0x00, 0x00, 0x00, 0x00, 0x00, 0x00, 0x00, 0x00, 0x00, 0x00, 0x00
	.byte 0x00, 0x00, 0x00, 0x00, 0x00, 0x00, 0x00, 0x00, 0x00, 0x00, 0x00, 0x00, 0x00, 0x00, 0x00, 0x00
	.byte 0x00, 0x00, 0x00, 0x00, 0x00, 0x00, 0x00, 0x00, 0x00, 0x00, 0x00, 0x00, 0x00, 0x00, 0x00, 0x00
	.byte 0x00, 0x00, 0x00, 0x00, 0x00, 0x00, 0x00, 0x00, 0x00, 0x00, 0x00, 0x00, 0x00, 0x00, 0x00, 0x00
	.byte 0x00, 0x00, 0x00, 0x00, 0x00, 0x00, 0x00, 0x00, 0x00, 0x00, 0x00, 0x00, 0x00, 0x00, 0x00, 0x00
	.byte 0x00, 0x00, 0x00, 0x00, 0x00, 0x00, 0x00, 0x00, 0x00, 0x00, 0x00, 0x00, 0x00, 0x00, 0x00, 0x00
	.byte 0x00, 0x00, 0x00, 0x00, 0x00, 0x00, 0x00, 0x00, 0x00, 0x00, 0x00, 0x00, 0x00, 0x00, 0x00, 0x00
	.byte 0x00, 0x00, 0x00, 0x00, 0x00, 0x00, 0x00, 0x00, 0x00, 0x00, 0x00, 0x00, 0x00, 0x00, 0x00, 0x00
	.byte 0x00, 0x00, 0x00, 0x00, 0x00, 0x00, 0x00, 0x00, 0x00, 0x00, 0x00, 0x00, 0x00, 0x00, 0x00, 0x00
	.byte 0x00, 0x00, 0x00, 0x00, 0x00, 0x00, 0x00, 0x00, 0x00, 0x00, 0x00, 0x00, 0x00, 0x00, 0x00, 0x00
	.byte 0x00, 0x00, 0x00, 0x00, 0x00, 0x00, 0x00, 0x00, 0x00, 0x00, 0x00, 0x00, 0x00, 0x00, 0x00, 0x00
	.byte 0x00, 0x00, 0x00, 0x00, 0x00, 0x00, 0x00, 0x00, 0x00, 0x00, 0x00, 0x00, 0x00, 0x00, 0x00, 0x00
	.byte 0x00, 0x00, 0x00, 0x00, 0x00, 0x00, 0x00, 0x00, 0x00, 0x00, 0x00, 0x00, 0x00, 0x00, 0x00, 0x00
	.byte 0x00, 0x00, 0x00, 0x00, 0x00, 0x00, 0x00, 0x00, 0x00, 0x00, 0x00, 0x00, 0x00, 0x00, 0x00, 0x00
	.byte 0x00, 0x00, 0x00, 0x00, 0x00, 0x00, 0x00, 0x00, 0x00, 0x00, 0x00, 0x00, 0x00, 0x00, 0x00, 0x00
	.byte 0x00, 0x00, 0x00, 0x00, 0x00, 0x00, 0x00, 0x00, 0x00, 0x00, 0x00, 0x00, 0x00, 0x00, 0x00, 0x00
	.byte 0x00, 0x00, 0x00, 0x00, 0x00, 0x00, 0x00, 0x00, 0x00, 0x00, 0x00, 0x00, 0x00, 0x00, 0x00, 0x00
	.byte 0x00, 0x00, 0x00, 0x00, 0x00, 0x00, 0x00, 0x00, 0x00, 0x00, 0x00, 0x00, 0x00, 0x00, 0x00, 0x00
	.byte 0x00, 0x00, 0x00, 0x00, 0x00, 0x00, 0x00, 0x00, 0x00, 0x00, 0x00, 0x00, 0x00, 0x00, 0x00, 0x00
	.byte 0x00, 0x00, 0x00, 0x00, 0x00, 0x00, 0x00, 0x00, 0x00, 0x00, 0x00, 0x00, 0x00, 0x00, 0x00, 0x00
	.byte 0x00, 0x00, 0x00, 0x00, 0x00, 0x00, 0x00, 0x00, 0x00, 0x00, 0x00, 0x00, 0x00, 0x00, 0x00, 0x00
	.byte 0x00, 0x00, 0x00, 0x00, 0x00, 0x00, 0x00, 0x00, 0x00, 0x00, 0x00, 0x00, 0x00, 0x00, 0x00, 0x00
	.byte 0x00, 0x00, 0x00, 0x00, 0x00, 0x00, 0x00, 0x00, 0x00, 0x00, 0x00, 0x00, 0x00, 0x00, 0x00, 0x00
	.byte 0x00, 0x00, 0x00, 0x00, 0x00, 0x00, 0x00, 0x00, 0x00, 0x00, 0x00, 0x00, 0x00, 0x00, 0x00, 0x00
	.byte 0x00, 0x00, 0x00, 0x00, 0x00, 0x00, 0x00, 0x00, 0x00, 0x00, 0x00, 0x00, 0x00, 0x00, 0x00, 0x00
	.byte 0x00, 0x00, 0x00, 0x00, 0x00, 0x00, 0x00, 0x00, 0x00, 0x00, 0x00, 0x00, 0x00, 0x00, 0x00, 0x00
	.byte 0x00, 0x00, 0x00, 0x00, 0x00, 0x00, 0x00, 0x00, 0x00, 0x00, 0x00, 0x00, 0x00, 0x00, 0x00, 0x00
	.byte 0x00, 0x00, 0x00, 0x00, 0x00, 0x00, 0x00, 0x00, 0x00, 0x00, 0x00, 0x00, 0x00, 0x00, 0x00, 0x00
	.byte 0x00, 0x00, 0x00, 0x00, 0x00, 0x00, 0x00, 0x00, 0x00, 0x00, 0x00, 0x00, 0x00, 0x00, 0x00, 0x00
	.byte 0x00, 0x00, 0x00, 0x00, 0x00, 0x00, 0x00, 0x00, 0x00, 0x00, 0x00, 0x00, 0x00, 0x00, 0x00, 0x00
	.byte 0x00, 0x00, 0x00, 0x00, 0x00, 0x00, 0x00, 0x00, 0x00, 0x00, 0x00, 0x00, 0x00, 0x00, 0x00, 0x00
	.byte 0x00, 0x00, 0x00, 0x00, 0x00, 0x00, 0x00, 0x00, 0x00, 0x00, 0x00, 0x00, 0x00, 0x00, 0x00, 0x00
	.byte 0x00, 0x00, 0x00, 0x00, 0x00, 0x00, 0x00, 0x00, 0x00, 0x00, 0x00, 0x00, 0x00, 0x00, 0x00, 0x00
	.byte 0x00, 0x00, 0x00, 0x00, 0x00, 0x00, 0x00, 0x00, 0x00, 0x00, 0x00, 0x00, 0x00, 0x00, 0x00, 0x00
	.byte 0xFE, 0x2E, 0x22, 0x22, 0xFE, 0x2E, 0x22, 0x22, 0xFE, 0x2E, 0x22, 0x22, 0xFE, 0x2E, 0x22, 0x22
	.byte 0xFE, 0x2E, 0x22, 0x22, 0xFE, 0x2E, 0x22, 0x22, 0xFE, 0x2E, 0x22, 0x22, 0xFE, 0x2E, 0x22, 0x22
	.byte 0x22, 0x22, 0x22, 0x22, 0x22, 0x22, 0x22, 0x22, 0x22, 0x22, 0x22, 0x22, 0x22, 0x22, 0x22, 0x22
	.byte 0x22, 0x22, 0x22, 0x22, 0x22, 0x22, 0x22, 0x22, 0x22, 0x22, 0x22, 0x22, 0x22, 0x22, 0x22, 0x22
	.byte 0x22, 0x22, 0x22, 0x22, 0x22, 0x22, 0x22, 0x22, 0x22, 0x22, 0x22, 0x22, 0x22, 0x22, 0x22, 0x22
	.byte 0x22, 0x22, 0x22, 0x22, 0x22, 0x22, 0x22, 0x22, 0x22, 0x22, 0x22, 0x22, 0x22, 0x22, 0x22, 0x22
	.byte 0x22, 0x22, 0x22, 0x22, 0x22, 0x22, 0x22, 0x22, 0x22, 0x22, 0x22, 0x22, 0x22, 0x22, 0x22, 0x22
	.byte 0x22, 0x22, 0x22, 0x22, 0x22, 0x22, 0x22, 0x22, 0x22, 0x22, 0x22, 0x22, 0x22, 0x22, 0x22, 0x22
	.byte 0x22, 0x22, 0x22, 0x22, 0x22, 0x22, 0x22, 0x22, 0x22, 0x22, 0x22, 0x22, 0x22, 0x22, 0x22, 0x22
	.byte 0x22, 0x22, 0x22, 0x22, 0x22, 0x22, 0x22, 0x22, 0x22, 0x22, 0x22, 0x22, 0x22, 0x22, 0x22, 0x22
	.byte 0x22, 0x22, 0x22, 0x22, 0x22, 0x22, 0x22, 0x22, 0x22, 0x22, 0x22, 0x22, 0x22, 0x22, 0x22, 0x22
	.byte 0x22, 0x22, 0x22, 0x22, 0x22, 0x22, 0x22, 0x22, 0x22, 0x22, 0x22, 0x22, 0x22, 0x22, 0x22, 0x22
	.byte 0x22, 0x22, 0x22, 0x22, 0x22, 0x22, 0x22, 0x22, 0x22, 0x22, 0x22, 0x22, 0x22, 0x22, 0x22, 0x22
	.byte 0x22, 0x22, 0x22, 0x22, 0x22, 0x22, 0x22, 0x22, 0x22, 0x22, 0x22, 0x22, 0x22, 0x22, 0x22, 0x22
	.byte 0x22, 0x22, 0x22, 0x22, 0x22, 0x22, 0x22, 0x22, 0x22, 0x22, 0x22, 0x22, 0x22, 0x22, 0x22, 0x22
	.byte 0x22, 0x22, 0x22, 0x22, 0x22, 0x22, 0x22, 0x22, 0x22, 0x22, 0x22, 0x22, 0x22, 0x22, 0x22, 0x22
	.byte 0x22, 0x22, 0x22, 0x22, 0x22, 0x22, 0x22, 0x22, 0x22, 0x22, 0x22, 0x22, 0x22, 0x22, 0x22, 0x22
	.byte 0x22, 0x22, 0x22, 0x22, 0x22, 0x22, 0x22, 0x22, 0x22, 0x22, 0x22, 0x22, 0x22, 0x22, 0x22, 0x22
	.byte 0x22, 0xE2, 0xEF, 0x00, 0x22, 0xE2, 0xEF, 0x00, 0x22, 0xE2, 0xEF, 0x00, 0x22, 0xE2, 0xEF, 0x00
	.byte 0x22, 0xE2, 0xEF, 0x00, 0x22, 0xE2, 0xEF, 0x00, 0x22, 0xE2, 0xEF, 0x00, 0x22, 0xE2, 0xEF, 0x00
	.byte 0x00, 0x00, 0x00, 0x00, 0x00, 0x00, 0x00, 0x00, 0x00, 0x00, 0x00, 0x00, 0x00, 0x00, 0x00, 0x00
	.byte 0x00, 0x00, 0x00, 0x00, 0x00, 0x00, 0x00, 0x00, 0x00, 0x00, 0x00, 0x00, 0x00, 0x00, 0x00, 0x00
	.byte 0x00, 0x00, 0x00, 0x00, 0x00, 0x00, 0x00, 0x00, 0x00, 0x00, 0x00, 0x00, 0x00, 0x00, 0x00, 0x00
	.byte 0x00, 0x00, 0x00, 0x00, 0x00, 0x00, 0x00, 0x00, 0x00, 0x00, 0x00, 0x00, 0x00, 0x00, 0x00, 0x00
	.byte 0x00, 0x00, 0x00, 0x00, 0x00, 0x00, 0x00, 0x00, 0x00, 0x00, 0x00, 0x00, 0x00, 0x00, 0x00, 0x00
	.byte 0x00, 0x00, 0x00, 0x00, 0x00, 0x00, 0x00, 0x00, 0x00, 0x00, 0x00, 0x00, 0x00, 0x00, 0x00, 0x00
	.byte 0x00, 0x00, 0x00, 0x00, 0x00, 0x00, 0x00, 0x00, 0x00, 0x00, 0x00, 0x00, 0x00, 0x00, 0x00, 0x00
	.byte 0x00, 0x00, 0x00, 0x00, 0x00, 0x00, 0x00, 0x00, 0x00, 0x00, 0x00, 0x00, 0x00, 0x00, 0x00, 0x00
	.byte 0x00, 0x00, 0x00, 0x00, 0x00, 0x00, 0x00, 0x00, 0x00, 0x00, 0x00, 0x00, 0x00, 0x00, 0x00, 0x00
	.byte 0x00, 0x00, 0x00, 0x00, 0x00, 0x00, 0x00, 0x00, 0x00, 0x00, 0x00, 0x00, 0x00, 0x00, 0x00, 0x00
	.byte 0x00, 0x00, 0x00, 0x00, 0x00, 0x00, 0x00, 0x00, 0x00, 0x00, 0x00, 0x00, 0x00, 0x00, 0x00, 0x00
	.byte 0x00, 0x00, 0x00, 0x00, 0x00, 0x00, 0x00, 0x00, 0x00, 0x00, 0x00, 0x00, 0x00, 0x00, 0x00, 0x00
	.byte 0x00, 0x00, 0x00, 0x00, 0x00, 0x00, 0x00, 0x00, 0x00, 0x00, 0x00, 0x00, 0x00, 0x00, 0x00, 0x00
	.byte 0x00, 0x00, 0x00, 0x00, 0x00, 0x00, 0x00, 0x00, 0x00, 0x00, 0x00, 0x00, 0x00, 0x00, 0x00, 0x00
	.byte 0x00, 0x00, 0x00, 0x00, 0x00, 0x00, 0x00, 0x00, 0x00, 0x00, 0x00, 0x00, 0x00, 0x00, 0x00, 0x00
	.byte 0x00, 0x00, 0x00, 0x00, 0x00, 0x00, 0x00, 0x00, 0x00, 0x00, 0x00, 0x00, 0x00, 0x00, 0x00, 0x00
	.byte 0x00, 0x00, 0x00, 0x00, 0x00, 0x00, 0x00, 0x00, 0x00, 0x00, 0x00, 0x00, 0x00, 0x00, 0x00, 0x00
	.byte 0x00, 0x00, 0x00, 0x00, 0x00, 0x00, 0x00, 0x00, 0x00, 0x00, 0x00, 0x00, 0x00, 0x00, 0x00, 0x00
	.byte 0x00, 0x00, 0x00, 0x00, 0x00, 0x00, 0x00, 0x00, 0x00, 0x00, 0x00, 0x00, 0x00, 0x00, 0x00, 0x00
	.byte 0x00, 0x00, 0x00, 0x00, 0x00, 0x00, 0x00, 0x00, 0x00, 0x00, 0x00, 0x00, 0x00, 0x00, 0x00, 0x00
	.byte 0x00, 0x00, 0x00, 0x00, 0x00, 0x00, 0x00, 0x00, 0x00, 0x00, 0x00, 0x00, 0x00, 0x00, 0x00, 0x00
	.byte 0x00, 0x00, 0x00, 0x00, 0x00, 0x00, 0x00, 0x00, 0x00, 0x00, 0x00, 0x00, 0x00, 0x00, 0x00, 0x00
	.byte 0x00, 0x00, 0x00, 0x00, 0x00, 0x00, 0x00, 0x00, 0x00, 0x00, 0x00, 0x00, 0x00, 0x00, 0x00, 0x00
	.byte 0x00, 0x00, 0x00, 0x00, 0x00, 0x00, 0x00, 0x00, 0x00, 0x00, 0x00, 0x00, 0x00, 0x00, 0x00, 0x00
	.byte 0x00, 0x00, 0x00, 0x00, 0x00, 0x00, 0x00, 0x00, 0x00, 0x00, 0x00, 0x00, 0x00, 0x00, 0x00, 0x00
	.byte 0x00, 0x00, 0x00, 0x00, 0x00, 0x00, 0x00, 0x00, 0x00, 0x00, 0x00, 0x00, 0x00, 0x00, 0x00, 0x00
	.byte 0x00, 0x00, 0x00, 0x00, 0x00, 0x00, 0x00, 0x00, 0x00, 0x00, 0x00, 0x00, 0x00, 0x00, 0x00, 0x00
	.byte 0x00, 0x00, 0x00, 0x00, 0x00, 0x00, 0x00, 0x00, 0x00, 0x00, 0x00, 0x00, 0x00, 0x00, 0x00, 0x00
	.byte 0x00, 0x00, 0x00, 0x00, 0x00, 0x00, 0x00, 0x00, 0x00, 0x00, 0x00, 0x00, 0x00, 0x00, 0x00, 0x00
	.byte 0x00, 0x00, 0x00, 0x00, 0x00, 0x00, 0x00, 0x00, 0x00, 0x00, 0x00, 0x00, 0x00, 0x00, 0x00, 0x00
	.byte 0x00, 0x00, 0x00, 0x00, 0x00, 0x00, 0x00, 0x00, 0x00, 0x00, 0x00, 0x00, 0x00, 0x00, 0x00, 0x00
	.byte 0x00, 0x00, 0x00, 0x00, 0x00, 0x00, 0x00, 0x00, 0x00, 0x00, 0x00, 0x00, 0x00, 0x00, 0x00, 0x00
	.byte 0x00, 0x00, 0x00, 0x00, 0x00, 0x00, 0x00, 0x00, 0x00, 0x00, 0x00, 0x00, 0x00, 0x00, 0x00, 0x00
	.byte 0x00, 0x00, 0x00, 0x00, 0x00, 0x00, 0x00, 0x00, 0x00, 0x00, 0x00, 0x00, 0x00, 0x00, 0x00, 0x00
	.byte 0x00, 0x00, 0x00, 0x00, 0x00, 0x00, 0x00, 0x00, 0x00, 0x00, 0x00, 0x00, 0x00, 0x00, 0x00, 0x00
	.byte 0x00, 0x00, 0x00, 0x00, 0x00, 0x00, 0x00, 0x00, 0x00, 0x00, 0x00, 0x00, 0x00, 0x00, 0x00, 0x00
	.byte 0x00, 0x00, 0x00, 0x00, 0x00, 0x00, 0x00, 0x00, 0x00, 0x00, 0x00, 0x00, 0x00, 0x00, 0x00, 0x00
	.byte 0x00, 0x00, 0x00, 0x00, 0x00, 0x00, 0x00, 0x00, 0x00, 0x00, 0x00, 0x00, 0x00, 0x00, 0x00, 0x00
	.byte 0x00, 0x00, 0x00, 0x00, 0x00, 0x00, 0x00, 0x00, 0x00, 0x00, 0x00, 0x00, 0x00, 0x00, 0x00, 0x00
	.byte 0x00, 0x00, 0x00, 0x00, 0x00, 0x00, 0x00, 0x00, 0x00, 0x00, 0x00, 0x00, 0x00, 0x00, 0x00, 0x00
	.byte 0x00, 0x00, 0x00, 0x00, 0x00, 0x00, 0x00, 0x00, 0x00, 0x00, 0x00, 0x00, 0x00, 0x00, 0x00, 0x00
	.byte 0x00, 0x00, 0x00, 0x00, 0x00, 0x00, 0x00, 0x00, 0x00, 0x00, 0x00, 0x00, 0x00, 0x00, 0x00, 0x00
	.byte 0x00, 0x00, 0x00, 0x00, 0x00, 0x00, 0x00, 0x00, 0x00, 0x00, 0x00, 0x00, 0x00, 0x00, 0x00, 0x00
	.byte 0x00, 0x00, 0x00, 0x00, 0x00, 0x00, 0x00, 0x00, 0x00, 0x00, 0x00, 0x00, 0x00, 0x00, 0x00, 0x00
	.byte 0xFE, 0x2E, 0x22, 0x22, 0xFE, 0x2E, 0x22, 0x22, 0xFE, 0x2E, 0x22, 0x22, 0xFE, 0x2E, 0x22, 0x22
	.byte 0xFE, 0x2E, 0x22, 0x22, 0xFE, 0x2E, 0x22, 0x22, 0xFE, 0x2E, 0x22, 0x22, 0xFE, 0x2E, 0x22, 0x22
	.byte 0x22, 0x22, 0x22, 0x22, 0x22, 0x22, 0x22, 0x22, 0x22, 0x22, 0x22, 0x22, 0x22, 0x22, 0x22, 0x22
	.byte 0x22, 0x22, 0x22, 0x22, 0x22, 0x22, 0x22, 0x22, 0x22, 0x22, 0x22, 0x22, 0x22, 0x22, 0x22, 0x22
	.byte 0x22, 0x22, 0x22, 0x22, 0x22, 0x22, 0x22, 0x22, 0x22, 0x22, 0x22, 0x22, 0x22, 0x22, 0x22, 0x22
	.byte 0x22, 0x22, 0x22, 0x22, 0x22, 0x22, 0x22, 0x22, 0x22, 0x22, 0x22, 0x22, 0x22, 0x22, 0x22, 0x22
	.byte 0x22, 0x22, 0x22, 0x22, 0x22, 0x22, 0x22, 0x22, 0x22, 0x22, 0x22, 0x22, 0x22, 0x22, 0x22, 0x22
	.byte 0x22, 0x22, 0x22, 0x22, 0x22, 0x22, 0x22, 0x22, 0x22, 0x22, 0x22, 0x22, 0x22, 0x22, 0x22, 0x22
	.byte 0x22, 0x22, 0x22, 0x22, 0x22, 0x22, 0x22, 0x22, 0x22, 0x22, 0x22, 0x22, 0x22, 0x22, 0x22, 0x22
	.byte 0x22, 0x22, 0x22, 0x22, 0x22, 0x22, 0x22, 0x22, 0x22, 0x22, 0x22, 0x22, 0x22, 0x22, 0x22, 0x22
	.byte 0x22, 0x22, 0x22, 0x22, 0x22, 0x22, 0x22, 0x22, 0x22, 0x22, 0x22, 0x22, 0x22, 0x22, 0x22, 0x22
	.byte 0x22, 0x22, 0x22, 0x22, 0x22, 0x22, 0x22, 0x22, 0x22, 0x22, 0x22, 0x22, 0x22, 0x22, 0x22, 0x22
	.byte 0x22, 0x22, 0x22, 0x22, 0x22, 0x22, 0x22, 0x22, 0x22, 0x22, 0x22, 0x22, 0x22, 0x22, 0x22, 0x22
	.byte 0x22, 0x22, 0x22, 0x22, 0x22, 0x22, 0x22, 0x22, 0x22, 0x22, 0x22, 0x22, 0x22, 0x22, 0x22, 0x22
	.byte 0x22, 0x22, 0x22, 0x22, 0x22, 0x22, 0x22, 0x22, 0x22, 0x22, 0x22, 0x22, 0x22, 0x22, 0x22, 0x22
	.byte 0x22, 0x22, 0x22, 0x22, 0x22, 0x22, 0x22, 0x22, 0x22, 0x22, 0x22, 0x22, 0x22, 0x22, 0x22, 0x22
	.byte 0x22, 0x22, 0x22, 0x22, 0x22, 0x22, 0x22, 0x22, 0x22, 0x22, 0x22, 0x22, 0x22, 0x22, 0x22, 0x22
	.byte 0x22, 0x22, 0x22, 0x22, 0x22, 0x22, 0x22, 0x22, 0x22, 0x22, 0x22, 0x22, 0x22, 0x22, 0x22, 0x22
	.byte 0x22, 0xE2, 0xEF, 0x00, 0x22, 0xE2, 0xEF, 0x00, 0x22, 0xE2, 0xEF, 0x00, 0x22, 0xE2, 0xEF, 0x00
	.byte 0x22, 0xE2, 0xEF, 0x00, 0x22, 0xE2, 0xEF, 0x00, 0x22, 0xE2, 0xEF, 0x00, 0x22, 0xE2, 0xEF, 0x00
	.byte 0x00, 0x00, 0x00, 0x00, 0x00, 0x00, 0x00, 0x00, 0x00, 0x00, 0x00, 0x00, 0x00, 0x00, 0x00, 0x00
	.byte 0x00, 0x00, 0x00, 0x00, 0x00, 0x00, 0x00, 0x00, 0x00, 0x00, 0x00, 0x00, 0x00, 0x00, 0x00, 0x00
	.byte 0x00, 0x00, 0x00, 0x00, 0x00, 0x00, 0x00, 0x00, 0x00, 0x00, 0x00, 0x00, 0x00, 0x00, 0x00, 0x00
	.byte 0x00, 0x00, 0x00, 0x00, 0x00, 0x00, 0x00, 0x00, 0x00, 0x00, 0x00, 0x00, 0x00, 0x00, 0x00, 0x00
	.byte 0x00, 0x00, 0x00, 0x00, 0x00, 0x00, 0x00, 0x00, 0x00, 0x00, 0x00, 0x00, 0x00, 0x00, 0x00, 0x00
	.byte 0x00, 0x00, 0x00, 0x00, 0x00, 0x00, 0x00, 0x00, 0x00, 0x00, 0x00, 0x00, 0x00, 0x00, 0x00, 0x00
	.byte 0x00, 0x00, 0x00, 0x00, 0x00, 0x00, 0x00, 0x00, 0x00, 0x00, 0x00, 0x00, 0x00, 0x00, 0x00, 0x00
	.byte 0x00, 0x00, 0x00, 0x00, 0x00, 0x00, 0x00, 0x00, 0x00, 0x00, 0x00, 0x00, 0x00, 0x00, 0x00, 0x00
	.byte 0x00, 0x00, 0x00, 0x00, 0x00, 0x00, 0x00, 0x00, 0x00, 0x00, 0x00, 0x00, 0x00, 0x00, 0x00, 0x00
	.byte 0x00, 0x00, 0x00, 0x00, 0x00, 0x00, 0x00, 0x00, 0x00, 0x00, 0x00, 0x00, 0x00, 0x00, 0x00, 0x00
	.byte 0x00, 0x00, 0x00, 0x00, 0x00, 0x00, 0x00, 0x00, 0x00, 0x00, 0x00, 0x00, 0x00, 0x00, 0x00, 0x00
	.byte 0x00, 0x00, 0x00, 0x00, 0x00, 0x00, 0x00, 0x00, 0x00, 0x00, 0x00, 0x00, 0x00, 0x00, 0x00, 0x00
	.byte 0x00, 0x00, 0x00, 0x00, 0x00, 0x00, 0x00, 0x00, 0x00, 0x00, 0x00, 0x00, 0x00, 0x00, 0x00, 0x00
	.byte 0x00, 0x00, 0x00, 0x00, 0x00, 0x00, 0x00, 0x00, 0x00, 0x00, 0x00, 0x00, 0x00, 0x00, 0x00, 0x00
	.byte 0x00, 0x00, 0x00, 0x00, 0x00, 0x00, 0x00, 0x00, 0x00, 0x00, 0x00, 0x00, 0x00, 0x00, 0x00, 0x00
	.byte 0x00, 0x00, 0x00, 0x00, 0x00, 0x00, 0x00, 0x00, 0x00, 0x00, 0x00, 0x00, 0x00, 0x00, 0x00, 0x00
	.byte 0x00, 0x00, 0x00, 0x00, 0x00, 0x00, 0x00, 0x00, 0x00, 0x00, 0x00, 0x00, 0x00, 0x00, 0x00, 0x00
	.byte 0x00, 0x00, 0x00, 0x00, 0x00, 0x00, 0x00, 0x00, 0x00, 0x00, 0x00, 0x00, 0x00, 0x00, 0x00, 0x00
	.byte 0x00, 0x00, 0x00, 0x00, 0x00, 0x00, 0x00, 0x00, 0x00, 0x00, 0x00, 0x00, 0x00, 0x00, 0x00, 0x00
	.byte 0x00, 0x00, 0x00, 0x00, 0x00, 0x00, 0x00, 0x00, 0x00, 0x00, 0x00, 0x00, 0x00, 0x00, 0x00, 0x00
	.byte 0x00, 0x00, 0x00, 0x00, 0x00, 0x00, 0x00, 0x00, 0x00, 0x00, 0x00, 0x00, 0x00, 0x00, 0x00, 0x00
	.byte 0x00, 0x00, 0x00, 0x00, 0x00, 0x00, 0x00, 0x00, 0x00, 0x00, 0x00, 0x00, 0x00, 0x00, 0x00, 0x00
	.byte 0x00, 0x00, 0x00, 0x00, 0x00, 0x00, 0x00, 0x00, 0x00, 0x00, 0x00, 0x00, 0x00, 0x00, 0x00, 0x00
	.byte 0x00, 0x00, 0x00, 0x00, 0x00, 0x00, 0x00, 0x00, 0x00, 0x00, 0x00, 0x00, 0x00, 0x00, 0x00, 0x00
	.byte 0x00, 0x00, 0x00, 0x00, 0x00, 0x00, 0x00, 0x00, 0x00, 0x00, 0x00, 0x00, 0x00, 0x00, 0x00, 0x00
	.byte 0x00, 0x00, 0x00, 0x00, 0x00, 0x00, 0x00, 0x00, 0x00, 0x00, 0x00, 0x00, 0x00, 0x00, 0x00, 0x00
	.byte 0x00, 0x00, 0x00, 0x00, 0x00, 0x00, 0x00, 0x00, 0x00, 0x00, 0x00, 0x00, 0x00, 0x00, 0x00, 0x00
	.byte 0x00, 0x00, 0x00, 0x00, 0x00, 0x00, 0x00, 0x00, 0x00, 0x00, 0x00, 0x00, 0x00, 0x00, 0x00, 0x00
	.byte 0x00, 0x00, 0x00, 0x00, 0x00, 0x00, 0x00, 0x00, 0x00, 0x00, 0x00, 0x00, 0x00, 0x00, 0x00, 0x00
	.byte 0x00, 0x00, 0x00, 0x00, 0x00, 0x00, 0x00, 0x00, 0x00, 0x00, 0x00, 0x00, 0x00, 0x00, 0x00, 0x00
	.byte 0x00, 0x00, 0x00, 0x00, 0x00, 0x00, 0x00, 0x00, 0x00, 0x00, 0x00, 0x00, 0x00, 0x00, 0x00, 0x00
	.byte 0x00, 0x00, 0x00, 0x00, 0x00, 0x00, 0x00, 0x00, 0x00, 0x00, 0x00, 0x00, 0x00, 0x00, 0x00, 0x00
	.byte 0x00, 0x00, 0x00, 0x00, 0x00, 0x00, 0x00, 0x00, 0x00, 0x00, 0x00, 0x00, 0x00, 0x00, 0x00, 0x00
	.byte 0x00, 0x00, 0x00, 0x00, 0x00, 0x00, 0x00, 0x00, 0x00, 0x00, 0x00, 0x00, 0x00, 0x00, 0x00, 0x00
	.byte 0x00, 0x00, 0x00, 0x00, 0x00, 0x00, 0x00, 0x00, 0x00, 0x00, 0x00, 0x00, 0x00, 0x00, 0x00, 0x00
	.byte 0x00, 0x00, 0x00, 0x00, 0x00, 0x00, 0x00, 0x00, 0x00, 0x00, 0x00, 0x00, 0x00, 0x00, 0x00, 0x00
	.byte 0x00, 0x00, 0x00, 0x00, 0x00, 0x00, 0x00, 0x00, 0x00, 0x00, 0x00, 0x00, 0x00, 0x00, 0x00, 0x00
	.byte 0x00, 0x00, 0x00, 0x00, 0x00, 0x00, 0x00, 0x00, 0x00, 0x00, 0x00, 0x00, 0x00, 0x00, 0x00, 0x00
	.byte 0x00, 0x00, 0x00, 0x00, 0x00, 0x00, 0x00, 0x00, 0x00, 0x00, 0x00, 0x00, 0x00, 0x00, 0x00, 0x00
	.byte 0x00, 0x00, 0x00, 0x00, 0x00, 0x00, 0x00, 0x00, 0x00, 0x00, 0x00, 0x00, 0x00, 0x00, 0x00, 0x00
	.byte 0x00, 0x00, 0x00, 0x00, 0x00, 0x00, 0x00, 0x00, 0x00, 0x00, 0x00, 0x00, 0x00, 0x00, 0x00, 0x00
	.byte 0x00, 0x00, 0x00, 0x00, 0x00, 0x00, 0x00, 0x00, 0x00, 0x00, 0x00, 0x00, 0x00, 0x00, 0x00, 0x00
	.byte 0x00, 0x00, 0x00, 0x00, 0x00, 0x00, 0x00, 0x00, 0x00, 0x00, 0x00, 0x00, 0x00, 0x00, 0x00, 0x00
	.byte 0x00, 0x00, 0x00, 0x00, 0x00, 0x00, 0x00, 0x00, 0x00, 0x00, 0x00, 0x00, 0x00, 0x00, 0x00, 0x00
	.byte 0xFE, 0x2E, 0x22, 0x22, 0xFE, 0x2E, 0x22, 0x22, 0xFE, 0x2E, 0x22, 0x22, 0xFE, 0x2E, 0x22, 0x22
	.byte 0xFE, 0xEE, 0x22, 0x22, 0xFE, 0xEF, 0xEE, 0xEE, 0xEE, 0xFF, 0xFF, 0xFF, 0xE0, 0xEE, 0xEE, 0xEE
	.byte 0x22, 0x22, 0x22, 0x22, 0x22, 0x22, 0x22, 0x22, 0x22, 0x22, 0x22, 0x22, 0x22, 0x22, 0x22, 0x22
	.byte 0x22, 0x22, 0x22, 0x22, 0xEE, 0xEE, 0xEE, 0xEE, 0xFF, 0xFF, 0xFF, 0xFF, 0xEE, 0xEE, 0xEE, 0xEE
	.byte 0x22, 0x22, 0x22, 0x22, 0x22, 0x22, 0x22, 0x22, 0x22, 0x22, 0x22, 0x22, 0x22, 0x22, 0x22, 0x22
	.byte 0x22, 0x22, 0x22, 0x22, 0xEE, 0xEE, 0xEE, 0xEE, 0xFF, 0xFF, 0xFF, 0xFF, 0xEE, 0xEE, 0xEE, 0xEE
	.byte 0x22, 0x22, 0x22, 0x22, 0x22, 0x22, 0x22, 0x22, 0x22, 0x22, 0x22, 0x22, 0x22, 0x22, 0x22, 0x22
	.byte 0x22, 0x22, 0x22, 0x22, 0xEE, 0xEE, 0xEE, 0xEE, 0xFF, 0xFF, 0xFF, 0xFF, 0xEE, 0xEE, 0xEE, 0xEE
	.byte 0x22, 0x22, 0x22, 0x22, 0x22, 0x22, 0x22, 0x22, 0x22, 0x22, 0x22, 0x22, 0x22, 0x22, 0x22, 0x22
	.byte 0x22, 0x22, 0x22, 0x22, 0xEE, 0xEE, 0xEE, 0xEE, 0xFF, 0xFF, 0xFF, 0xFF, 0xEE, 0xEE, 0xEE, 0xEE
	.byte 0x22, 0x22, 0x22, 0x22, 0x22, 0x22, 0x22, 0x22, 0x22, 0x22, 0x22, 0x22, 0x22, 0x22, 0x22, 0x22
	.byte 0x22, 0x22, 0x22, 0x22, 0xEE, 0xEE, 0xEE, 0xEE, 0xFF, 0xFF, 0xFF, 0xFF, 0xEE, 0xEE, 0xEE, 0xEE
	.byte 0x22, 0x22, 0x22, 0x22, 0x22, 0x22, 0x22, 0x22, 0x22, 0x22, 0x22, 0x22, 0x22, 0x22, 0x22, 0x22
	.byte 0x22, 0x22, 0x22, 0x22, 0xEE, 0xEE, 0xEE, 0xEE, 0xFF, 0xFF, 0xFF, 0xFF, 0xEE, 0xEE, 0xEE, 0xEE
	.byte 0x22, 0x22, 0x22, 0x22, 0x22, 0x22, 0x22, 0x22, 0x22, 0x22, 0x22, 0x22, 0x22, 0x22, 0x22, 0x22
	.byte 0x22, 0x22, 0x22, 0x22, 0xEE, 0xEE, 0xEE, 0xEE, 0xFF, 0xFF, 0xFF, 0xFF, 0xEE, 0xEE, 0xEE, 0xEE
	.byte 0x22, 0x22, 0x22, 0x22, 0x22, 0x22, 0x22, 0x22, 0x22, 0x22, 0x22, 0x22, 0x22, 0x22, 0x22, 0x22
	.byte 0x22, 0x22, 0x22, 0x22, 0xEE, 0xEE, 0xEE, 0xEE, 0xFF, 0xFF, 0xFF, 0xFF, 0xEE, 0xEE, 0xEE, 0xEE
	.byte 0x22, 0xE2, 0xEF, 0x00, 0x22, 0xE2, 0xEF, 0x00, 0x22, 0xE2, 0xEF, 0x00, 0x22, 0xE2, 0xEF, 0x00
	.byte 0x22, 0xEE, 0xEF, 0x00, 0xEE, 0xFE, 0xEF, 0x00, 0xFF, 0xFF, 0xEE, 0x00, 0xEE, 0xEE, 0x0E, 0x00
	.byte 0x00, 0x00, 0x00, 0x00, 0x00, 0x00, 0x00, 0x00, 0x00, 0x00, 0x00, 0x00, 0x00, 0x00, 0x00, 0x00
	.byte 0x00, 0x00, 0x00, 0x00, 0x00, 0x00, 0x00, 0x00, 0x00, 0x00, 0x00, 0x00, 0x00, 0x00, 0x00, 0x00
	.byte 0x00, 0x00, 0x00, 0x00, 0x00, 0x00, 0x00, 0x00, 0x00, 0x00, 0x00, 0x00, 0x00, 0x00, 0x00, 0x00
	.byte 0x00, 0x00, 0x00, 0x00, 0x00, 0x00, 0x00, 0x00, 0x00, 0x00, 0x00, 0x00, 0x00, 0x00, 0x00, 0x00
	.byte 0x00, 0x00, 0x00, 0x00, 0x00, 0x00, 0x00, 0x00, 0x00, 0x00, 0x00, 0x00, 0x00, 0x00, 0x00, 0x00
	.byte 0x00, 0x00, 0x00, 0x00, 0x00, 0x00, 0x00, 0x00, 0x00, 0x00, 0x00, 0x00, 0x00, 0x00, 0x00, 0x00
	.byte 0x00, 0x00, 0x00, 0x00, 0x00, 0x00, 0x00, 0x00, 0x00, 0x00, 0x00, 0x00, 0x00, 0x00, 0x00, 0x00
	.byte 0x00, 0x00, 0x00, 0x00, 0x00, 0x00, 0x00, 0x00, 0x00, 0x00, 0x00, 0x00, 0x00, 0x00, 0x00, 0x00
	.byte 0x00, 0x00, 0x00, 0x00, 0x00, 0x00, 0x00, 0x00, 0x00, 0x00, 0x00, 0x00, 0x00, 0x00, 0x00, 0x00
	.byte 0x00, 0x00, 0x00, 0x00, 0x00, 0x00, 0x00, 0x00, 0x00, 0x00, 0x00, 0x00, 0x00, 0x00, 0x00, 0x00
	.byte 0x00, 0x00, 0x00, 0x00, 0x00, 0x00, 0x00, 0x00, 0x00, 0x00, 0x00, 0x00, 0x00, 0x00, 0x00, 0x00
	.byte 0x00, 0x00, 0x00, 0x00, 0x00, 0x00, 0x00, 0x00, 0x00, 0x00, 0x00, 0x00, 0x00, 0x00, 0x00, 0x00
	.byte 0x00, 0x00, 0x00, 0x00, 0x00, 0x00, 0x00, 0x00, 0x00, 0x00, 0x00, 0x00, 0x00, 0x00, 0x00, 0x00
	.byte 0x00, 0x00, 0x00, 0x00, 0x00, 0x00, 0x00, 0x00, 0x00, 0x00, 0x00, 0x00, 0x00, 0x00, 0x00, 0x00
	.byte 0x00, 0x00, 0x00, 0x00, 0x00, 0x00, 0x00, 0x00, 0x00, 0x00, 0x00, 0x00, 0x00, 0x00, 0x00, 0x00
	.byte 0x00, 0x00, 0x00, 0x00, 0x00, 0x00, 0x00, 0x00, 0x00, 0x00, 0x00, 0x00, 0x00, 0x00, 0x00, 0x00
	.byte 0x00, 0x00, 0x00, 0x00, 0x00, 0x00, 0x00, 0x00, 0x00, 0x00, 0x00, 0x00, 0x00, 0x00, 0x00, 0x00
	.byte 0x00, 0x00, 0x00, 0x00, 0x00, 0x00, 0x00, 0x00, 0x00, 0x00, 0x00, 0x00, 0x00, 0x00, 0x00, 0x00
	.byte 0x00, 0x00, 0x00, 0x00, 0x00, 0x00, 0x00, 0x00, 0x00, 0x00, 0x00, 0x00, 0x00, 0x00, 0x00, 0x00
	.byte 0x00, 0x00, 0x00, 0x00, 0x00, 0x00, 0x00, 0x00, 0x00, 0x00, 0x00, 0x00, 0x00, 0x00, 0x00, 0x00
	.byte 0x00, 0x00, 0x00, 0x00, 0x00, 0x00, 0x00, 0x00, 0x00, 0x00, 0x00, 0x00, 0x00, 0x00, 0x00, 0x00
	.byte 0x00, 0x00, 0x00, 0x00, 0x00, 0x00, 0x00, 0x00, 0x00, 0x00, 0x00, 0x00, 0x00, 0x00, 0x00, 0x00
	.byte 0x00, 0x00, 0x00, 0x00, 0x00, 0x00, 0x00, 0x00, 0x00, 0x00, 0x00, 0x00, 0x00, 0x00, 0x00, 0x00
	.byte 0x00, 0x00, 0x00, 0x00, 0x00, 0x00, 0x00, 0x00, 0x00, 0x00, 0x00, 0x00, 0x00, 0x00, 0x00, 0x00
	.byte 0x00, 0x00, 0x00, 0x00, 0x00, 0x00, 0x00, 0x00, 0x00, 0x00, 0x00, 0x00, 0x00, 0x00, 0x00, 0x00
	.byte 0x00, 0x00, 0x00, 0x00, 0x00, 0x00, 0x00, 0x00, 0x00, 0x00, 0x00, 0x00, 0x00, 0x00, 0x00, 0x00
	.byte 0x00, 0x00, 0x00, 0x00, 0x00, 0x00, 0x00, 0x00, 0x00, 0x00, 0x00, 0x00, 0x00, 0x00, 0x00, 0x00
	.byte 0x00, 0x00, 0x00, 0x00, 0x00, 0x00, 0x00, 0x00, 0x00, 0x00, 0x00, 0x00, 0x00, 0x00, 0x00, 0x00
	.byte 0x00, 0x00, 0x00, 0x00, 0x00, 0x00, 0x00, 0x00, 0x00, 0x00, 0x00, 0x00, 0x00, 0x00, 0x00, 0x00
	.byte 0x00, 0x00, 0x00, 0x00, 0x00, 0x00, 0x00, 0x00, 0x00, 0x00, 0x00, 0x00, 0x00, 0x00, 0x00, 0x00
	.byte 0x00, 0x00, 0x00, 0x00, 0x00, 0x00, 0x00, 0x00, 0x00, 0x00, 0x00, 0x00, 0x00, 0x00, 0x00, 0x00
	.byte 0x00, 0x00, 0x00, 0x00, 0x00, 0x00, 0x00, 0x00, 0x00, 0x00, 0x00, 0x00, 0x00, 0x00, 0x00, 0x00
	.byte 0x00, 0x00, 0x00, 0x00, 0x00, 0x00, 0x00, 0x00, 0x00, 0x00, 0x00, 0x00, 0x00, 0x00, 0x00, 0x00
	.byte 0x00, 0x00, 0x00, 0x00, 0x00, 0x00, 0x00, 0x00, 0x00, 0x00, 0x00, 0x00, 0x00, 0x00, 0x00, 0x00
	.byte 0x00, 0x00, 0x00, 0x00, 0x00, 0x00, 0x00, 0x00, 0x00, 0x00, 0x00, 0x00, 0x00, 0x00, 0x00, 0x00
	.byte 0x00, 0x00, 0x00, 0x00, 0x00, 0x00, 0x00, 0x00, 0x00, 0x00, 0x00, 0x00, 0x00, 0x00, 0x00, 0x00
	.byte 0x00, 0x00, 0x00, 0x00, 0x00, 0x00, 0x00, 0x00, 0x00, 0x00, 0x00, 0x00, 0x00, 0x00, 0x00, 0x00
	.byte 0x00, 0x00, 0x00, 0x00, 0x00, 0x00, 0x00, 0x00, 0x00, 0x00, 0x00, 0x00, 0x00, 0x00, 0x00, 0x00
	.byte 0x00, 0x00, 0x00, 0x00, 0x00, 0x00, 0x00, 0x00, 0x00, 0x00, 0x00, 0x00, 0x00, 0x00, 0x00, 0x00
	.byte 0x00, 0x00, 0x00, 0x00, 0x00, 0x00, 0x00, 0x00, 0x00, 0x00, 0x00, 0x00, 0x00, 0x00, 0x00, 0x00
	.byte 0x00, 0x00, 0x00, 0x00, 0x00, 0x00, 0x00, 0x00, 0x00, 0x00, 0x00, 0x00, 0x00, 0x00, 0x00, 0x00
	.byte 0x00, 0x00, 0x00, 0x00, 0x00, 0x00, 0x00, 0x00, 0x00, 0x00, 0x00, 0x00, 0x00, 0x00, 0x00, 0x00
	.byte 0x00, 0x00, 0x00, 0x00, 0x00, 0x00, 0x00, 0x00, 0x00, 0x00, 0x00, 0x00, 0x00, 0x00, 0x00, 0x00
	.byte 0x00, 0x00, 0x00, 0x00, 0x00, 0x00, 0x00, 0x00, 0x00, 0x00, 0x00, 0x00, 0x00, 0x00, 0x00, 0x00
	.byte 0x00, 0x00, 0x00, 0x00, 0x00, 0x00, 0x00, 0x00, 0x00, 0x00, 0x00, 0x00, 0x00, 0x00, 0x00, 0x00
	.byte 0x00, 0x00, 0x00, 0x00, 0x00, 0x00, 0x00, 0x00, 0x00, 0x00, 0x00, 0x00, 0x00, 0x00, 0x00, 0x00
	.byte 0x00, 0x00, 0x00, 0x00, 0x00, 0x00, 0x00, 0x00, 0x00, 0x00, 0x00, 0x00, 0x00, 0x00, 0x00, 0x00
	.byte 0x00, 0x00, 0x00, 0x00, 0x00, 0x00, 0x00, 0x00, 0x00, 0x00, 0x00, 0x00, 0x00, 0x00, 0x00, 0x00
	.byte 0x00, 0x00, 0x00, 0x00, 0x00, 0x00, 0x00, 0x00, 0x00, 0x00, 0x00, 0x00, 0x00, 0x00, 0x00, 0x00
	.byte 0x00, 0x00, 0x00, 0x00, 0x00, 0x00, 0x00, 0x00, 0x00, 0x00, 0x00, 0x00, 0x00, 0x00, 0x00, 0x00
	.byte 0x00, 0x00, 0x00, 0x00, 0x00, 0x00, 0x00, 0x00, 0x00, 0x00, 0x00, 0x00, 0x00, 0x00, 0x00, 0x00
	.byte 0x00, 0x00, 0x00, 0x00, 0x00, 0x00, 0x00, 0x00, 0x00, 0x00, 0x00, 0x00, 0x00, 0x00, 0x00, 0x00
	.byte 0x00, 0x00, 0x00, 0x00, 0x00, 0x00, 0x00, 0x00, 0x00, 0x00, 0x00, 0x00, 0x00, 0x00, 0x00, 0x00
	.byte 0x00, 0x00, 0x00, 0x00, 0x00, 0x00, 0x00, 0x00, 0x00, 0x00, 0x00, 0x00, 0x00, 0x00, 0x00, 0x00
	.byte 0x00, 0x00, 0x00, 0x00, 0x00, 0x00, 0x00, 0x00, 0x00, 0x00, 0x00, 0x00, 0x00, 0x00, 0x00, 0x00
	.byte 0x00, 0x00, 0x00, 0x00, 0x00, 0x00, 0x00, 0x00, 0x00, 0x00, 0x00, 0x00, 0x00, 0x00, 0x00, 0x00
	.byte 0x00, 0x00, 0x00, 0x00, 0x00, 0x00, 0x00, 0x00, 0x00, 0x00, 0x00, 0x00, 0x00, 0x00, 0x00, 0x00
	.byte 0x00, 0x00, 0x00, 0x00, 0x00, 0x00, 0x00, 0x00, 0x00, 0x00, 0x00, 0x00, 0x00, 0x00, 0x00, 0x00
	.byte 0x00, 0x00, 0x00, 0x00, 0x00, 0x00, 0x00, 0x00, 0x00, 0x00, 0x00, 0x00, 0x00, 0x00, 0x00, 0x00
	.byte 0x00, 0x00, 0x00, 0x00, 0x00, 0x00, 0x00, 0x00, 0x00, 0x00, 0x00, 0x00, 0x00, 0x00, 0x00, 0x00
	.byte 0x00, 0x00, 0x00, 0x00, 0x00, 0x00, 0x00, 0x00, 0x00, 0x00, 0x00, 0x00, 0x00, 0x00, 0x00, 0x00
	.byte 0x00, 0x00, 0x00, 0x00, 0x00, 0x00, 0x00, 0x00, 0x00, 0x00, 0x00, 0x00, 0x00, 0x00, 0x00, 0x00
	.byte 0x00, 0x00, 0x00, 0x00, 0x00, 0x00, 0x00, 0x00, 0x00, 0x00, 0x00, 0x00, 0x00, 0x00, 0x00, 0x00
	.byte 0x00, 0x00, 0x00, 0x00, 0x00, 0x00, 0x00, 0x00, 0x00, 0x00, 0x00, 0x00, 0x00, 0x00, 0x00, 0x00
	.byte 0x00, 0x00, 0x00, 0x00, 0x00, 0x00, 0x00, 0x00, 0x00, 0x00, 0x00, 0x00, 0x00, 0x00, 0x00, 0x00
	.byte 0x00, 0x00, 0x00, 0x00, 0x00, 0x00, 0x00, 0x00, 0x00, 0x00, 0x00, 0x00, 0x00, 0x00, 0x00, 0x00
	.byte 0x00, 0x00, 0x00, 0x00, 0x00, 0x00, 0x00, 0x00, 0x00, 0x00, 0x00, 0x00, 0x00, 0x00, 0x00, 0x00
	.byte 0x00, 0x00, 0x00, 0x00, 0x00, 0x00, 0x00, 0x00, 0x00, 0x00, 0x00, 0x00, 0x00, 0x00, 0x00, 0x00
	.byte 0x00, 0x00, 0x00, 0x00, 0x00, 0x00, 0x00, 0x00, 0x00, 0x00, 0x00, 0x00, 0x00, 0x00, 0x00, 0x00
	.byte 0x00, 0x00, 0x00, 0x00, 0x00, 0x00, 0x00, 0x00, 0x00, 0x00, 0x00, 0x00, 0x00, 0x00, 0x00, 0x00
	.byte 0x00, 0x00, 0x00, 0x00, 0x00, 0x00, 0x00, 0x00, 0x00, 0x00, 0x00, 0x00, 0x00, 0x00, 0x00, 0x00
	.byte 0x00, 0x00, 0x00, 0x00, 0x00, 0x00, 0x00, 0x00, 0x00, 0x00, 0x00, 0x00, 0x00, 0x00, 0x00, 0x00
	.byte 0x00, 0x00, 0x00, 0x00, 0x00, 0x00, 0x00, 0x00, 0x00, 0x00, 0x00, 0x00, 0x00, 0x00, 0x00, 0x00
	.byte 0x00, 0x00, 0x00, 0x00, 0x00, 0x00, 0x00, 0x00, 0x00, 0x00, 0x00, 0x00, 0x00, 0x00, 0x00, 0x00
	.byte 0x00, 0x00, 0x00, 0x00, 0x00, 0x00, 0x00, 0x00, 0x00, 0x00, 0x00, 0x00, 0x00, 0x00, 0x00, 0x00
	.byte 0x00, 0x00, 0x00, 0x00, 0x00, 0x00, 0x00, 0x00, 0x00, 0x00, 0x00, 0x00, 0x00, 0x00, 0x00, 0x00
	.byte 0x00, 0x00, 0x00, 0x00, 0x00, 0x00, 0x00, 0x00, 0x00, 0x00, 0x00, 0x00, 0x00, 0x00, 0x00, 0x00
	.byte 0x00, 0x00, 0x00, 0x00, 0x00, 0x00, 0x00, 0x00, 0x00, 0x00, 0x00, 0x00, 0x00, 0x00, 0x00, 0x00
	.byte 0x00, 0x00, 0x00, 0x00, 0x00, 0x00, 0x00, 0x00, 0x00, 0x00, 0x00, 0x00, 0x00, 0x00, 0x00, 0x00
	.byte 0x00, 0x00, 0x00, 0x00, 0x00, 0x00, 0x00, 0x00, 0x00, 0x00, 0x00, 0x00, 0x00, 0x00, 0x00, 0x00
	.byte 0x00, 0x00, 0x00, 0x00, 0x00, 0x00, 0x00, 0x00, 0x00, 0x00, 0x00, 0x00, 0x00, 0x00, 0x00, 0x00
	.byte 0x00, 0x00, 0x00, 0x00, 0x00, 0x00, 0x00, 0x00, 0x00, 0x00, 0x00, 0x00, 0x00, 0x00, 0x00, 0x00
	.byte 0x00, 0x00, 0x00, 0x00, 0x00, 0x00, 0x00, 0x00, 0x00, 0x00, 0x00, 0x00, 0x00, 0x00, 0x00, 0x00
	.byte 0x00, 0x00, 0x00, 0x00, 0x00, 0x00, 0x00, 0x00, 0x00, 0x00, 0x00, 0x00, 0x00, 0x00, 0x00, 0x00
	.byte 0x00, 0x00, 0x00, 0x00, 0x00, 0x00, 0x00, 0x00, 0x00, 0x00, 0x00, 0x00, 0x00, 0x00, 0x00, 0x00
	.byte 0x00, 0x00, 0x00, 0x00, 0x00, 0x00, 0x00, 0x00, 0x00, 0x00, 0x00, 0x00, 0x00, 0x00, 0x00, 0x00
	.byte 0x00, 0x00, 0x00, 0x00, 0x00, 0x00, 0x00, 0x00, 0x00, 0x00, 0x00, 0x00, 0x00, 0x00, 0x00, 0x00
	.byte 0x00, 0x00, 0x00, 0x00, 0x00, 0x00, 0x00, 0x00, 0x00, 0x00, 0x00, 0x00, 0x00, 0x00, 0x00, 0x00
	.byte 0x00, 0x00, 0x00, 0x00, 0x00, 0x00, 0x00, 0x00, 0x00, 0x00, 0x00, 0x00, 0x00, 0x00, 0x00, 0x00
	.byte 0x00, 0x00, 0x00, 0x00, 0x00, 0x00, 0x00, 0x00, 0x00, 0x00, 0x00, 0x00, 0x00, 0x00, 0x00, 0x00
	.byte 0x00, 0x00, 0x00, 0x00, 0x00, 0x00, 0x00, 0x00, 0x00, 0x00, 0x00, 0x00, 0x00, 0x00, 0x00, 0x00
	.byte 0x00, 0x00, 0x00, 0x00, 0x00, 0x00, 0x00, 0x00, 0x00, 0x00, 0x00, 0x00, 0x00, 0x00, 0x00, 0x00
	.byte 0x00, 0x00, 0x00, 0x00, 0x00, 0x00, 0x00, 0x00, 0x00, 0x00, 0x00, 0x00, 0x00, 0x00, 0x00, 0x00
	.byte 0x00, 0x00, 0x00, 0x00, 0x00, 0x00, 0x00, 0x00, 0x00, 0x00, 0x00, 0x00, 0x00, 0x00, 0x00, 0x00
	.byte 0x00, 0x00, 0x00, 0x00, 0x00, 0x00, 0x00, 0x00, 0x00, 0x00, 0x00, 0x00, 0x00, 0x00, 0x00, 0x00
	.byte 0x00, 0x00, 0x00, 0x00, 0x00, 0x00, 0x00, 0x00, 0x00, 0x00, 0x00, 0x00, 0x00, 0x00, 0x00, 0x00
	.byte 0x00, 0x00, 0x00, 0x00, 0x00, 0x00, 0x00, 0x00, 0x00, 0x00, 0x00, 0x00, 0x00, 0x00, 0x00, 0x00
	.byte 0x00, 0x00, 0x00, 0x00, 0x00, 0x00, 0x00, 0x00, 0x00, 0x00, 0x00, 0x00, 0x00, 0x00, 0x00, 0x00
	.byte 0x00, 0x00, 0x00, 0x00, 0x00, 0x00, 0x00, 0x00, 0x00, 0x00, 0x00, 0x00, 0x00, 0x00, 0x00, 0x00
	.byte 0x00, 0x00, 0x00, 0x00, 0x00, 0x00, 0x00, 0x00, 0x00, 0x00, 0x00, 0x00, 0x00, 0x00, 0x00, 0x00
	.byte 0x00, 0x00, 0x00, 0x00, 0x00, 0x00, 0x00, 0x00, 0x00, 0x00, 0x00, 0x00, 0x00, 0x00, 0x00, 0x00
	.byte 0x00, 0x00, 0x00, 0x00, 0x00, 0x00, 0x00, 0x00, 0x00, 0x00, 0x00, 0x00, 0x00, 0x00, 0x00, 0x00
	.byte 0x00, 0x00, 0x00, 0x00, 0x00, 0x00, 0x00, 0x00, 0x00, 0x00, 0x00, 0x00, 0x00, 0x00, 0x00, 0x00
	.byte 0x00, 0x00, 0x00, 0x00, 0x00, 0x00, 0x00, 0x00, 0x00, 0x00, 0x00, 0x00, 0x00, 0x00, 0x00, 0x00
	.byte 0x00, 0x00, 0x00, 0x00, 0x00, 0x00, 0x00, 0x00, 0x00, 0x00, 0x00, 0x00, 0x00, 0x00, 0x00, 0x00
	.byte 0x00, 0x00, 0x00, 0x00, 0x00, 0x00, 0x00, 0x00, 0x00, 0x00, 0x00, 0x00, 0x00, 0x00, 0x00, 0x00
	.byte 0x00, 0x00, 0x00, 0x00, 0x00, 0x00, 0x00, 0x00, 0x00, 0x00, 0x00, 0x00, 0x00, 0x00, 0x00, 0x00
	.byte 0x00, 0x00, 0x00, 0x00, 0x00, 0x00, 0x00, 0x00, 0x00, 0x00, 0x00, 0x00, 0x00, 0x00, 0x00, 0x00
	.byte 0x10, 0x00, 0x10, 0x00, 0x10, 0x00, 0x10, 0x00, 0xE0, 0x83, 0x00, 0x00, 0x00, 0x00, 0x00, 0x00
	.byte 0x00, 0x00, 0x00, 0x00, 0x00, 0x00, 0xE0, 0xFD, 0x7B, 0x86, 0xBC, 0x8A, 0xFF, 0xFF, 0xE0, 0xFD
	.byte 0x1D, 0x13, 0x5D, 0x23, 0xBE, 0x43, 0xFF, 0xFF, 0x1A, 0x00, 0x1A, 0x00, 0x1A, 0x00, 0x1A, 0x00
	.byte 0xAA, 0xAA, 0xAA, 0xAA, 0x9A, 0x99, 0x99, 0x99, 0x9A, 0x99, 0x99, 0x99, 0x9A, 0x99, 0x99, 0x99
	.byte 0x9A, 0x99, 0x99, 0x99, 0x9A, 0x99, 0x99, 0x99, 0x9A, 0x99, 0x99, 0x99, 0x9A, 0x99, 0x99, 0x99
	.byte 0xAA, 0xAA, 0xAA, 0xAA, 0x99, 0x99, 0x99, 0x99, 0x99, 0x99, 0x99, 0x99, 0x99, 0x99, 0x99, 0x99
	.byte 0x99, 0x99, 0x99, 0x99, 0x99, 0x99, 0x99, 0x99, 0x99, 0x99, 0x99, 0x99, 0x99, 0x99, 0x99, 0x99
	.byte 0x9A, 0x99, 0x99, 0x99, 0x9A, 0x99, 0x99, 0x99, 0x9A, 0x99, 0x99, 0x99, 0x8A, 0x88, 0x88, 0x88
	.byte 0x8A, 0x88, 0x88, 0x88, 0x8A, 0x88, 0x88, 0x88, 0x9A, 0x99, 0x99, 0x99, 0x9A, 0x99, 0x99, 0x99
	.byte 0x99, 0x99, 0xAA, 0xAA, 0x99, 0x99, 0x7A, 0x77, 0x99, 0x99, 0x7A, 0x77, 0x88, 0x88, 0x7A, 0x77
	.byte 0x88, 0x88, 0x7A, 0x77, 0x88, 0x88, 0x7A, 0x77, 0x99, 0x99, 0x7A, 0x77, 0x99, 0x99, 0x7A, 0x77
	.byte 0xAA, 0xAA, 0xAA, 0xAA, 0x77, 0x77, 0x77, 0x77, 0x77, 0x77, 0x77, 0x77, 0x77, 0x77, 0x77, 0x77
	.byte 0x77, 0x77, 0x77, 0x77, 0x77, 0x77, 0x77, 0x77, 0x77, 0x77, 0x77, 0x77, 0x77, 0x77, 0x77, 0x77
	.byte 0x99, 0x99, 0x99, 0x99, 0x99, 0x99, 0x99, 0x99, 0x99, 0x99, 0x99, 0x99, 0x88, 0x88, 0x88, 0x88
	.byte 0x88, 0x88, 0x88, 0x88, 0x88, 0x88, 0x88, 0x88, 0x99, 0x99, 0x99, 0x99, 0x99, 0x99, 0x99, 0x99
	.byte 0x9A, 0x99, 0x99, 0x99, 0x9A, 0x99, 0x99, 0x99, 0x9A, 0x99, 0x99, 0x99, 0x9A, 0x99, 0x99, 0x99
	.byte 0x9A, 0x99, 0x99, 0x99, 0x9A, 0x99, 0x99, 0x99, 0x9A, 0x99, 0x99, 0x99, 0x9A, 0x99, 0x99, 0x99
	.byte 0x99, 0x99, 0x7A, 0x77, 0x99, 0x99, 0x7A, 0x77, 0x99, 0x99, 0x7A, 0x77, 0x99, 0x99, 0x7A, 0x77
	.byte 0x99, 0x99, 0x7A, 0x77, 0x99, 0x99, 0x7A, 0x77, 0x99, 0x99, 0x7A, 0x77, 0x99, 0x99, 0x7A, 0x77
	.byte 0x77, 0x77, 0x77, 0x77, 0x77, 0x77, 0x77, 0x77, 0x77, 0x77, 0x77, 0x77, 0x77, 0x77, 0x77, 0x77
	.byte 0x77, 0x77, 0x77, 0x77, 0x77, 0x77, 0x77, 0x77, 0x77, 0x77, 0x77, 0x77, 0x77, 0x77, 0x77, 0x77
	.byte 0x99, 0x99, 0x99, 0x99, 0x99, 0x99, 0x99, 0x99, 0x99, 0x99, 0x99, 0x99, 0x99, 0x99, 0x99, 0x99
	.byte 0x99, 0x99, 0x99, 0x99, 0x99, 0x99, 0x99, 0x99, 0x99, 0x99, 0x99, 0x99, 0x99, 0x99, 0x99, 0x99
	.byte 0x9A, 0x99, 0x99, 0x99, 0x9A, 0x99, 0x99, 0x99, 0x9A, 0x99, 0x99, 0x99, 0x9A, 0x99, 0x99, 0x99
	.byte 0x9A, 0x99, 0x99, 0x99, 0x8A, 0x88, 0x88, 0x88, 0x8A, 0x88, 0x88, 0x88, 0x8A, 0x88, 0x88, 0x88
	.byte 0x99, 0x99, 0x7A, 0x77, 0x99, 0x99, 0x7A, 0x77, 0x99, 0x99, 0x7A, 0x77, 0x99, 0x99, 0x7A, 0x77
	.byte 0x99, 0x99, 0x7A, 0x77, 0x88, 0x88, 0x7A, 0x77, 0x88, 0x88, 0x7A, 0x77, 0x88, 0x88, 0xAA, 0xAA
	.byte 0x99, 0x99, 0x99, 0x99, 0x99, 0x99, 0x99, 0x99, 0x99, 0x99, 0x99, 0x99, 0x99, 0x99, 0x99, 0x99
	.byte 0x99, 0x99, 0x99, 0x99, 0x88, 0x88, 0x88, 0x88, 0x88, 0x88, 0x88, 0x88, 0x88, 0x88, 0x88, 0x88
	.byte 0x8A, 0x88, 0x88, 0x88, 0x8A, 0x88, 0x88, 0x88, 0x8A, 0x88, 0x88, 0x88, 0x8A, 0x88, 0x88, 0x88
	.byte 0x8A, 0x88, 0x88, 0x88, 0x9A, 0x99, 0x99, 0x99, 0x8A, 0x88, 0x88, 0x88, 0x8A, 0x88, 0x88, 0x88
	.byte 0x88, 0x88, 0x88, 0x88, 0x88, 0x88, 0x88, 0x88, 0x88, 0x88, 0x88, 0x88, 0x88, 0x88, 0x88, 0x88
	.byte 0x88, 0x88, 0x88, 0x88, 0x99, 0x99, 0x99, 0x99, 0x88, 0x88, 0x88, 0x88, 0x88, 0x88, 0x88, 0x88
	.byte 0x9A, 0x99, 0x99, 0x99, 0x9A, 0x99, 0x99, 0x99, 0x9A, 0x99, 0x99, 0x99, 0x9A, 0x99, 0x99, 0x99
	.byte 0x9A, 0x99, 0x99, 0x99, 0x9A, 0x99, 0x99, 0x99, 0x8A, 0x88, 0x88, 0x88, 0x8A, 0x88, 0x88, 0x88
	.byte 0x99, 0x99, 0x99, 0x99, 0x99, 0x99, 0x99, 0x99, 0x99, 0x99, 0x99, 0x99, 0x99, 0x99, 0x99, 0x99
	.byte 0x99, 0x99, 0x99, 0x99, 0x99, 0x99, 0x99, 0x99, 0x88, 0x88, 0x88, 0x88, 0x88, 0x88, 0x88, 0x88
	.byte 0x8A, 0x88, 0x88, 0x88, 0x9A, 0x99, 0x99, 0x99, 0x9A, 0x99, 0x99, 0x99, 0x9A, 0x99, 0x99, 0x99
	.byte 0x9A, 0x99, 0x99, 0x99, 0x8A, 0x88, 0x88, 0x88, 0x8A, 0x88, 0x88, 0x88, 0x8A, 0x88, 0x88, 0x88
	.byte 0x88, 0x88, 0xAA, 0xAA, 0x99, 0x99, 0x7A, 0x77, 0x99, 0x99, 0x7A, 0x77, 0x99, 0x99, 0x7A, 0x77
	.byte 0x99, 0x99, 0x7A, 0x77, 0x88, 0x88, 0x7A, 0x77, 0x88, 0x88, 0x7A, 0x77, 0x88, 0x88, 0x7A, 0x77
	.byte 0x88, 0x88, 0x88, 0x88, 0x99, 0x99, 0x99, 0x99, 0x99, 0x99, 0x99, 0x99, 0x99, 0x99, 0x99, 0x99
	.byte 0x99, 0x99, 0x99, 0x99, 0x88, 0x88, 0x88, 0x88, 0x88, 0x88, 0x88, 0x88, 0x88, 0x88, 0x88, 0x88
	.byte 0x8A, 0x88, 0x88, 0x88, 0x8A, 0x88, 0x88, 0x88, 0x8A, 0x88, 0x88, 0x88, 0x8A, 0x88, 0x88, 0x88
	.byte 0x8A, 0x88, 0x88, 0x88, 0x8A, 0x88, 0x88, 0x88, 0x8A, 0x88, 0x88, 0x88, 0x8A, 0x88, 0x88, 0x88
	.byte 0x88, 0x88, 0x7A, 0x77, 0x88, 0x88, 0x7A, 0x77, 0x88, 0x88, 0x7A, 0x77, 0x88, 0x88, 0x7A, 0x77
	.byte 0x88, 0x88, 0x7A, 0x77, 0x88, 0x88, 0x7A, 0x77, 0x88, 0x88, 0x7A, 0x77, 0x88, 0x88, 0x7A, 0x77
	.byte 0x88, 0x88, 0x88, 0x88, 0x88, 0x88, 0x88, 0x88, 0x88, 0x88, 0x88, 0x88, 0x88, 0x88, 0x88, 0x88
	.byte 0x88, 0x88, 0x88, 0x88, 0x88, 0x88, 0x88, 0x88, 0x88, 0x88, 0x88, 0x88, 0x88, 0x88, 0x88, 0x88
	.byte 0x99, 0x99, 0x7A, 0x77, 0x99, 0x99, 0x7A, 0x77, 0x99, 0x99, 0x7A, 0x77, 0x99, 0x99, 0x7A, 0x77
	.byte 0x99, 0x99, 0x7A, 0x77, 0x99, 0x99, 0x7A, 0x77, 0x99, 0x99, 0x7A, 0x77, 0x99, 0x99, 0xAA, 0xAA
	.byte 0x8A, 0x88, 0x88, 0x88, 0x8A, 0x88, 0x88, 0x88, 0x8A, 0x88, 0x88, 0x88, 0x9A, 0x99, 0x99, 0x99
	.byte 0x9A, 0x99, 0x99, 0x99, 0x9A, 0x99, 0x99, 0x99, 0x9A, 0x99, 0x99, 0x99, 0xAA, 0xAA, 0xAA, 0xAA
	.byte 0x88, 0x88, 0x88, 0x88, 0x88, 0x88, 0x88, 0x88, 0x88, 0x88, 0x88, 0x88, 0x99, 0x99, 0x99, 0x99
	.byte 0x99, 0x99, 0x99, 0x99, 0x99, 0x99, 0x99, 0x99, 0x99, 0x99, 0x99, 0x99, 0xAA, 0xAA, 0xAA, 0xAA
	.byte 0x04, 0x01, 0x04, 0x01, 0x04, 0x01, 0x04, 0x01, 0x02, 0x08, 0x00, 0x00, 0x03, 0x08, 0x01, 0x00
	.byte 0x04, 0x08, 0x01, 0x00, 0x05, 0x08, 0x01, 0x00, 0x06, 0x08, 0x01, 0x00, 0x07, 0x08, 0x01, 0x00
	.byte 0x08, 0x08, 0x01, 0x00, 0x09, 0x08, 0x01, 0x00, 0x0A, 0x08, 0x01, 0x00, 0x0B, 0x08, 0x01, 0x00
	.byte 0x0C, 0x08, 0x01, 0x00, 0x0D, 0x08, 0x01, 0x00, 0x0E, 0x08, 0x01, 0x00, 0x0F, 0x08, 0x01, 0x00
	.byte 0x10, 0x08, 0x01, 0x00, 0x11, 0x08, 0x01, 0x00, 0x12, 0x08, 0x01, 0x00, 0x13, 0x08, 0x01, 0x00
	.byte 0x14, 0x08, 0x01, 0x00, 0x15, 0x08, 0x01, 0x00, 0x16, 0x08, 0x01, 0x00, 0x17, 0x08, 0x01, 0x00
	.byte 0x18, 0x08, 0x01, 0x00, 0x19, 0x08, 0x01, 0x00, 0x1A, 0x08, 0x01, 0x00, 0x1B, 0x08, 0x00, 0x04
	.byte 0x02, 0x09, 0x02, 0x00, 0x03, 0x09, 0x03, 0x00, 0x04, 0x09, 0x04, 0x00, 0x05, 0x09, 0x04, 0x00
	.byte 0x06, 0x09, 0x03, 0x04, 0x07, 0x09, 0x05, 0x00, 0x08, 0x09, 0x03, 0x00, 0x09, 0x09, 0x04, 0x00
	.byte 0x0A, 0x09, 0x04, 0x00, 0x0B, 0x09, 0x03, 0x04, 0x0C, 0x09, 0x05, 0x00, 0x0D, 0x09, 0x03, 0x00
	.byte 0x0E, 0x09, 0x04, 0x00, 0x0F, 0x09, 0x04, 0x00, 0x10, 0x09, 0x03, 0x04, 0x11, 0x09, 0x05, 0x00
	.byte 0x12, 0x09, 0x03, 0x00, 0x13, 0x09, 0x04, 0x00, 0x14, 0x09, 0x04, 0x00, 0x15, 0x09, 0x03, 0x04
	.byte 0x16, 0x09, 0x05, 0x00, 0x17, 0x09, 0x03, 0x00, 0x18, 0x09, 0x04, 0x00, 0x19, 0x09, 0x04, 0x00
	.byte 0x1A, 0x09, 0x03, 0x04, 0x1B, 0x09, 0x02, 0x04, 0x02, 0x0A, 0x06, 0x00, 0x03, 0x0A, 0x07, 0x00
	.byte 0x04, 0x0A, 0x08, 0x00, 0x05, 0x0A, 0x08, 0x00, 0x06, 0x0A, 0x07, 0x04, 0x07, 0x0A, 0x09, 0x00
	.byte 0x08, 0x0A, 0x07, 0x00, 0x09, 0x0A, 0x08, 0x00, 0x0A, 0x0A, 0x08, 0x00, 0x0B, 0x0A, 0x07, 0x04
	.byte 0x0C, 0x0A, 0x09, 0x00, 0x0D, 0x0A, 0x07, 0x00, 0x0E, 0x0A, 0x08, 0x00, 0x0F, 0x0A, 0x08, 0x00
	.byte 0x10, 0x0A, 0x07, 0x04, 0x11, 0x0A, 0x09, 0x00, 0x12, 0x0A, 0x07, 0x00, 0x13, 0x0A, 0x08, 0x00
	.byte 0x14, 0x0A, 0x08, 0x00, 0x15, 0x0A, 0x07, 0x04, 0x16, 0x0A, 0x09, 0x00, 0x17, 0x0A, 0x07, 0x00
	.byte 0x18, 0x0A, 0x08, 0x00, 0x19, 0x0A, 0x08, 0x00, 0x1A, 0x0A, 0x07, 0x04, 0x1B, 0x0A, 0x06, 0x04
	.byte 0x02, 0x0B, 0x0A, 0x00, 0x03, 0x0B, 0x0B, 0x00, 0x04, 0x0B, 0x04, 0x08, 0x05, 0x0B, 0x04, 0x08
	.byte 0x06, 0x0B, 0x0B, 0x04, 0x07, 0x0B, 0x0C, 0x00, 0x08, 0x0B, 0x0B, 0x00, 0x09, 0x0B, 0x04, 0x08
	.byte 0x0A, 0x0B, 0x04, 0x08, 0x0B, 0x0B, 0x0B, 0x04, 0x0C, 0x0B, 0x0C, 0x00, 0x0D, 0x0B, 0x0B, 0x00
	.byte 0x0E, 0x0B, 0x04, 0x08, 0x0F, 0x0B, 0x04, 0x08, 0x10, 0x0B, 0x0B, 0x04, 0x11, 0x0B, 0x0C, 0x00
	.byte 0x12, 0x0B, 0x0B, 0x00, 0x13, 0x0B, 0x04, 0x08, 0x14, 0x0B, 0x04, 0x08, 0x15, 0x0B, 0x0B, 0x04
	.byte 0x16, 0x0B, 0x0C, 0x00, 0x17, 0x0B, 0x0B, 0x00, 0x18, 0x0B, 0x04, 0x08, 0x19, 0x0B, 0x04, 0x08
	.byte 0x1A, 0x0B, 0x0B, 0x04, 0x1B, 0x0B, 0x0A, 0x04, 0x02, 0x0C, 0x0D, 0x00, 0x03, 0x0C, 0x0E, 0x00
	.byte 0x04, 0x0C, 0x0E, 0x00, 0x05, 0x0C, 0x0E, 0x00, 0x06, 0x0C, 0x0E, 0x00, 0x07, 0x0C, 0x0E, 0x00
	.byte 0x08, 0x0C, 0x0E, 0x00, 0x09, 0x0C, 0x0E, 0x00, 0x0A, 0x0C, 0x0E, 0x00, 0x0B, 0x0C, 0x0E, 0x00
	.byte 0x0C, 0x0C, 0x0E, 0x00, 0x0D, 0x0C, 0x0E, 0x00, 0x0E, 0x0C, 0x0E, 0x00, 0x0F, 0x0C, 0x0E, 0x00
	.byte 0x10, 0x0C, 0x0E, 0x00, 0x11, 0x0C, 0x0E, 0x00, 0x12, 0x0C, 0x0E, 0x00, 0x13, 0x0C, 0x0E, 0x00
	.byte 0x14, 0x0C, 0x0E, 0x00, 0x15, 0x0C, 0x0E, 0x00, 0x16, 0x0C, 0x0E, 0x00, 0x17, 0x0C, 0x0E, 0x00
	.byte 0x18, 0x0C, 0x0E, 0x00, 0x19, 0x0C, 0x0E, 0x00, 0x1A, 0x0C, 0x0E, 0x00, 0x1B, 0x0C, 0x0D, 0x04
	.byte 0x02, 0x0D, 0x0F, 0x00, 0x03, 0x0D, 0x10, 0x00, 0x04, 0x0D, 0x10, 0x00, 0x05, 0x0D, 0x10, 0x00
	.byte 0x06, 0x0D, 0x10, 0x00, 0x07, 0x0D, 0x10, 0x00, 0x08, 0x0D, 0x10, 0x00, 0x09, 0x0D, 0x10, 0x00
	.byte 0x0A, 0x0D, 0x10, 0x00, 0x0B, 0x0D, 0x10, 0x00, 0x0C, 0x0D, 0x10, 0x00, 0x0D, 0x0D, 0x10, 0x00
	.byte 0x0E, 0x0D, 0x10, 0x00, 0x0F, 0x0D, 0x10, 0x00, 0x10, 0x0D, 0x10, 0x00, 0x11, 0x0D, 0x10, 0x00
	.byte 0x12, 0x0D, 0x10, 0x00, 0x13, 0x0D, 0x10, 0x00, 0x14, 0x0D, 0x10, 0x00, 0x15, 0x0D, 0x10, 0x00
	.byte 0x16, 0x0D, 0x10, 0x00, 0x17, 0x0D, 0x10, 0x00, 0x18, 0x0D, 0x10, 0x00, 0x19, 0x0D, 0x10, 0x00
	.byte 0x1A, 0x0D, 0x10, 0x00, 0x1B, 0x0D, 0x0F, 0x04, 0x02, 0x0E, 0x11, 0x00, 0x03, 0x0E, 0x12, 0x00
	.byte 0x04, 0x0E, 0x04, 0x00, 0x05, 0x0E, 0x04, 0x00, 0x06, 0x0E, 0x12, 0x04, 0x07, 0x0E, 0x13, 0x00
	.byte 0x08, 0x0E, 0x12, 0x00, 0x09, 0x0E, 0x04, 0x00, 0x0A, 0x0E, 0x04, 0x00, 0x0B, 0x0E, 0x12, 0x04
	.byte 0x0C, 0x0E, 0x13, 0x00, 0x0D, 0x0E, 0x12, 0x00, 0x0E, 0x0E, 0x04, 0x00, 0x0F, 0x0E, 0x04, 0x00
	.byte 0x10, 0x0E, 0x12, 0x04, 0x11, 0x0E, 0x13, 0x00, 0x12, 0x0E, 0x12, 0x00, 0x13, 0x0E, 0x04, 0x00
	.byte 0x14, 0x0E, 0x04, 0x00, 0x15, 0x0E, 0x12, 0x04, 0x16, 0x0E, 0x13, 0x00, 0x17, 0x0E, 0x12, 0x00
	.byte 0x18, 0x0E, 0x04, 0x00, 0x19, 0x0E, 0x04, 0x00, 0x1A, 0x0E, 0x12, 0x04, 0x1B, 0x0E, 0x11, 0x04
	.byte 0x02, 0x0F, 0x14, 0x00, 0x03, 0x0F, 0x15, 0x00, 0x04, 0x0F, 0x08, 0x00, 0x05, 0x0F, 0x08, 0x00
	.byte 0x06, 0x0F, 0x15, 0x04, 0x07, 0x0F, 0x16, 0x00, 0x08, 0x0F, 0x15, 0x00, 0x09, 0x0F, 0x08, 0x00
	.byte 0x0A, 0x0F, 0x08, 0x00, 0x0B, 0x0F, 0x15, 0x04, 0x0C, 0x0F, 0x16, 0x00, 0x0D, 0x0F, 0x15, 0x00
	.byte 0x0E, 0x0F, 0x08, 0x00, 0x0F, 0x0F, 0x08, 0x00, 0x10, 0x0F, 0x15, 0x04, 0x11, 0x0F, 0x16, 0x00
	.byte 0x12, 0x0F, 0x15, 0x00, 0x13, 0x0F, 0x08, 0x00, 0x14, 0x0F, 0x08, 0x00, 0x15, 0x0F, 0x15, 0x04
	.byte 0x16, 0x0F, 0x16, 0x00, 0x17, 0x0F, 0x15, 0x00, 0x18, 0x0F, 0x08, 0x00, 0x19, 0x0F, 0x08, 0x00
	.byte 0x1A, 0x0F, 0x15, 0x04, 0x1B, 0x0F, 0x14, 0x04, 0x02, 0x10, 0x06, 0x00, 0x03, 0x10, 0x17, 0x00
	.byte 0x04, 0x10, 0x04, 0x08, 0x05, 0x10, 0x04, 0x08, 0x06, 0x10, 0x17, 0x04, 0x07, 0x10, 0x09, 0x00
	.byte 0x08, 0x10, 0x17, 0x00, 0x09, 0x10, 0x04, 0x08, 0x0A, 0x10, 0x04, 0x08, 0x0B, 0x10, 0x17, 0x04
	.byte 0x0C, 0x10, 0x09, 0x00, 0x0D, 0x10, 0x17, 0x00, 0x0E, 0x10, 0x04, 0x08, 0x0F, 0x10, 0x04, 0x08
	.byte 0x10, 0x10, 0x17, 0x04, 0x11, 0x10, 0x09, 0x00, 0x12, 0x10, 0x17, 0x00, 0x13, 0x10, 0x04, 0x08
	.byte 0x14, 0x10, 0x04, 0x08, 0x15, 0x10, 0x17, 0x04, 0x16, 0x10, 0x09, 0x00, 0x17, 0x10, 0x17, 0x00
	.byte 0x18, 0x10, 0x04, 0x08, 0x19, 0x10, 0x04, 0x08, 0x1A, 0x10, 0x17, 0x04, 0x1B, 0x10, 0x06, 0x04
	.byte 0x02, 0x11, 0x18, 0x00, 0x03, 0x11, 0x19, 0x00, 0x04, 0x11, 0x19, 0x00, 0x05, 0x11, 0x19, 0x00
	.byte 0x06, 0x11, 0x19, 0x00, 0x07, 0x11, 0x19, 0x00, 0x08, 0x11, 0x19, 0x00, 0x09, 0x11, 0x19, 0x00
	.byte 0x0A, 0x11, 0x19, 0x00, 0x0B, 0x11, 0x19, 0x00, 0x0C, 0x11, 0x19, 0x00, 0x0D, 0x11, 0x19, 0x00
	.byte 0x0E, 0x11, 0x19, 0x00, 0x0F, 0x11, 0x19, 0x00, 0x10, 0x11, 0x19, 0x00, 0x11, 0x11, 0x19, 0x00
	.byte 0x12, 0x11, 0x19, 0x00, 0x13, 0x11, 0x19, 0x00, 0x14, 0x11, 0x19, 0x00, 0x15, 0x11, 0x19, 0x00
	.byte 0x16, 0x11, 0x19, 0x00, 0x17, 0x11, 0x19, 0x00, 0x18, 0x11, 0x19, 0x00, 0x19, 0x11, 0x19, 0x00
	.byte 0x1A, 0x11, 0x19, 0x00, 0x1B, 0x11, 0x18, 0x04, 0x10, 0x00, 0x10, 0x00, 0x10, 0x00, 0x10, 0x00
	.byte 0xE0, 0x83, 0x00, 0x00, 0x00, 0x00, 0x00, 0x00, 0x00, 0x00, 0x00, 0x00, 0x00, 0x00, 0xE0, 0xFD
	.byte 0x7B, 0x86, 0xBC, 0x8A, 0xFF, 0xFF, 0xE0, 0xFD, 0x1D, 0x13, 0x5D, 0x23, 0xBE, 0x43, 0xFF, 0xFF
	.byte 0x31, 0x00, 0x31, 0x00, 0x31, 0x00, 0x31, 0x00, 0xEE, 0xEE, 0xEE, 0xEE, 0xEE, 0xEE, 0xEE, 0xEE
	.byte 0xEE, 0xEE, 0xEE, 0xEE, 0xEE, 0xEE, 0xEE, 0xEE, 0xAA, 0xAA, 0xAA, 0xAA, 0xEE, 0xEE, 0xEE, 0xEE
	.byte 0xEE, 0xEE, 0xEE, 0xEE, 0xEE, 0xEE, 0xEE, 0xEE, 0xEE, 0xEE, 0xEE, 0xEE, 0xEE, 0xEE, 0xEE, 0xEE
	.byte 0xEE, 0xEE, 0xEE, 0xEE, 0xAA, 0xAA, 0xAA, 0xAA, 0xAA, 0xAA, 0xAA, 0xAA, 0xAA, 0xAA, 0xAA, 0xAA
	.byte 0xAA, 0xAA, 0xAA, 0xAA, 0xAA, 0xAA, 0xAA, 0xAA, 0xEE, 0xEE, 0xEE, 0xEE, 0xAA, 0xAA, 0xAA, 0xAA
	.byte 0xAA, 0xAA, 0xAA, 0xAA, 0xAA, 0xAA, 0xAA, 0xAA, 0xAA, 0xAA, 0xAA, 0xAA, 0xEE, 0xEE, 0xEE, 0xEE
	.byte 0xEE, 0xEE, 0xEE, 0xEE, 0xEE, 0xEE, 0xEE, 0xEE, 0xAA, 0xAA, 0xAA, 0xAA, 0xDA, 0xDD, 0xDD, 0xDD
	.byte 0xDA, 0xDD, 0xDD, 0xDD, 0xDA, 0xDD, 0xDD, 0xDD, 0xDA, 0xDD, 0xAD, 0xAA, 0xCA, 0xCC, 0xAC, 0x77
	.byte 0xCA, 0xCC, 0xAC, 0x77, 0xCA, 0xCC, 0xAC, 0x77, 0xAA, 0xAA, 0xAA, 0xAA, 0xDD, 0xDD, 0xDD, 0xDD
	.byte 0xDD, 0xDD, 0xDD, 0xDD, 0xDD, 0xDD, 0xDD, 0xDD, 0xAA, 0xAA, 0xAA, 0xAA, 0x77, 0x77, 0x77, 0x77
	.byte 0x77, 0x77, 0x77, 0x77, 0x77, 0x77, 0x77, 0x77, 0xAA, 0xAA, 0xAA, 0xAA, 0xDD, 0xDD, 0xDD, 0xDD
	.byte 0xDD, 0xDD, 0xDD, 0xDD, 0xDD, 0xDD, 0xDD, 0xDD, 0xAA, 0xAA, 0xDA, 0xDD, 0x77, 0x77, 0xCA, 0xCC
	.byte 0x77, 0x77, 0xCA, 0xCC, 0x77, 0x77, 0xCA, 0xCC, 0xAA, 0xAA, 0xAA, 0xAA, 0xDD, 0xDD, 0xDD, 0xDD
	.byte 0xDD, 0xDD, 0xDD, 0xDD, 0xDD, 0xDD, 0xDD, 0xDD, 0xDD, 0xDD, 0xDD, 0xDD, 0xCC, 0xCC, 0xCC, 0xCC
	.byte 0xCC, 0xCC, 0xCC, 0xCC, 0xCC, 0xCC, 0xCC, 0xCC, 0xAA, 0xAA, 0xAA, 0xAA, 0xDD, 0xDD, 0xDD, 0xAD
	.byte 0xDD, 0xDD, 0xDD, 0xAD, 0xDD, 0xDD, 0xDD, 0xAD, 0xDD, 0xDD, 0xDD, 0xAD, 0xCC, 0xCC, 0xCC, 0xAC
	.byte 0xCC, 0xCC, 0xCC, 0xAC, 0xCC, 0xCC, 0xCC, 0xAC, 0xAA, 0xAA, 0xAA, 0xAA, 0xAA, 0xAA, 0xAA, 0xAA
	.byte 0xAA, 0xAA, 0xAA, 0xAA, 0xAA, 0xAA, 0xAA, 0xAA, 0xEE, 0xEE, 0xEE, 0xEE, 0xAA, 0xAA, 0xAA, 0xAA
	.byte 0xAA, 0xAA, 0xAA, 0xAA, 0xAA, 0xAA, 0xAA, 0xAA, 0xDA, 0xDD, 0xAD, 0x77, 0xDA, 0xDD, 0xAD, 0x77
	.byte 0xDA, 0xDD, 0xAD, 0x77, 0xDA, 0xDD, 0xAD, 0x77, 0xCA, 0xCC, 0xAC, 0x77, 0xDA, 0xDD, 0xAD, 0x77
	.byte 0xDA, 0xDD, 0xAD, 0x77, 0xDA, 0xDD, 0xAD, 0x77, 0x77, 0x77, 0x77, 0x77, 0x77, 0x77, 0x77, 0x77
	.byte 0x77, 0x77, 0x77, 0x77, 0x77, 0x77, 0x77, 0x77, 0x77, 0x77, 0x77, 0x77, 0x77, 0x77, 0x77, 0x77
	.byte 0x77, 0x77, 0x77, 0x77, 0x77, 0x77, 0x77, 0x77, 0x77, 0x77, 0xDA, 0xDD, 0x77, 0x77, 0xDA, 0xDD
	.byte 0x77, 0x77, 0xDA, 0xDD, 0x77, 0x77, 0xDA, 0xDD, 0x77, 0x77, 0xCA, 0xCC, 0x77, 0x77, 0xDA, 0xDD
	.byte 0x77, 0x77, 0xDA, 0xDD, 0x77, 0x77, 0xDA, 0xDD, 0xDD, 0xDD, 0xDD, 0xDD, 0xDD, 0xDD, 0xDD, 0xDD
	.byte 0xDD, 0xDD, 0xDD, 0xDD, 0xDD, 0xDD, 0xDD, 0xDD, 0xCC, 0xCC, 0xCC, 0xCC, 0xDD, 0xDD, 0xDD, 0xDD
	.byte 0xDD, 0xDD, 0xDD, 0xDD, 0xDD, 0xDD, 0xDD, 0xDD, 0xDD, 0xDD, 0xDD, 0xAD, 0xDD, 0xDD, 0xDD, 0xAD
	.byte 0xDD, 0xDD, 0xDD, 0xAD, 0xDD, 0xDD, 0xDD, 0xAD, 0xCC, 0xCC, 0xCC, 0xAC, 0xDD, 0xDD, 0xDD, 0xAD
	.byte 0xDD, 0xDD, 0xDD, 0xAD, 0xDD, 0xDD, 0xDD, 0xAD, 0xAA, 0xAA, 0xAA, 0xAA, 0xAA, 0xAA, 0xAA, 0xAA
	.byte 0xAA, 0xAA, 0xAA, 0xAA, 0xEE, 0xEE, 0xEE, 0xEE, 0xEE, 0xEE, 0xEE, 0xEE, 0xEE, 0xEE, 0xEE, 0xEE
	.byte 0xEE, 0xEE, 0xEE, 0xEE, 0xEE, 0xEE, 0xEE, 0xEE, 0xDA, 0xDD, 0xAD, 0x77, 0xDA, 0xDD, 0xAD, 0x77
	.byte 0xDA, 0xDD, 0xAD, 0x77, 0xCA, 0xCC, 0xAC, 0x77, 0xCA, 0xCC, 0xAC, 0x77, 0xCA, 0xCC, 0xAC, 0x77
	.byte 0xCA, 0xCC, 0xAC, 0x77, 0xCA, 0xCC, 0xAC, 0x77, 0x77, 0x77, 0xDA, 0xDD, 0x77, 0x77, 0xDA, 0xDD
	.byte 0x77, 0x77, 0xDA, 0xDD, 0x77, 0x77, 0xCA, 0xCC, 0x77, 0x77, 0xCA, 0xCC, 0x77, 0x77, 0xCA, 0xCC
	.byte 0x77, 0x77, 0xCA, 0xCC, 0x77, 0x77, 0xCA, 0xCC, 0xDD, 0xDD, 0xDD, 0xDD, 0xDD, 0xDD, 0xDD, 0xDD
	.byte 0xDD, 0xDD, 0xDD, 0xDD, 0xCC, 0xCC, 0xCC, 0xCC, 0xCC, 0xCC, 0xCC, 0xCC, 0xCC, 0xCC, 0xCC, 0xCC
	.byte 0xCC, 0xCC, 0xCC, 0xCC, 0xCC, 0xCC, 0xCC, 0xCC, 0xDD, 0xDD, 0xDD, 0xAD, 0xDD, 0xDD, 0xDD, 0xAD
	.byte 0xDD, 0xDD, 0xDD, 0xAD, 0xCC, 0xCC, 0xCC, 0xAC, 0xCC, 0xCC, 0xCC, 0xAC, 0xCC, 0xCC, 0xCC, 0xAC
	.byte 0xCC, 0xCC, 0xCC, 0xAC, 0xCC, 0xCC, 0xCC, 0xAC, 0xAA, 0xAA, 0xAA, 0xAA, 0xEE, 0xEE, 0xEE, 0xEE
	.byte 0xEE, 0xEE, 0xEE, 0xEE, 0xEE, 0xEE, 0xEE, 0xEE, 0xEE, 0xEE, 0xEE, 0xEE, 0xEE, 0xEE, 0xEE, 0xEE
	.byte 0xAA, 0xAA, 0xAA, 0xAA, 0xAA, 0xAA, 0xAA, 0xAA, 0xDA, 0xDD, 0xAD, 0x77, 0xCA, 0xCC, 0xAC, 0x77
	.byte 0xCA, 0xCC, 0xAC, 0x77, 0xCA, 0xCC, 0xAC, 0xAA, 0xCA, 0xCC, 0xCC, 0xCC, 0xCA, 0xCC, 0xCC, 0xCC
	.byte 0xDA, 0xDD, 0xDD, 0xDD, 0xAA, 0xAA, 0xAA, 0xAA, 0x77, 0x77, 0x77, 0x77, 0x77, 0x77, 0x77, 0x77
	.byte 0x77, 0x77, 0x77, 0x77, 0xAA, 0xAA, 0xAA, 0xAA, 0xCC, 0xCC, 0xCC, 0xCC, 0xCC, 0xCC, 0xCC, 0xCC
	.byte 0xDD, 0xDD, 0xDD, 0xDD, 0xAA, 0xAA, 0xAA, 0xAA, 0x77, 0x77, 0xDA, 0xDD, 0x77, 0x77, 0xCA, 0xCC
	.byte 0x77, 0x77, 0xCA, 0xCC, 0xAA, 0xAA, 0xCA, 0xCC, 0xCC, 0xCC, 0xCC, 0xCC, 0xCC, 0xCC, 0xCC, 0xCC
	.byte 0xDD, 0xDD, 0xDD, 0xDD, 0xAA, 0xAA, 0xAA, 0xAA, 0xDD, 0xDD, 0xDD, 0xDD, 0xCC, 0xCC, 0xCC, 0xCC
	.byte 0xCC, 0xCC, 0xCC, 0xCC, 0xCC, 0xCC, 0xCC, 0xCC, 0xCC, 0xCC, 0xCC, 0xCC, 0xCC, 0xCC, 0xCC, 0xCC
	.byte 0xDD, 0xDD, 0xDD, 0xDD, 0xAA, 0xAA, 0xAA, 0xAA, 0xDD, 0xDD, 0xDD, 0xAD, 0xCC, 0xCC, 0xCC, 0xAC
	.byte 0xCC, 0xCC, 0xCC, 0xAC, 0xCC, 0xCC, 0xCC, 0xAC, 0xCC, 0xCC, 0xCC, 0xAC, 0xCC, 0xCC, 0xCC, 0xAC
	.byte 0xDD, 0xDD, 0xDD, 0xAD, 0xAA, 0xAA, 0xAA, 0xAA, 0xEE, 0xEE, 0xEE, 0xEE, 0xEE, 0xEE, 0xEE, 0xEE
	.byte 0xEE, 0xEE, 0xEE, 0xEE, 0xEE, 0xEE, 0xEE, 0xEE, 0xEE, 0xEE, 0xEE, 0xEE, 0xAA, 0xAA, 0xAA, 0xAA
	.byte 0xEE, 0xEE, 0xEE, 0xEE, 0xEE, 0xEE, 0xEE, 0xEE, 0xAA, 0xAA, 0xAA, 0xAA, 0xAA, 0xAA, 0xAA, 0xAA
	.byte 0xAA, 0xAA, 0xAA, 0xAA, 0xAA, 0xAA, 0xAA, 0xAA, 0xAA, 0xAA, 0xAA, 0xAA, 0xAA, 0xAA, 0xAA, 0xAA
	.byte 0xAA, 0xAA, 0xAA, 0xAA, 0xAA, 0xAA, 0xAA, 0xAA, 0xAA, 0xAA, 0xAA, 0xAA, 0xDA, 0xDD, 0xDD, 0xDD
	.byte 0xDA, 0xDD, 0xDD, 0xDD, 0xDA, 0xDD, 0xDD, 0xDD, 0xDA, 0xDD, 0xDD, 0xDD, 0xDA, 0xDD, 0xDD, 0xDD
	.byte 0xDA, 0xDD, 0xDD, 0xDD, 0xDA, 0xDD, 0xDD, 0xDD, 0xAA, 0xAA, 0xAA, 0xAA, 0xDD, 0xDD, 0xDD, 0xDD
	.byte 0xDD, 0xDD, 0xDD, 0xDD, 0xDD, 0xDD, 0xDD, 0xDD, 0xDD, 0xDD, 0xDD, 0xDD, 0xDD, 0xDD, 0xDD, 0xDD
	.byte 0xDD, 0xDD, 0xDD, 0xDD, 0xDD, 0xDD, 0xDD, 0xDD, 0xAA, 0xAA, 0xAA, 0xAA, 0xAA, 0xAA, 0xAA, 0xAA
	.byte 0xAA, 0xAA, 0xAA, 0xAA, 0xEE, 0xEE, 0xEE, 0xEE, 0xEE, 0xEE, 0xEE, 0xEE, 0xEE, 0xEE, 0xEE, 0xEE
	.byte 0xAA, 0xAA, 0xAA, 0xAA, 0xAA, 0xAA, 0xAA, 0xAA, 0xDA, 0xDD, 0xDD, 0xDD, 0xDA, 0xDD, 0xDD, 0xDD
	.byte 0xDA, 0xDD, 0xDD, 0xDD, 0xCA, 0xCC, 0xCC, 0xCC, 0xCA, 0xCC, 0xCC, 0xCC, 0xCA, 0xCC, 0xCC, 0xCC
	.byte 0xDA, 0xDD, 0xDD, 0xDD, 0xDA, 0xDD, 0xDD, 0xDD, 0xDD, 0xDD, 0xDD, 0xDD, 0xDD, 0xDD, 0xDD, 0xDD
	.byte 0xDD, 0xDD, 0xDD, 0xDD, 0xCC, 0xCC, 0xCC, 0xCC, 0xCC, 0xCC, 0xCC, 0xCC, 0xCC, 0xCC, 0xCC, 0xCC
	.byte 0xDD, 0xDD, 0xDD, 0xDD, 0xDD, 0xDD, 0xDD, 0xDD, 0xDA, 0xDD, 0xDD, 0xDD, 0xDA, 0xDD, 0xDD, 0xDD
	.byte 0xDA, 0xDD, 0xDD, 0xDD, 0xDA, 0xDD, 0xDD, 0xDD, 0xDA, 0xDD, 0xDD, 0xDD, 0xDA, 0xDD, 0xDD, 0xDD
	.byte 0xDA, 0xDD, 0xDD, 0xDD, 0xDA, 0xDD, 0xDD, 0xDD, 0xDD, 0xDD, 0xDD, 0xDD, 0xDD, 0xDD, 0xDD, 0xDD
	.byte 0xDD, 0xDD, 0xDD, 0xDD, 0xDD, 0xDD, 0xDD, 0xDD, 0xDD, 0xDD, 0xDD, 0xDD, 0xDD, 0xDD, 0xDD, 0xDD
	.byte 0xDD, 0xDD, 0xDD, 0xDD, 0xDD, 0xDD, 0xDD, 0xDD, 0xDA, 0xDD, 0xDD, 0xDD, 0xDA, 0xDD, 0xDD, 0xDD
	.byte 0xDA, 0xDD, 0xDD, 0xDD, 0xDA, 0xDD, 0xDD, 0xDD, 0xDA, 0xDD, 0xDD, 0xDD, 0xCA, 0xCC, 0xCC, 0xCC
	.byte 0xCA, 0xCC, 0xCC, 0xCC, 0xCA, 0xCC, 0xCC, 0xCC, 0xDD, 0xDD, 0xDD, 0xDD, 0xDD, 0xDD, 0xDD, 0xDD
	.byte 0xDD, 0xDD, 0xDD, 0xDD, 0xDD, 0xDD, 0xDD, 0xDD, 0xDD, 0xDD, 0xDD, 0xDD, 0xCC, 0xCC, 0xCC, 0xCC
	.byte 0xCC, 0xCC, 0xCC, 0xCC, 0xCC, 0xCC, 0xCC, 0xCC, 0xCA, 0xCC, 0xCC, 0xCC, 0xCA, 0xCC, 0xCC, 0xCC
	.byte 0xCA, 0xCC, 0xCC, 0xCC, 0xCA, 0xCC, 0xCC, 0xCC, 0xCA, 0xCC, 0xCC, 0xCC, 0xDA, 0xDD, 0xDD, 0xDD
	.byte 0xCA, 0xCC, 0xCC, 0xCC, 0xCA, 0xCC, 0xCC, 0xCC, 0xCC, 0xCC, 0xCC, 0xCC, 0xCC, 0xCC, 0xCC, 0xCC
	.byte 0xCC, 0xCC, 0xCC, 0xCC, 0xCC, 0xCC, 0xCC, 0xCC, 0xCC, 0xCC, 0xCC, 0xCC, 0xDD, 0xDD, 0xDD, 0xDD
	.byte 0xCC, 0xCC, 0xCC, 0xCC, 0xCC, 0xCC, 0xCC, 0xCC, 0xAA, 0xAA, 0xAA, 0xAA, 0xAA, 0xAA, 0xAA, 0xAA
	.byte 0xAA, 0xAA, 0xAA, 0xAA, 0xAA, 0xAA, 0xAA, 0xAA, 0xAA, 0xAA, 0xAA, 0xAA, 0xAA, 0xAA, 0xAA, 0xAA
	.byte 0xEE, 0xEE, 0xEE, 0xEE, 0xEE, 0xEE, 0xEE, 0xEE, 0xDA, 0xDD, 0xDD, 0xDD, 0xDA, 0xDD, 0xDD, 0xDD
	.byte 0xDA, 0xDD, 0xDD, 0xDD, 0xDA, 0xDD, 0xDD, 0xDD, 0xDA, 0xDD, 0xDD, 0xDD, 0xDA, 0xDD, 0xDD, 0xDD
	.byte 0xCA, 0xCC, 0xCC, 0xCC, 0xCA, 0xCC, 0xCC, 0xCC, 0xDD, 0xDD, 0xDD, 0xDD, 0xDD, 0xDD, 0xDD, 0xDD
	.byte 0xDD, 0xDD, 0xDD, 0xDD, 0xDD, 0xDD, 0xDD, 0xDD, 0xDD, 0xDD, 0xDD, 0xDD, 0xDD, 0xDD, 0xDD, 0xDD
	.byte 0xCC, 0xCC, 0xCC, 0xCC, 0xCC, 0xCC, 0xCC, 0xCC, 0xCA, 0xCC, 0xCC, 0xCC, 0xDA, 0xDD, 0xDD, 0xDD
	.byte 0xDA, 0xDD, 0xDD, 0xDD, 0xDA, 0xDD, 0xDD, 0xDD, 0xDA, 0xDD, 0xDD, 0xDD, 0xCA, 0xCC, 0xCC, 0xCC
	.byte 0xCA, 0xCC, 0xCC, 0xCC, 0xCA, 0xCC, 0xCC, 0xCC, 0xCC, 0xCC, 0xCC, 0xCC, 0xDD, 0xDD, 0xDD, 0xDD
	.byte 0xDD, 0xDD, 0xDD, 0xDD, 0xDD, 0xDD, 0xDD, 0xDD, 0xDD, 0xDD, 0xDD, 0xDD, 0xCC, 0xCC, 0xCC, 0xCC
	.byte 0xCC, 0xCC, 0xCC, 0xCC, 0xCC, 0xCC, 0xCC, 0xCC, 0xEE, 0xEE, 0xEE, 0xEE, 0xEE, 0xEE, 0xEE, 0xEE
	.byte 0xEE, 0xEE, 0xEE, 0xEE, 0xEE, 0xEE, 0xEE, 0xEE, 0xEE, 0xEE, 0xEE, 0xEE, 0xEE, 0xEE, 0xEE, 0xEE
	.byte 0xEE, 0xEE, 0xEE, 0xEE, 0xEE, 0xEE, 0xEE, 0xEE, 0xCA, 0xCC, 0xCC, 0xCC, 0xCA, 0xCC, 0xCC, 0xCC
	.byte 0xCA, 0xCC, 0xCC, 0xCC, 0xCA, 0xCC, 0xCC, 0xCC, 0xCA, 0xCC, 0xCC, 0xCC, 0xCA, 0xCC, 0xCC, 0xCC
	.byte 0xCA, 0xCC, 0xCC, 0xCC, 0xCA, 0xCC, 0xCC, 0xCC, 0xCC, 0xCC, 0xCC, 0xCC, 0xCC, 0xCC, 0xCC, 0xCC
	.byte 0xCC, 0xCC, 0xCC, 0xCC, 0xCC, 0xCC, 0xCC, 0xCC, 0xCC, 0xCC, 0xCC, 0xCC, 0xCC, 0xCC, 0xCC, 0xCC
	.byte 0xCC, 0xCC, 0xCC, 0xCC, 0xCC, 0xCC, 0xCC, 0xCC, 0xCA, 0xCC, 0xCC, 0xCC, 0xCA, 0xCC, 0xCC, 0xCC
	.byte 0xCA, 0xCC, 0xCC, 0xCC, 0xDA, 0xDD, 0xDD, 0xDD, 0xDA, 0xDD, 0xDD, 0xDD, 0xDA, 0xDD, 0xDD, 0xDD
	.byte 0xDA, 0xDD, 0xDD, 0xDD, 0xAA, 0xAA, 0xAA, 0xAA, 0xAA, 0xAA, 0xAA, 0xAA, 0xAA, 0xAA, 0xAA, 0xAA
	.byte 0xAA, 0xAA, 0xAA, 0xAA, 0xEE, 0xEE, 0xEE, 0xEE, 0xEE, 0xEE, 0xEE, 0xEE, 0xEE, 0xEE, 0xEE, 0xEE
	.byte 0xEE, 0xEE, 0xEE, 0xEE, 0xAA, 0xAA, 0xAA, 0xAA, 0xEE, 0xEE, 0xEE, 0xEE, 0xEE, 0xEE, 0xEE, 0xEE
	.byte 0xEE, 0xEE, 0xEE, 0xEE, 0xEE, 0xEE, 0xEE, 0xEE, 0xEE, 0xEE, 0xEE, 0xEE, 0xEE, 0xEE, 0xEE, 0xEE
	.byte 0xAA, 0xAA, 0xAA, 0xAA, 0xAA, 0xAA, 0xAA, 0xAA, 0x58, 0x02, 0x58, 0x02, 0x58, 0x02, 0x58, 0x02
	.byte 0x00, 0x00, 0x00, 0x00, 0x01, 0x00, 0x00, 0x00, 0x02, 0x00, 0x00, 0x00, 0x03, 0x00, 0x00, 0x00
	.byte 0x04, 0x00, 0x00, 0x00, 0x05, 0x00, 0x00, 0x00, 0x06, 0x00, 0x00, 0x00, 0x07, 0x00, 0x00, 0x00
	.byte 0x08, 0x00, 0x00, 0x00, 0x09, 0x00, 0x00, 0x00, 0x0A, 0x00, 0x00, 0x00, 0x0B, 0x00, 0x00, 0x00
	.byte 0x0C, 0x00, 0x00, 0x00, 0x0D, 0x00, 0x00, 0x00, 0x0E, 0x00, 0x00, 0x00, 0x0F, 0x00, 0x00, 0x00
	.byte 0x10, 0x00, 0x00, 0x00, 0x11, 0x00, 0x00, 0x00, 0x12, 0x00, 0x00, 0x00, 0x13, 0x00, 0x00, 0x00
	.byte 0x14, 0x00, 0x00, 0x00, 0x15, 0x00, 0x00, 0x00, 0x16, 0x00, 0x00, 0x00, 0x17, 0x00, 0x00, 0x00
	.byte 0x18, 0x00, 0x00, 0x00, 0x19, 0x00, 0x00, 0x00, 0x1A, 0x00, 0x00, 0x00, 0x1B, 0x00, 0x00, 0x00
	.byte 0x1C, 0x00, 0x00, 0x00, 0x1D, 0x00, 0x00, 0x00, 0x00, 0x01, 0x01, 0x00, 0x01, 0x01, 0x01, 0x00
	.byte 0x02, 0x01, 0x01, 0x00, 0x03, 0x01, 0x01, 0x00, 0x04, 0x01, 0x01, 0x00, 0x05, 0x01, 0x01, 0x00
	.byte 0x06, 0x01, 0x01, 0x00, 0x07, 0x01, 0x01, 0x00, 0x08, 0x01, 0x01, 0x00, 0x09, 0x01, 0x01, 0x00
	.byte 0x0A, 0x01, 0x01, 0x00, 0x0B, 0x01, 0x01, 0x00, 0x0C, 0x01, 0x01, 0x00, 0x0D, 0x01, 0x01, 0x00
	.byte 0x0E, 0x01, 0x01, 0x00, 0x0F, 0x01, 0x01, 0x00, 0x10, 0x01, 0x01, 0x00, 0x11, 0x01, 0x01, 0x00
	.byte 0x12, 0x01, 0x01, 0x00, 0x13, 0x01, 0x01, 0x00, 0x14, 0x01, 0x01, 0x00, 0x15, 0x01, 0x01, 0x00
	.byte 0x16, 0x01, 0x01, 0x00, 0x17, 0x01, 0x01, 0x00, 0x18, 0x01, 0x01, 0x00, 0x19, 0x01, 0x01, 0x00
	.byte 0x1A, 0x01, 0x01, 0x00, 0x1B, 0x01, 0x01, 0x00, 0x1C, 0x01, 0x01, 0x00, 0x1D, 0x01, 0x01, 0x00
	.byte 0x00, 0x02, 0x02, 0x00, 0x01, 0x02, 0x02, 0x00, 0x02, 0x02, 0x02, 0x00, 0x03, 0x02, 0x03, 0x00
	.byte 0x04, 0x02, 0x04, 0x00, 0x05, 0x02, 0x04, 0x00, 0x06, 0x02, 0x05, 0x00, 0x07, 0x02, 0x06, 0x00
	.byte 0x08, 0x02, 0x06, 0x00, 0x09, 0x02, 0x06, 0x00, 0x0A, 0x02, 0x06, 0x00, 0x0B, 0x02, 0x06, 0x00
	.byte 0x0C, 0x02, 0x06, 0x00, 0x0D, 0x02, 0x06, 0x00, 0x0E, 0x02, 0x06, 0x00, 0x0F, 0x02, 0x06, 0x00
	.byte 0x10, 0x02, 0x06, 0x00, 0x11, 0x02, 0x06, 0x00, 0x12, 0x02, 0x06, 0x00, 0x13, 0x02, 0x06, 0x00
	.byte 0x14, 0x02, 0x06, 0x00, 0x15, 0x02, 0x06, 0x00, 0x16, 0x02, 0x06, 0x00, 0x17, 0x02, 0x06, 0x00
	.byte 0x18, 0x02, 0x06, 0x00, 0x19, 0x02, 0x06, 0x00, 0x1A, 0x02, 0x07, 0x00, 0x1B, 0x02, 0x02, 0x00
	.byte 0x1C, 0x02, 0x02, 0x00, 0x1D, 0x02, 0x02, 0x00, 0x00, 0x03, 0x08, 0x00, 0x01, 0x03, 0x08, 0x00
	.byte 0x02, 0x03, 0x08, 0x00, 0x03, 0x03, 0x09, 0x00, 0x04, 0x03, 0x0A, 0x00, 0x05, 0x03, 0x0A, 0x00
	.byte 0x06, 0x03, 0x0B, 0x00, 0x07, 0x03, 0x0C, 0x00, 0x08, 0x03, 0x0C, 0x00, 0x09, 0x03, 0x0C, 0x00
	.byte 0x0A, 0x03, 0x0C, 0x00, 0x0B, 0x03, 0x0C, 0x00, 0x0C, 0x03, 0x0C, 0x00, 0x0D, 0x03, 0x0C, 0x00
	.byte 0x0E, 0x03, 0x0C, 0x00, 0x0F, 0x03, 0x0C, 0x00, 0x10, 0x03, 0x0C, 0x00, 0x11, 0x03, 0x0C, 0x00
	.byte 0x12, 0x03, 0x0C, 0x00, 0x13, 0x03, 0x0C, 0x00, 0x14, 0x03, 0x0C, 0x00, 0x15, 0x03, 0x0C, 0x00
	.byte 0x16, 0x03, 0x0C, 0x00, 0x17, 0x03, 0x0C, 0x00, 0x18, 0x03, 0x0C, 0x00, 0x19, 0x03, 0x0C, 0x00
	.byte 0x1A, 0x03, 0x0D, 0x00, 0x1B, 0x03, 0x08, 0x00, 0x1C, 0x03, 0x08, 0x00, 0x1D, 0x03, 0x08, 0x00
	.byte 0x00, 0x04, 0x0E, 0x00, 0x01, 0x04, 0x0E, 0x00, 0x02, 0x04, 0x0E, 0x00, 0x03, 0x04, 0x0F, 0x00
	.byte 0x04, 0x04, 0x0A, 0x00, 0x05, 0x04, 0x0A, 0x00, 0x06, 0x04, 0x10, 0x00, 0x07, 0x04, 0x11, 0x00
	.byte 0x08, 0x04, 0x11, 0x00, 0x09, 0x04, 0x11, 0x00, 0x0A, 0x04, 0x11, 0x00, 0x0B, 0x04, 0x11, 0x00
	.byte 0x0C, 0x04, 0x11, 0x00, 0x0D, 0x04, 0x11, 0x00, 0x0E, 0x04, 0x11, 0x00, 0x0F, 0x04, 0x11, 0x00
	.byte 0x10, 0x04, 0x11, 0x00, 0x11, 0x04, 0x11, 0x00, 0x12, 0x04, 0x11, 0x00, 0x13, 0x04, 0x11, 0x00
	.byte 0x14, 0x04, 0x11, 0x00, 0x15, 0x04, 0x11, 0x00, 0x16, 0x04, 0x11, 0x00, 0x17, 0x04, 0x11, 0x00
	.byte 0x18, 0x04, 0x11, 0x00, 0x19, 0x04, 0x11, 0x00, 0x1A, 0x04, 0x12, 0x00, 0x1B, 0x04, 0x0E, 0x00
	.byte 0x1C, 0x04, 0x0E, 0x00, 0x1D, 0x04, 0x0E, 0x00, 0x00, 0x05, 0x13, 0x00, 0x01, 0x05, 0x13, 0x00
	.byte 0x02, 0x05, 0x13, 0x00, 0x03, 0x05, 0x14, 0x00, 0x04, 0x05, 0x15, 0x00, 0x05, 0x05, 0x15, 0x00
	.byte 0x06, 0x05, 0x16, 0x00, 0x07, 0x05, 0x17, 0x00, 0x08, 0x05, 0x17, 0x00, 0x09, 0x05, 0x17, 0x00
	.byte 0x0A, 0x05, 0x17, 0x00, 0x0B, 0x05, 0x17, 0x00, 0x0C, 0x05, 0x17, 0x00, 0x0D, 0x05, 0x17, 0x00
	.byte 0x0E, 0x05, 0x17, 0x00, 0x0F, 0x05, 0x17, 0x00, 0x10, 0x05, 0x17, 0x00, 0x11, 0x05, 0x17, 0x00
	.byte 0x12, 0x05, 0x17, 0x00, 0x13, 0x05, 0x17, 0x00, 0x14, 0x05, 0x17, 0x00, 0x15, 0x05, 0x17, 0x00
	.byte 0x16, 0x05, 0x17, 0x00, 0x17, 0x05, 0x17, 0x00, 0x18, 0x05, 0x17, 0x00, 0x19, 0x05, 0x17, 0x00
	.byte 0x1A, 0x05, 0x18, 0x00, 0x1B, 0x05, 0x13, 0x00, 0x1C, 0x05, 0x13, 0x00, 0x1D, 0x05, 0x13, 0x00
	.byte 0x00, 0x06, 0x02, 0x00, 0x01, 0x06, 0x02, 0x00, 0x02, 0x06, 0x02, 0x00, 0x03, 0x06, 0x02, 0x00
	.byte 0x04, 0x06, 0x02, 0x00, 0x05, 0x06, 0x02, 0x00, 0x06, 0x06, 0x02, 0x00, 0x07, 0x06, 0x02, 0x00
	.byte 0x08, 0x06, 0x02, 0x00, 0x09, 0x06, 0x02, 0x00, 0x0A, 0x06, 0x02, 0x00, 0x0B, 0x06, 0x02, 0x00
	.byte 0x0C, 0x06, 0x02, 0x00, 0x0D, 0x06, 0x02, 0x00, 0x0E, 0x06, 0x02, 0x00, 0x0F, 0x06, 0x02, 0x00
	.byte 0x10, 0x06, 0x02, 0x00, 0x11, 0x06, 0x02, 0x00, 0x12, 0x06, 0x02, 0x00, 0x13, 0x06, 0x02, 0x00
	.byte 0x14, 0x06, 0x02, 0x00, 0x15, 0x06, 0x02, 0x00, 0x16, 0x06, 0x02, 0x00, 0x17, 0x06, 0x02, 0x00
	.byte 0x18, 0x06, 0x02, 0x00, 0x19, 0x06, 0x02, 0x00, 0x1A, 0x06, 0x02, 0x00, 0x1B, 0x06, 0x02, 0x00
	.byte 0x1C, 0x06, 0x02, 0x00, 0x1D, 0x06, 0x02, 0x00, 0x00, 0x07, 0x19, 0x00, 0x01, 0x07, 0x19, 0x00
	.byte 0x02, 0x07, 0x19, 0x00, 0x03, 0x07, 0x19, 0x00, 0x04, 0x07, 0x19, 0x00, 0x05, 0x07, 0x19, 0x00
	.byte 0x06, 0x07, 0x19, 0x00, 0x07, 0x07, 0x19, 0x00, 0x08, 0x07, 0x19, 0x00, 0x09, 0x07, 0x19, 0x00
	.byte 0x0A, 0x07, 0x19, 0x00, 0x0B, 0x07, 0x19, 0x00, 0x0C, 0x07, 0x19, 0x00, 0x0D, 0x07, 0x19, 0x00
	.byte 0x0E, 0x07, 0x19, 0x00, 0x0F, 0x07, 0x19, 0x00, 0x10, 0x07, 0x19, 0x00, 0x11, 0x07, 0x19, 0x00
	.byte 0x12, 0x07, 0x19, 0x00, 0x13, 0x07, 0x19, 0x00, 0x14, 0x07, 0x19, 0x00, 0x15, 0x07, 0x19, 0x00
	.byte 0x16, 0x07, 0x19, 0x00, 0x17, 0x07, 0x19, 0x00, 0x18, 0x07, 0x19, 0x00, 0x19, 0x07, 0x19, 0x00
	.byte 0x1A, 0x07, 0x19, 0x00, 0x1B, 0x07, 0x19, 0x00, 0x1C, 0x07, 0x19, 0x00, 0x1D, 0x07, 0x19, 0x00
	.byte 0x00, 0x08, 0x1A, 0x00, 0x01, 0x08, 0x1A, 0x00, 0x02, 0x08, 0x1A, 0x00, 0x03, 0x08, 0x1B, 0x00
	.byte 0x04, 0x08, 0x1C, 0x00, 0x05, 0x08, 0x1C, 0x00, 0x06, 0x08, 0x1C, 0x00, 0x07, 0x08, 0x1C, 0x00
	.byte 0x08, 0x08, 0x1C, 0x00, 0x09, 0x08, 0x1C, 0x00, 0x0A, 0x08, 0x1C, 0x00, 0x0B, 0x08, 0x1C, 0x00
	.byte 0x0C, 0x08, 0x1C, 0x00, 0x0D, 0x08, 0x1C, 0x00, 0x0E, 0x08, 0x1C, 0x00, 0x0F, 0x08, 0x1C, 0x00
	.byte 0x10, 0x08, 0x1C, 0x00, 0x11, 0x08, 0x1C, 0x00, 0x12, 0x08, 0x1C, 0x00, 0x13, 0x08, 0x1C, 0x00
	.byte 0x14, 0x08, 0x1C, 0x00, 0x15, 0x08, 0x1C, 0x00, 0x16, 0x08, 0x1C, 0x00, 0x17, 0x08, 0x1C, 0x00
	.byte 0x18, 0x08, 0x1C, 0x00, 0x19, 0x08, 0x1C, 0x00, 0x1A, 0x08, 0x1B, 0x04, 0x1B, 0x08, 0x1A, 0x00
	.byte 0x1C, 0x08, 0x1A, 0x00, 0x1D, 0x08, 0x1A, 0x00, 0x00, 0x09, 0x1D, 0x00, 0x01, 0x09, 0x1D, 0x00
	.byte 0x02, 0x09, 0x1D, 0x00, 0x03, 0x09, 0x1E, 0x00, 0x04, 0x09, 0x1F, 0x00, 0x05, 0x09, 0x1F, 0x00
	.byte 0x06, 0x09, 0x1F, 0x00, 0x07, 0x09, 0x1F, 0x00, 0x08, 0x09, 0x1F, 0x00, 0x09, 0x09, 0x1F, 0x00
	.byte 0x0A, 0x09, 0x1F, 0x00, 0x0B, 0x09, 0x1F, 0x00, 0x0C, 0x09, 0x1F, 0x00, 0x0D, 0x09, 0x1F, 0x00
	.byte 0x0E, 0x09, 0x1F, 0x00, 0x0F, 0x09, 0x1F, 0x00, 0x10, 0x09, 0x1F, 0x00, 0x11, 0x09, 0x1F, 0x00
	.byte 0x12, 0x09, 0x1F, 0x00, 0x13, 0x09, 0x1F, 0x00, 0x14, 0x09, 0x1F, 0x00, 0x15, 0x09, 0x1F, 0x00
	.byte 0x16, 0x09, 0x1F, 0x00, 0x17, 0x09, 0x1F, 0x00, 0x18, 0x09, 0x1F, 0x00, 0x19, 0x09, 0x1F, 0x00
	.byte 0x1A, 0x09, 0x1E, 0x04, 0x1B, 0x09, 0x1D, 0x00, 0x1C, 0x09, 0x1D, 0x00, 0x1D, 0x09, 0x1D, 0x00
	.byte 0x00, 0x0A, 0x1A, 0x00, 0x01, 0x0A, 0x1A, 0x00, 0x02, 0x0A, 0x1A, 0x00, 0x03, 0x0A, 0x20, 0x00
	.byte 0x04, 0x0A, 0x21, 0x00, 0x05, 0x0A, 0x21, 0x00, 0x06, 0x0A, 0x21, 0x00, 0x07, 0x0A, 0x21, 0x00
	.byte 0x08, 0x0A, 0x21, 0x00, 0x09, 0x0A, 0x21, 0x00, 0x0A, 0x0A, 0x21, 0x00, 0x0B, 0x0A, 0x21, 0x00
	.byte 0x0C, 0x0A, 0x21, 0x00, 0x0D, 0x0A, 0x21, 0x00, 0x0E, 0x0A, 0x21, 0x00, 0x0F, 0x0A, 0x21, 0x00
	.byte 0x10, 0x0A, 0x21, 0x00, 0x11, 0x0A, 0x21, 0x00, 0x12, 0x0A, 0x21, 0x00, 0x13, 0x0A, 0x21, 0x00
	.byte 0x14, 0x0A, 0x21, 0x00, 0x15, 0x0A, 0x21, 0x00, 0x16, 0x0A, 0x21, 0x00, 0x17, 0x0A, 0x21, 0x00
	.byte 0x18, 0x0A, 0x21, 0x00, 0x19, 0x0A, 0x21, 0x00, 0x1A, 0x0A, 0x20, 0x04, 0x1B, 0x0A, 0x1A, 0x00
	.byte 0x1C, 0x0A, 0x1A, 0x00, 0x1D, 0x0A, 0x1A, 0x00, 0x00, 0x0B, 0x01, 0x08, 0x01, 0x0B, 0x01, 0x08
	.byte 0x02, 0x0B, 0x01, 0x08, 0x03, 0x0B, 0x22, 0x00, 0x04, 0x0B, 0x23, 0x00, 0x05, 0x0B, 0x23, 0x00
	.byte 0x06, 0x0B, 0x23, 0x00, 0x07, 0x0B, 0x23, 0x00, 0x08, 0x0B, 0x23, 0x00, 0x09, 0x0B, 0x23, 0x00
	.byte 0x0A, 0x0B, 0x23, 0x00, 0x0B, 0x0B, 0x23, 0x00, 0x0C, 0x0B, 0x23, 0x00, 0x0D, 0x0B, 0x23, 0x00
	.byte 0x0E, 0x0B, 0x23, 0x00, 0x0F, 0x0B, 0x23, 0x00, 0x10, 0x0B, 0x23, 0x00, 0x11, 0x0B, 0x23, 0x00
	.byte 0x12, 0x0B, 0x23, 0x00, 0x13, 0x0B, 0x23, 0x00, 0x14, 0x0B, 0x23, 0x00, 0x15, 0x0B, 0x23, 0x00
	.byte 0x16, 0x0B, 0x23, 0x00, 0x17, 0x0B, 0x23, 0x00, 0x18, 0x0B, 0x23, 0x00, 0x19, 0x0B, 0x23, 0x00
	.byte 0x1A, 0x0B, 0x22, 0x04, 0x1B, 0x0B, 0x01, 0x08, 0x1C, 0x0B, 0x01, 0x08, 0x1D, 0x0B, 0x01, 0x08
	.byte 0x00, 0x0C, 0x19, 0x00, 0x01, 0x0C, 0x19, 0x00, 0x02, 0x0C, 0x19, 0x00, 0x03, 0x0C, 0x24, 0x00
	.byte 0x04, 0x0C, 0x25, 0x00, 0x05, 0x0C, 0x25, 0x00, 0x06, 0x0C, 0x25, 0x00, 0x07, 0x0C, 0x25, 0x00
	.byte 0x08, 0x0C, 0x25, 0x00, 0x09, 0x0C, 0x25, 0x00, 0x0A, 0x0C, 0x25, 0x00, 0x0B, 0x0C, 0x25, 0x00
	.byte 0x0C, 0x0C, 0x25, 0x00, 0x0D, 0x0C, 0x25, 0x00, 0x0E, 0x0C, 0x25, 0x00, 0x0F, 0x0C, 0x25, 0x00
	.byte 0x10, 0x0C, 0x25, 0x00, 0x11, 0x0C, 0x25, 0x00, 0x12, 0x0C, 0x25, 0x00, 0x13, 0x0C, 0x25, 0x00
	.byte 0x14, 0x0C, 0x25, 0x00, 0x15, 0x0C, 0x25, 0x00, 0x16, 0x0C, 0x25, 0x00, 0x17, 0x0C, 0x25, 0x00
	.byte 0x18, 0x0C, 0x25, 0x00, 0x19, 0x0C, 0x25, 0x00, 0x1A, 0x0C, 0x24, 0x04, 0x1B, 0x0C, 0x19, 0x00
	.byte 0x1C, 0x0C, 0x19, 0x00, 0x1D, 0x0C, 0x19, 0x00, 0x00, 0x0D, 0x26, 0x00, 0x01, 0x0D, 0x26, 0x00
	.byte 0x02, 0x0D, 0x26, 0x00, 0x03, 0x0D, 0x27, 0x00, 0x04, 0x0D, 0x28, 0x00, 0x05, 0x0D, 0x28, 0x00
	.byte 0x06, 0x0D, 0x28, 0x00, 0x07, 0x0D, 0x28, 0x00, 0x08, 0x0D, 0x28, 0x00, 0x09, 0x0D, 0x28, 0x00
	.byte 0x0A, 0x0D, 0x28, 0x00, 0x0B, 0x0D, 0x28, 0x00, 0x0C, 0x0D, 0x28, 0x00, 0x0D, 0x0D, 0x28, 0x00
	.byte 0x0E, 0x0D, 0x28, 0x00, 0x0F, 0x0D, 0x28, 0x00, 0x10, 0x0D, 0x28, 0x00, 0x11, 0x0D, 0x28, 0x00
	.byte 0x12, 0x0D, 0x28, 0x00, 0x13, 0x0D, 0x28, 0x00, 0x14, 0x0D, 0x28, 0x00, 0x15, 0x0D, 0x28, 0x00
	.byte 0x16, 0x0D, 0x28, 0x00, 0x17, 0x0D, 0x28, 0x00, 0x18, 0x0D, 0x28, 0x00, 0x19, 0x0D, 0x28, 0x00
	.byte 0x1A, 0x0D, 0x27, 0x04, 0x1B, 0x0D, 0x26, 0x00, 0x1C, 0x0D, 0x26, 0x00, 0x1D, 0x0D, 0x26, 0x00
	.byte 0x00, 0x0E, 0x02, 0x00, 0x01, 0x0E, 0x02, 0x00, 0x02, 0x0E, 0x02, 0x00, 0x03, 0x0E, 0x29, 0x00
	.byte 0x04, 0x0E, 0x2A, 0x00, 0x05, 0x0E, 0x2A, 0x00, 0x06, 0x0E, 0x2A, 0x00, 0x07, 0x0E, 0x2A, 0x00
	.byte 0x08, 0x0E, 0x2A, 0x00, 0x09, 0x0E, 0x2A, 0x00, 0x0A, 0x0E, 0x2A, 0x00, 0x0B, 0x0E, 0x2A, 0x00
	.byte 0x0C, 0x0E, 0x2A, 0x00, 0x0D, 0x0E, 0x2A, 0x00, 0x0E, 0x0E, 0x2A, 0x00, 0x0F, 0x0E, 0x2A, 0x00
	.byte 0x10, 0x0E, 0x2A, 0x00, 0x11, 0x0E, 0x2A, 0x00, 0x12, 0x0E, 0x2A, 0x00, 0x13, 0x0E, 0x2A, 0x00
	.byte 0x14, 0x0E, 0x2A, 0x00, 0x15, 0x0E, 0x2A, 0x00, 0x16, 0x0E, 0x2A, 0x00, 0x17, 0x0E, 0x2A, 0x00
	.byte 0x18, 0x0E, 0x2A, 0x00, 0x19, 0x0E, 0x2A, 0x00, 0x1A, 0x0E, 0x29, 0x04, 0x1B, 0x0E, 0x02, 0x00
	.byte 0x1C, 0x0E, 0x02, 0x00, 0x1D, 0x0E, 0x02, 0x00, 0x00, 0x0F, 0x2B, 0x00, 0x01, 0x0F, 0x2B, 0x00
	.byte 0x02, 0x0F, 0x2B, 0x00, 0x03, 0x0F, 0x2C, 0x00, 0x04, 0x0F, 0x2D, 0x00, 0x05, 0x0F, 0x2D, 0x00
	.byte 0x06, 0x0F, 0x2D, 0x00, 0x07, 0x0F, 0x2D, 0x00, 0x08, 0x0F, 0x2D, 0x00, 0x09, 0x0F, 0x2D, 0x00
	.byte 0x0A, 0x0F, 0x2D, 0x00, 0x0B, 0x0F, 0x2D, 0x00, 0x0C, 0x0F, 0x2D, 0x00, 0x0D, 0x0F, 0x2D, 0x00
	.byte 0x0E, 0x0F, 0x2D, 0x00, 0x0F, 0x0F, 0x2D, 0x00, 0x10, 0x0F, 0x2D, 0x00, 0x11, 0x0F, 0x2D, 0x00
	.byte 0x12, 0x0F, 0x2D, 0x00, 0x13, 0x0F, 0x2D, 0x00, 0x14, 0x0F, 0x2D, 0x00, 0x15, 0x0F, 0x2D, 0x00
	.byte 0x16, 0x0F, 0x2D, 0x00, 0x17, 0x0F, 0x2D, 0x00, 0x18, 0x0F, 0x2D, 0x00, 0x19, 0x0F, 0x2D, 0x00
	.byte 0x1A, 0x0F, 0x2C, 0x04, 0x1B, 0x0F, 0x2B, 0x00, 0x1C, 0x0F, 0x2B, 0x00, 0x1D, 0x0F, 0x2B, 0x00
	.byte 0x00, 0x10, 0x1A, 0x00, 0x01, 0x10, 0x1A, 0x00, 0x02, 0x10, 0x1A, 0x00, 0x03, 0x10, 0x20, 0x00
	.byte 0x04, 0x10, 0x21, 0x00, 0x05, 0x10, 0x21, 0x00, 0x06, 0x10, 0x21, 0x00, 0x07, 0x10, 0x21, 0x00
	.byte 0x08, 0x10, 0x21, 0x00, 0x09, 0x10, 0x21, 0x00, 0x0A, 0x10, 0x21, 0x00, 0x0B, 0x10, 0x21, 0x00
	.byte 0x0C, 0x10, 0x21, 0x00, 0x0D, 0x10, 0x21, 0x00, 0x0E, 0x10, 0x21, 0x00, 0x0F, 0x10, 0x21, 0x00
	.byte 0x10, 0x10, 0x21, 0x00, 0x11, 0x10, 0x21, 0x00, 0x12, 0x10, 0x21, 0x00, 0x13, 0x10, 0x21, 0x00
	.byte 0x14, 0x10, 0x21, 0x00, 0x15, 0x10, 0x21, 0x00, 0x16, 0x10, 0x21, 0x00, 0x17, 0x10, 0x21, 0x00
	.byte 0x18, 0x10, 0x21, 0x00, 0x19, 0x10, 0x21, 0x00, 0x1A, 0x10, 0x20, 0x04, 0x1B, 0x10, 0x1A, 0x00
	.byte 0x1C, 0x10, 0x1A, 0x00, 0x1D, 0x10, 0x1A, 0x00, 0x00, 0x11, 0x02, 0x08, 0x01, 0x11, 0x02, 0x08
	.byte 0x02, 0x11, 0x02, 0x08, 0x03, 0x11, 0x2E, 0x00, 0x04, 0x11, 0x06, 0x08, 0x05, 0x11, 0x06, 0x08
	.byte 0x06, 0x11, 0x06, 0x08, 0x07, 0x11, 0x06, 0x08, 0x08, 0x11, 0x06, 0x08, 0x09, 0x11, 0x06, 0x08
	.byte 0x0A, 0x11, 0x06, 0x08, 0x0B, 0x11, 0x06, 0x08, 0x0C, 0x11, 0x06, 0x08, 0x0D, 0x11, 0x06, 0x08
	.byte 0x0E, 0x11, 0x06, 0x08, 0x0F, 0x11, 0x06, 0x08, 0x10, 0x11, 0x06, 0x08, 0x11, 0x11, 0x06, 0x08
	.byte 0x12, 0x11, 0x06, 0x08, 0x13, 0x11, 0x06, 0x08, 0x14, 0x11, 0x06, 0x08, 0x15, 0x11, 0x06, 0x08
	.byte 0x16, 0x11, 0x06, 0x08, 0x17, 0x11, 0x06, 0x08, 0x18, 0x11, 0x06, 0x08, 0x19, 0x11, 0x06, 0x08
	.byte 0x1A, 0x11, 0x07, 0x08, 0x1B, 0x11, 0x02, 0x08, 0x1C, 0x11, 0x02, 0x08, 0x1D, 0x11, 0x02, 0x08
	.byte 0x00, 0x12, 0x2F, 0x00, 0x01, 0x12, 0x2F, 0x00, 0x02, 0x12, 0x2F, 0x00, 0x03, 0x12, 0x2F, 0x00
	.byte 0x04, 0x12, 0x2F, 0x00, 0x05, 0x12, 0x2F, 0x00, 0x06, 0x12, 0x2F, 0x00, 0x07, 0x12, 0x2F, 0x00
	.byte 0x08, 0x12, 0x2F, 0x00, 0x09, 0x12, 0x2F, 0x00, 0x0A, 0x12, 0x2F, 0x00, 0x0B, 0x12, 0x2F, 0x00
	.byte 0x0C, 0x12, 0x2F, 0x00, 0x0D, 0x12, 0x2F, 0x00, 0x0E, 0x12, 0x2F, 0x00, 0x0F, 0x12, 0x2F, 0x00
	.byte 0x10, 0x12, 0x2F, 0x00, 0x11, 0x12, 0x2F, 0x00, 0x12, 0x12, 0x2F, 0x00, 0x13, 0x12, 0x2F, 0x00
	.byte 0x14, 0x12, 0x2F, 0x00, 0x15, 0x12, 0x2F, 0x00, 0x16, 0x12, 0x2F, 0x00, 0x17, 0x12, 0x2F, 0x00
	.byte 0x18, 0x12, 0x2F, 0x00, 0x19, 0x12, 0x2F, 0x00, 0x1A, 0x12, 0x2F, 0x00, 0x1B, 0x12, 0x2F, 0x00
	.byte 0x1C, 0x12, 0x2F, 0x00, 0x1D, 0x12, 0x2F, 0x00, 0x00, 0x13, 0x30, 0x00, 0x01, 0x13, 0x30, 0x00
	.byte 0x02, 0x13, 0x30, 0x00, 0x03, 0x13, 0x30, 0x00, 0x04, 0x13, 0x30, 0x00, 0x05, 0x13, 0x30, 0x00
	.byte 0x06, 0x13, 0x30, 0x00, 0x07, 0x13, 0x30, 0x00, 0x08, 0x13, 0x30, 0x00, 0x09, 0x13, 0x30, 0x00
	.byte 0x0A, 0x13, 0x30, 0x00, 0x0B, 0x13, 0x30, 0x00, 0x0C, 0x13, 0x30, 0x00, 0x0D, 0x13, 0x30, 0x00
	.byte 0x0E, 0x13, 0x30, 0x00, 0x0F, 0x13, 0x30, 0x00, 0x10, 0x13, 0x30, 0x00, 0x11, 0x13, 0x30, 0x00
	.byte 0x12, 0x13, 0x30, 0x00, 0x13, 0x13, 0x30, 0x00, 0x14, 0x13, 0x30, 0x00, 0x15, 0x13, 0x30, 0x00
	.byte 0x16, 0x13, 0x30, 0x00, 0x17, 0x13, 0x30, 0x00, 0x18, 0x13, 0x30, 0x00, 0x19, 0x13, 0x30, 0x00
	.byte 0x1A, 0x13, 0x30, 0x00, 0x1B, 0x13, 0x30, 0x00, 0x1C, 0x13, 0x30, 0x00, 0x1D, 0x13, 0x30, 0x00
	.byte 0xE0, 0x83, 0xF7, 0x05, 0x5A, 0x92, 0x7B, 0x86, 0xD9, 0x86, 0xBC, 0x8A, 0xFD, 0x86, 0x1D, 0x93
	.byte 0x3D, 0x87, 0xFF, 0x96, 0x5D, 0xA3, 0x7E, 0x87, 0x9F, 0x8B, 0xBF, 0x83, 0xFF, 0x83, 0xBF, 0xC3
	.byte 0x00, 0x00, 0x00, 0x00, 0x00, 0x00, 0x00, 0x00, 0x00, 0x00, 0x00, 0x00, 0x00, 0x00, 0x00, 0x00
	.byte 0x00, 0x00, 0x00, 0x00, 0x00, 0x00, 0x00, 0x00, 0x00, 0x00, 0x00, 0x00, 0x00, 0x00, 0x00, 0x00
	.byte 0x00, 0x00, 0x00, 0x00, 0x00, 0x00, 0x00, 0x00, 0x00, 0x00, 0x00, 0x00, 0x00, 0x00, 0x00, 0x00
	.byte 0x00, 0x00, 0x00, 0x00, 0x00, 0x00, 0x00, 0x00, 0x00, 0x00, 0x00, 0x00, 0x00, 0x00, 0x00, 0x00
	.byte 0x00, 0x00, 0x00, 0x00, 0x00, 0x00, 0x00, 0x00, 0x00, 0x00, 0x00, 0x00, 0x00, 0x00, 0x00, 0x00
	.byte 0x00, 0x00, 0x00, 0x00, 0x00, 0x00, 0x00, 0x00, 0x00, 0x00, 0x00, 0x00, 0x00, 0x00, 0x00, 0x00
	.byte 0x00, 0x00, 0x00, 0x00, 0x00, 0x00, 0x00, 0x00, 0x00, 0x00, 0x00, 0x00, 0x00, 0x00, 0x00, 0x00
	.byte 0x00, 0x00, 0x00, 0x00, 0x00, 0x00, 0x00, 0x00, 0x00, 0x00, 0x00, 0x00, 0x00, 0x00, 0x00, 0x00
	.byte 0x00, 0x00, 0x00, 0x00, 0x00, 0x00, 0x00, 0x00, 0x50, 0x55, 0x55, 0x55, 0x30, 0x33, 0x33, 0x33
	.byte 0x30, 0x33, 0x33, 0x33, 0x30, 0x33, 0x33, 0x33, 0x30, 0x33, 0x33, 0x33, 0x50, 0x55, 0x55, 0x55
	.byte 0x00, 0x00, 0x00, 0x00, 0x00, 0x00, 0x00, 0x00, 0x55, 0x55, 0x55, 0x55, 0x33, 0x33, 0x33, 0x33
	.byte 0x33, 0x33, 0x33, 0x33, 0x33, 0x33, 0x33, 0x33, 0x33, 0x33, 0x33, 0x33, 0x55, 0x55, 0x55, 0x55
	.byte 0x00, 0x00, 0x00, 0x00, 0x00, 0x00, 0x00, 0x00, 0x55, 0x55, 0x55, 0x55, 0x33, 0x33, 0x33, 0x33
	.byte 0x33, 0x33, 0x33, 0x33, 0x33, 0x33, 0x33, 0x33, 0x33, 0x33, 0x33, 0x33, 0x55, 0x55, 0x55, 0x55
	.byte 0x00, 0x00, 0x00, 0x00, 0x00, 0x00, 0x00, 0x00, 0x55, 0x55, 0x55, 0x55, 0x33, 0x33, 0x33, 0x33
	.byte 0x33, 0x33, 0x33, 0x33, 0x33, 0x33, 0x33, 0x33, 0x33, 0x33, 0x33, 0x33, 0x55, 0x55, 0x55, 0x55
	.byte 0x00, 0x00, 0x00, 0x00, 0x00, 0x00, 0x00, 0x00, 0x55, 0x55, 0x55, 0x55, 0x33, 0x33, 0x33, 0x33
	.byte 0x33, 0x33, 0x33, 0x33, 0x33, 0x33, 0x33, 0x33, 0x33, 0x33, 0x33, 0x33, 0x55, 0x55, 0x55, 0x55
	.byte 0x00, 0x00, 0x00, 0x00, 0x00, 0x00, 0x00, 0x00, 0x55, 0x55, 0x55, 0x05, 0x33, 0x33, 0x33, 0x03
	.byte 0x33, 0x33, 0x33, 0x03, 0x33, 0x33, 0x33, 0x03, 0x33, 0x33, 0x33, 0x03, 0x55, 0x55, 0x55, 0x05
	.byte 0x00, 0x00, 0x00, 0x00, 0x00, 0x00, 0x00, 0x00, 0x00, 0x00, 0x00, 0x00, 0x00, 0x00, 0x00, 0x00
	.byte 0x00, 0x00, 0x00, 0x00, 0x00, 0x00, 0x00, 0x00, 0x00, 0x00, 0x00, 0x00, 0x00, 0x00, 0x00, 0x00
	.byte 0x00, 0x00, 0x00, 0x00, 0x00, 0x00, 0x00, 0x00, 0x00, 0x00, 0x00, 0x00, 0x00, 0x00, 0x00, 0x00
	.byte 0x00, 0x00, 0x00, 0x00, 0x00, 0x00, 0x00, 0x00, 0x00, 0x00, 0x00, 0x00, 0x00, 0x00, 0x00, 0x00
	.byte 0x00, 0x00, 0x00, 0x00, 0x00, 0x00, 0x00, 0x00, 0x00, 0xEE, 0xEE, 0xEE, 0x00, 0xEE, 0xEE, 0xEE
	.byte 0x00, 0xEE, 0x00, 0x00, 0x00, 0xEE, 0x00, 0x00, 0x00, 0xEE, 0x00, 0x00, 0x00, 0xEE, 0x00, 0x00
	.byte 0x00, 0x00, 0x00, 0x00, 0x00, 0x00, 0x00, 0x00, 0xEE, 0xEE, 0xEE, 0xEE, 0xEE, 0xEE, 0xEE, 0xEE
	.byte 0x00, 0x00, 0x00, 0x00, 0x00, 0x00, 0x00, 0x00, 0x00, 0x00, 0x00, 0x00, 0x00, 0x00, 0x00, 0x00
	.byte 0x00, 0x00, 0x00, 0x00, 0x00, 0x00, 0x00, 0x00, 0xEE, 0xEE, 0xEE, 0xEE, 0xEE, 0xEE, 0xEE, 0xEE
	.byte 0x00, 0x00, 0x00, 0x00, 0x00, 0x00, 0x00, 0x00, 0x00, 0x00, 0x00, 0x00, 0x00, 0x00, 0x00, 0x00
	.byte 0x00, 0x00, 0x00, 0x00, 0x00, 0x00, 0x00, 0x00, 0xEE, 0xEE, 0xEE, 0x00, 0xEE, 0xEE, 0xEE, 0x00
	.byte 0x00, 0x00, 0xEE, 0x00, 0x00, 0x00, 0xEE, 0x00, 0x00, 0x00, 0xEE, 0x00, 0x00, 0x00, 0xEE, 0x00
	.byte 0x00, 0x00, 0x00, 0x00, 0x00, 0x00, 0x00, 0x00, 0x00, 0xDD, 0xDD, 0xDD, 0x00, 0xDD, 0xDD, 0xDD
	.byte 0x00, 0xDD, 0x00, 0x00, 0x00, 0xDD, 0x00, 0x00, 0x00, 0xDD, 0x00, 0x00, 0x00, 0xDD, 0x00, 0x00
	.byte 0x00, 0x00, 0x00, 0x00, 0x00, 0x00, 0x00, 0x00, 0xDD, 0xDD, 0xDD, 0xDD, 0xDD, 0xDD, 0xDD, 0xDD
	.byte 0x00, 0x00, 0x00, 0x00, 0x00, 0x00, 0x00, 0x00, 0x00, 0x00, 0x00, 0x00, 0x00, 0x00, 0x00, 0x00
	.byte 0x00, 0x00, 0x00, 0x00, 0x00, 0x00, 0x00, 0x00, 0xDD, 0xDD, 0xDD, 0xDD, 0xDD, 0xDD, 0xDD, 0xDD
	.byte 0x00, 0x00, 0x00, 0x00, 0x00, 0x00, 0x00, 0x00, 0x00, 0x00, 0x00, 0x00, 0x00, 0x00, 0x00, 0x00
	.byte 0x00, 0x00, 0x00, 0x00, 0x00, 0x00, 0x00, 0x00, 0xDD, 0xDD, 0xDD, 0x00, 0xDD, 0xDD, 0xDD, 0x00
	.byte 0x00, 0x00, 0xDD, 0x00, 0x00, 0x00, 0xDD, 0x00, 0x00, 0x00, 0xDD, 0x00, 0x00, 0x00, 0xDD, 0x00
	.byte 0x00, 0x00, 0x00, 0x00, 0x00, 0x00, 0x00, 0x00, 0x00, 0xBB, 0xBB, 0xBB, 0x00, 0xBB, 0xBB, 0xBB
	.byte 0x00, 0xBB, 0x00, 0x00, 0x00, 0xBB, 0x00, 0x00, 0x00, 0xBB, 0x00, 0x00, 0x00, 0xBB, 0x00, 0x00
	.byte 0x00, 0x00, 0x00, 0x00, 0x00, 0x00, 0x00, 0x00, 0xBB, 0xBB, 0xBB, 0xBB, 0xBB, 0xBB, 0xBB, 0xBB
	.byte 0x00, 0x00, 0x00, 0x00, 0x00, 0x00, 0x00, 0x00, 0x00, 0x00, 0x00, 0x00, 0x00, 0x00, 0x00, 0x00
	.byte 0x00, 0x00, 0x00, 0x00, 0x00, 0x00, 0x00, 0x00, 0xBB, 0xBB, 0xBB, 0xBB, 0xBB, 0xBB, 0xBB, 0xBB
	.byte 0x00, 0x00, 0x00, 0x00, 0x00, 0x00, 0x00, 0x00, 0x00, 0x00, 0x00, 0x00, 0x00, 0x00, 0x00, 0x00
	.byte 0x00, 0x00, 0x00, 0x00, 0x00, 0x00, 0x00, 0x00, 0xBB, 0xBB, 0xBB, 0x00, 0xBB, 0xBB, 0xBB, 0x00
	.byte 0x00, 0x00, 0xBB, 0x00, 0x00, 0x00, 0xBB, 0x00, 0x00, 0x00, 0xBB, 0x00, 0x00, 0x00, 0xBB, 0x00
	.byte 0x00, 0x00, 0x00, 0x00, 0x00, 0x00, 0x00, 0x00, 0x00, 0x88, 0x88, 0x88, 0x00, 0x88, 0x88, 0x88
	.byte 0x00, 0x88, 0x00, 0x00, 0x00, 0x88, 0x00, 0x00, 0x00, 0x88, 0x00, 0x00, 0x00, 0x88, 0x00, 0x00
	.byte 0x00, 0x00, 0x00, 0x00, 0x00, 0x00, 0x00, 0x00, 0x88, 0x88, 0x88, 0x88, 0x88, 0x88, 0x88, 0x88
	.byte 0x00, 0x00, 0x00, 0x00, 0x00, 0x00, 0x00, 0x00, 0x00, 0x00, 0x00, 0x00, 0x00, 0x00, 0x00, 0x00
	.byte 0x00, 0x00, 0x00, 0x00, 0x00, 0x00, 0x00, 0x00, 0x88, 0x88, 0x88, 0x88, 0x88, 0x88, 0x88, 0x88
	.byte 0x00, 0x00, 0x00, 0x00, 0x00, 0x00, 0x00, 0x00, 0x00, 0x00, 0x00, 0x00, 0x00, 0x00, 0x00, 0x00
	.byte 0x00, 0x00, 0x00, 0x00, 0x00, 0x00, 0x00, 0x00, 0x88, 0x88, 0x88, 0x00, 0x88, 0x88, 0x88, 0x00
	.byte 0x00, 0x00, 0x88, 0x00, 0x00, 0x00, 0x88, 0x00, 0x00, 0x00, 0x88, 0x00, 0x00, 0x00, 0x88, 0x00
	.byte 0x00, 0x00, 0x00, 0x00, 0x00, 0x00, 0x00, 0x00, 0x00, 0x66, 0x66, 0x66, 0x00, 0x66, 0x66, 0x66
	.byte 0x00, 0x66, 0x00, 0x00, 0x00, 0x66, 0x00, 0x00, 0x00, 0x66, 0x00, 0x00, 0x00, 0x66, 0x00, 0x00
	.byte 0x00, 0x00, 0x00, 0x00, 0x00, 0x00, 0x00, 0x00, 0x66, 0x66, 0x66, 0x66, 0x66, 0x66, 0x66, 0x66
	.byte 0x00, 0x00, 0x00, 0x00, 0x00, 0x00, 0x00, 0x00, 0x00, 0x00, 0x00, 0x00, 0x00, 0x00, 0x00, 0x00
	.byte 0x00, 0x00, 0x00, 0x00, 0x00, 0x00, 0x00, 0x00, 0x66, 0x66, 0x66, 0x66, 0x66, 0x66, 0x66, 0x66
	.byte 0x00, 0x00, 0x00, 0x00, 0x00, 0x00, 0x00, 0x00, 0x00, 0x00, 0x00, 0x00, 0x00, 0x00, 0x00, 0x00
	.byte 0x00, 0x00, 0x00, 0x00, 0x00, 0x00, 0x00, 0x00, 0x66, 0x66, 0x66, 0x00, 0x66, 0x66, 0x66, 0x00
	.byte 0x00, 0x00, 0x66, 0x00, 0x00, 0x00, 0x66, 0x00, 0x00, 0x00, 0x66, 0x00, 0x00, 0x00, 0x66, 0x00
	.byte 0x00, 0x00, 0x00, 0x00, 0x00, 0x00, 0x00, 0x00, 0x00, 0x00, 0x00, 0x00, 0x00, 0x00, 0x00, 0x00
	.byte 0x00, 0x00, 0x00, 0x00, 0x00, 0x00, 0x00, 0x00, 0x00, 0x00, 0x00, 0x00, 0x00, 0x00, 0x00, 0x00
	.byte 0x00, 0x00, 0x00, 0x00, 0x00, 0x00, 0x00, 0x00, 0x00, 0x00, 0x00, 0x00, 0x00, 0x00, 0x00, 0x00
	.byte 0x00, 0x00, 0x00, 0x00, 0x00, 0x00, 0x00, 0x00, 0x00, 0x00, 0x00, 0x00, 0x00, 0x00, 0x00, 0x00
	.byte 0x00, 0x00, 0x00, 0x00, 0x00, 0x00, 0x00, 0x00, 0x00, 0x00, 0x00, 0x00, 0x00, 0x00, 0x00, 0x00
	.byte 0x00, 0x00, 0x00, 0x00, 0x00, 0x00, 0x00, 0x00, 0x00, 0x00, 0x00, 0x00, 0x00, 0x00, 0x00, 0x00
	.byte 0x00, 0x00, 0x00, 0x00, 0x00, 0x00, 0x00, 0x00, 0x00, 0x00, 0x00, 0x00, 0x00, 0x00, 0x00, 0x00
	.byte 0x00, 0x00, 0x00, 0x00, 0x00, 0x00, 0x00, 0x00, 0x00, 0x00, 0x00, 0x00, 0x00, 0x00, 0x00, 0x00
	.byte 0x30, 0x33, 0x33, 0x33, 0x30, 0x33, 0x33, 0x33, 0x30, 0x33, 0x33, 0x33, 0x30, 0x33, 0x33, 0x33
	.byte 0x30, 0x33, 0x33, 0x33, 0x30, 0x33, 0x33, 0x33, 0x50, 0x55, 0x55, 0x55, 0x00, 0x00, 0x00, 0x00
	.byte 0x33, 0x33, 0x33, 0x33, 0x33, 0x33, 0x33, 0x33, 0x33, 0x33, 0x33, 0x33, 0x33, 0x33, 0x33, 0x33
	.byte 0x33, 0x33, 0x33, 0x33, 0x33, 0x33, 0x33, 0x33, 0x55, 0x55, 0x55, 0x55, 0x00, 0x00, 0x00, 0x00
	.byte 0x33, 0x33, 0x33, 0x33, 0x33, 0x33, 0x33, 0x33, 0x33, 0x33, 0x33, 0x33, 0x33, 0x33, 0x33, 0x33
	.byte 0x33, 0x33, 0x33, 0x33, 0x33, 0x33, 0x33, 0x33, 0x55, 0x55, 0x55, 0x55, 0x00, 0x00, 0x00, 0x00
	.byte 0x33, 0x33, 0x33, 0x33, 0x33, 0x33, 0x33, 0x33, 0x33, 0x33, 0x33, 0x33, 0x33, 0x33, 0x33, 0x33
	.byte 0x33, 0x33, 0x33, 0x33, 0x33, 0x33, 0x33, 0x33, 0x55, 0x55, 0x55, 0x55, 0x00, 0x00, 0x00, 0x00
	.byte 0x33, 0x33, 0x33, 0x33, 0x33, 0x33, 0x33, 0x33, 0x33, 0x33, 0x33, 0x33, 0x33, 0x33, 0x33, 0x33
	.byte 0x33, 0x33, 0x33, 0x33, 0x33, 0x33, 0x33, 0x33, 0x55, 0x55, 0x55, 0x55, 0x00, 0x00, 0x00, 0x00
	.byte 0x33, 0x33, 0x33, 0x03, 0x33, 0x33, 0x33, 0x03, 0x33, 0x33, 0x33, 0x03, 0x33, 0x33, 0x33, 0x03
	.byte 0x33, 0x33, 0x33, 0x03, 0x33, 0x33, 0x33, 0x03, 0x55, 0x55, 0x55, 0x05, 0x00, 0x00, 0x00, 0x00
	.byte 0x00, 0x00, 0x00, 0x00, 0x00, 0x00, 0x00, 0x00, 0x00, 0x00, 0x00, 0x00, 0x00, 0x00, 0x00, 0x00
	.byte 0x00, 0x00, 0x00, 0x00, 0x00, 0x00, 0x00, 0x00, 0x00, 0x00, 0x00, 0x00, 0x00, 0x00, 0x00, 0x00
	.byte 0x00, 0x00, 0x00, 0x00, 0x00, 0x00, 0x00, 0x00, 0x00, 0x00, 0x00, 0x00, 0x00, 0x00, 0x00, 0x00
	.byte 0x00, 0x00, 0x00, 0x00, 0x00, 0x00, 0x00, 0x00, 0x00, 0x00, 0x00, 0x00, 0x00, 0x00, 0x00, 0x00
	.byte 0x00, 0xEE, 0x00, 0x00, 0x00, 0xEE, 0x00, 0x00, 0x00, 0xEE, 0x00, 0x00, 0x00, 0xEE, 0x00, 0x00
	.byte 0x00, 0xEE, 0x00, 0x00, 0x00, 0xEE, 0x00, 0x00, 0x00, 0xEE, 0x00, 0x00, 0x00, 0xEE, 0x00, 0x00
	.byte 0x00, 0x00, 0x00, 0x00, 0x00, 0x00, 0x00, 0x00, 0x00, 0x00, 0x00, 0x00, 0x00, 0x00, 0x00, 0x00
	.byte 0x00, 0x00, 0x00, 0x00, 0x00, 0x00, 0x00, 0x00, 0x00, 0x00, 0x00, 0x00, 0x00, 0x00, 0x00, 0x00
	.byte 0x00, 0x00, 0x00, 0x00, 0x00, 0x00, 0x00, 0x00, 0x00, 0x00, 0x00, 0x00, 0x00, 0x00, 0x00, 0x00
	.byte 0x00, 0x00, 0x00, 0x00, 0x00, 0x00, 0x00, 0x00, 0x00, 0x00, 0x00, 0x00, 0x00, 0x00, 0x00, 0x00
	.byte 0x00, 0x00, 0xEE, 0x00, 0x00, 0x00, 0xEE, 0x00, 0x00, 0x00, 0xEE, 0x00, 0x00, 0x00, 0xEE, 0x00
	.byte 0x00, 0x00, 0xEE, 0x00, 0x00, 0x00, 0xEE, 0x00, 0x00, 0x00, 0xEE, 0x00, 0x00, 0x00, 0xEE, 0x00
	.byte 0x00, 0xDD, 0x00, 0x00, 0x00, 0xDD, 0x00, 0x00, 0x00, 0xDD, 0x00, 0x00, 0x00, 0xDD, 0x00, 0x00
	.byte 0x00, 0xDD, 0x00, 0x00, 0x00, 0xDD, 0x00, 0x00, 0x00, 0xDD, 0x00, 0x00, 0x00, 0xDD, 0x00, 0x00
	.byte 0x00, 0x00, 0x00, 0x00, 0x00, 0x00, 0x00, 0x00, 0x00, 0x00, 0x00, 0x00, 0x00, 0x00, 0x00, 0x00
	.byte 0x00, 0x00, 0x00, 0x00, 0x00, 0x00, 0x00, 0x00, 0x00, 0x00, 0x00, 0x00, 0x00, 0x00, 0x00, 0x00
	.byte 0x00, 0x00, 0x00, 0x00, 0x00, 0x00, 0x00, 0x00, 0x00, 0x00, 0x00, 0x00, 0x00, 0x00, 0x00, 0x00
	.byte 0x00, 0x00, 0x00, 0x00, 0x00, 0x00, 0x00, 0x00, 0x00, 0x00, 0x00, 0x00, 0x00, 0x00, 0x00, 0x00
	.byte 0x00, 0x00, 0xDD, 0x00, 0x00, 0x00, 0xDD, 0x00, 0x00, 0x00, 0xDD, 0x00, 0x00, 0x00, 0xDD, 0x00
	.byte 0x00, 0x00, 0xDD, 0x00, 0x00, 0x00, 0xDD, 0x00, 0x00, 0x00, 0xDD, 0x00, 0x00, 0x00, 0xDD, 0x00
	.byte 0x00, 0xBB, 0x00, 0x00, 0x00, 0xBB, 0x00, 0x00, 0x00, 0xBB, 0x00, 0x00, 0x00, 0xBB, 0x00, 0x00
	.byte 0x00, 0xBB, 0x00, 0x00, 0x00, 0xBB, 0x00, 0x00, 0x00, 0xBB, 0x00, 0x00, 0x00, 0xBB, 0x00, 0x00
	.byte 0x00, 0x00, 0x00, 0x00, 0x00, 0x00, 0x00, 0x00, 0x00, 0x00, 0x00, 0x00, 0x00, 0x00, 0x00, 0x00
	.byte 0x00, 0x00, 0x00, 0x00, 0x00, 0x00, 0x00, 0x00, 0x00, 0x00, 0x00, 0x00, 0x00, 0x00, 0x00, 0x00
	.byte 0x00, 0x00, 0x00, 0x00, 0x00, 0x00, 0x00, 0x00, 0x00, 0x00, 0x00, 0x00, 0x00, 0x00, 0x00, 0x00
	.byte 0x00, 0x00, 0x00, 0x00, 0x00, 0x00, 0x00, 0x00, 0x00, 0x00, 0x00, 0x00, 0x00, 0x00, 0x00, 0x00
	.byte 0x00, 0x00, 0xBB, 0x00, 0x00, 0x00, 0xBB, 0x00, 0x00, 0x00, 0xBB, 0x00, 0x00, 0x00, 0xBB, 0x00
	.byte 0x00, 0x00, 0xBB, 0x00, 0x00, 0x00, 0xBB, 0x00, 0x00, 0x00, 0xBB, 0x00, 0x00, 0x00, 0xBB, 0x00
	.byte 0x00, 0x88, 0x00, 0x00, 0x00, 0x88, 0x00, 0x00, 0x00, 0x88, 0x00, 0x00, 0x00, 0x88, 0x00, 0x00
	.byte 0x00, 0x88, 0x00, 0x00, 0x00, 0x88, 0x00, 0x00, 0x00, 0x88, 0x00, 0x00, 0x00, 0x88, 0x00, 0x00
	.byte 0x00, 0x00, 0x00, 0x00, 0x00, 0x00, 0x00, 0x00, 0x00, 0x00, 0x00, 0x00, 0x00, 0x00, 0x00, 0x00
	.byte 0x00, 0x00, 0x00, 0x00, 0x00, 0x00, 0x00, 0x00, 0x00, 0x00, 0x00, 0x00, 0x00, 0x00, 0x00, 0x00
	.byte 0x00, 0x00, 0x00, 0x00, 0x00, 0x00, 0x00, 0x00, 0x00, 0x00, 0x00, 0x00, 0x00, 0x00, 0x00, 0x00
	.byte 0x00, 0x00, 0x00, 0x00, 0x00, 0x00, 0x00, 0x00, 0x00, 0x00, 0x00, 0x00, 0x00, 0x00, 0x00, 0x00
	.byte 0x00, 0x00, 0x88, 0x00, 0x00, 0x00, 0x88, 0x00, 0x00, 0x00, 0x88, 0x00, 0x00, 0x00, 0x88, 0x00
	.byte 0x00, 0x00, 0x88, 0x00, 0x00, 0x00, 0x88, 0x00, 0x00, 0x00, 0x88, 0x00, 0x00, 0x00, 0x88, 0x00
	.byte 0x00, 0x66, 0x00, 0x00, 0x00, 0x66, 0x00, 0x00, 0x00, 0x66, 0x00, 0x00, 0x00, 0x66, 0x00, 0x00
	.byte 0x00, 0x66, 0x00, 0x00, 0x00, 0x66, 0x00, 0x00, 0x00, 0x66, 0x00, 0x00, 0x00, 0x66, 0x00, 0x00
	.byte 0x00, 0x00, 0x00, 0x00, 0x00, 0x00, 0x00, 0x00, 0x00, 0x00, 0x00, 0x00, 0x00, 0x00, 0x00, 0x00
	.byte 0x00, 0x00, 0x00, 0x00, 0x00, 0x00, 0x00, 0x00, 0x00, 0x00, 0x00, 0x00, 0x00, 0x00, 0x00, 0x00
	.byte 0x00, 0x00, 0x00, 0x00, 0x00, 0x00, 0x00, 0x00, 0x00, 0x00, 0x00, 0x00, 0x00, 0x00, 0x00, 0x00
	.byte 0x00, 0x00, 0x00, 0x00, 0x00, 0x00, 0x00, 0x00, 0x00, 0x00, 0x00, 0x00, 0x00, 0x00, 0x00, 0x00
	.byte 0x00, 0x00, 0x66, 0x00, 0x00, 0x00, 0x66, 0x00, 0x00, 0x00, 0x66, 0x00, 0x00, 0x00, 0x66, 0x00
	.byte 0x00, 0x00, 0x66, 0x00, 0x00, 0x00, 0x66, 0x00, 0x00, 0x00, 0x66, 0x00, 0x00, 0x00, 0x66, 0x00
	.byte 0x00, 0x00, 0x00, 0x00, 0x00, 0x00, 0x00, 0x00, 0x00, 0x00, 0x00, 0x10, 0x00, 0x00, 0x00, 0x12
	.byte 0x00, 0x00, 0x00, 0x81, 0x00, 0x00, 0x20, 0xE4, 0x10, 0x11, 0x11, 0xEE, 0x00, 0x81, 0xEE, 0xEE
	.byte 0x00, 0x00, 0x00, 0x00, 0x00, 0x00, 0x00, 0x00, 0x00, 0x00, 0x00, 0x00, 0x02, 0x00, 0x00, 0x00
	.byte 0x01, 0x00, 0x00, 0x00, 0x24, 0x00, 0x00, 0x00, 0x1E, 0x11, 0x11, 0x00, 0xEE, 0x8E, 0x01, 0x00
	.byte 0x00, 0x00, 0x00, 0x00, 0x00, 0x00, 0x00, 0x00, 0x00, 0x00, 0x00, 0x90, 0x00, 0x00, 0x00, 0x99
	.byte 0x00, 0x00, 0x00, 0xE9, 0x00, 0x00, 0x90, 0xEC, 0x90, 0x99, 0x99, 0xEE, 0x00, 0xE9, 0xEE, 0xEE
	.byte 0x00, 0x00, 0x00, 0x00, 0x00, 0x00, 0x00, 0x00, 0x00, 0x00, 0x00, 0x00, 0x09, 0x00, 0x00, 0x00
	.byte 0x09, 0x00, 0x00, 0x00, 0x9C, 0x00, 0x00, 0x00, 0x9E, 0x99, 0x99, 0x00, 0xEE, 0xEE, 0x09, 0x00
	.byte 0x00, 0x00, 0x00, 0x00, 0x00, 0x00, 0x00, 0x00, 0x70, 0x77, 0x77, 0x77, 0x50, 0x55, 0x55, 0x55
	.byte 0x50, 0x55, 0x55, 0x55, 0x50, 0x55, 0x55, 0x55, 0x50, 0x55, 0x55, 0x55, 0x70, 0x77, 0x77, 0x77
	.byte 0x00, 0x00, 0x00, 0x00, 0x00, 0x00, 0x00, 0x00, 0x77, 0x77, 0x77, 0x77, 0x55, 0x55, 0x55, 0x55
	.byte 0x55, 0x55, 0x55, 0x55, 0x55, 0x55, 0x55, 0x55, 0x55, 0x55, 0x55, 0x55, 0x77, 0x77, 0x77, 0x77
	.byte 0x00, 0x00, 0x00, 0x00, 0x00, 0x00, 0x00, 0x00, 0x77, 0x77, 0x77, 0x77, 0x55, 0x55, 0x55, 0x55
	.byte 0x55, 0x55, 0x55, 0x55, 0x55, 0x55, 0x55, 0x55, 0x55, 0x55, 0x55, 0x55, 0x77, 0x77, 0x77, 0x77
	.byte 0x00, 0x00, 0x00, 0x00, 0x00, 0x00, 0x00, 0x00, 0x77, 0x77, 0x77, 0x77, 0x55, 0x55, 0x55, 0x55
	.byte 0x55, 0x55, 0x55, 0x55, 0x55, 0x55, 0x55, 0x55, 0x55, 0x55, 0x55, 0x55, 0x77, 0x77, 0x77, 0x77
	.byte 0x00, 0x00, 0x00, 0x00, 0x00, 0x00, 0x00, 0x00, 0x77, 0x77, 0x77, 0x77, 0x55, 0x55, 0x55, 0x55
	.byte 0x55, 0x55, 0x55, 0x55, 0x55, 0x55, 0x55, 0x55, 0x55, 0x55, 0x55, 0x55, 0x77, 0x77, 0x77, 0x77
	.byte 0x00, 0x00, 0x00, 0x00, 0x00, 0x00, 0x00, 0x00, 0x77, 0x77, 0x77, 0x07, 0x55, 0x55, 0x55, 0x05
	.byte 0x55, 0x55, 0x55, 0x05, 0x55, 0x55, 0x55, 0x05, 0x55, 0x55, 0x55, 0x05, 0x77, 0x77, 0x77, 0x07
	.byte 0x00, 0x00, 0x00, 0x00, 0x00, 0x00, 0x00, 0x00, 0x00, 0x00, 0x00, 0x00, 0x00, 0x00, 0x00, 0x00
	.byte 0x00, 0x00, 0x00, 0x00, 0x00, 0x00, 0x00, 0x00, 0x00, 0x00, 0x00, 0x00, 0x00, 0x00, 0x00, 0x00
	.byte 0x00, 0x00, 0x00, 0x00, 0x00, 0x00, 0x00, 0x00, 0x00, 0x00, 0x00, 0x00, 0x00, 0x00, 0x00, 0x00
	.byte 0x00, 0x00, 0x00, 0x00, 0x00, 0x00, 0x00, 0x00, 0x00, 0x00, 0x00, 0x00, 0x00, 0x00, 0x00, 0x00
	.byte 0x00, 0xEE, 0x00, 0x00, 0x00, 0xEE, 0x00, 0x00, 0x00, 0xEE, 0x00, 0x00, 0x00, 0xEE, 0x00, 0x00
	.byte 0x00, 0xEE, 0x00, 0x00, 0x00, 0xEE, 0x00, 0x00, 0x00, 0xEE, 0x00, 0x00, 0x00, 0xEE, 0x00, 0x00
	.byte 0x00, 0x00, 0x00, 0x00, 0x00, 0x00, 0x00, 0x00, 0x00, 0x00, 0x00, 0x00, 0x00, 0x00, 0x00, 0x00
	.byte 0x00, 0x00, 0x00, 0x00, 0x00, 0x00, 0x00, 0x00, 0x00, 0x00, 0x00, 0x00, 0x00, 0x00, 0x00, 0x00
	.byte 0x00, 0x00, 0x00, 0x00, 0x00, 0x00, 0x00, 0x00, 0x00, 0x00, 0x00, 0x00, 0x00, 0x00, 0x00, 0x00
	.byte 0x00, 0x00, 0x00, 0x00, 0x00, 0x00, 0x00, 0x00, 0x00, 0x00, 0x00, 0x00, 0x00, 0x00, 0x00, 0x00
	.byte 0x00, 0x00, 0xEE, 0x00, 0x00, 0x00, 0xEE, 0x00, 0x00, 0x00, 0xEE, 0x00, 0x00, 0x00, 0xEE, 0x00
	.byte 0x00, 0x00, 0xEE, 0x00, 0x00, 0x00, 0xEE, 0x00, 0x00, 0x00, 0xEE, 0x00, 0x00, 0x00, 0xEE, 0x00
	.byte 0x00, 0xDD, 0x00, 0x00, 0x00, 0xDD, 0x00, 0x00, 0x00, 0xDD, 0x00, 0x00, 0x00, 0xDD, 0x00, 0x00
	.byte 0x00, 0xDD, 0x00, 0x00, 0x00, 0xDD, 0x00, 0x00, 0x00, 0xDD, 0x00, 0x00, 0x00, 0xDD, 0x00, 0x00
	.byte 0x00, 0x00, 0x00, 0x00, 0x00, 0x00, 0x00, 0x00, 0x00, 0x00, 0x00, 0x00, 0x00, 0x00, 0x00, 0x00
	.byte 0x00, 0x00, 0x00, 0x00, 0x00, 0x00, 0x00, 0x00, 0x00, 0x00, 0x00, 0x00, 0x00, 0x00, 0x00, 0x00
	.byte 0x00, 0x00, 0x00, 0x00, 0x00, 0x00, 0x00, 0x00, 0x00, 0x00, 0x00, 0x00, 0x00, 0x00, 0x00, 0x00
	.byte 0x00, 0x00, 0x00, 0x00, 0x00, 0x00, 0x00, 0x00, 0x00, 0x00, 0x00, 0x00, 0x00, 0x00, 0x00, 0x00
	.byte 0x00, 0x00, 0xDD, 0x00, 0x00, 0x00, 0xDD, 0x00, 0x00, 0x00, 0xDD, 0x00, 0x00, 0x00, 0xDD, 0x00
	.byte 0x00, 0x00, 0xDD, 0x00, 0x00, 0x00, 0xDD, 0x00, 0x00, 0x00, 0xDD, 0x00, 0x00, 0x00, 0xDD, 0x00
	.byte 0x00, 0xBB, 0x00, 0x00, 0x00, 0xBB, 0x00, 0x00, 0x00, 0xBB, 0x00, 0x00, 0x00, 0xBB, 0x00, 0x00
	.byte 0x00, 0xBB, 0x00, 0x00, 0x00, 0xBB, 0x00, 0x00, 0x00, 0xBB, 0x00, 0x00, 0x00, 0xBB, 0x00, 0x00
	.byte 0x00, 0x00, 0x00, 0x00, 0x00, 0x00, 0x00, 0x00, 0x00, 0x00, 0x00, 0x00, 0x00, 0x00, 0x00, 0x00
	.byte 0x00, 0x00, 0x00, 0x00, 0x00, 0x00, 0x00, 0x00, 0x00, 0x00, 0x00, 0x00, 0x00, 0x00, 0x00, 0x00
	.byte 0x00, 0x00, 0x00, 0x00, 0x00, 0x00, 0x00, 0x00, 0x00, 0x00, 0x00, 0x00, 0x00, 0x00, 0x00, 0x00
	.byte 0x00, 0x00, 0x00, 0x00, 0x00, 0x00, 0x00, 0x00, 0x00, 0x00, 0x00, 0x00, 0x00, 0x00, 0x00, 0x00
	.byte 0x00, 0x00, 0xBB, 0x00, 0x00, 0x00, 0xBB, 0x00, 0x00, 0x00, 0xBB, 0x00, 0x00, 0x00, 0xBB, 0x00
	.byte 0x00, 0x00, 0xBB, 0x00, 0x00, 0x00, 0xBB, 0x00, 0x00, 0x00, 0xBB, 0x00, 0x00, 0x00, 0xBB, 0x00
	.byte 0x00, 0x88, 0x00, 0x00, 0x00, 0x88, 0x00, 0x00, 0x00, 0x88, 0x00, 0x00, 0x00, 0x88, 0x00, 0x00
	.byte 0x00, 0x88, 0x00, 0x00, 0x00, 0x88, 0x00, 0x00, 0x00, 0x88, 0x00, 0x00, 0x00, 0x88, 0x00, 0x00
	.byte 0x00, 0x00, 0x00, 0x00, 0x00, 0x00, 0x00, 0x00, 0x00, 0x00, 0x00, 0x00, 0x00, 0x00, 0x00, 0x00
	.byte 0x00, 0x00, 0x00, 0x00, 0x00, 0x00, 0x00, 0x00, 0x00, 0x00, 0x00, 0x00, 0x00, 0x00, 0x00, 0x00
	.byte 0x00, 0x00, 0x00, 0x00, 0x00, 0x00, 0x00, 0x00, 0x00, 0x00, 0x00, 0x00, 0x00, 0x00, 0x00, 0x00
	.byte 0x00, 0x00, 0x00, 0x00, 0x00, 0x00, 0x00, 0x00, 0x00, 0x00, 0x00, 0x00, 0x00, 0x00, 0x00, 0x00
	.byte 0x00, 0x00, 0x88, 0x00, 0x00, 0x00, 0x88, 0x00, 0x00, 0x00, 0x88, 0x00, 0x00, 0x00, 0x88, 0x00
	.byte 0x00, 0x00, 0x88, 0x00, 0x00, 0x00, 0x88, 0x00, 0x00, 0x00, 0x88, 0x00, 0x00, 0x00, 0x88, 0x00
	.byte 0x00, 0x66, 0x00, 0x00, 0x00, 0x66, 0x00, 0x00, 0x00, 0x66, 0x00, 0x00, 0x00, 0x66, 0x00, 0x00
	.byte 0x00, 0x66, 0x00, 0x00, 0x00, 0x66, 0x00, 0x00, 0x00, 0x66, 0x00, 0x00, 0x00, 0x66, 0x00, 0x00
	.byte 0x00, 0x00, 0x00, 0x00, 0x00, 0x00, 0x00, 0x00, 0x00, 0x00, 0x00, 0x00, 0x00, 0x00, 0x00, 0x00
	.byte 0x00, 0x00, 0x00, 0x00, 0x00, 0x00, 0x00, 0x00, 0x00, 0x00, 0x00, 0x00, 0x00, 0x00, 0x00, 0x00
	.byte 0x00, 0x00, 0x00, 0x00, 0x00, 0x00, 0x00, 0x00, 0x00, 0x00, 0x00, 0x00, 0x00, 0x00, 0x00, 0x00
	.byte 0x00, 0x00, 0x00, 0x00, 0x00, 0x00, 0x00, 0x00, 0x00, 0x00, 0x00, 0x00, 0x00, 0x00, 0x00, 0x00
	.byte 0x00, 0x00, 0x66, 0x00, 0x00, 0x00, 0x66, 0x00, 0x00, 0x00, 0x66, 0x00, 0x00, 0x00, 0x66, 0x00
	.byte 0x00, 0x00, 0x66, 0x00, 0x00, 0x00, 0x66, 0x00, 0x00, 0x00, 0x66, 0x00, 0x00, 0x00, 0x66, 0x00
	.byte 0x00, 0x20, 0xE4, 0xEE, 0x00, 0x00, 0x82, 0xEE, 0x00, 0x00, 0xE2, 0x8E, 0x00, 0x20, 0xE4, 0x28
	.byte 0x00, 0x20, 0x48, 0x01, 0x00, 0x10, 0x22, 0x00, 0x00, 0x00, 0x00, 0x00, 0x00, 0x00, 0x00, 0x00
	.byte 0xEE, 0x24, 0x00, 0x00, 0x8E, 0x02, 0x00, 0x00, 0xEE, 0x02, 0x00, 0x00, 0xE8, 0x24, 0x00, 0x00
	.byte 0x41, 0x28, 0x00, 0x00, 0x20, 0x12, 0x00, 0x00, 0x00, 0x00, 0x00, 0x00, 0x00, 0x00, 0x00, 0x00
	.byte 0x00, 0x90, 0xEC, 0xEE, 0x00, 0x00, 0xE9, 0xEE, 0x00, 0x00, 0xE9, 0xEE, 0x00, 0x90, 0xEC, 0x9E
	.byte 0x00, 0x90, 0xCE, 0x09, 0x00, 0x90, 0x99, 0x00, 0x00, 0x00, 0x00, 0x00, 0x00, 0x00, 0x00, 0x00
	.byte 0xEE, 0x9C, 0x00, 0x00, 0xEE, 0x09, 0x00, 0x00, 0xEE, 0x09, 0x00, 0x00, 0xEE, 0x9C, 0x00, 0x00
	.byte 0xC9, 0x9E, 0x00, 0x00, 0x90, 0x99, 0x00, 0x00, 0x00, 0x00, 0x00, 0x00, 0x00, 0x00, 0x00, 0x00
	.byte 0x50, 0x55, 0x55, 0x55, 0x50, 0x55, 0x55, 0x55, 0x50, 0x55, 0x55, 0x55, 0x50, 0x55, 0x55, 0x55
	.byte 0x50, 0x55, 0x55, 0x55, 0x50, 0x55, 0x55, 0x55, 0x70, 0x77, 0x77, 0x77, 0x00, 0x00, 0x00, 0x00
	.byte 0x55, 0x55, 0x55, 0x55, 0x55, 0x55, 0x55, 0x55, 0x55, 0x55, 0x55, 0x55, 0x55, 0x55, 0x55, 0x55
	.byte 0x55, 0x55, 0x55, 0x55, 0x55, 0x55, 0x55, 0x55, 0x77, 0x77, 0x77, 0x77, 0x00, 0x00, 0x00, 0x00
	.byte 0x55, 0x55, 0x55, 0x55, 0x55, 0x55, 0x55, 0x55, 0x55, 0x55, 0x55, 0x55, 0x55, 0x55, 0x55, 0x55
	.byte 0x55, 0x55, 0x55, 0x55, 0x55, 0x55, 0x55, 0x55, 0x77, 0x77, 0x77, 0x77, 0x00, 0x00, 0x00, 0x00
	.byte 0x55, 0x55, 0x55, 0x55, 0x55, 0x55, 0x55, 0x55, 0x55, 0x55, 0x55, 0x55, 0x55, 0x55, 0x55, 0x55
	.byte 0x55, 0x55, 0x55, 0x55, 0x55, 0x55, 0x55, 0x55, 0x77, 0x77, 0x77, 0x77, 0x00, 0x00, 0x00, 0x00
	.byte 0x55, 0x55, 0x55, 0x55, 0x55, 0x55, 0x55, 0x55, 0x55, 0x55, 0x55, 0x55, 0x55, 0x55, 0x55, 0x55
	.byte 0x55, 0x55, 0x55, 0x55, 0x55, 0x55, 0x55, 0x55, 0x77, 0x77, 0x77, 0x77, 0x00, 0x00, 0x00, 0x00
	.byte 0x55, 0x55, 0x55, 0x05, 0x55, 0x55, 0x55, 0x05, 0x55, 0x55, 0x55, 0x05, 0x55, 0x55, 0x55, 0x05
	.byte 0x55, 0x55, 0x55, 0x05, 0x55, 0x55, 0x55, 0x05, 0x77, 0x77, 0x77, 0x07, 0x00, 0x00, 0x00, 0x00
	.byte 0x00, 0x00, 0x00, 0x00, 0x00, 0x00, 0x00, 0x00, 0x00, 0x00, 0x00, 0x00, 0x00, 0x00, 0x00, 0x00
	.byte 0x00, 0x00, 0x00, 0x00, 0x00, 0x00, 0x00, 0x00, 0x00, 0x00, 0x00, 0x00, 0x00, 0x00, 0x00, 0x00
	.byte 0x00, 0x00, 0x00, 0x00, 0x00, 0x00, 0x00, 0x00, 0x00, 0x00, 0x00, 0x00, 0x00, 0x00, 0x00, 0x00
	.byte 0x00, 0x00, 0x00, 0x00, 0x00, 0x00, 0x00, 0x00, 0x00, 0x00, 0x00, 0x00, 0x00, 0x00, 0x00, 0x00
	.byte 0x00, 0xEE, 0x00, 0x00, 0x00, 0xEE, 0x00, 0x00, 0x00, 0xEE, 0x00, 0x00, 0x00, 0xEE, 0x00, 0x00
	.byte 0x00, 0xEE, 0xEE, 0xEE, 0x00, 0xEE, 0xEE, 0xEE, 0x00, 0x00, 0x00, 0x00, 0x00, 0x00, 0x00, 0x00
	.byte 0x00, 0x00, 0x00, 0x00, 0x00, 0x00, 0x00, 0x00, 0x00, 0x00, 0x00, 0x00, 0x00, 0x00, 0x00, 0x00
	.byte 0xEE, 0xEE, 0xEE, 0xEE, 0xEE, 0xEE, 0xEE, 0xEE, 0x00, 0x00, 0x00, 0x00, 0x00, 0x00, 0x00, 0x00
	.byte 0x00, 0x00, 0x00, 0x00, 0x00, 0x00, 0x00, 0x00, 0x00, 0x00, 0x00, 0x00, 0x00, 0x00, 0x00, 0x00
	.byte 0xEE, 0xEE, 0xEE, 0xEE, 0xEE, 0xEE, 0xEE, 0xEE, 0x00, 0x00, 0x00, 0x00, 0x00, 0x00, 0x00, 0x00
	.byte 0x00, 0x00, 0xEE, 0x00, 0x00, 0x00, 0xEE, 0x00, 0x00, 0x00, 0xEE, 0x00, 0x00, 0x00, 0xEE, 0x00
	.byte 0xEE, 0xEE, 0xEE, 0x00, 0xEE, 0xEE, 0xEE, 0x00, 0x00, 0x00, 0x00, 0x00, 0x00, 0x00, 0x00, 0x00
	.byte 0x00, 0xDD, 0x00, 0x00, 0x00, 0xDD, 0x00, 0x00, 0x00, 0xDD, 0x00, 0x00, 0x00, 0xDD, 0x00, 0x00
	.byte 0x00, 0xDD, 0xDD, 0xDD, 0x00, 0xDD, 0xDD, 0xDD, 0x00, 0x00, 0x00, 0x00, 0x00, 0x00, 0x00, 0x00
	.byte 0x00, 0x00, 0x00, 0x00, 0x00, 0x00, 0x00, 0x00, 0x00, 0x00, 0x00, 0x00, 0x00, 0x00, 0x00, 0x00
	.byte 0xDD, 0xDD, 0xDD, 0xDD, 0xDD, 0xDD, 0xDD, 0xDD, 0x00, 0x00, 0x00, 0x00, 0x00, 0x00, 0x00, 0x00
	.byte 0x00, 0x00, 0x00, 0x00, 0x00, 0x00, 0x00, 0x00, 0x00, 0x00, 0x00, 0x00, 0x00, 0x00, 0x00, 0x00
	.byte 0xDD, 0xDD, 0xDD, 0xDD, 0xDD, 0xDD, 0xDD, 0xDD, 0x00, 0x00, 0x00, 0x00, 0x00, 0x00, 0x00, 0x00
	.byte 0x00, 0x00, 0xDD, 0x00, 0x00, 0x00, 0xDD, 0x00, 0x00, 0x00, 0xDD, 0x00, 0x00, 0x00, 0xDD, 0x00
	.byte 0xDD, 0xDD, 0xDD, 0x00, 0xDD, 0xDD, 0xDD, 0x00, 0x00, 0x00, 0x00, 0x00, 0x00, 0x00, 0x00, 0x00
	.byte 0x00, 0xBB, 0x00, 0x00, 0x00, 0xBB, 0x00, 0x00, 0x00, 0xBB, 0x00, 0x00, 0x00, 0xBB, 0x00, 0x00
	.byte 0x00, 0xBB, 0xBB, 0xBB, 0x00, 0xBB, 0xBB, 0xBB, 0x00, 0x00, 0x00, 0x00, 0x00, 0x00, 0x00, 0x00
	.byte 0x00, 0x00, 0x00, 0x00, 0x00, 0x00, 0x00, 0x00, 0x00, 0x00, 0x00, 0x00, 0x00, 0x00, 0x00, 0x00
	.byte 0xBB, 0xBB, 0xBB, 0xBB, 0xBB, 0xBB, 0xBB, 0xBB, 0x00, 0x00, 0x00, 0x00, 0x00, 0x00, 0x00, 0x00
	.byte 0x00, 0x00, 0x00, 0x00, 0x00, 0x00, 0x00, 0x00, 0x00, 0x00, 0x00, 0x00, 0x00, 0x00, 0x00, 0x00
	.byte 0xBB, 0xBB, 0xBB, 0xBB, 0xBB, 0xBB, 0xBB, 0xBB, 0x00, 0x00, 0x00, 0x00, 0x00, 0x00, 0x00, 0x00
	.byte 0x00, 0x00, 0xBB, 0x00, 0x00, 0x00, 0xBB, 0x00, 0x00, 0x00, 0xBB, 0x00, 0x00, 0x00, 0xBB, 0x00
	.byte 0xBB, 0xBB, 0xBB, 0x00, 0xBB, 0xBB, 0xBB, 0x00, 0x00, 0x00, 0x00, 0x00, 0x00, 0x00, 0x00, 0x00
	.byte 0x00, 0x88, 0x00, 0x00, 0x00, 0x88, 0x00, 0x00, 0x00, 0x88, 0x00, 0x00, 0x00, 0x88, 0x00, 0x00
	.byte 0x00, 0x88, 0x88, 0x88, 0x00, 0x88, 0x88, 0x88, 0x00, 0x00, 0x00, 0x00, 0x00, 0x00, 0x00, 0x00
	.byte 0x00, 0x00, 0x00, 0x00, 0x00, 0x00, 0x00, 0x00, 0x00, 0x00, 0x00, 0x00, 0x00, 0x00, 0x00, 0x00
	.byte 0x88, 0x88, 0x88, 0x88, 0x88, 0x88, 0x88, 0x88, 0x00, 0x00, 0x00, 0x00, 0x00, 0x00, 0x00, 0x00
	.byte 0x00, 0x00, 0x00, 0x00, 0x00, 0x00, 0x00, 0x00, 0x00, 0x00, 0x00, 0x00, 0x00, 0x00, 0x00, 0x00
	.byte 0x88, 0x88, 0x88, 0x88, 0x88, 0x88, 0x88, 0x88, 0x00, 0x00, 0x00, 0x00, 0x00, 0x00, 0x00, 0x00
	.byte 0x00, 0x00, 0x88, 0x00, 0x00, 0x00, 0x88, 0x00, 0x00, 0x00, 0x88, 0x00, 0x00, 0x00, 0x88, 0x00
	.byte 0x88, 0x88, 0x88, 0x00, 0x88, 0x88, 0x88, 0x00, 0x00, 0x00, 0x00, 0x00, 0x00, 0x00, 0x00, 0x00
	.byte 0x00, 0x66, 0x00, 0x00, 0x00, 0x66, 0x00, 0x00, 0x00, 0x66, 0x00, 0x00, 0x00, 0x66, 0x00, 0x00
	.byte 0x00, 0x66, 0x66, 0x66, 0x00, 0x66, 0x66, 0x66, 0x00, 0x00, 0x00, 0x00, 0x00, 0x00, 0x00, 0x00
	.byte 0x00, 0x00, 0x00, 0x00, 0x00, 0x00, 0x00, 0x00, 0x00, 0x00, 0x00, 0x00, 0x00, 0x00, 0x00, 0x00
	.byte 0x66, 0x66, 0x66, 0x66, 0x66, 0x66, 0x66, 0x66, 0x00, 0x00, 0x00, 0x00, 0x00, 0x00, 0x00, 0x00
	.byte 0x00, 0x00, 0x00, 0x00, 0x00, 0x00, 0x00, 0x00, 0x00, 0x00, 0x00, 0x00, 0x00, 0x00, 0x00, 0x00
	.byte 0x66, 0x66, 0x66, 0x66, 0x66, 0x66, 0x66, 0x66, 0x00, 0x00, 0x00, 0x00, 0x00, 0x00, 0x00, 0x00
	.byte 0x00, 0x00, 0x66, 0x00, 0x00, 0x00, 0x66, 0x00, 0x00, 0x00, 0x66, 0x00, 0x00, 0x00, 0x66, 0x00
	.byte 0x66, 0x66, 0x66, 0x00, 0x66, 0x66, 0x66, 0x00, 0x00, 0x00, 0x00, 0x00, 0x00, 0x00, 0x00, 0x00
	.byte 0x00, 0x00, 0x00, 0x00, 0x00, 0x00, 0x00, 0x00, 0x00, 0x00, 0x00, 0x00, 0x00, 0x00, 0x00, 0x00
	.byte 0x00, 0x00, 0x00, 0x00, 0x00, 0x00, 0x00, 0x00, 0x00, 0x00, 0x00, 0x00, 0x00, 0x00, 0x00, 0x00
	.byte 0x00, 0x00, 0x00, 0x00, 0x00, 0x00, 0x00, 0x00, 0x00, 0x00, 0x00, 0x00, 0x00, 0x00, 0x00, 0x00
	.byte 0x00, 0x00, 0x00, 0x00, 0x00, 0x00, 0x00, 0x00, 0x00, 0x00, 0x00, 0x00, 0x00, 0x00, 0x00, 0x00
	.byte 0x00, 0x00, 0x00, 0x00, 0x00, 0x00, 0x00, 0x00, 0x00, 0x00, 0x00, 0x00, 0x00, 0x00, 0x00, 0x00
	.byte 0x00, 0x00, 0x00, 0x00, 0x00, 0x00, 0x00, 0x00, 0x00, 0x00, 0x00, 0x00, 0x00, 0x00, 0x00, 0x00
	.byte 0x00, 0x00, 0x00, 0x00, 0x00, 0x00, 0x00, 0x00, 0x00, 0x00, 0x00, 0x00, 0x00, 0x00, 0x00, 0x00
	.byte 0x00, 0x00, 0x00, 0x00, 0x00, 0x00, 0x00, 0x00, 0x00, 0x00, 0x00, 0x00, 0x00, 0x00, 0x00, 0x00
	.byte 0x00, 0x00, 0x00, 0x00, 0x00, 0x00, 0x00, 0x00, 0xA0, 0xAA, 0xAA, 0xAA, 0x70, 0x77, 0x77, 0x77
	.byte 0x70, 0x77, 0x77, 0x77, 0x70, 0x77, 0x77, 0x77, 0x70, 0x77, 0x77, 0x77, 0xA0, 0xAA, 0xAA, 0xAA
	.byte 0x00, 0x00, 0x00, 0x00, 0x00, 0x00, 0x00, 0x00, 0xAA, 0xAA, 0xAA, 0xAA, 0x77, 0x77, 0x77, 0x77
	.byte 0x77, 0x77, 0x77, 0x77, 0x77, 0x77, 0x77, 0x77, 0x77, 0x77, 0x77, 0x77, 0xAA, 0xAA, 0xAA, 0xAA
	.byte 0x00, 0x00, 0x00, 0x00, 0x00, 0x00, 0x00, 0x00, 0xAA, 0xAA, 0xAA, 0xAA, 0x77, 0x77, 0x77, 0x77
	.byte 0x77, 0x77, 0x77, 0x77, 0x77, 0x77, 0x77, 0x77, 0x77, 0x77, 0x77, 0x77, 0xAA, 0xAA, 0xAA, 0xAA
	.byte 0x00, 0x00, 0x00, 0x00, 0x00, 0x00, 0x00, 0x00, 0xAA, 0xAA, 0xAA, 0xAA, 0x77, 0x77, 0x77, 0x77
	.byte 0x77, 0x77, 0x77, 0x77, 0x77, 0x77, 0x77, 0x77, 0x77, 0x77, 0x77, 0x77, 0xAA, 0xAA, 0xAA, 0xAA
	.byte 0x00, 0x00, 0x00, 0x00, 0x00, 0x00, 0x00, 0x00, 0xAA, 0xAA, 0xAA, 0xAA, 0x77, 0x77, 0x77, 0x77
	.byte 0x77, 0x77, 0x77, 0x77, 0x77, 0x77, 0x77, 0x77, 0x77, 0x77, 0x77, 0x77, 0xAA, 0xAA, 0xAA, 0xAA
	.byte 0x00, 0x00, 0x00, 0x00, 0x00, 0x00, 0x00, 0x00, 0xAA, 0xAA, 0xAA, 0x0A, 0x77, 0x77, 0x77, 0x07
	.byte 0x77, 0x77, 0x77, 0x07, 0x77, 0x77, 0x77, 0x07, 0x77, 0x77, 0x77, 0x07, 0xAA, 0xAA, 0xAA, 0x0A
	.byte 0x00, 0x00, 0x00, 0x00, 0x00, 0x00, 0x00, 0x00, 0x00, 0x00, 0x00, 0x00, 0x00, 0x00, 0x00, 0x00
	.byte 0x00, 0x00, 0x00, 0x00, 0x00, 0x00, 0x00, 0x00, 0x00, 0x00, 0x00, 0x00, 0x00, 0x00, 0x00, 0x00
	.byte 0x00, 0x00, 0x00, 0x00, 0x00, 0x00, 0x00, 0x00, 0x00, 0x00, 0x00, 0x00, 0x00, 0x00, 0x00, 0x00
	.byte 0x00, 0x00, 0x00, 0x00, 0x00, 0x00, 0x00, 0x00, 0x00, 0x00, 0x00, 0x00, 0x00, 0x00, 0x00, 0x00
	.byte 0x00, 0x00, 0x00, 0x00, 0x00, 0x00, 0x00, 0x00, 0x00, 0x00, 0x00, 0x00, 0x00, 0x00, 0x00, 0x00
	.byte 0x00, 0x00, 0x00, 0x00, 0x00, 0x00, 0x00, 0x00, 0x00, 0x00, 0x00, 0x00, 0x00, 0x00, 0x00, 0x00
	.byte 0x00, 0x00, 0x00, 0x00, 0x00, 0x00, 0x00, 0x00, 0x00, 0x00, 0x00, 0x00, 0x00, 0x00, 0x00, 0x00
	.byte 0x00, 0x00, 0x00, 0x00, 0x00, 0x00, 0x00, 0x00, 0x00, 0x00, 0x00, 0x00, 0x00, 0x00, 0x00, 0x00
	.byte 0x00, 0x00, 0x00, 0x00, 0x00, 0x00, 0x00, 0x00, 0x00, 0x00, 0x00, 0x00, 0x00, 0x00, 0x00, 0x00
	.byte 0x00, 0x00, 0x00, 0x00, 0x00, 0x00, 0x00, 0x00, 0x00, 0x00, 0x00, 0x00, 0x00, 0x00, 0x00, 0x00
	.byte 0x00, 0x00, 0x00, 0x00, 0x00, 0x00, 0x00, 0x00, 0x00, 0x00, 0x00, 0x00, 0x00, 0x00, 0x00, 0x00
	.byte 0x00, 0x00, 0x00, 0x00, 0x00, 0x00, 0x00, 0x00, 0x00, 0x00, 0x00, 0x00, 0x00, 0x00, 0x00, 0x00
	.byte 0x00, 0x00, 0x00, 0x00, 0x00, 0x00, 0x00, 0x00, 0x00, 0x00, 0x00, 0x00, 0x00, 0x00, 0x00, 0x00
	.byte 0x00, 0x00, 0x00, 0x00, 0x00, 0x00, 0x00, 0x00, 0x00, 0x00, 0x00, 0x00, 0x00, 0x00, 0x00, 0x00
	.byte 0x00, 0x00, 0x00, 0x00, 0x00, 0x00, 0x00, 0x00, 0x00, 0x00, 0x00, 0x00, 0x00, 0x00, 0x00, 0x00
	.byte 0x00, 0x00, 0x00, 0x00, 0x00, 0x00, 0x00, 0x00, 0x00, 0x00, 0x00, 0x00, 0x00, 0x00, 0x00, 0x00
	.byte 0x00, 0x00, 0x00, 0x00, 0x00, 0x00, 0x00, 0x00, 0x00, 0x00, 0x00, 0x00, 0x00, 0x00, 0x00, 0x00
	.byte 0x00, 0x00, 0x00, 0x00, 0x00, 0x00, 0x00, 0x00, 0x00, 0x00, 0x00, 0x00, 0x00, 0x00, 0x00, 0x00
	.byte 0x00, 0x00, 0x00, 0x00, 0x00, 0x00, 0x00, 0x00, 0x00, 0x00, 0x00, 0x00, 0x00, 0x00, 0x00, 0x00
	.byte 0x00, 0x00, 0x00, 0x00, 0x00, 0x00, 0x00, 0x00, 0x00, 0x00, 0x00, 0x00, 0x00, 0x00, 0x00, 0x00
	.byte 0x00, 0x00, 0x00, 0x00, 0x00, 0x00, 0x00, 0x00, 0x00, 0x00, 0x00, 0x00, 0x00, 0x00, 0x00, 0x00
	.byte 0x00, 0x00, 0x00, 0x00, 0x00, 0x00, 0x00, 0x00, 0x00, 0x00, 0x00, 0x00, 0x00, 0x00, 0x00, 0x00
	.byte 0x00, 0x00, 0x00, 0x00, 0x00, 0x00, 0x00, 0x00, 0x00, 0x00, 0x00, 0x00, 0x00, 0x00, 0x00, 0x00
	.byte 0x00, 0x00, 0x00, 0x00, 0x00, 0x00, 0x00, 0x00, 0x00, 0x00, 0x00, 0x00, 0x00, 0x00, 0x00, 0x00
	.byte 0x00, 0x00, 0x00, 0x00, 0x00, 0x00, 0x00, 0x00, 0x00, 0x00, 0x00, 0x00, 0x00, 0x00, 0x00, 0x00
	.byte 0x00, 0x00, 0x00, 0x00, 0x00, 0x00, 0x00, 0x00, 0x00, 0x00, 0x00, 0x00, 0x00, 0x00, 0x00, 0x00
	.byte 0x00, 0x00, 0x00, 0x00, 0x00, 0x00, 0x00, 0x00, 0x00, 0x00, 0x00, 0x00, 0x00, 0x00, 0x00, 0x00
	.byte 0x00, 0x00, 0x00, 0x00, 0x00, 0x00, 0x00, 0x00, 0x00, 0x00, 0x00, 0x00, 0x00, 0x00, 0x00, 0x00
	.byte 0x00, 0x00, 0x00, 0x00, 0x00, 0x00, 0x00, 0x00, 0x00, 0x00, 0x00, 0x00, 0x00, 0x00, 0x00, 0x00
	.byte 0x00, 0x00, 0x00, 0x00, 0x00, 0x00, 0x00, 0x00, 0x00, 0x00, 0x00, 0x00, 0x00, 0x00, 0x00, 0x00
	.byte 0x00, 0x00, 0x00, 0x00, 0x00, 0x00, 0x00, 0x00, 0x00, 0x00, 0x00, 0x00, 0x00, 0x00, 0x00, 0x00
	.byte 0x00, 0x00, 0x00, 0x00, 0x00, 0x00, 0x00, 0x00, 0x00, 0x00, 0x00, 0x00, 0x00, 0x00, 0x00, 0x00
	.byte 0x00, 0x00, 0x00, 0x00, 0x00, 0x00, 0x00, 0x00, 0x00, 0x00, 0x00, 0x00, 0x00, 0x00, 0x00, 0x00
	.byte 0x00, 0x00, 0x00, 0x00, 0x00, 0x00, 0x00, 0x00, 0x00, 0x00, 0x00, 0x00, 0x00, 0x00, 0x00, 0x00
	.byte 0x00, 0x00, 0x00, 0x00, 0x00, 0x00, 0x00, 0x00, 0x00, 0x00, 0x00, 0x00, 0x00, 0x00, 0x00, 0x00
	.byte 0x00, 0x00, 0x00, 0x00, 0x00, 0x00, 0x00, 0x00, 0x00, 0x00, 0x00, 0x00, 0x00, 0x00, 0x00, 0x00
	.byte 0x00, 0x00, 0x00, 0x00, 0x00, 0x00, 0x00, 0x00, 0x00, 0x00, 0x00, 0x00, 0x00, 0x00, 0x00, 0x00
	.byte 0x00, 0x00, 0x00, 0x00, 0x00, 0x00, 0x00, 0x00, 0x00, 0x00, 0x00, 0x00, 0x00, 0x00, 0x00, 0x00
	.byte 0x00, 0x00, 0x00, 0x00, 0x00, 0x00, 0x00, 0x00, 0x00, 0x00, 0x00, 0x00, 0x00, 0x00, 0x00, 0x00
	.byte 0x00, 0x00, 0x00, 0x00, 0x00, 0x00, 0x00, 0x00, 0x00, 0x00, 0x00, 0x00, 0x00, 0x00, 0x00, 0x00
	.byte 0x00, 0x00, 0x00, 0x00, 0x00, 0x00, 0x00, 0x00, 0x00, 0x00, 0x00, 0x00, 0x00, 0x00, 0x00, 0x00
	.byte 0x00, 0x00, 0x00, 0x00, 0x00, 0x00, 0x00, 0x00, 0x00, 0x00, 0x00, 0x00, 0x00, 0x00, 0x00, 0x00
	.byte 0x00, 0x00, 0x00, 0x00, 0x00, 0x00, 0x00, 0x00, 0x00, 0x00, 0x00, 0x00, 0x00, 0x00, 0x00, 0x00
	.byte 0x00, 0x00, 0x00, 0x00, 0x00, 0x00, 0x00, 0x00, 0x00, 0x00, 0x00, 0x00, 0x00, 0x00, 0x00, 0x00
	.byte 0x00, 0x00, 0x00, 0x00, 0x00, 0x00, 0x00, 0x00, 0x00, 0x00, 0x00, 0x00, 0x00, 0x00, 0x00, 0x00
	.byte 0x00, 0x00, 0x00, 0x00, 0x00, 0x00, 0x00, 0x00, 0x00, 0x00, 0x00, 0x00, 0x00, 0x00, 0x00, 0x00
	.byte 0x00, 0x00, 0x00, 0x00, 0x00, 0x00, 0x00, 0x00, 0x00, 0x00, 0x00, 0x00, 0x00, 0x00, 0x00, 0x00
	.byte 0x00, 0x00, 0x00, 0x00, 0x00, 0x00, 0x00, 0x00, 0x00, 0x00, 0x00, 0x00, 0x00, 0x00, 0x00, 0x00
	.byte 0x00, 0x00, 0x00, 0x00, 0x00, 0x00, 0x00, 0x00, 0x00, 0x00, 0x00, 0x00, 0x00, 0x00, 0x00, 0x00
	.byte 0x00, 0x00, 0x00, 0x00, 0x00, 0x00, 0x00, 0x00, 0x00, 0x00, 0x00, 0x00, 0x00, 0x00, 0x00, 0x00
	.byte 0x00, 0x00, 0x00, 0x00, 0x00, 0x00, 0x00, 0x00, 0x00, 0x00, 0x00, 0x00, 0x00, 0x00, 0x00, 0x00
	.byte 0x00, 0x00, 0x00, 0x00, 0x00, 0x00, 0x00, 0x00, 0x00, 0x00, 0x00, 0x00, 0x00, 0x00, 0x00, 0x00
	.byte 0x70, 0x77, 0x77, 0x77, 0x70, 0x77, 0x77, 0x77, 0x70, 0x77, 0x77, 0x77, 0x70, 0x77, 0x77, 0x77
	.byte 0x70, 0x77, 0x77, 0x77, 0x70, 0x77, 0x77, 0x77, 0xA0, 0xAA, 0xAA, 0xAA, 0x00, 0x00, 0x00, 0x00
	.byte 0x77, 0x77, 0x77, 0x77, 0x77, 0x77, 0x77, 0x77, 0x77, 0x77, 0x77, 0x77, 0x77, 0x77, 0x77, 0x77
	.byte 0x77, 0x77, 0x77, 0x77, 0x77, 0x77, 0x77, 0x77, 0xAA, 0xAA, 0xAA, 0xAA, 0x00, 0x00, 0x00, 0x00
	.byte 0x77, 0x77, 0x77, 0x77, 0x77, 0x77, 0x77, 0x77, 0x77, 0x77, 0x77, 0x77, 0x77, 0x77, 0x77, 0x77
	.byte 0x77, 0x77, 0x77, 0x77, 0x77, 0x77, 0x77, 0x77, 0xAA, 0xAA, 0xAA, 0xAA, 0x00, 0x00, 0x00, 0x00
	.byte 0x77, 0x77, 0x77, 0x77, 0x77, 0x77, 0x77, 0x77, 0x77, 0x77, 0x77, 0x77, 0x77, 0x77, 0x77, 0x77
	.byte 0x77, 0x77, 0x77, 0x77, 0x77, 0x77, 0x77, 0x77, 0xAA, 0xAA, 0xAA, 0xAA, 0x00, 0x00, 0x00, 0x00
	.byte 0x77, 0x77, 0x77, 0x77, 0x77, 0x77, 0x77, 0x77, 0x77, 0x77, 0x77, 0x77, 0x77, 0x77, 0x77, 0x77
	.byte 0x77, 0x77, 0x77, 0x77, 0x77, 0x77, 0x77, 0x77, 0xAA, 0xAA, 0xAA, 0xAA, 0x00, 0x00, 0x00, 0x00
	.byte 0x77, 0x77, 0x77, 0x07, 0x77, 0x77, 0x77, 0x07, 0x77, 0x77, 0x77, 0x07, 0x77, 0x77, 0x77, 0x07
	.byte 0x77, 0x77, 0x77, 0x07, 0x77, 0x77, 0x77, 0x07, 0xAA, 0xAA, 0xAA, 0x0A, 0x00, 0x00, 0x00, 0x00
	.byte 0x00, 0x00, 0x00, 0x00, 0x00, 0x00, 0x00, 0x00, 0x00, 0x00, 0x00, 0x00, 0x00, 0x00, 0x00, 0x00
	.byte 0x00, 0x00, 0x00, 0x00, 0x00, 0x00, 0x00, 0x00, 0x00, 0x00, 0x00, 0x00, 0x00, 0x00, 0x00, 0x00
	.byte 0x00, 0x00, 0x00, 0x00, 0x00, 0x00, 0x00, 0x00, 0x00, 0x00, 0x00, 0x00, 0x00, 0x00, 0x00, 0x00
	.byte 0x00, 0x00, 0x00, 0x00, 0x00, 0x00, 0x00, 0x00, 0x00, 0x00, 0x00, 0x00, 0x00, 0x00, 0x00, 0x00
	.byte 0x00, 0x00, 0x00, 0x00, 0x00, 0x00, 0x00, 0x00, 0x00, 0x00, 0x00, 0x00, 0x00, 0x00, 0x00, 0x00
	.byte 0x00, 0x00, 0x00, 0x00, 0x00, 0x00, 0x00, 0x00, 0x00, 0x00, 0x00, 0x00, 0x00, 0x00, 0x00, 0x00
	.byte 0x00, 0x00, 0x00, 0x00, 0x00, 0x00, 0x00, 0x00, 0x00, 0x00, 0x00, 0x00, 0x00, 0x00, 0x00, 0x00
	.byte 0x00, 0x00, 0x00, 0x00, 0x00, 0x00, 0x00, 0x00, 0x00, 0x00, 0x00, 0x00, 0x00, 0x00, 0x00, 0x00
	.byte 0x00, 0x00, 0x00, 0x00, 0x00, 0x00, 0x00, 0x00, 0x00, 0x00, 0x00, 0x00, 0x00, 0x00, 0x00, 0x00
	.byte 0x00, 0x00, 0x00, 0x00, 0x00, 0x00, 0x00, 0x00, 0x00, 0x00, 0x00, 0x00, 0x00, 0x00, 0x00, 0x00
	.byte 0x00, 0x00, 0x00, 0x00, 0x00, 0x00, 0x00, 0x00, 0x00, 0x00, 0x00, 0x00, 0x00, 0x00, 0x00, 0x00
	.byte 0x00, 0x00, 0x00, 0x00, 0x00, 0x00, 0x00, 0x00, 0x00, 0x00, 0x00, 0x00, 0x00, 0x00, 0x00, 0x00
	.byte 0x00, 0x00, 0x00, 0x00, 0x00, 0x00, 0x00, 0x00, 0x00, 0x00, 0x00, 0x00, 0x00, 0x00, 0x00, 0x00
	.byte 0x00, 0x00, 0x00, 0x00, 0x00, 0x00, 0x00, 0x00, 0x00, 0x00, 0x00, 0x00, 0x00, 0x00, 0x00, 0x00
	.byte 0x00, 0x00, 0x00, 0x00, 0x00, 0x00, 0x00, 0x00, 0x00, 0x00, 0x00, 0x00, 0x00, 0x00, 0x00, 0x00
	.byte 0x00, 0x00, 0x00, 0x00, 0x00, 0x00, 0x00, 0x00, 0x00, 0x00, 0x00, 0x00, 0x00, 0x00, 0x00, 0x00
	.byte 0x00, 0x00, 0x00, 0x00, 0x00, 0x00, 0x00, 0x00, 0x00, 0x00, 0x00, 0x00, 0x00, 0x00, 0x00, 0x00
	.byte 0x00, 0x00, 0x00, 0x00, 0x00, 0x00, 0x00, 0x00, 0x00, 0x00, 0x00, 0x00, 0x00, 0x00, 0x00, 0x00
	.byte 0x00, 0x00, 0x00, 0x00, 0x00, 0x00, 0x00, 0x00, 0x00, 0x00, 0x00, 0x00, 0x00, 0x00, 0x00, 0x00
	.byte 0x00, 0x00, 0x00, 0x00, 0x00, 0x00, 0x00, 0x00, 0x00, 0x00, 0x00, 0x00, 0x00, 0x00, 0x00, 0x00
	.byte 0x00, 0x00, 0x00, 0x00, 0x00, 0x00, 0x00, 0x00, 0x00, 0x00, 0x00, 0x00, 0x00, 0x00, 0x00, 0x00
	.byte 0x00, 0x00, 0x00, 0x00, 0x00, 0x00, 0x00, 0x00, 0x00, 0x00, 0x00, 0x00, 0x00, 0x00, 0x00, 0x00
	.byte 0x00, 0x00, 0x00, 0x00, 0x00, 0x00, 0x00, 0x00, 0x00, 0x00, 0x00, 0x00, 0x00, 0x00, 0x00, 0x00
	.byte 0x00, 0x00, 0x00, 0x00, 0x00, 0x00, 0x00, 0x00, 0x00, 0x00, 0x00, 0x00, 0x00, 0x00, 0x00, 0x00
	.byte 0x00, 0x00, 0x00, 0x00, 0x00, 0x00, 0x00, 0x00, 0x00, 0x00, 0x00, 0x00, 0x00, 0x00, 0x00, 0x00
	.byte 0x00, 0x00, 0x00, 0x00, 0x00, 0x00, 0x00, 0x00, 0x00, 0x00, 0x00, 0x00, 0x00, 0x00, 0x00, 0x00
	.byte 0x00, 0x00, 0x00, 0x00, 0x00, 0x00, 0x00, 0x00, 0x00, 0x00, 0x00, 0x00, 0x00, 0x00, 0x00, 0x00
	.byte 0x00, 0x00, 0x00, 0x00, 0x00, 0x00, 0x00, 0x00, 0x00, 0x00, 0x00, 0x00, 0x00, 0x00, 0x00, 0x00
	.byte 0x00, 0x00, 0x00, 0x00, 0x00, 0x00, 0x00, 0x00, 0x00, 0x00, 0x00, 0x00, 0x00, 0x00, 0x00, 0x00
	.byte 0x00, 0x00, 0x00, 0x00, 0x00, 0x00, 0x00, 0x00, 0x00, 0x00, 0x00, 0x00, 0x00, 0x00, 0x00, 0x00
	.byte 0x00, 0x00, 0x00, 0x00, 0x00, 0x00, 0x00, 0x00, 0x00, 0x00, 0x00, 0x00, 0x00, 0x00, 0x00, 0x00
	.byte 0x00, 0x00, 0x00, 0x00, 0x00, 0x00, 0x00, 0x00, 0x00, 0x00, 0x00, 0x00, 0x00, 0x00, 0x00, 0x00
	.byte 0x00, 0x00, 0x00, 0x00, 0x00, 0x00, 0x00, 0x00, 0x00, 0x00, 0x00, 0x00, 0x00, 0x00, 0x00, 0x00
	.byte 0x00, 0x00, 0x00, 0x00, 0x00, 0x00, 0x00, 0x00, 0x00, 0x00, 0x00, 0x00, 0x00, 0x00, 0x00, 0x00
	.byte 0x00, 0x00, 0x00, 0x00, 0x00, 0x00, 0x00, 0x00, 0x00, 0x00, 0x00, 0x00, 0x00, 0x00, 0x00, 0x00
	.byte 0x00, 0x00, 0x00, 0x00, 0x00, 0x00, 0x00, 0x00, 0x00, 0x00, 0x00, 0x00, 0x00, 0x00, 0x00, 0x00
	.byte 0x00, 0x00, 0x00, 0x00, 0x00, 0x00, 0x00, 0x00, 0x00, 0x00, 0x00, 0x00, 0x00, 0x00, 0x00, 0x00
	.byte 0x00, 0x00, 0x00, 0x00, 0x00, 0x00, 0x00, 0x00, 0x00, 0x00, 0x00, 0x00, 0x00, 0x00, 0x00, 0x00
	.byte 0x00, 0x00, 0x00, 0x00, 0x00, 0x00, 0x00, 0x00, 0x00, 0x00, 0x00, 0x00, 0x00, 0x00, 0x00, 0x00
	.byte 0x00, 0x00, 0x00, 0x00, 0x00, 0x00, 0x00, 0x00, 0x00, 0x00, 0x00, 0x00, 0x00, 0x00, 0x00, 0x00
	.byte 0x00, 0x00, 0x00, 0x00, 0x00, 0x00, 0x00, 0x00, 0x00, 0x00, 0x00, 0x00, 0x00, 0x00, 0x00, 0x00
	.byte 0x00, 0x00, 0x00, 0x00, 0x00, 0x00, 0x00, 0x00, 0x00, 0x00, 0x00, 0x00, 0x00, 0x00, 0x00, 0x00
	.byte 0x00, 0x00, 0x00, 0x00, 0x00, 0x00, 0x00, 0x00, 0x00, 0x00, 0x00, 0x00, 0x00, 0x00, 0x00, 0x00
	.byte 0x00, 0x00, 0x00, 0x00, 0x00, 0x00, 0x00, 0x00, 0x00, 0x00, 0x00, 0x00, 0x00, 0x00, 0x00, 0x00
	.byte 0x00, 0x00, 0x00, 0x00, 0x00, 0x00, 0x00, 0x00, 0x00, 0x00, 0x00, 0x00, 0x00, 0x00, 0x00, 0x00
	.byte 0x00, 0x00, 0x00, 0x00, 0x00, 0x00, 0x00, 0x00, 0x00, 0x00, 0x00, 0x00, 0x00, 0x00, 0x00, 0x00
	.byte 0x00, 0x00, 0x00, 0x00, 0x00, 0x00, 0x00, 0x00, 0x00, 0x00, 0x00, 0x00, 0x00, 0x00, 0x00, 0x00
	.byte 0x00, 0x00, 0x00, 0x00, 0x00, 0x00, 0x00, 0x00, 0x00, 0x00, 0x00, 0x00, 0x00, 0x00, 0x00, 0x00
	.byte 0x00, 0x00, 0x00, 0x00, 0x00, 0x00, 0x00, 0x00, 0x00, 0x00, 0x00, 0x00, 0x00, 0x00, 0x00, 0x00
	.byte 0x00, 0x00, 0x00, 0x00, 0x00, 0x00, 0x00, 0x00, 0x00, 0x00, 0x00, 0x00, 0x00, 0x00, 0x00, 0x00
	.byte 0x00, 0x00, 0x00, 0x00, 0x00, 0x00, 0x00, 0x00, 0x00, 0x00, 0x00, 0x00, 0x00, 0x00, 0x00, 0x00
	.byte 0x00, 0x00, 0x00, 0x00, 0x00, 0x00, 0x00, 0x00, 0x00, 0x00, 0x00, 0x00, 0x00, 0x00, 0x00, 0x00
	.byte 0x00, 0x00, 0x00, 0x00, 0x00, 0x00, 0x00, 0x00, 0xF0, 0xFF, 0xFF, 0xFF, 0xA0, 0xAA, 0xAA, 0xAA
	.byte 0xA0, 0xAA, 0xAA, 0xAA, 0xA0, 0xAA, 0xAA, 0xAA, 0xA0, 0xAA, 0xAA, 0xAA, 0xF0, 0xFF, 0xFF, 0xFF
	.byte 0x00, 0x00, 0x00, 0x00, 0x00, 0x00, 0x00, 0x00, 0xFF, 0xFF, 0xFF, 0xFF, 0xAA, 0xAA, 0xAA, 0xAA
	.byte 0xAA, 0xAA, 0xAA, 0xAA, 0xAA, 0xAA, 0xAA, 0xAA, 0xAA, 0xAA, 0xAA, 0xAA, 0xFF, 0xFF, 0xFF, 0xFF
	.byte 0x00, 0x00, 0x00, 0x00, 0x00, 0x00, 0x00, 0x00, 0xFF, 0xFF, 0xFF, 0xFF, 0xAA, 0xAA, 0xAA, 0xAA
	.byte 0xAA, 0xAA, 0xAA, 0xAA, 0xAA, 0xAA, 0xAA, 0xAA, 0xAA, 0xAA, 0xAA, 0xAA, 0xFF, 0xFF, 0xFF, 0xFF
	.byte 0x00, 0x00, 0x00, 0x00, 0x00, 0x00, 0x00, 0x00, 0xFF, 0xFF, 0xFF, 0xFF, 0xAA, 0xAA, 0xAA, 0xAA
	.byte 0xAA, 0xAA, 0xAA, 0xAA, 0xAA, 0xAA, 0xAA, 0xAA, 0xAA, 0xAA, 0xAA, 0xAA, 0xFF, 0xFF, 0xFF, 0xFF
	.byte 0x00, 0x00, 0x00, 0x00, 0x00, 0x00, 0x00, 0x00, 0xFF, 0xFF, 0xFF, 0xFF, 0xAA, 0xAA, 0xAA, 0xAA
	.byte 0xAA, 0xAA, 0xAA, 0xAA, 0xAA, 0xAA, 0xAA, 0xAA, 0xAA, 0xAA, 0xAA, 0xAA, 0xFF, 0xFF, 0xFF, 0xFF
	.byte 0x00, 0x00, 0x00, 0x00, 0x00, 0x00, 0x00, 0x00, 0xFF, 0xFF, 0xFF, 0x0F, 0xAA, 0xAA, 0xAA, 0x0A
	.byte 0xAA, 0xAA, 0xAA, 0x0A, 0xAA, 0xAA, 0xAA, 0x0A, 0xAA, 0xAA, 0xAA, 0x0A, 0xFF, 0xFF, 0xFF, 0x0F
	.byte 0x00, 0x00, 0x00, 0x00, 0x00, 0x00, 0x00, 0x00, 0x00, 0x00, 0x00, 0x00, 0x00, 0x00, 0x00, 0x00
	.byte 0x00, 0x00, 0x00, 0x00, 0x00, 0x00, 0x00, 0x00, 0x00, 0x00, 0x00, 0x00, 0x00, 0x00, 0x00, 0x00
	.byte 0x00, 0x00, 0x00, 0x00, 0x00, 0x00, 0x00, 0x00, 0x00, 0x00, 0x00, 0x00, 0x00, 0x00, 0x00, 0x00
	.byte 0x00, 0x00, 0x00, 0x00, 0x00, 0x00, 0x00, 0x00, 0x00, 0x00, 0x00, 0x00, 0x00, 0x00, 0x00, 0x00
	.byte 0x00, 0x00, 0x00, 0x00, 0x00, 0x00, 0x00, 0x00, 0x00, 0x00, 0x00, 0x00, 0x00, 0x00, 0x00, 0x00
	.byte 0x00, 0x00, 0x00, 0x00, 0x00, 0x00, 0x00, 0x00, 0x00, 0x00, 0x00, 0x00, 0x00, 0x00, 0x00, 0x00
	.byte 0x00, 0x00, 0x00, 0x00, 0x00, 0x00, 0x00, 0x00, 0x00, 0x00, 0x00, 0x00, 0x00, 0x00, 0x00, 0x00
	.byte 0x00, 0x00, 0x00, 0x00, 0x00, 0x00, 0x00, 0x00, 0x00, 0x00, 0x00, 0x00, 0x00, 0x00, 0x00, 0x00
	.byte 0x00, 0x00, 0x00, 0x00, 0x00, 0x00, 0x00, 0x00, 0x00, 0x00, 0x00, 0x00, 0x00, 0x00, 0x00, 0x00
	.byte 0x00, 0x00, 0x00, 0x00, 0x00, 0x00, 0x00, 0x00, 0x00, 0x00, 0x00, 0x00, 0x00, 0x00, 0x00, 0x00
	.byte 0x00, 0x00, 0x00, 0x00, 0x00, 0x00, 0x00, 0x00, 0x00, 0x00, 0x00, 0x00, 0x00, 0x00, 0x00, 0x00
	.byte 0x00, 0x00, 0x00, 0x00, 0x00, 0x00, 0x00, 0x00, 0x00, 0x00, 0x00, 0x00, 0x00, 0x00, 0x00, 0x00
	.byte 0x00, 0x00, 0x00, 0x00, 0x00, 0x00, 0x00, 0x00, 0x00, 0x00, 0x00, 0x00, 0x00, 0x00, 0x00, 0x00
	.byte 0x00, 0x00, 0x00, 0x00, 0x00, 0x00, 0x00, 0x00, 0x00, 0x00, 0x00, 0x00, 0x00, 0x00, 0x00, 0x00
	.byte 0x00, 0x00, 0x00, 0x00, 0x00, 0x00, 0x00, 0x00, 0x00, 0x00, 0x00, 0x00, 0x00, 0x00, 0x00, 0x00
	.byte 0x00, 0x00, 0x00, 0x00, 0x00, 0x00, 0x00, 0x00, 0x00, 0x00, 0x00, 0x00, 0x00, 0x00, 0x00, 0x00
	.byte 0x00, 0x00, 0x00, 0x00, 0x00, 0x00, 0x00, 0x00, 0x00, 0x00, 0x00, 0x00, 0x00, 0x00, 0x00, 0x00
	.byte 0x00, 0x00, 0x00, 0x00, 0x00, 0x00, 0x00, 0x00, 0x00, 0x00, 0x00, 0x00, 0x00, 0x00, 0x00, 0x00
	.byte 0x00, 0x00, 0x00, 0x00, 0x00, 0x00, 0x00, 0x00, 0x00, 0x00, 0x00, 0x00, 0x00, 0x00, 0x00, 0x00
	.byte 0x00, 0x00, 0x00, 0x00, 0x00, 0x00, 0x00, 0x00, 0x00, 0x00, 0x00, 0x00, 0x00, 0x00, 0x00, 0x00
	.byte 0x00, 0x00, 0x00, 0x00, 0x00, 0x00, 0x00, 0x00, 0x00, 0x00, 0x00, 0x00, 0x00, 0x00, 0x00, 0x00
	.byte 0x00, 0x00, 0x00, 0x00, 0x00, 0x00, 0x00, 0x00, 0x00, 0x00, 0x00, 0x00, 0x00, 0x00, 0x00, 0x00
	.byte 0x00, 0x00, 0x00, 0x00, 0x00, 0x00, 0x00, 0x00, 0x00, 0x00, 0x00, 0x00, 0x00, 0x00, 0x00, 0x00
	.byte 0x00, 0x00, 0x00, 0x00, 0x00, 0x00, 0x00, 0x00, 0x00, 0x00, 0x00, 0x00, 0x00, 0x00, 0x00, 0x00
	.byte 0x00, 0x00, 0x00, 0x00, 0x00, 0x00, 0x00, 0x00, 0x00, 0x00, 0x00, 0x00, 0x00, 0x00, 0x00, 0x00
	.byte 0x00, 0x00, 0x00, 0x00, 0x00, 0x00, 0x00, 0x00, 0x00, 0x00, 0x00, 0x00, 0x00, 0x00, 0x00, 0x00
	.byte 0x00, 0x00, 0x00, 0x00, 0x00, 0x00, 0x00, 0x00, 0x00, 0x00, 0x00, 0x00, 0x00, 0x00, 0x00, 0x00
	.byte 0x00, 0x00, 0x00, 0x00, 0x00, 0x00, 0x00, 0x00, 0x00, 0x00, 0x00, 0x00, 0x00, 0x00, 0x00, 0x00
	.byte 0x00, 0x00, 0x00, 0x00, 0x00, 0x00, 0x00, 0x00, 0x00, 0x00, 0x00, 0x00, 0x00, 0x00, 0x00, 0x00
	.byte 0x00, 0x00, 0x00, 0x00, 0x00, 0x00, 0x00, 0x00, 0x00, 0x00, 0x00, 0x00, 0x00, 0x00, 0x00, 0x00
	.byte 0x00, 0x00, 0x00, 0x00, 0x00, 0x00, 0x00, 0x00, 0x00, 0x00, 0x00, 0x00, 0x00, 0x00, 0x00, 0x00
	.byte 0x00, 0x00, 0x00, 0x00, 0x00, 0x00, 0x00, 0x00, 0x00, 0x00, 0x00, 0x00, 0x00, 0x00, 0x00, 0x00
	.byte 0x00, 0x00, 0x00, 0x00, 0x00, 0x00, 0x00, 0x00, 0x00, 0x00, 0x00, 0x00, 0x00, 0x00, 0x00, 0x00
	.byte 0x00, 0x00, 0x00, 0x00, 0x00, 0x00, 0x00, 0x00, 0x00, 0x00, 0x00, 0x00, 0x00, 0x00, 0x00, 0x00
	.byte 0x00, 0x00, 0x00, 0x00, 0x00, 0x00, 0x00, 0x00, 0x00, 0x00, 0x00, 0x00, 0x00, 0x00, 0x00, 0x00
	.byte 0x00, 0x00, 0x00, 0x00, 0x00, 0x00, 0x00, 0x00, 0x00, 0x00, 0x00, 0x00, 0x00, 0x00, 0x00, 0x00
	.byte 0x00, 0x00, 0x00, 0x00, 0x00, 0x00, 0x00, 0x00, 0x00, 0x00, 0x00, 0x00, 0x00, 0x00, 0x00, 0x00
	.byte 0x00, 0x00, 0x00, 0x00, 0x00, 0x00, 0x00, 0x00, 0x00, 0x00, 0x00, 0x00, 0x00, 0x00, 0x00, 0x00
	.byte 0x00, 0x00, 0x00, 0x00, 0x00, 0x00, 0x00, 0x00, 0x00, 0x00, 0x00, 0x00, 0x00, 0x00, 0x00, 0x00
	.byte 0x00, 0x00, 0x00, 0x00, 0x00, 0x00, 0x00, 0x00, 0x00, 0x00, 0x00, 0x00, 0x00, 0x00, 0x00, 0x00
	.byte 0x00, 0x00, 0x00, 0x00, 0x00, 0x00, 0x00, 0x00, 0x00, 0x00, 0x00, 0x00, 0x00, 0x00, 0x00, 0x00
	.byte 0x00, 0x00, 0x00, 0x00, 0x00, 0x00, 0x00, 0x00, 0x00, 0x00, 0x00, 0x00, 0x00, 0x00, 0x00, 0x00
	.byte 0x00, 0x00, 0x00, 0x00, 0x00, 0x00, 0x00, 0x00, 0x00, 0x00, 0x00, 0x00, 0x00, 0x00, 0x00, 0x00
	.byte 0x00, 0x00, 0x00, 0x00, 0x00, 0x00, 0x00, 0x00, 0x00, 0x00, 0x00, 0x00, 0x00, 0x00, 0x00, 0x00
	.byte 0x00, 0x00, 0x00, 0x00, 0x00, 0x00, 0x00, 0x00, 0x00, 0x00, 0x00, 0x00, 0x00, 0x00, 0x00, 0x00
	.byte 0x00, 0x00, 0x00, 0x00, 0x00, 0x00, 0x00, 0x00, 0x00, 0x00, 0x00, 0x00, 0x00, 0x00, 0x00, 0x00
	.byte 0x00, 0x00, 0x00, 0x00, 0x00, 0x00, 0x00, 0x00, 0x00, 0x00, 0x00, 0x00, 0x00, 0x00, 0x00, 0x00
	.byte 0x00, 0x00, 0x00, 0x00, 0x00, 0x00, 0x00, 0x00, 0x00, 0x00, 0x00, 0x00, 0x00, 0x00, 0x00, 0x00
	.byte 0x00, 0x00, 0x00, 0x00, 0x00, 0x00, 0x00, 0x00, 0x00, 0x00, 0x00, 0x00, 0x00, 0x00, 0x00, 0x00
	.byte 0x00, 0x00, 0x00, 0x00, 0x00, 0x00, 0x00, 0x00, 0x00, 0x00, 0x00, 0x00, 0x00, 0x00, 0x00, 0x00
	.byte 0x00, 0x00, 0x00, 0x00, 0x00, 0x00, 0x00, 0x00, 0x00, 0x00, 0x00, 0x00, 0x00, 0x00, 0x00, 0x00
	.byte 0x00, 0x00, 0x00, 0x00, 0x00, 0x00, 0x00, 0x00, 0x00, 0x00, 0x00, 0x00, 0x00, 0x00, 0x00, 0x00
	.byte 0xA0, 0xAA, 0xAA, 0xAA, 0xA0, 0xAA, 0xAA, 0xAA, 0xA0, 0xAA, 0xAA, 0xAA, 0xA0, 0xAA, 0xAA, 0xAA
	.byte 0xA0, 0xAA, 0xAA, 0xAA, 0xA0, 0xAA, 0xAA, 0xAA, 0xF0, 0xFF, 0xFF, 0xFF, 0x00, 0x00, 0x00, 0x00
	.byte 0xAA, 0xAA, 0xAA, 0xAA, 0xAA, 0xAA, 0xAA, 0xAA, 0xAA, 0xAA, 0xAA, 0xAA, 0xAA, 0xAA, 0xAA, 0xAA
	.byte 0xAA, 0xAA, 0xAA, 0xAA, 0xAA, 0xAA, 0xAA, 0xAA, 0xFF, 0xFF, 0xFF, 0xFF, 0x00, 0x00, 0x00, 0x00
	.byte 0xAA, 0xAA, 0xAA, 0xAA, 0xAA, 0xAA, 0xAA, 0xAA, 0xAA, 0xAA, 0xAA, 0xAA, 0xAA, 0xAA, 0xAA, 0xAA
	.byte 0xAA, 0xAA, 0xAA, 0xAA, 0xAA, 0xAA, 0xAA, 0xAA, 0xFF, 0xFF, 0xFF, 0xFF, 0x00, 0x00, 0x00, 0x00
	.byte 0xAA, 0xAA, 0xAA, 0xAA, 0xAA, 0xAA, 0xAA, 0xAA, 0xAA, 0xAA, 0xAA, 0xAA, 0xAA, 0xAA, 0xAA, 0xAA
	.byte 0xAA, 0xAA, 0xAA, 0xAA, 0xAA, 0xAA, 0xAA, 0xAA, 0xFF, 0xFF, 0xFF, 0xFF, 0x00, 0x00, 0x00, 0x00
	.byte 0xAA, 0xAA, 0xAA, 0xAA, 0xAA, 0xAA, 0xAA, 0xAA, 0xAA, 0xAA, 0xAA, 0xAA, 0xAA, 0xAA, 0xAA, 0xAA
	.byte 0xAA, 0xAA, 0xAA, 0xAA, 0xAA, 0xAA, 0xAA, 0xAA, 0xFF, 0xFF, 0xFF, 0xFF, 0x00, 0x00, 0x00, 0x00
	.byte 0xAA, 0xAA, 0xAA, 0x0A, 0xAA, 0xAA, 0xAA, 0x0A, 0xAA, 0xAA, 0xAA, 0x0A, 0xAA, 0xAA, 0xAA, 0x0A
	.byte 0xAA, 0xAA, 0xAA, 0x0A, 0xAA, 0xAA, 0xAA, 0x0A, 0xFF, 0xFF, 0xFF, 0x0F, 0x00, 0x00, 0x00, 0x00
	.byte 0x00, 0x00, 0x00, 0x00, 0x00, 0x00, 0x00, 0x00, 0x00, 0x00, 0x00, 0x00, 0x00, 0x00, 0x00, 0x00
	.byte 0x00, 0x00, 0x00, 0x00, 0x00, 0x00, 0x00, 0x00, 0x00, 0x00, 0x00, 0x00, 0x00, 0x00, 0x00, 0x00
	.byte 0x00, 0x00, 0x00, 0x00, 0x00, 0x00, 0x00, 0x00, 0x00, 0x00, 0x00, 0x00, 0x00, 0x00, 0x00, 0x00
	.byte 0x00, 0x00, 0x00, 0x00, 0x00, 0x00, 0x00, 0x00, 0x00, 0x00, 0x00, 0x00, 0x00, 0x00, 0x00, 0x00
	.byte 0x00, 0x00, 0x00, 0x00, 0x00, 0x00, 0x00, 0x00, 0x00, 0x00, 0x00, 0x00, 0x00, 0x00, 0x00, 0x00
	.byte 0x00, 0x00, 0x00, 0x00, 0x00, 0x00, 0x00, 0x00, 0x00, 0x00, 0x00, 0x00, 0x00, 0x00, 0x00, 0x00
	.byte 0x00, 0x00, 0x00, 0x00, 0x00, 0x00, 0x00, 0x00, 0x00, 0x00, 0x00, 0x00, 0x00, 0x00, 0x00, 0x00
	.byte 0x00, 0x00, 0x00, 0x00, 0x00, 0x00, 0x00, 0x00, 0x00, 0x00, 0x00, 0x00, 0x00, 0x00, 0x00, 0x00
	.byte 0x00, 0x00, 0x00, 0x00, 0x00, 0x00, 0x00, 0x00, 0x00, 0x00, 0x00, 0x00, 0x00, 0x00, 0x00, 0x00
	.byte 0x00, 0x00, 0x00, 0x00, 0x00, 0x00, 0x00, 0x00, 0x00, 0x00, 0x00, 0x00, 0x00, 0x00, 0x00, 0x00
	.byte 0x00, 0x00, 0x00, 0x00, 0x00, 0x00, 0x00, 0x00, 0x00, 0x00, 0x00, 0x00, 0x00, 0x00, 0x00, 0x00
	.byte 0x00, 0x00, 0x00, 0x00, 0x00, 0x00, 0x00, 0x00, 0x00, 0x00, 0x00, 0x00, 0x00, 0x00, 0x00, 0x00
	.byte 0x00, 0x00, 0x00, 0x00, 0x00, 0x00, 0x00, 0x00, 0x00, 0x00, 0x00, 0x00, 0x00, 0x00, 0x00, 0x00
	.byte 0x00, 0x00, 0x00, 0x00, 0x00, 0x00, 0x00, 0x00, 0x00, 0x00, 0x00, 0x00, 0x00, 0x00, 0x00, 0x00
	.byte 0x00, 0x00, 0x00, 0x00, 0x00, 0x00, 0x00, 0x00, 0x00, 0x00, 0x00, 0x00, 0x00, 0x00, 0x00, 0x00
	.byte 0x00, 0x00, 0x00, 0x00, 0x00, 0x00, 0x00, 0x00, 0x00, 0x00, 0x00, 0x00, 0x00, 0x00, 0x00, 0x00
	.byte 0x00, 0x00, 0x00, 0x00, 0x00, 0x00, 0x00, 0x00, 0x00, 0x00, 0x00, 0x00, 0x00, 0x00, 0x00, 0x00
	.byte 0x00, 0x00, 0x00, 0x00, 0x00, 0x00, 0x00, 0x00, 0x00, 0x00, 0x00, 0x00, 0x00, 0x00, 0x00, 0x00
	.byte 0x00, 0x00, 0x00, 0x00, 0x00, 0x00, 0x00, 0x00, 0x00, 0x00, 0x00, 0x00, 0x00, 0x00, 0x00, 0x00
	.byte 0x00, 0x00, 0x00, 0x00, 0x00, 0x00, 0x00, 0x00, 0x00, 0x00, 0x00, 0x00, 0x00, 0x00, 0x00, 0x00
	.byte 0x00, 0x00, 0x00, 0x00, 0x00, 0x00, 0x00, 0x00, 0x00, 0x00, 0x00, 0x00, 0x00, 0x00, 0x00, 0x00
	.byte 0x00, 0x00, 0x00, 0x00, 0x00, 0x00, 0x00, 0x00, 0x00, 0x00, 0x00, 0x00, 0x00, 0x00, 0x00, 0x00
	.byte 0x00, 0x00, 0x00, 0x00, 0x00, 0x00, 0x00, 0x00, 0x00, 0x00, 0x00, 0x00, 0x00, 0x00, 0x00, 0x00
	.byte 0x00, 0x00, 0x00, 0x00, 0x00, 0x00, 0x00, 0x00, 0x00, 0x00, 0x00, 0x00, 0x00, 0x00, 0x00, 0x00
	.byte 0x00, 0x00, 0x00, 0x00, 0x00, 0x00, 0x00, 0x00, 0x00, 0x00, 0x00, 0x00, 0x00, 0x00, 0x00, 0x00
	.byte 0x00, 0x00, 0x00, 0x00, 0x00, 0x00, 0x00, 0x00, 0x00, 0x00, 0x00, 0x00, 0x00, 0x00, 0x00, 0x00
	.byte 0x00, 0x00, 0x00, 0x00, 0x00, 0x00, 0x00, 0x00, 0x00, 0x00, 0x00, 0x00, 0x00, 0x00, 0x00, 0x00
	.byte 0x00, 0x00, 0x00, 0x00, 0x00, 0x00, 0x00, 0x00, 0x00, 0x00, 0x00, 0x00, 0x00, 0x00, 0x00, 0x00
	.byte 0x00, 0x00, 0x00, 0x00, 0x00, 0x00, 0x00, 0x00, 0x00, 0x00, 0x00, 0x00, 0x00, 0x00, 0x00, 0x00
	.byte 0x00, 0x00, 0x00, 0x00, 0x00, 0x00, 0x00, 0x00, 0x00, 0x00, 0x00, 0x00, 0x00, 0x00, 0x00, 0x00
	.byte 0x00, 0x00, 0x00, 0x00, 0x00, 0x00, 0x00, 0x00, 0x00, 0x00, 0x00, 0x00, 0x00, 0x00, 0x00, 0x00
	.byte 0x00, 0x00, 0x00, 0x00, 0x00, 0x00, 0x00, 0x00, 0x00, 0x00, 0x00, 0x00, 0x00, 0x00, 0x00, 0x00
	.byte 0x00, 0x00, 0x00, 0x00, 0x00, 0x00, 0x00, 0x00, 0x00, 0x00, 0x00, 0x00, 0x00, 0x00, 0x00, 0x00
	.byte 0x00, 0x00, 0x00, 0x00, 0x00, 0x00, 0x00, 0x00, 0x00, 0x00, 0x00, 0x00, 0x00, 0x00, 0x00, 0x00
	.byte 0x00, 0x00, 0x00, 0x00, 0x00, 0x00, 0x00, 0x00, 0x00, 0x00, 0x00, 0x00, 0x00, 0x00, 0x00, 0x00
	.byte 0x00, 0x00, 0x00, 0x00, 0x00, 0x00, 0x00, 0x00, 0x00, 0x00, 0x00, 0x00, 0x00, 0x00, 0x00, 0x00
	.byte 0x00, 0x00, 0x00, 0x00, 0x00, 0x00, 0x00, 0x00, 0x00, 0x00, 0x00, 0x00, 0x00, 0x00, 0x00, 0x00
	.byte 0x00, 0x00, 0x00, 0x00, 0x00, 0x00, 0x00, 0x00, 0x00, 0x00, 0x00, 0x00, 0x00, 0x00, 0x00, 0x00
	.byte 0x00, 0x00, 0x00, 0x00, 0x00, 0x00, 0x00, 0x00, 0x00, 0x00, 0x00, 0x00, 0x00, 0x00, 0x00, 0x00
	.byte 0x00, 0x00, 0x00, 0x00, 0x00, 0x00, 0x00, 0x00, 0x00, 0x00, 0x00, 0x00, 0x00, 0x00, 0x00, 0x00
	.byte 0x00, 0x00, 0x00, 0x00, 0x00, 0x00, 0x00, 0x00, 0x00, 0x00, 0x00, 0x00, 0x00, 0x00, 0x00, 0x00
	.byte 0x00, 0x00, 0x00, 0x00, 0x00, 0x00, 0x00, 0x00, 0x00, 0x00, 0x00, 0x00, 0x00, 0x00, 0x00, 0x00
	.byte 0x00, 0x00, 0x00, 0x00, 0x00, 0x00, 0x00, 0x00, 0x00, 0x00, 0x00, 0x00, 0x00, 0x00, 0x00, 0x00
	.byte 0x00, 0x00, 0x00, 0x00, 0x00, 0x00, 0x00, 0x00, 0x00, 0x00, 0x00, 0x00, 0x00, 0x00, 0x00, 0x00

	thumb_func_start sub_08013510
sub_08013510: @ 0x08013510
	push {lr}
	sub sp, #4
	ldr r1, _08013564 @ =gUnk_02029EC0
	movs r0, #0
	str r0, [sp]
	ldr r2, _08013568 @ =0x05000025
	mov r0, sp
	bl CpuSet
	bl sub_08014638
	movs r1, #0x80
	lsls r1, r1, #0x13
	movs r0, #0x40
	strh r0, [r1]
	adds r1, #8
	movs r0, #0xe8
	lsls r0, r0, #5
	strh r0, [r1]
	adds r1, #2
	ldr r0, _0801356C @ =0x00001E01
	strh r0, [r1]
	adds r1, #2
	ldr r0, _08013570 @ =0x00001F02
	strh r0, [r1]
	adds r1, #2
	ldr r0, _08013574 @ =0x00009B0B
	strh r0, [r1]
	movs r1, #0x10
	rsbs r1, r1, #0
	movs r0, #0x3f
	bl sub_080146FC
	bl GL_InitializeObjects
	bl sub_080156AC
	movs r0, #1
	add sp, #4
	pop {r1}
	bx r1
	.align 2, 0
_08013564: .4byte gUnk_02029EC0
_08013568: .4byte 0x05000025
_0801356C: .4byte 0x00001E01
_08013570: .4byte 0x00001F02
_08013574: .4byte 0x00009B0B

	thumb_func_start sub_08013578
sub_08013578: @ 0x08013578
	push {r4, r5, r6, r7, lr}
	mov r7, sl
	mov r6, sb
	mov r5, r8
	push {r5, r6, r7}
	sub sp, #0x38
	adds r7, r0, #0
	mov sb, r1
	adds r5, r2, #0
	mov r8, r3
	ldr r0, _08013668 @ =gUnk_02029EC0
	mov sl, r0
	add r2, sp, #0x24
	adds r1, r2, #0
	ldr r0, _0801366C @ =gUnk_09E396B8
	ldm r0!, {r3, r4, r6}
	stm r1!, {r3, r4, r6}
	ldr r0, [r0]
	str r0, [r1]
	mov r0, sp
	str r2, [sp, #0x34]
	bl sub_08015FC8
	mov r4, sl
	adds r4, #0x88
	ldr r0, [r4]
	str r0, [sp]
	mov r1, sp
	movs r0, #0xf
	ands r5, r0
	movs r0, #0x10
	rsbs r0, r0, #0
	ldrb r3, [r1, #0x14]
	ands r0, r3
	orrs r0, r5
	strb r0, [r1, #0x14]
	movs r0, #0x7f
	mov r4, r8
	ands r4, r0
	movs r0, #0x80
	rsbs r0, r0, #0
	ldrb r6, [r1, #0x18]
	ands r0, r6
	orrs r0, r4
	strb r0, [r1, #0x18]
	movs r0, #0x7f
	ldr r3, [sp, #0x58]
	ands r3, r0
	lsls r6, r3, #7
	ldr r0, _08013670 @ =0xFFFFC07F
	ldrh r4, [r1, #0x18]
	ands r0, r4
	orrs r0, r6
	strh r0, [r1, #0x18]
	movs r0, #0x40
	ldrb r6, [r1, #0x17]
	orrs r0, r6
	strb r0, [r1, #0x17]
	lsls r0, r7, #2
	ldr r2, [sp, #0x34]
	adds r2, r2, r0
	ldr r0, [r2]
	str r0, [sp, #0x20]
	mov r0, sb
	cmp r0, #0
	bne _08013604
	movs r0, #0x80
	ldrb r2, [r1, #0x17]
	orrs r0, r2
	strb r0, [r1, #0x17]
_08013604:
	ldr r0, [sp, #0x18]
	movs r1, #0xe0
	lsls r1, r1, #9
	orrs r0, r1
	str r0, [sp, #0x18]
	ldr r0, _08013674 @ =0x080000AE
	ldrh r0, [r0]
	lsrs r0, r0, #8
	cmp r0, #0x4a
	bne _08013628
	ldr r1, _08013678 @ =gUnk_02000000
	ldr r3, _0801367C @ =0x00006C2C
	adds r1, r1, r3
	movs r0, #7
	ldrb r1, [r1]
	ands r0, r1
	cmp r0, #0
	beq _08013646
_08013628:
	cmp r7, #0
	blt _08013646
	cmp r7, #1
	ble _08013634
	cmp r7, #3
	bne _08013646
_08013634:
	mov r1, sp
	adds r1, #0x21
	ldrb r0, [r1]
	adds r0, #0x38
	strb r0, [r1]
	adds r1, #2
	ldrb r0, [r1]
	adds r0, #0x38
	strb r0, [r1]
_08013646:
	movs r0, #0x40
	str r0, [sp, #0xc]
	movs r1, #0
	str r1, [sp, #8]
	mov r0, sp
	strh r1, [r0, #0x10]
	bl sub_08016A7C
	add sp, #0x38
	pop {r3, r4, r5}
	mov r8, r3
	mov sb, r4
	mov sl, r5
	pop {r4, r5, r6, r7}
	pop {r0}
	bx r0
	.align 2, 0
_08013668: .4byte gUnk_02029EC0
_0801366C: .4byte gUnk_09E396B8
_08013670: .4byte 0xFFFFC07F
_08013674: .4byte 0x080000AE
_08013678: .4byte gUnk_02000000
_0801367C: .4byte 0x00006C2C

	thumb_func_start sub_08013680
sub_08013680: @ 0x08013680
	push {r4, r5, r6, r7, lr}
	mov r7, sl
	mov r6, sb
	mov r5, r8
	push {r5, r6, r7}
	sub sp, #0x34
	mov sb, r0
	mov sl, r1
	adds r5, r2, #0
	mov r8, r3
	ldr r6, [sp, #0x54]
	add r2, sp, #0x24
	adds r1, r2, #0
	ldr r0, _08013734 @ =gUnk_09E396C8
	ldm r0!, {r3, r4, r7}
	stm r1!, {r3, r4, r7}
	mov r0, sp
	str r2, [sp, #0x30]
	bl sub_08015FC8
	ldr r4, _08013738 @ =gUnk_02029EC0
	adds r4, #0x88
	ldr r0, [r4]
	str r0, [sp]
	mov r1, sp
	movs r0, #0xf
	ands r5, r0
	movs r0, #0x10
	rsbs r0, r0, #0
	ldrb r3, [r1, #0x14]
	ands r0, r3
	orrs r0, r5
	strb r0, [r1, #0x14]
	movs r0, #0x7f
	mov r4, r8
	ands r4, r0
	movs r0, #0x80
	rsbs r0, r0, #0
	ldrb r7, [r1, #0x18]
	ands r0, r7
	orrs r0, r4
	strb r0, [r1, #0x18]
	movs r0, #0x7f
	ands r6, r0
	lsls r6, r6, #7
	ldr r0, _0801373C @ =0xFFFFC07F
	ldrh r3, [r1, #0x18]
	ands r0, r3
	orrs r0, r6
	strh r0, [r1, #0x18]
	movs r0, #0x40
	ldrb r4, [r1, #0x17]
	orrs r0, r4
	strb r0, [r1, #0x17]
	mov r7, sb
	lsls r7, r7, #2
	mov sb, r7
	ldr r2, [sp, #0x30]
	add r2, sb
	ldr r0, [r2]
	str r0, [sp, #0x20]
	mov r0, sl
	cmp r0, #0
	bne _08013708
	movs r0, #0x80
	ldrb r2, [r1, #0x17]
	orrs r0, r2
	strb r0, [r1, #0x17]
_08013708:
	ldr r0, [sp, #0x18]
	movs r1, #0xe0
	lsls r1, r1, #9
	orrs r0, r1
	str r0, [sp, #0x18]
	movs r0, #0x40
	str r0, [sp, #0xc]
	movs r1, #0
	str r1, [sp, #8]
	mov r0, sp
	strh r1, [r0, #0x10]
	bl sub_08016A7C
	add sp, #0x34
	pop {r3, r4, r5}
	mov r8, r3
	mov sb, r4
	mov sl, r5
	pop {r4, r5, r6, r7}
	pop {r0}
	bx r0
	.align 2, 0
_08013734: .4byte gUnk_09E396C8
_08013738: .4byte gUnk_02029EC0
_0801373C: .4byte 0xFFFFC07F

	thumb_func_start sub_08013740
sub_08013740: @ 0x08013740
	push {r4, r5, lr}
	sub sp, #4
	ldr r5, [sp, #0x10]
	ldr r4, [sp, #0x14]
	cmp r0, #1
	beq _0801376C
	cmp r0, #1
	bgt _08013756
	cmp r0, #0
	beq _0801375C
	b _0801378A
_08013756:
	cmp r0, #2
	beq _0801377C
	b _0801378A
_0801375C:
	str r4, [sp]
	adds r0, r1, #0
	adds r1, r2, #0
	adds r2, r3, #0
	adds r3, r5, #0
	bl sub_08013578
	b _0801378A
_0801376C:
	str r4, [sp]
	adds r0, r1, #0
	adds r1, r2, #0
	adds r2, r3, #0
	adds r3, r5, #0
	bl sub_08013680
	b _0801378A
_0801377C:
	str r4, [sp]
	adds r0, r1, #0
	adds r1, r2, #0
	adds r2, r3, #0
	adds r3, r5, #0
	bl sub_08013680
_0801378A:
	movs r1, #0xa0
	lsls r1, r1, #0x13
	movs r0, #0
	strh r0, [r1]
	add sp, #4
	pop {r4, r5}
	pop {r0}
	bx r0
	.align 2, 0

	thumb_func_start sub_0801379C
sub_0801379C: @ 0x0801379C
	push {r4, r5, r6, r7, lr}
	mov r7, sl
	mov r6, sb
	mov r5, r8
	push {r5, r6, r7}
	sub sp, #0x24
	movs r1, #0
	bl GL_OpenFile
	adds r7, r0, #0
	mov r0, sp
	bl sub_08015FC8
	str r7, [sp]
	mov r1, sp
	movs r5, #0x10
	rsbs r5, r5, #0
	adds r0, r5, #0
	ldrb r2, [r1, #0x14]
	ands r0, r2
	movs r2, #3
	mov sb, r2
	mov r2, sb
	orrs r0, r2
	strb r0, [r1, #0x14]
	movs r6, #0x80
	rsbs r6, r6, #0
	adds r0, r6, #0
	ldrb r2, [r1, #0x18]
	ands r0, r2
	strb r0, [r1, #0x18]
	ldr r4, _08013860 @ =0xFFFFC07F
	adds r0, r4, #0
	ldrh r2, [r1, #0x18]
	ands r0, r2
	strh r0, [r1, #0x18]
	movs r0, #0
	mov r8, r0
	str r0, [sp, #8]
	movs r1, #0x41
	mov sl, r1
	str r1, [sp, #0xc]
	mov r0, sp
	mov r2, r8
	strh r2, [r0, #0x10]
	bl sub_08016A7C
	mov r0, sp
	bl sub_08015FC8
	str r7, [sp]
	mov r0, sp
	ldrb r1, [r0, #0x14]
	ands r5, r1
	mov r2, sb
	orrs r5, r2
	strb r5, [r0, #0x14]
	ldrb r1, [r0, #0x18]
	ands r6, r1
	strb r6, [r0, #0x18]
	mov r1, sp
	ldrh r2, [r1, #0x18]
	ands r4, r2
	movs r2, #0xa0
	lsls r2, r2, #4
	adds r0, r2, #0
	orrs r4, r0
	strh r4, [r1, #0x18]
	mov r0, r8
	str r0, [sp, #8]
	movs r0, #0x80
	ldrb r2, [r1, #0x17]
	orrs r0, r2
	strb r0, [r1, #0x17]
	mov r0, sl
	str r0, [sp, #0xc]
	ldr r0, [sp, #0x18]
	movs r1, #0xe0
	lsls r1, r1, #9
	orrs r0, r1
	str r0, [sp, #0x18]
	mov r0, sp
	mov r1, r8
	strh r1, [r0, #0x10]
	bl sub_08016A7C
	movs r0, #0xa0
	lsls r0, r0, #0x13
	mov r2, r8
	strh r2, [r0]
	add sp, #0x24
	pop {r3, r4, r5}
	mov r8, r3
	mov sb, r4
	mov sl, r5
	pop {r4, r5, r6, r7}
	pop {r0}
	bx r0
	.align 2, 0
_08013860: .4byte 0xFFFFC07F

	thumb_func_start sub_08013864
sub_08013864: @ 0x08013864
	push {r4, r5, r6, r7, lr}
	mov r7, sl
	mov r6, sb
	mov r5, r8
	push {r5, r6, r7}
	sub sp, #0x24
	movs r1, #0
	bl GL_OpenFile
	adds r7, r0, #0
	mov r0, sp
	bl sub_08015FC8
	str r7, [sp]
	mov r1, sp
	movs r5, #0x10
	rsbs r5, r5, #0
	adds r0, r5, #0
	ldrb r2, [r1, #0x14]
	ands r0, r2
	movs r2, #3
	mov sb, r2
	mov r2, sb
	orrs r0, r2
	strb r0, [r1, #0x14]
	movs r4, #0x80
	rsbs r4, r4, #0
	adds r0, r4, #0
	ldrb r2, [r1, #0x18]
	ands r0, r2
	strb r0, [r1, #0x18]
	ldr r6, _08013938 @ =0xFFFFC07F
	adds r0, r6, #0
	ldrh r2, [r1, #0x18]
	ands r0, r2
	strh r0, [r1, #0x18]
	movs r0, #0
	mov r8, r0
	str r0, [sp, #8]
	movs r1, #0x41
	mov sl, r1
	str r1, [sp, #0xc]
	mov r0, sp
	mov r2, r8
	strh r2, [r0, #0x10]
	bl sub_08016A7C
	mov r0, sp
	bl sub_08015FC8
	str r7, [sp]
	mov r0, sp
	ldrb r1, [r0, #0x14]
	ands r5, r1
	mov r2, sb
	orrs r5, r2
	strb r5, [r0, #0x14]
	mov r1, sp
	ldrb r0, [r1, #0x18]
	ands r4, r0
	movs r0, #0x22
	orrs r4, r0
	strb r4, [r1, #0x18]
	mov r0, sp
	ldrh r1, [r0, #0x18]
	ands r6, r1
	strh r6, [r0, #0x18]
	mov r2, r8
	str r2, [sp, #8]
	mov r1, sp
	movs r0, #0x80
	ldrb r2, [r1, #0x17]
	orrs r0, r2
	strb r0, [r1, #0x17]
	mov r0, sl
	str r0, [sp, #0xc]
	ldr r0, [sp, #0x18]
	movs r1, #0xe0
	lsls r1, r1, #9
	orrs r0, r1
	str r0, [sp, #0x18]
	mov r0, sp
	mov r1, r8
	strh r1, [r0, #0x10]
	mov r1, sp
	movs r0, #0x40
	ldrb r2, [r1, #0x17]
	orrs r0, r2
	strb r0, [r1, #0x17]
	ldr r0, _0801393C @ =0x141E0000
	str r0, [sp, #0x20]
	mov r0, sp
	bl sub_08016A7C
	movs r0, #0xa0
	lsls r0, r0, #0x13
	mov r1, r8
	strh r1, [r0]
	add sp, #0x24
	pop {r3, r4, r5}
	mov r8, r3
	mov sb, r4
	mov sl, r5
	pop {r4, r5, r6, r7}
	pop {r0}
	bx r0
	.align 2, 0
_08013938: .4byte 0xFFFFC07F
_0801393C: .4byte 0x141E0000

	thumb_func_start sub_08013940
sub_08013940: @ 0x08013940
	push {r4, r5, r6, lr}
	sub sp, #0x34
	ldr r4, _08013984 @ =gUnk_02029EC0
	add r2, sp, #0x14
	ldr r1, _08013988 @ =gUnk_09E397D4
	ldm r1!, {r3, r5, r6}
	stm r2!, {r3, r5, r6}
	ldm r1!, {r3, r5, r6}
	stm r2!, {r3, r5, r6}
	ldm r1!, {r3, r5}
	stm r2!, {r3, r5}
	adds r1, r4, #4
	adds r2, r4, #0
	adds r2, #8
	movs r5, #0
	str r5, [sp]
	movs r3, #1
	str r3, [sp, #4]
	lsls r0, r0, #4
	add r0, sp
	adds r0, #0x14
	str r0, [sp, #8]
	str r5, [sp, #0xc]
	movs r0, #0x80
	lsls r0, r0, #2
	str r0, [sp, #0x10]
	adds r0, r4, #0
	movs r3, #0
	bl sub_08015D30
	add sp, #0x34
	pop {r4, r5, r6}
	pop {r0}
	bx r0
	.align 2, 0
_08013984: .4byte gUnk_02029EC0
_08013988: .4byte gUnk_09E397D4

	thumb_func_start sub_0801398C
sub_0801398C: @ 0x0801398C
	push {lr}
	movs r0, #0
	bl sub_08013940
	movs r0, #1
	pop {r1}
	bx r1
	.align 2, 0

	thumb_func_start sub_0801399C
sub_0801399C: @ 0x0801399C
	ldr r3, _080139AC @ =0x000001FF
	ands r0, r3
	ldr r2, _080139B0 @ =0x0400001C
	strh r0, [r2]
	ands r1, r3
	ldr r0, _080139B4 @ =0x0400001E
	strh r1, [r0]
	bx lr
	.align 2, 0
_080139AC: .4byte 0x000001FF
_080139B0: .4byte 0x0400001C
_080139B4: .4byte 0x0400001E

	thumb_func_start sub_080139B8
sub_080139B8: @ 0x080139B8
	push {r4, r5, lr}
	ldr r0, _08013A08 @ =gUnk_02029EC0
	adds r4, r0, #0
	adds r4, #0x8c
	ldrh r1, [r4]
	lsls r0, r1, #0x17
	lsrs r0, r0, #0x18
	movs r1, #0xa0
	bl __modsi3
	adds r1, r0, #0
	movs r0, #0
	bl sub_0801399C
	ldrh r1, [r4]
	lsls r0, r1, #0x17
	lsrs r0, r0, #0x18
	adds r0, #2
	movs r5, #0xff
	ands r0, r5
	lsls r0, r0, #1
	ldr r3, _08013A0C @ =0xFFFFFE01
	adds r2, r3, #0
	ands r2, r1
	orrs r2, r0
	strh r2, [r4]
	lsls r0, r2, #0x17
	lsrs r0, r0, #0x18
	cmp r0, #0xa0
	ble _08013A00
	subs r0, #0xa0
	ands r0, r5
	lsls r0, r0, #1
	ands r2, r3
	orrs r2, r0
	strh r2, [r4]
_08013A00:
	pop {r4, r5}
	pop {r0}
	bx r0
	.align 2, 0
_08013A08: .4byte gUnk_02029EC0
_08013A0C: .4byte 0xFFFFFE01

	thumb_func_start sub_08013A10
sub_08013A10: @ 0x08013A10
	push {r4, r5, lr}
	ldr r0, _08013A60 @ =gUnk_02029EC0
	adds r4, r0, #0
	adds r4, #0x8c
	ldrh r1, [r4]
	lsls r0, r1, #0x17
	lsrs r0, r0, #0x18
	movs r1, #0xf0
	bl __modsi3
	rsbs r0, r0, #0
	movs r1, #0
	bl sub_0801399C
	ldrh r1, [r4]
	lsls r0, r1, #0x17
	lsrs r0, r0, #0x18
	adds r0, #2
	movs r5, #0xff
	ands r0, r5
	lsls r0, r0, #1
	ldr r3, _08013A64 @ =0xFFFFFE01
	adds r2, r3, #0
	ands r2, r1
	orrs r2, r0
	strh r2, [r4]
	lsls r0, r2, #0x17
	lsrs r0, r0, #0x18
	cmp r0, #0xf0
	ble _08013A58
	subs r0, #0xf0
	ands r0, r5
	lsls r0, r0, #1
	ands r2, r3
	orrs r2, r0
	strh r2, [r4]
_08013A58:
	pop {r4, r5}
	pop {r0}
	bx r0
	.align 2, 0
_08013A60: .4byte gUnk_02029EC0
_08013A64: .4byte 0xFFFFFE01

	thumb_func_start sub_08013A68
sub_08013A68: @ 0x08013A68
	push {r4, r5, r6, r7, lr}
	sub sp, #0x28
	adds r4, r0, #0
	adds r6, r1, #0
	ldr r7, _08013AB0 @ =gUnk_02029EC0
	lsls r2, r2, #0xc
	str r2, [sp, #0x20]
	lsls r3, r3, #0xc
	str r3, [sp, #0x24]
	lsls r5, r4, #2
	adds r0, r5, r7
	ldr r0, [r0]
	bl sub_08015718
	cmp r4, r0
	blt _08013A94
	ldr r0, _08013AB4 @ =gUnk_09E397F4
	ldr r1, _08013AB8 @ =0x0000014B
	ldr r2, _08013ABC @ =gUnk_09E39808
	movs r3, #1
	bl OSi_Panic
_08013A94:
	adds r0, r7, #0
	adds r0, #8
	adds r0, r5, r0
	ldr r4, [r0]
	movs r0, #1
	rsbs r0, r0, #0
	cmp r6, r0
	bne _08013AC0
	movs r1, #0x80
	lsls r1, r1, #5
	adds r0, r4, #0
	bl sub_0801571C
	b _08013ACA
	.align 2, 0
_08013AB0: .4byte gUnk_02029EC0
_08013AB4: .4byte gUnk_09E397F4
_08013AB8: .4byte 0x0000014B
_08013ABC: .4byte gUnk_09E39808
_08013AC0:
	lsls r1, r6, #0x10
	lsrs r1, r1, #0x10
	adds r0, r4, #0
	bl sub_080156E0
_08013ACA:
	ldr r1, [r4, #0x2c]
	movs r2, #0
	str r2, [sp]
	str r2, [sp, #4]
	ldr r0, [sp, #0x40]
	str r0, [sp, #8]
	ldr r0, [sp, #0x3c]
	str r0, [sp, #0xc]
	str r2, [sp, #0x10]
	str r2, [sp, #0x14]
	str r2, [sp, #0x18]
	str r2, [sp, #0x1c]
	movs r0, #1
	add r2, sp, #0x20
	movs r3, #0
	bl sub_08015A8C
	add sp, #0x28
	pop {r4, r5, r6, r7}
	pop {r0}
	bx r0

	thumb_func_start sub_08013AF4
sub_08013AF4: @ 0x08013AF4
	push {r4, r5, r6, lr}
	adds r5, r0, #0
	adds r4, r1, #0
	lsls r0, r5, #2
	adds r0, r0, r5
	lsls r0, r0, #4
	bl __divsi3
	adds r6, r0, #0
	cmp r5, r4
	bne _08013B56
	ldr r3, _08013B74 @ =0x04000048
	movs r2, #0x20
	rsbs r2, r2, #0
	ldrh r1, [r3]
	adds r0, r2, #0
	ands r0, r1
	movs r1, #0x3b
	orrs r0, r1
	strh r0, [r3]
	ldr r1, _08013B78 @ =0x0400004A
	ldrh r0, [r1]
	ands r2, r0
	strh r2, [r1]
	subs r1, #0xa
	movs r0, #0xf0
	strh r0, [r1]
	adds r1, #4
	movs r0, #0xa0
	strh r0, [r1]
	movs r2, #0x80
	lsls r2, r2, #0x13
	movs r3, #0x80
	lsls r3, r3, #6
	ldr r0, _08013B7C @ =0xFFFF9FFF
	ldrh r1, [r2]
	ands r0, r1
	orrs r0, r3
	strh r0, [r2]
	movs r0, #0x3f
	movs r1, #0
	bl sub_080146FC
	movs r1, #0x10
	rsbs r1, r1, #0
	movs r0, #0x3f
	adds r2, r5, #0
	bl sub_080147D8
_08013B56:
	adds r0, r6, #0
	adds r0, #0x50
	lsls r0, r0, #0x18
	movs r1, #0x50
	subs r1, r1, r6
	lsls r1, r1, #0x18
	lsrs r0, r0, #8
	orrs r0, r1
	lsrs r0, r0, #0x10
	ldr r1, _08013B80 @ =0x04000044
	strh r0, [r1]
	pop {r4, r5, r6}
	pop {r0}
	bx r0
	.align 2, 0
_08013B74: .4byte 0x04000048
_08013B78: .4byte 0x0400004A
_08013B7C: .4byte 0xFFFF9FFF
_08013B80: .4byte 0x04000044

	thumb_func_start sub_08013B84
sub_08013B84: @ 0x08013B84
	push {r4, r5, lr}
	adds r5, r0, #0
	adds r4, r1, #0
	subs r1, r4, r5
	lsls r0, r1, #2
	adds r0, r0, r1
	lsls r0, r0, #4
	adds r1, r4, #0
	bl __divsi3
	adds r1, r0, #0
	adds r1, #0x50
	lsls r1, r1, #0x18
	movs r2, #0x50
	subs r2, r2, r0
	lsls r2, r2, #0x18
	lsrs r1, r1, #8
	orrs r1, r2
	lsrs r1, r1, #0x10
	ldr r0, _08013BD0 @ =0x04000044
	strh r1, [r0]
	cmp r5, r4
	bne _08013BCA
	movs r1, #0x10
	rsbs r1, r1, #0
	movs r0, #0x3f
	bl sub_080146FC
	bl sub_08014914
	movs r0, #0x3f
	movs r1, #0
	adds r2, r5, #0
	bl sub_080147D8
_08013BCA:
	pop {r4, r5}
	pop {r0}
	bx r0
	.align 2, 0
_08013BD0: .4byte 0x04000044

	thumb_func_start sub_08013BD4
sub_08013BD4: @ 0x08013BD4
	push {r4, r5, r6, r7, lr}
	mov r7, sl
	mov r6, sb
	mov r5, r8
	push {r5, r6, r7}
	sub sp, #8
	ldr r0, _08013BFC @ =gUnk_02029EC0
	mov sl, r0
	adds r0, #0x8c
	ldr r0, [r0]
	lsls r0, r0, #0xf
	lsrs r0, r0, #0x18
	cmp r0, #9
	bls _08013BF2
	b _08014360
_08013BF2:
	lsls r0, r0, #2
	ldr r1, _08013C00 @ =_08013C04
	adds r0, r0, r1
	ldr r0, [r0]
	mov pc, r0
	.align 2, 0
_08013BFC: .4byte gUnk_02029EC0
_08013C00: .4byte _08013C04
_08013C04: @ jump table
	.4byte _08013C2C @ case 0
	.4byte _08013CA4 @ case 1
	.4byte _08013CF8 @ case 2
	.4byte _08013D54 @ case 3
	.4byte _08013DF6 @ case 4
	.4byte _08013F28 @ case 5
	.4byte _08013FE4 @ case 6
	.4byte _08014068 @ case 7
	.4byte _080141F8 @ case 8
	.4byte _08014258 @ case 9
_08013C2C:
	ldr r0, _08013C98 @ =gUnk_09E39844
	bl sub_0801379C
	ldr r0, _08013C9C @ =gUnk_09E39864
	movs r1, #0
	bl GL_OpenFile
	mov r1, sl
	adds r1, #0x88
	str r0, [r1]
	movs r4, #6
	str r4, [sp]
	movs r5, #1
	str r5, [sp, #4]
	movs r0, #0
	movs r1, #1
	movs r2, #1
	movs r3, #1
	bl sub_08013740
	movs r0, #0xa
	str r0, [sp]
	str r4, [sp, #4]
	movs r0, #0
	movs r1, #3
	movs r2, #0
	movs r3, #2
	bl sub_08013740
	str r4, [sp]
	str r5, [sp, #4]
	movs r0, #0
	movs r1, #2
	movs r2, #0
	movs r3, #0
	bl sub_08013740
	bl sub_080139B8
	movs r0, #0x21
	movs r1, #0
	movs r2, #0x3c
	bl sub_080147D8
	movs r2, #0x80
	lsls r2, r2, #0x13
	movs r3, #0x80
	lsls r3, r3, #1
	ldr r0, _08013CA0 @ =0xFFFFE0FF
	ldrh r1, [r2]
	ands r0, r1
	orrs r0, r3
	strh r0, [r2]
	b _08013CD6
	.align 2, 0
_08013C98: .4byte gUnk_09E39844
_08013C9C: .4byte gUnk_09E39864
_08013CA0: .4byte 0xFFFFE0FF
_08013CA4:
	bl sub_080148F4
	cmp r0, #0
	beq _08013CAE
	b _08014360
_08013CAE:
	movs r1, #0x10
	rsbs r1, r1, #0
	movs r0, #8
	bl sub_080146FC
	movs r0, #8
	movs r1, #0
	movs r2, #0x1e
	bl sub_080147D8
	movs r2, #0x80
	lsls r2, r2, #0x13
	movs r0, #0x80
	lsls r0, r0, #4
	ldrh r1, [r2]
	orrs r0, r1
	strh r0, [r2]
	movs r0, #1
	bl sub_080F9ADC
_08013CD6:
	mov r3, sl
	adds r3, #0x8c
	ldr r2, [r3]
	lsls r1, r2, #0xf
	lsrs r1, r1, #0x18
	adds r1, #1
	movs r0, #0xff
	ands r1, r0
	lsls r1, r1, #9
	ldr r0, _08013CF4 @ =0xFFFE01FF
	ands r0, r2
	orrs r0, r1
	str r0, [r3]
	b _08014360
	.align 2, 0
_08013CF4: .4byte 0xFFFE01FF
_08013CF8:
	bl sub_080148F4
	cmp r0, #0
	beq _08013D02
	b _08013FC2
_08013D02:
	mov r3, sl
	adds r3, #0x8c
	ldr r2, [r3]
	lsls r1, r2, #0xf
	lsrs r1, r1, #0x18
	adds r1, #1
	movs r0, #0xff
	ands r1, r0
	lsls r1, r1, #9
	ldr r0, _08013D4C @ =0xFFFE01FF
	ands r0, r2
	orrs r0, r1
	str r0, [r3]
	mov r2, sl
	adds r2, #0x8e
	ldr r0, _08013D50 @ =0xFFFFFE01
	ldrh r1, [r2]
	ands r0, r1
	movs r1, #0xe
	orrs r0, r1
	strh r0, [r2]
	movs r0, #4
	movs r1, #8
	movs r2, #0
	movs r3, #0x10
	bl sub_08014754
	bl sub_08014914
	movs r2, #0x80
	lsls r2, r2, #0x13
	movs r0, #0x80
	lsls r0, r0, #3
	ldrh r1, [r2]
	orrs r0, r1
	strh r0, [r2]
	b _08013FC2
	.align 2, 0
_08013D4C: .4byte 0xFFFE01FF
_08013D50: .4byte 0xFFFFFE01
_08013D54:
	bl sub_080148F4
	cmp r0, #0
	beq _08013D5E
	b _08013FC2
_08013D5E:
	mov r5, sl
	adds r5, #0x8e
	ldrh r4, [r5]
	lsls r3, r4, #0x17
	lsrs r3, r3, #0x18
	subs r0, r3, #1
	movs r1, #0xff
	ands r0, r1
	lsls r0, r0, #1
	ldr r2, _08013DDC @ =0xFFFFFE01
	ands r2, r4
	orrs r2, r0
	strh r2, [r5]
	movs r1, #1
	ands r1, r3
	rsbs r0, r1, #0
	orrs r0, r1
	asrs r3, r0, #0x1f
	movs r0, #0x10
	ands r3, r0
	lsls r2, r2, #0x17
	lsrs r4, r2, #0x18
	cmp r4, #1
	bne _08013DE4
	movs r0, #2
	movs r1, #0xc
	movs r2, #0
	movs r3, #0x10
	bl sub_08014754
	movs r0, #0xf
	str r0, [sp]
	movs r0, #2
	movs r1, #0xc
	movs r2, #0x10
	movs r3, #0x10
	bl sub_08014838
	bl sub_08014914
	movs r2, #0x80
	lsls r2, r2, #0x13
	movs r3, #0xf0
	lsls r3, r3, #4
	ldr r0, _08013DE0 @ =0xFFFFE0FF
	ldrh r1, [r2]
	ands r0, r1
	orrs r0, r3
	strh r0, [r2]
	mov r0, sl
	adds r0, #0x8f
	ldrb r2, [r0]
	ands r4, r2
	strb r4, [r0]
	mov r1, sl
	adds r1, #0x90
	movs r0, #2
	rsbs r0, r0, #0
	ldrb r3, [r1]
	ands r0, r3
	strb r0, [r1]
	b _08013FA8
	.align 2, 0
_08013DDC: .4byte 0xFFFFFE01
_08013DE0: .4byte 0xFFFFE0FF
_08013DE4:
	movs r0, #0x1e
	str r0, [sp]
	movs r0, #4
	movs r1, #8
	adds r2, r3, #0
	movs r3, #0x10
	bl sub_08014838
	b _08013FC2
_08013DF6:
	mov r5, sl
	adds r5, #0x8f
	ldrb r0, [r5]
	lsrs r1, r0, #1
	mov r4, sl
	adds r4, #0x90
	movs r6, #1
	adds r0, r6, #0
	ldrb r2, [r4]
	ands r0, r2
	lsls r0, r0, #7
	orrs r0, r1
	cmp r0, #0
	beq _08013E18
	cmp r0, #1
	beq _08013E98
	b _08013FC2
_08013E18:
	bl sub_080148F4
	cmp r0, #0
	beq _08013E22
	b _08013FC2
_08013E22:
	bl sub_0801469C
	movs r2, #0x80
	lsls r2, r2, #0x13
	movs r3, #0xb0
	lsls r3, r3, #4
	ldr r0, _08013E90 @ =0xFFFFE0FF
	ldrh r1, [r2]
	ands r0, r1
	orrs r0, r3
	strh r0, [r2]
	movs r0, #6
	str r0, [sp]
	str r6, [sp, #4]
	movs r0, #0
	movs r1, #0
	movs r2, #1
	movs r3, #2
	bl sub_08013740
	mov r2, sl
	adds r2, #0x8e
	ldr r0, _08013E94 @ =0xFFFFFE01
	ldrh r3, [r2]
	ands r0, r3
	movs r3, #0x96
	lsls r3, r3, #1
	adds r1, r3, #0
	orrs r0, r1
	strh r0, [r2]
	ldrb r3, [r5]
	lsrs r0, r3, #1
	adds r1, r6, #0
	ldrb r2, [r4]
	ands r1, r2
	lsls r1, r1, #7
	orrs r1, r0
	adds r1, #1
	movs r2, #0x7f
	ands r2, r1
	lsls r2, r2, #1
	adds r0, r6, #0
	ands r0, r3
	orrs r0, r2
	strb r0, [r5]
	lsrs r1, r1, #7
	ands r1, r6
	movs r0, #2
	rsbs r0, r0, #0
	ldrb r3, [r4]
	ands r0, r3
	orrs r0, r1
	strb r0, [r4]
	b _08013FC2
	.align 2, 0
_08013E90: .4byte 0xFFFFE0FF
_08013E94: .4byte 0xFFFFFE01
_08013E98:
	mov r1, sl
	adds r1, #0x8e
	ldrh r4, [r1]
	lsls r0, r4, #0x17
	lsrs r2, r0, #0x18
	adds r5, r1, #0
	cmp r2, #0
	bne _08013ED8
	movs r2, #0x80
	lsls r2, r2, #0x13
	ldr r0, _08013ED0 @ =0xFFFFE0FF
	ldrh r1, [r2]
	ands r0, r1
	strh r0, [r2]
	mov r3, sl
	adds r3, #0x8c
	ldr r2, [r3]
	lsls r1, r2, #0xf
	lsrs r1, r1, #0x18
	adds r1, #1
	movs r0, #0xff
	ands r1, r0
	lsls r1, r1, #9
	ldr r0, _08013ED4 @ =0xFFFE01FF
	ands r0, r2
	orrs r0, r1
	str r0, [r3]
	b _08013F0C
	.align 2, 0
_08013ED0: .4byte 0xFFFFE0FF
_08013ED4: .4byte 0xFFFE01FF
_08013ED8:
	movs r0, #4
	ands r0, r2
	movs r3, #0x80
	lsls r3, r3, #3
	cmp r0, #0
	beq _08013EE8
	movs r3, #0x80
	lsls r3, r3, #2
_08013EE8:
	subs r1, r2, #1
	movs r0, #0xff
	ands r1, r0
	lsls r1, r1, #1
	ldr r0, _08013F20 @ =0xFFFFFE01
	ands r0, r4
	orrs r0, r1
	strh r0, [r5]
	movs r0, #0x90
	lsls r0, r0, #4
	orrs r3, r0
	movs r2, #0x80
	lsls r2, r2, #0x13
	ldr r0, _08013F24 @ =0xFFFFE0FF
	ldrh r1, [r2]
	ands r0, r1
	orrs r0, r3
	strh r0, [r2]
_08013F0C:
	ldrh r5, [r5]
	lsls r0, r5, #0x17
	lsrs r0, r0, #0x18
	cmp r0, #0xf
	bgt _08013FC2
	movs r1, #0xf
	bl sub_08013AF4
	b _08013FC2
	.align 2, 0
_08013F20: .4byte 0xFFFFFE01
_08013F24: .4byte 0xFFFFE0FF
_08013F28:
	movs r6, #0x80
	lsls r6, r6, #0x13
	movs r5, #0
	ldr r4, _08013FC8 @ =0xFFFFE0FF
	ldrh r1, [r6]
	adds r0, r4, #0
	ands r0, r1
	strh r0, [r6]
	ldr r2, _08013FCC @ =0x0400000E
	movs r3, #0x80
	lsls r3, r3, #7
	ldr r0, _08013FD0 @ =0xFFFF3FFF
	ldrh r1, [r2]
	ands r0, r1
	orrs r0, r3
	strh r0, [r2]
	ldr r0, _08013FD4 @ =gUnk_09E39884
	bl sub_08013864
	ldr r0, _08013FD8 @ =gUnk_09E398A4
	movs r1, #0
	bl GL_OpenFile
	mov r1, sl
	adds r1, #0x88
	str r0, [r1]
	str r5, [sp]
	str r5, [sp, #4]
	movs r0, #1
	movs r1, #0
	movs r2, #1
	movs r3, #0
	bl sub_08013740
	str r5, [sp]
	str r5, [sp, #4]
	movs r0, #1
	movs r1, #1
	movs r2, #0
	movs r3, #1
	bl sub_08013740
	str r5, [sp]
	str r5, [sp, #4]
	movs r0, #1
	movs r1, #2
	movs r2, #0
	movs r3, #2
	bl sub_08013740
	movs r1, #0xc8
	lsls r1, r1, #5
	ldrh r0, [r6]
	ands r4, r0
	orrs r4, r1
	strh r4, [r6]
	mov r2, sl
	adds r2, #0x8e
	ldr r0, _08013FDC @ =0xFFFFFE01
	ldrh r1, [r2]
	ands r0, r1
	movs r1, #0x1e
	orrs r0, r1
	strh r0, [r2]
_08013FA8:
	mov r3, sl
	adds r3, #0x8c
	ldr r2, [r3]
	lsls r1, r2, #0xf
	lsrs r1, r1, #0x18
	adds r1, #1
	movs r0, #0xff
	ands r1, r0
	lsls r1, r1, #9
	ldr r0, _08013FE0 @ =0xFFFE01FF
	ands r0, r2
	orrs r0, r1
	str r0, [r3]
_08013FC2:
	bl sub_080139B8
	b _08014360
	.align 2, 0
_08013FC8: .4byte 0xFFFFE0FF
_08013FCC: .4byte 0x0400000E
_08013FD0: .4byte 0xFFFF3FFF
_08013FD4: .4byte gUnk_09E39884
_08013FD8: .4byte gUnk_09E398A4
_08013FDC: .4byte 0xFFFFFE01
_08013FE0: .4byte 0xFFFE01FF
_08013FE4:
	mov r4, sl
	adds r4, #0x8e
	ldrh r2, [r4]
	lsls r0, r2, #0x17
	lsrs r0, r0, #0x18
	cmp r0, #0
	bne _08014024
	movs r2, #0x80
	lsls r2, r2, #0x13
	ldr r0, _0801405C @ =0xFFFF9FFF
	ldrh r1, [r2]
	ands r0, r1
	strh r0, [r2]
	ldr r0, _08014060 @ =0xFFFFFE01
	ldrh r3, [r4]
	ands r0, r3
	movs r1, #0xf0
	orrs r0, r1
	strh r0, [r4]
	mov r3, sl
	adds r3, #0x8c
	ldr r2, [r3]
	lsls r1, r2, #0xf
	lsrs r1, r1, #0x18
	adds r1, #1
	movs r0, #0xff
	ands r1, r0
	lsls r1, r1, #9
	ldr r0, _08014064 @ =0xFFFE01FF
	ands r0, r2
	orrs r0, r1
	str r0, [r3]
_08014024:
	ldrh r3, [r4]
	lsls r0, r3, #0x17
	lsrs r0, r0, #0x18
	subs r2, r0, #1
	movs r1, #0xff
	ands r2, r1
	lsls r2, r2, #1
	ldr r1, _08014060 @ =0xFFFFFE01
	ands r1, r3
	orrs r1, r2
	strh r1, [r4]
	movs r1, #0xf
	bl sub_08013B84
	movs r0, #0
	str r0, [sp]
	movs r0, #0x10
	str r0, [sp, #4]
	movs r0, #0
	movs r1, #0
	movs r2, #0
	movs r3, #0x18
	bl sub_08013A68
_08014054:
	bl sub_08013A10
	b _08014360
	.align 2, 0
_0801405C: .4byte 0xFFFF9FFF
_08014060: .4byte 0xFFFFFE01
_08014064: .4byte 0xFFFE01FF
_08014068:
	mov r5, sl
	adds r5, #0x8e
	ldrh r2, [r5]
	lsls r1, r2, #0x17
	lsrs r1, r1, #0x18
	subs r1, #1
	movs r0, #0xff
	ands r1, r0
	lsls r1, r1, #1
	ldr r6, _0801412C @ =0xFFFFFE01
	adds r0, r6, #0
	ands r0, r2
	orrs r0, r1
	strh r0, [r5]
	lsls r0, r0, #0x17
	lsrs r0, r0, #0x18
	cmp r0, #0xf
	bne _080140A2
	movs r0, #0x3f
	movs r1, #0
	bl sub_080146FC
	bl sub_08014914
	movs r0, #0x3f
	movs r1, #0x10
	movs r2, #0xf
	bl sub_080147D8
_080140A2:
	ldrh r1, [r5]
	lsls r0, r1, #0x17
	lsrs r4, r0, #0x18
	cmp r4, #0
	bne _08014138
	ldr r0, _08014130 @ =gUnk_09E398C0
	movs r1, #0
	bl GL_OpenFile
	mov r1, sl
	adds r1, #0x88
	str r0, [r1]
	str r4, [sp]
	str r4, [sp, #4]
	movs r0, #1
	movs r1, #0
	movs r2, #1
	movs r3, #0
	bl sub_08013740
	str r4, [sp]
	str r4, [sp, #4]
	movs r0, #1
	movs r1, #1
	movs r2, #0
	movs r3, #1
	bl sub_08013740
	str r4, [sp]
	str r4, [sp, #4]
	movs r0, #1
	movs r1, #2
	movs r2, #0
	movs r3, #2
	bl sub_08013740
	movs r0, #1
	bl sub_08013940
	movs r0, #0x3f
	movs r1, #0x10
	bl sub_080146FC
	movs r0, #0x3f
	movs r1, #0
	movs r2, #0xf
	bl sub_080147D8
	adds r0, r6, #0
	ldrh r2, [r5]
	ands r0, r2
	movs r1, #0x1e
	orrs r0, r1
	strh r0, [r5]
	mov r3, sl
	adds r3, #0x8c
	ldr r2, [r3]
	lsls r1, r2, #0xf
	lsrs r1, r1, #0x18
	adds r1, #1
	movs r0, #0xff
	ands r1, r0
	lsls r1, r1, #9
	ldr r0, _08014134 @ =0xFFFE01FF
	ands r0, r2
	orrs r0, r1
	str r0, [r3]
	b _08014054
	.align 2, 0
_0801412C: .4byte 0xFFFFFE01
_08014130: .4byte gUnk_09E398C0
_08014134: .4byte 0xFFFE01FF
_08014138:
	movs r0, #8
	ands r4, r0
	movs r3, #0x8f
	add r3, sl
	mov sb, r3
	mov r7, sl
	adds r7, #0x90
	cmp r4, #0
	beq _080141B4
	ldrb r3, [r3]
	lsrs r0, r3, #1
	movs r5, #1
	adds r1, r5, #0
	ldrb r2, [r7]
	ands r1, r2
	lsls r1, r1, #7
	orrs r1, r0
	adds r1, #1
	movs r0, #0x7f
	mov r8, r0
	adds r2, r1, #0
	ands r2, r0
	lsls r2, r2, #1
	adds r0, r5, #0
	ands r0, r3
	orrs r0, r2
	mov r2, sb
	strb r0, [r2]
	lsrs r1, r1, #7
	ands r1, r5
	movs r4, #2
	rsbs r4, r4, #0
	adds r0, r4, #0
	ldrb r3, [r7]
	ands r0, r3
	orrs r0, r1
	strb r0, [r7]
	ldrb r6, [r2]
	lsrs r1, r6, #1
	adds r0, r5, #0
	ldrb r2, [r7]
	ands r0, r2
	lsls r0, r0, #7
	orrs r0, r1
	movs r1, #3
	bl __modsi3
	adds r2, r0, #0
	mov r3, r8
	ands r2, r3
	lsls r2, r2, #1
	adds r1, r5, #0
	ands r1, r6
	orrs r1, r2
	mov r2, sb
	strb r1, [r2]
	lsrs r0, r0, #7
	ands r0, r5
	ldrb r3, [r7]
	ands r4, r3
	orrs r4, r0
	strb r4, [r7]
_080141B4:
	mov r1, sb
	ldrb r1, [r1]
	lsrs r0, r1, #1
	movs r1, #1
	ldrb r7, [r7]
	ands r1, r7
	lsls r1, r1, #7
	orrs r1, r0
	movs r3, #0x80
	lsls r3, r3, #1
	lsls r3, r1
	movs r0, #0xc0
	lsls r0, r0, #5
	orrs r3, r0
	movs r4, #0x80
	lsls r4, r4, #0x13
	ldr r0, _080141F4 @ =0xFFFFE0FF
	ldrh r2, [r4]
	ands r0, r2
	orrs r0, r3
	strh r0, [r4]
	movs r0, #0
	str r0, [sp]
	movs r0, #0x10
	str r0, [sp, #4]
	movs r0, #0
	movs r2, #0
	movs r3, #0x18
	bl sub_08013A68
	b _08014054
	.align 2, 0
_080141F4: .4byte 0xFFFFE0FF
_080141F8:
	bl sub_080148F4
	cmp r0, #0
	beq _08014202
	b _08014054
_08014202:
	movs r2, #0x80
	lsls r2, r2, #0x13
	ldr r0, _0801424C @ =0xFFFF9FFF
	ldrh r1, [r2]
	ands r0, r1
	strh r0, [r2]
	mov r1, sl
	adds r1, #0x8e
	ldr r0, _08014250 @ =0xFFFFFE01
	ldrh r2, [r1]
	ands r0, r2
	strh r0, [r1]
	adds r1, #1
	movs r0, #1
	ldrb r3, [r1]
	ands r0, r3
	strb r0, [r1]
	adds r1, #1
	movs r0, #2
	rsbs r0, r0, #0
	ldrb r2, [r1]
	ands r0, r2
	strb r0, [r1]
	mov r3, sl
	adds r3, #0x8c
	ldr r2, [r3]
	lsls r1, r2, #0xf
	lsrs r1, r1, #0x18
	adds r1, #1
	movs r0, #0xff
	ands r1, r0
	lsls r1, r1, #9
	ldr r0, _08014254 @ =0xFFFE01FF
	ands r0, r2
	orrs r0, r1
	str r0, [r3]
	b _08014054
	.align 2, 0
_0801424C: .4byte 0xFFFF9FFF
_08014250: .4byte 0xFFFFFE01
_08014254: .4byte 0xFFFE01FF
_08014258:
	mov r3, sl
	adds r3, #0x8e
	ldrh r2, [r3]
	lsls r1, r2, #0x17
	lsrs r1, r1, #0x18
	adds r1, #1
	movs r0, #0xff
	ands r1, r0
	lsls r1, r1, #1
	ldr r0, _080142F8 @ =0xFFFFFE01
	ands r0, r2
	orrs r0, r1
	strh r0, [r3]
	lsls r0, r0, #0x17
	lsrs r4, r0, #0x18
	adds r0, r4, #0
	movs r1, #0xa
	bl __divsi3
	adds r5, r0, #0
	cmp r5, #2
	ble _08014286
	movs r5, #2
_08014286:
	movs r1, #0x80
	lsls r1, r1, #1
	lsls r1, r5
	movs r0, #0xc0
	lsls r0, r0, #5
	orrs r1, r0
	movs r6, #0x80
	lsls r6, r6, #0x13
	ldr r7, _080142FC @ =0xFFFFE0FF
	ldrh r2, [r6]
	adds r0, r7, #0
	ands r0, r2
	orrs r0, r1
	strh r0, [r6]
	cmp r5, #0
	ble _080142C6
	movs r0, #0x10
	movs r1, #0x2f
	movs r2, #0xc
	movs r3, #4
	bl sub_08014754
	subs r1, r5, #1
	movs r0, #0
	str r0, [sp]
	movs r0, #0x10
	str r0, [sp, #4]
	movs r0, #0
	movs r2, #0
	movs r3, #0
	bl sub_08013A68
_080142C6:
	cmp r4, #0x87
	ble _08014304
	ldrh r1, [r6]
	adds r0, r7, #0
	ands r0, r1
	strh r0, [r6]
	mov r2, sl
	adds r2, #0x8c
	movs r0, #1
	ldrb r3, [r2]
	orrs r0, r3
	strb r0, [r2]
	ldr r3, [r2]
	lsls r1, r3, #0xf
	lsrs r1, r1, #0x18
	adds r1, #1
	movs r0, #0xff
	ands r1, r0
	lsls r1, r1, #9
	ldr r0, _08014300 @ =0xFFFE01FF
	ands r0, r3
	orrs r0, r1
	str r0, [r2]
	b _0801435C
	.align 2, 0
_080142F8: .4byte 0xFFFFFE01
_080142FC: .4byte 0xFFFFE0FF
_08014300: .4byte 0xFFFE01FF
_08014304:
	cmp r4, #0x69
	ble _08014322
	adds r0, r4, #0
	subs r0, #0x69
	lsls r0, r0, #5
	movs r1, #0x3c
	bl __divsi3
	movs r1, #0x10
	subs r1, r1, r0
	ldrh r2, [r6]
	adds r0, r7, #0
	ands r0, r2
	strh r0, [r6]
	b _08014334
_08014322:
	cmp r4, #0x2d
	ble _0801433C
	adds r0, r4, #0
	subs r0, #0x2d
	lsls r0, r0, #4
	movs r1, #0x1e
	bl __divsi3
	adds r1, r0, #0
_08014334:
	movs r0, #0x3f
	bl sub_080146FC
	b _0801435C
_0801433C:
	cmp r4, #0x1e
	ble _0801435C
	adds r0, r4, #0
	subs r0, #0x1e
	lsls r0, r0, #2
	movs r1, #0xf
	bl __divsi3
	adds r2, r0, #0
	adds r2, #0xc
	movs r3, #0x10
	subs r3, r3, r2
	movs r0, #0x10
	movs r1, #0x2f
	bl sub_08014754
_0801435C:
	bl sub_08013A10
_08014360:
	bl GL_SendObjectsToOam
	bl GL_ResetObjects
	bl sub_080148F4
	cmp r0, #0
	bne _08014380
	mov r0, sl
	adds r0, #0x8c
	ldrb r0, [r0]
	lsls r0, r0, #0x1f
	cmp r0, #0
	beq _08014380
	movs r0, #1
	b _08014386
_08014380:
	bl sub_08014914
	movs r0, #0
_08014386:
	add sp, #8
	pop {r3, r4, r5}
	mov r8, r3
	mov sb, r4
	mov sl, r5
	pop {r4, r5, r6, r7}
	pop {r1}
	bx r1
	.align 2, 0

	thumb_func_start sub_08014398
sub_08014398: @ 0x08014398
	push {r4, lr}
	ldr r1, _080143DC @ =gUnk_09E587D4
	ldr r0, _080143E0 @ =gUnk_03000040
	movs r2, #0x81
	lsls r2, r2, #2
	adds r4, r0, r2
	ldr r0, [r4]
	lsls r0, r0, #0xa
	lsrs r0, r0, #0x18
	lsls r0, r0, #2
	adds r0, r0, r1
	ldr r0, [r0]
	cmp r0, #0
	beq _080143E8
	bl _call_via_r0
	cmp r0, #0
	beq _080143D2
	ldr r2, [r4]
	lsls r1, r2, #0xa
	lsrs r1, r1, #0x18
	adds r1, #1
	movs r0, #0xff
	ands r1, r0
	lsls r1, r1, #0xe
	ldr r0, _080143E4 @ =0xFFC03FFF
	ands r0, r2
	orrs r0, r1
	str r0, [r4]
_080143D2:
	bl sub_080FA4D4
	movs r0, #0
	b _080143EA
	.align 2, 0
_080143DC: .4byte gUnk_09E587D4
_080143E0: .4byte gUnk_03000040
_080143E4: .4byte 0xFFC03FFF
_080143E8:
	movs r0, #1
_080143EA:
	pop {r4}
	pop {r1}
	bx r1
